ISO-10303-21;
HEADER;

/* File generated by HOOPS Exchange Version 24.2.0 */

FILE_DESCRIPTION(('HOOPS Exchange Step'),'2;1');

FILE_NAME('/Users/zoesu_takanori/Desktop/Corchibi2-case/top-spaver.stp',
'2026-06-29T23:11:55+09:00',
('zoesu_takanori'),
('Unknown organisation'),
'HOOPS Exchange 2024.2',
'HOOPS Exchange',
'Unknown authorisation');

FILE_SCHEMA( ('AP203_CONFIGURATION_CONTROLLED_3D_DESIGN_OF_MECHANICAL_PARTS_AND_ASSEMBLIES_MIM_LF') );

ENDSEC;

DATA;
#3=(NAMED_UNIT(*)PLANE_ANGLE_UNIT()SI_UNIT($,.RADIAN.));
#4=PLANE_ANGLE_MEASURE_WITH_UNIT(PLANE_ANGLE_MEASURE(0.0174532925),#3);
#5=(CONVERSION_BASED_UNIT('DEGREE',#4)NAMED_UNIT(#6)PLANE_ANGLE_UNIT());
#6=DIMENSIONAL_EXPONENTS(0.,0.,0.,0.,0.,0.,0.);
#7=(NAMED_UNIT(*)SI_UNIT($,.STERADIAN.)SOLID_ANGLE_UNIT());
#8=(LENGTH_UNIT()NAMED_UNIT(*)SI_UNIT(.MILLI.,.METRE.));
#9=UNCERTAINTY_MEASURE_WITH_UNIT(LENGTH_MEASURE(1.000000E-05),#8,'DISTANCE_ACCURACY_VALUE','Maximum Tolerance applied to model');
#10=(GEOMETRIC_REPRESENTATION_CONTEXT(3)GLOBAL_UNCERTAINTY_ASSIGNED_CONTEXT((#9))GLOBAL_UNIT_ASSIGNED_CONTEXT((#8,#5,#7))REPRESENTATION_CONTEXT('','root'));
#12=CARTESIAN_POINT('',(0.,0.,0.));
#13=DIRECTION('',(0.,0.,1.));
#14=DIRECTION('',(1.,0.,0.));
#15=AXIS2_PLACEMENT_3D('TS3D_PRODUCT_CSYS',#12,#13,#14);
#27=CARTESIAN_POINT('',(-54.745890077,-24.917087245,1.000000048));
#28=DIRECTION('',(0.390731182,-0.920504831,-0.));
#29=DIRECTION('',(0.909500574,0.386060152,-0.154163114));
#30=AXIS2_PLACEMENT_3D('',#27,#28,#29);
#31=PLANE('',#30);
#32=CARTESIAN_POINT('',(-51.828415435,-23.678692532,7.500000048));
#33=VERTEX_POINT('',#32);
#34=CARTESIAN_POINT('',(-51.828415435,-23.678692532,6.5));
#35=VERTEX_POINT('',#34);
#36=CARTESIAN_POINT('',(-51.828415435,-23.678692532,7.500000048));
#37=DIRECTION('',(-0.,0.,-1.));
#38=VECTOR('',#37,1.000000048);
#39=LINE('',#36,#38);
#40=EDGE_CURVE('',#33,#35,#39,.T.);
#41=ORIENTED_EDGE('',*,*,#40,.F.);
#42=CARTESIAN_POINT('',(-54.745890077,-24.917087245,7.500000048));
#43=VERTEX_POINT('',#42);
#44=CARTESIAN_POINT('',(-54.745890077,-24.917087245,7.500000048));
#45=DIRECTION('',(0.920504831,0.390731182,0.));
#46=VECTOR('',#45,3.169428932);
#47=LINE('',#44,#46);
#48=EDGE_CURVE('',#43,#33,#47,.T.);
#49=ORIENTED_EDGE('',*,*,#48,.F.);
#50=CARTESIAN_POINT('',(-54.745890077,-24.917087245,6.5));
#51=VERTEX_POINT('',#50);
#52=CARTESIAN_POINT('',(-54.745890077,-24.917087245,7.500000048));
#53=DIRECTION('',(-0.,0.,-1.));
#54=VECTOR('',#53,1.000000048);
#55=LINE('',#52,#54);
#56=EDGE_CURVE('',#43,#51,#55,.T.);
#57=ORIENTED_EDGE('',*,*,#56,.T.);
#58=CARTESIAN_POINT('',(-51.828415435,-23.678692532,6.5));
#59=DIRECTION('',(-0.920504831,-0.390731182,0.));
#60=VECTOR('',#59,3.169428932);
#61=LINE('',#58,#60);
#62=EDGE_CURVE('',#35,#51,#61,.T.);
#63=ORIENTED_EDGE('',*,*,#62,.F.);
#64=EDGE_LOOP('',(#41,#49,#57,#63));
#65=FACE_BOUND('',#64,.T.);
#66=ADVANCED_FACE('',(#65),#31,.T.);
#67=CARTESIAN_POINT('',(-49.638730526,9.021307468,7.500000048));
#68=DIRECTION('',(1.,0.,0.));
#69=DIRECTION('',(0.,0.,-1.));
#70=AXIS2_PLACEMENT_3D('',#67,#68,#69);
#71=PLANE('',#70);
#72=CARTESIAN_POINT('',(-49.638730526,8.733717275,6.5));
#73=VERTEX_POINT('',#72);
#74=CARTESIAN_POINT('',(-49.638730526,36.721307468,6.5));
#75=VERTEX_POINT('',#74);
#76=CARTESIAN_POINT('',(-49.638730526,8.733717275,6.5));
#77=DIRECTION('',(0.,1.,0.));
#78=VECTOR('',#77,27.987590194);
#79=LINE('',#76,#78);
#80=EDGE_CURVE('',#73,#75,#79,.T.);
#81=ORIENTED_EDGE('',*,*,#80,.F.);
#82=CARTESIAN_POINT('',(-49.638730526,8.733717275,7.500000048));
#83=VERTEX_POINT('',#82);
#84=CARTESIAN_POINT('',(-49.638730526,8.733717275,6.5));
#85=DIRECTION('',(0.,0.,1.));
#86=VECTOR('',#85,1.000000048);
#87=LINE('',#84,#86);
#88=EDGE_CURVE('',#73,#83,#87,.T.);
#89=ORIENTED_EDGE('',*,*,#88,.T.);
#90=CARTESIAN_POINT('',(-49.638730526,36.721307468,7.500000048));
#91=VERTEX_POINT('',#90);
#92=CARTESIAN_POINT('',(-49.638730526,36.721307468,7.500000048));
#93=DIRECTION('',(0.,-1.,0.));
#94=VECTOR('',#93,27.987590194);
#95=LINE('',#92,#94);
#96=EDGE_CURVE('',#91,#83,#95,.T.);
#97=ORIENTED_EDGE('',*,*,#96,.F.);
#98=CARTESIAN_POINT('',(-49.638730526,36.721307468,7.500000048));
#99=DIRECTION('',(0.,0.,-1.));
#100=VECTOR('',#99,1.000000048);
#101=LINE('',#98,#100);
#102=EDGE_CURVE('',#91,#75,#101,.T.);
#103=ORIENTED_EDGE('',*,*,#102,.T.);
#104=EDGE_LOOP('',(#81,#89,#97,#103));
#105=FACE_BOUND('',#104,.T.);
#106=ADVANCED_FACE('',(#105),#71,.F.);
#107=CARTESIAN_POINT('',(-18.639755662,7.38371737,1.000000048));
#108=DIRECTION('',(0.,1.,0.));
#109=DIRECTION('',(-0.988045411,0.,-0.154163113));
#110=AXIS2_PLACEMENT_3D('',#107,#108,#109);
#111=PLANE('',#110);
#112=CARTESIAN_POINT('',(-29.190264462,7.38371737,6.5));
#113=VERTEX_POINT('',#112);
#114=CARTESIAN_POINT('',(-29.190264462,7.38371737,7.500000048));
#115=VERTEX_POINT('',#114);
#116=CARTESIAN_POINT('',(-29.190264462,7.38371737,6.5));
#117=DIRECTION('',(0.,0.,1.));
#118=VECTOR('',#117,1.000000048);
#119=LINE('',#116,#118);
#120=EDGE_CURVE('',#113,#115,#119,.T.);
#121=ORIENTED_EDGE('',*,*,#120,.F.);
#122=CARTESIAN_POINT('',(-32.739756044,7.38371737,6.5));
#123=VERTEX_POINT('',#122);
#124=CARTESIAN_POINT('',(-32.739756044,7.38371737,6.5));
#125=DIRECTION('',(1.,-0.,0.));
#126=VECTOR('',#125,3.549491582);
#127=LINE('',#124,#126);
#128=EDGE_CURVE('',#123,#113,#127,.T.);
#129=ORIENTED_EDGE('',*,*,#128,.F.);
#130=CARTESIAN_POINT('',(-32.739756044,7.38371737,7.500000048));
#131=VERTEX_POINT('',#130);
#132=CARTESIAN_POINT('',(-32.739756044,7.38371737,6.5));
#133=DIRECTION('',(0.,0.,1.));
#134=VECTOR('',#133,1.000000048);
#135=LINE('',#132,#134);
#136=EDGE_CURVE('',#123,#131,#135,.T.);
#137=ORIENTED_EDGE('',*,*,#136,.T.);
#138=CARTESIAN_POINT('',(-29.190264462,7.38371737,7.500000048));
#139=DIRECTION('',(-1.,0.,0.));
#140=VECTOR('',#139,3.549491582);
#141=LINE('',#138,#140);
#142=EDGE_CURVE('',#115,#131,#141,.T.);
#143=ORIENTED_EDGE('',*,*,#142,.F.);
#144=EDGE_LOOP('',(#121,#129,#137,#143));
#145=FACE_BOUND('',#144,.T.);
#146=ADVANCED_FACE('',(#145),#111,.T.);
#147=CARTESIAN_POINT('',(-32.739756044,21.483717275,-1.2));
#148=DIRECTION('',(-0.,-1.,0.));
#149=DIRECTION('',(1.,-0.,0.));
#150=AXIS2_PLACEMENT_3D('',#147,#148,#149);
#151=PLANE('',#150);
#152=CARTESIAN_POINT('',(-29.190264462,21.483717275,7.500000048));
#153=VERTEX_POINT('',#152);
#154=CARTESIAN_POINT('',(-29.190264462,21.483717275,6.5));
#155=VERTEX_POINT('',#154);
#156=CARTESIAN_POINT('',(-29.190264462,21.483717275,7.500000048));
#157=DIRECTION('',(0.,0.,-1.));
#158=VECTOR('',#157,1.000000048);
#159=LINE('',#156,#158);
#160=EDGE_CURVE('',#153,#155,#159,.T.);
#161=ORIENTED_EDGE('',*,*,#160,.F.);
#162=CARTESIAN_POINT('',(-32.739756044,21.483717275,7.500000048));
#163=VERTEX_POINT('',#162);
#164=CARTESIAN_POINT('',(-32.739756044,21.483717275,7.500000048));
#165=DIRECTION('',(1.,-0.,0.));
#166=VECTOR('',#165,3.549491582);
#167=LINE('',#164,#166);
#168=EDGE_CURVE('',#163,#153,#167,.T.);
#169=ORIENTED_EDGE('',*,*,#168,.F.);
#170=CARTESIAN_POINT('',(-32.739756044,21.483717275,6.5));
#171=VERTEX_POINT('',#170);
#172=CARTESIAN_POINT('',(-32.739756044,21.483717275,6.5));
#173=DIRECTION('',(0.,0.,1.));
#174=VECTOR('',#173,1.000000048);
#175=LINE('',#172,#174);
#176=EDGE_CURVE('',#171,#163,#175,.T.);
#177=ORIENTED_EDGE('',*,*,#176,.F.);
#178=CARTESIAN_POINT('',(-29.190264462,21.483717275,6.5));
#179=DIRECTION('',(-1.,0.,0.));
#180=VECTOR('',#179,3.549491582);
#181=LINE('',#178,#180);
#182=EDGE_CURVE('',#155,#171,#181,.T.);
#183=ORIENTED_EDGE('',*,*,#182,.F.);
#184=EDGE_LOOP('',(#161,#169,#177,#183));
#185=FACE_BOUND('',#184,.T.);
#186=ADVANCED_FACE('',(#185),#151,.T.);
#187=CARTESIAN_POINT('',(-18.639755662,38.483717275,-1.2));
#188=DIRECTION('',(-0.,-1.,0.));
#189=DIRECTION('',(0.,0.,1.));
#190=AXIS2_PLACEMENT_3D('',#187,#188,#189);
#191=PLANE('',#190);
#192=CARTESIAN_POINT('',(-29.190264462,38.483717275,7.500000048));
#193=VERTEX_POINT('',#192);
#194=CARTESIAN_POINT('',(-29.190264462,38.483717275,6.5));
#195=VERTEX_POINT('',#194);
#196=CARTESIAN_POINT('',(-29.190264462,38.483717275,7.500000048));
#197=DIRECTION('',(0.,0.,-1.));
#198=VECTOR('',#197,1.000000048);
#199=LINE('',#196,#198);
#200=EDGE_CURVE('',#193,#195,#199,.T.);
#201=ORIENTED_EDGE('',*,*,#200,.F.);
#202=CARTESIAN_POINT('',(-32.739756044,38.483717275,7.500000048));
#203=VERTEX_POINT('',#202);
#204=CARTESIAN_POINT('',(-29.190264462,38.483717275,7.500000048));
#205=DIRECTION('',(-1.,0.,0.));
#206=VECTOR('',#205,3.549491582);
#207=LINE('',#204,#206);
#208=EDGE_CURVE('',#193,#203,#207,.T.);
#209=ORIENTED_EDGE('',*,*,#208,.T.);
#210=CARTESIAN_POINT('',(-32.739756044,38.483717275,6.5));
#211=VERTEX_POINT('',#210);
#212=CARTESIAN_POINT('',(-32.739756044,38.483717275,7.500000048));
#213=DIRECTION('',(0.,0.,-1.));
#214=VECTOR('',#213,1.000000048);
#215=LINE('',#212,#214);
#216=EDGE_CURVE('',#203,#211,#215,.T.);
#217=ORIENTED_EDGE('',*,*,#216,.T.);
#218=CARTESIAN_POINT('',(-29.190264462,38.483717275,6.5));
#219=DIRECTION('',(-1.,0.,0.));
#220=VECTOR('',#219,3.549491582);
#221=LINE('',#218,#220);
#222=EDGE_CURVE('',#195,#211,#221,.T.);
#223=ORIENTED_EDGE('',*,*,#222,.F.);
#224=EDGE_LOOP('',(#201,#209,#217,#223));
#225=FACE_BOUND('',#224,.T.);
#226=ADVANCED_FACE('',(#225),#191,.T.);
#227=CARTESIAN_POINT('',(-18.639755662,24.383716893,1.000000048));
#228=DIRECTION('',(0.,1.,0.));
#229=DIRECTION('',(-0.988045411,0.,-0.154163113));
#230=AXIS2_PLACEMENT_3D('',#227,#228,#229);
#231=PLANE('',#230);
#232=CARTESIAN_POINT('',(-29.190264462,24.383716893,6.5));
#233=VERTEX_POINT('',#232);
#234=CARTESIAN_POINT('',(-29.190264462,24.383716893,7.500000048));
#235=VERTEX_POINT('',#234);
#236=CARTESIAN_POINT('',(-29.190264462,24.383716893,6.5));
#237=DIRECTION('',(0.,0.,1.));
#238=VECTOR('',#237,1.000000048);
#239=LINE('',#236,#238);
#240=EDGE_CURVE('',#233,#235,#239,.T.);
#241=ORIENTED_EDGE('',*,*,#240,.F.);
#242=CARTESIAN_POINT('',(-32.739756044,24.383716893,6.5));
#243=VERTEX_POINT('',#242);
#244=CARTESIAN_POINT('',(-32.739756044,24.383716893,6.5));
#245=DIRECTION('',(1.,-0.,0.));
#246=VECTOR('',#245,3.549491582);
#247=LINE('',#244,#246);
#248=EDGE_CURVE('',#243,#233,#247,.T.);
#249=ORIENTED_EDGE('',*,*,#248,.F.);
#250=CARTESIAN_POINT('',(-32.739756044,24.383716893,7.500000048));
#251=VERTEX_POINT('',#250);
#252=CARTESIAN_POINT('',(-32.739756044,24.383716893,6.5));
#253=DIRECTION('',(0.,0.,1.));
#254=VECTOR('',#253,1.000000048);
#255=LINE('',#252,#254);
#256=EDGE_CURVE('',#243,#251,#255,.T.);
#257=ORIENTED_EDGE('',*,*,#256,.T.);
#258=CARTESIAN_POINT('',(-29.190264462,24.383716893,7.500000048));
#259=DIRECTION('',(-1.,0.,0.));
#260=VECTOR('',#259,3.549491582);
#261=LINE('',#258,#260);
#262=EDGE_CURVE('',#235,#251,#261,.T.);
#263=ORIENTED_EDGE('',*,*,#262,.F.);
#264=EDGE_LOOP('',(#241,#249,#257,#263));
#265=FACE_BOUND('',#264,.T.);
#266=ADVANCED_FACE('',(#265),#231,.T.);
#267=CARTESIAN_POINT('',(-64.639462819,-21.187085921,-26.391153296));
#268=DIRECTION('',(1.,-0.,-0.));
#269=DIRECTION('',(0.,1.,0.));
#270=AXIS2_PLACEMENT_3D('',#267,#268,#269);
#271=PLANE('',#270);
#272=CARTESIAN_POINT('',(-64.639462819,36.721307468,6.5));
#273=VERTEX_POINT('',#272);
#274=CARTESIAN_POINT('',(-64.639462819,39.633718801,6.5));
#275=VERTEX_POINT('',#274);
#276=CARTESIAN_POINT('',(-64.639462819,36.721307468,6.5));
#277=DIRECTION('',(0.,1.,0.));
#278=VECTOR('',#277,2.912411332);
#279=LINE('',#276,#278);
#280=EDGE_CURVE('',#273,#275,#279,.T.);
#281=ORIENTED_EDGE('',*,*,#280,.F.);
#282=CARTESIAN_POINT('',(-64.639462819,36.721307468,7.500000048));
#283=VERTEX_POINT('',#282);
#284=CARTESIAN_POINT('',(-64.639462819,36.721307468,6.5));
#285=DIRECTION('',(0.,0.,1.));
#286=VECTOR('',#285,1.000000048);
#287=LINE('',#284,#286);
#288=EDGE_CURVE('',#273,#283,#287,.T.);
#289=ORIENTED_EDGE('',*,*,#288,.T.);
#290=CARTESIAN_POINT('',(-64.639462819,39.633718801,7.500000048));
#291=VERTEX_POINT('',#290);
#292=CARTESIAN_POINT('',(-64.639462819,36.721307468,7.500000048));
#293=DIRECTION('',(0.,1.,0.));
#294=VECTOR('',#293,2.912411332);
#295=LINE('',#292,#294);
#296=EDGE_CURVE('',#283,#291,#295,.T.);
#297=ORIENTED_EDGE('',*,*,#296,.T.);
#298=CARTESIAN_POINT('',(-64.639462819,39.633718801,7.500000048));
#299=DIRECTION('',(-0.,0.,-1.));
#300=VECTOR('',#299,1.000000048);
#301=LINE('',#298,#300);
#302=EDGE_CURVE('',#291,#275,#301,.T.);
#303=ORIENTED_EDGE('',*,*,#302,.T.);
#304=EDGE_LOOP('',(#281,#289,#297,#303));
#305=FACE_BOUND('',#304,.T.);
#306=ADVANCED_FACE('',(#305),#271,.F.);
#307=CARTESIAN_POINT('',(32.360244338,9.50871737,7.500000048));
#308=DIRECTION('',(0.,0.,1.));
#309=DIRECTION('',(-0.,-1.,0.));
#310=AXIS2_PLACEMENT_3D('',#307,#308,#309);
#311=PLANE('',#310);
#312=ORIENTED_EDGE('',*,*,#48,.T.);
#313=CARTESIAN_POINT('',(-63.58214476,-23.678692532,7.500000048));
#314=VERTEX_POINT('',#313);
#315=CARTESIAN_POINT('',(-51.828415435,-23.678692532,7.500000048));
#316=DIRECTION('',(-1.,0.,0.));
#317=VECTOR('',#316,11.753729325);
#318=LINE('',#315,#317);
#319=EDGE_CURVE('',#33,#314,#318,.T.);
#320=ORIENTED_EDGE('',*,*,#319,.T.);
#321=CARTESIAN_POINT('',(-55.438405838,-42.864346806,7.500000048));
#322=VERTEX_POINT('',#321);
#323=CARTESIAN_POINT('',(-55.438405838,-42.864346806,7.500000048));
#324=DIRECTION('',(-0.390727545,0.920506375,0.));
#325=VECTOR('',#324,20.842500176);
#326=LINE('',#323,#325);
#327=EDGE_CURVE('',#322,#314,#326,.T.);
#328=ORIENTED_EDGE('',*,*,#327,.F.);
#329=CARTESIAN_POINT('',(-54.12717017,-43.394124894,7.500000048));
#330=VERTEX_POINT('',#329);
#331=CARTESIAN_POINT('',(-54.517899463,-42.473619262,7.500000048));
#332=DIRECTION('',(0.,0.,1.));
#333=DIRECTION('',(1.,0.,-0.));
#334=AXIS2_PLACEMENT_3D('',#331,#332,#333);
#335=CIRCLE('',#334,1.);
#336=EDGE_CURVE('',#322,#330,#335,.T.);
#337=ORIENTED_EDGE('',*,*,#336,.T.);
#338=CARTESIAN_POINT('',(-33.625411372,-34.691692844,7.500000048));
#339=VERTEX_POINT('',#338);
#340=CARTESIAN_POINT('',(-33.625411372,-34.691692844,7.500000048));
#341=DIRECTION('',(-0.920505633,-0.390729293,0.));
#342=VECTOR('',#341,22.272279574);
#343=LINE('',#340,#342);
#344=EDGE_CURVE('',#339,#330,#343,.T.);
#345=ORIENTED_EDGE('',*,*,#344,.F.);
#346=CARTESIAN_POINT('',(-16.750126107,-31.126283336,7.500000048));
#347=VERTEX_POINT('',#346);
#348=CARTESIAN_POINT('',(-16.750126107,-31.126283336,7.500000048));
#349=DIRECTION('',(-0.978400885,-0.206716495,0.));
#350=VECTOR('',#349,17.247822985);
#351=LINE('',#348,#350);
#352=EDGE_CURVE('',#347,#339,#351,.T.);
#353=ORIENTED_EDGE('',*,*,#352,.F.);
#354=CARTESIAN_POINT('',(15.110243956,-31.126283336,7.500000048));
#355=VERTEX_POINT('',#354);
#356=CARTESIAN_POINT('',(15.110243956,-31.126283336,7.500000048));
#357=DIRECTION('',(-1.,0.,0.));
#358=VECTOR('',#357,31.860370063);
#359=LINE('',#356,#358);
#360=EDGE_CURVE('',#355,#347,#359,.T.);
#361=ORIENTED_EDGE('',*,*,#360,.F.);
#362=CARTESIAN_POINT('',(16.110243956,-30.126283336,7.500000048));
#363=VERTEX_POINT('',#362);
#364=CARTESIAN_POINT('',(15.110243956,-30.126283336,7.500000048));
#365=DIRECTION('',(0.,0.,1.));
#366=DIRECTION('',(1.,0.,-0.));
#367=AXIS2_PLACEMENT_3D('',#364,#365,#366);
#368=CIRCLE('',#367,1.);
#369=EDGE_CURVE('',#355,#363,#368,.T.);
#370=ORIENTED_EDGE('',*,*,#369,.T.);
#371=CARTESIAN_POINT('',(16.110243956,-27.641282725,7.500000048));
#372=VERTEX_POINT('',#371);
#373=CARTESIAN_POINT('',(16.110243956,-27.641282725,7.500000048));
#374=DIRECTION('',(-0.,-1.,0.));
#375=VECTOR('',#374,2.48500061);
#376=LINE('',#373,#375);
#377=EDGE_CURVE('',#372,#363,#376,.T.);
#378=ORIENTED_EDGE('',*,*,#377,.F.);
#379=CARTESIAN_POINT('',(17.110243956,-26.641282725,7.500000048));
#380=VERTEX_POINT('',#379);
#381=CARTESIAN_POINT('',(17.110243956,-27.641282725,7.500000048));
#382=DIRECTION('',(-0.,-0.,-1.));
#383=DIRECTION('',(1.,0.,-0.));
#384=AXIS2_PLACEMENT_3D('',#381,#382,#383);
#385=CIRCLE('',#384,1.);
#386=EDGE_CURVE('',#372,#380,#385,.T.);
#387=ORIENTED_EDGE('',*,*,#386,.T.);
#388=CARTESIAN_POINT('',(32.110244338,-26.641282725,7.500000048));
#389=VERTEX_POINT('',#388);
#390=CARTESIAN_POINT('',(32.110244338,-26.641282725,7.500000048));
#391=DIRECTION('',(-1.,0.,0.));
#392=VECTOR('',#391,15.000000381);
#393=LINE('',#390,#392);
#394=EDGE_CURVE('',#389,#380,#393,.T.);
#395=ORIENTED_EDGE('',*,*,#394,.F.);
#396=CARTESIAN_POINT('',(33.110244338,-27.641282725,7.500000048));
#397=VERTEX_POINT('',#396);
#398=CARTESIAN_POINT('',(32.110244338,-27.641282725,7.500000048));
#399=DIRECTION('',(-0.,-0.,-1.));
#400=DIRECTION('',(1.,0.,-0.));
#401=AXIS2_PLACEMENT_3D('',#398,#399,#400);
#402=CIRCLE('',#401,1.);
#403=EDGE_CURVE('',#389,#397,#402,.T.);
#404=ORIENTED_EDGE('',*,*,#403,.T.);
#405=CARTESIAN_POINT('',(33.110244338,-29.891282725,7.500000048));
#406=VERTEX_POINT('',#405);
#407=CARTESIAN_POINT('',(33.110244338,-29.891282725,7.500000048));
#408=DIRECTION('',(0.,1.,0.));
#409=VECTOR('',#408,2.25);
#410=LINE('',#407,#409);
#411=EDGE_CURVE('',#406,#397,#410,.T.);
#412=ORIENTED_EDGE('',*,*,#411,.F.);
#413=CARTESIAN_POINT('',(34.110244338,-30.891282725,7.500000048));
#414=VERTEX_POINT('',#413);
#415=CARTESIAN_POINT('',(34.110244338,-29.891282725,7.500000048));
#416=DIRECTION('',(0.,0.,1.));
#417=DIRECTION('',(1.,0.,-0.));
#418=AXIS2_PLACEMENT_3D('',#415,#416,#417);
#419=CIRCLE('',#418,1.);
#420=EDGE_CURVE('',#406,#414,#419,.T.);
#421=ORIENTED_EDGE('',*,*,#420,.T.);
#422=CARTESIAN_POINT('',(67.510243956,-30.891282725,7.500000048));
#423=VERTEX_POINT('',#422);
#424=CARTESIAN_POINT('',(67.510243956,-30.891282725,7.500000048));
#425=DIRECTION('',(-1.,0.,0.));
#426=VECTOR('',#425,33.399999619);
#427=LINE('',#424,#426);
#428=EDGE_CURVE('',#423,#414,#427,.T.);
#429=ORIENTED_EDGE('',*,*,#428,.F.);
#430=CARTESIAN_POINT('',(68.510243956,-29.891282725,7.500000048));
#431=VERTEX_POINT('',#430);
#432=CARTESIAN_POINT('',(67.510243956,-29.891282725,7.500000048));
#433=DIRECTION('',(0.,0.,1.));
#434=DIRECTION('',(1.,0.,-0.));
#435=AXIS2_PLACEMENT_3D('',#432,#433,#434);
#436=CIRCLE('',#435,1.);
#437=EDGE_CURVE('',#423,#431,#436,.T.);
#438=ORIENTED_EDGE('',*,*,#437,.T.);
#439=CARTESIAN_POINT('',(68.510243956,37.508718801,7.500000048));
#440=VERTEX_POINT('',#439);
#441=CARTESIAN_POINT('',(68.510243956,37.508718801,7.500000048));
#442=DIRECTION('',(-0.,-1.,0.));
#443=VECTOR('',#442,67.400001526);
#444=LINE('',#441,#443);
#445=EDGE_CURVE('',#440,#431,#444,.T.);
#446=ORIENTED_EDGE('',*,*,#445,.F.);
#447=CARTESIAN_POINT('',(67.510243956,38.508718801,7.500000048));
#448=VERTEX_POINT('',#447);
#449=CARTESIAN_POINT('',(67.510243956,37.508718801,7.500000048));
#450=DIRECTION('',(0.,0.,1.));
#451=DIRECTION('',(1.,0.,-0.));
#452=AXIS2_PLACEMENT_3D('',#449,#450,#451);
#453=CIRCLE('',#452,1.);
#454=EDGE_CURVE('',#440,#448,#453,.T.);
#455=ORIENTED_EDGE('',*,*,#454,.T.);
#456=CARTESIAN_POINT('',(34.510243956,38.508718801,7.500000048));
#457=VERTEX_POINT('',#456);
#458=CARTESIAN_POINT('',(34.510243956,38.508718801,7.500000048));
#459=DIRECTION('',(1.,-0.,0.));
#460=VECTOR('',#459,33.);
#461=LINE('',#458,#460);
#462=EDGE_CURVE('',#457,#448,#461,.T.);
#463=ORIENTED_EDGE('',*,*,#462,.F.);
#464=CARTESIAN_POINT('',(34.510243956,41.758718801,7.500000048));
#465=VERTEX_POINT('',#464);
#466=CARTESIAN_POINT('',(34.510243956,41.758718801,7.500000048));
#467=DIRECTION('',(-0.,-1.,0.));
#468=VECTOR('',#467,3.25);
#469=LINE('',#466,#468);
#470=EDGE_CURVE('',#465,#457,#469,.T.);
#471=ORIENTED_EDGE('',*,*,#470,.F.);
#472=CARTESIAN_POINT('',(33.510243956,42.758718801,7.500000048));
#473=VERTEX_POINT('',#472);
#474=CARTESIAN_POINT('',(33.510243956,41.758718801,7.500000048));
#475=DIRECTION('',(0.,0.,1.));
#476=DIRECTION('',(1.,0.,-0.));
#477=AXIS2_PLACEMENT_3D('',#474,#475,#476);
#478=CIRCLE('',#477,1.);
#479=EDGE_CURVE('',#465,#473,#478,.T.);
#480=ORIENTED_EDGE('',*,*,#479,.T.);
#481=CARTESIAN_POINT('',(17.510243956,42.758718801,7.500000048));
#482=VERTEX_POINT('',#481);
#483=CARTESIAN_POINT('',(17.510243956,42.758718801,7.500000048));
#484=DIRECTION('',(1.,-0.,0.));
#485=VECTOR('',#484,16.);
#486=LINE('',#483,#485);
#487=EDGE_CURVE('',#482,#473,#486,.T.);
#488=ORIENTED_EDGE('',*,*,#487,.F.);
#489=CARTESIAN_POINT('',(17.510243956,43.883718801,7.500000048));
#490=VERTEX_POINT('',#489);
#491=CARTESIAN_POINT('',(17.510243956,43.883718801,7.500000048));
#492=DIRECTION('',(-0.,-1.,0.));
#493=VECTOR('',#492,1.125);
#494=LINE('',#491,#493);
#495=EDGE_CURVE('',#490,#482,#494,.T.);
#496=ORIENTED_EDGE('',*,*,#495,.F.);
#497=CARTESIAN_POINT('',(16.510243956,44.883718801,7.500000048));
#498=VERTEX_POINT('',#497);
#499=CARTESIAN_POINT('',(16.510243956,43.883718801,7.500000048));
#500=DIRECTION('',(0.,0.,1.));
#501=DIRECTION('',(1.,0.,-0.));
#502=AXIS2_PLACEMENT_3D('',#499,#500,#501);
#503=CIRCLE('',#502,1.);
#504=EDGE_CURVE('',#490,#498,#503,.T.);
#505=ORIENTED_EDGE('',*,*,#504,.T.);
#506=CARTESIAN_POINT('',(0.110243861,44.883718801,7.500000048));
#507=VERTEX_POINT('',#506);
#508=CARTESIAN_POINT('',(0.110243861,44.883718801,7.500000048));
#509=DIRECTION('',(1.,-0.,0.));
#510=VECTOR('',#509,16.400000095);
#511=LINE('',#508,#510);
#512=EDGE_CURVE('',#507,#498,#511,.T.);
#513=ORIENTED_EDGE('',*,*,#512,.F.);
#514=CARTESIAN_POINT('',(-0.889756139,43.883718801,7.500000048));
#515=VERTEX_POINT('',#514);
#516=CARTESIAN_POINT('',(0.110243861,43.883718801,7.500000048));
#517=DIRECTION('',(0.,0.,1.));
#518=DIRECTION('',(1.,0.,-0.));
#519=AXIS2_PLACEMENT_3D('',#516,#517,#518);
#520=CIRCLE('',#519,1.);
#521=EDGE_CURVE('',#507,#515,#520,.T.);
#522=ORIENTED_EDGE('',*,*,#521,.T.);
#523=CARTESIAN_POINT('',(-0.889756139,42.758718801,7.500000048));
#524=VERTEX_POINT('',#523);
#525=CARTESIAN_POINT('',(-0.889756139,42.758718801,7.500000048));
#526=DIRECTION('',(0.,1.,0.));
#527=VECTOR('',#526,1.125);
#528=LINE('',#525,#527);
#529=EDGE_CURVE('',#524,#515,#528,.T.);
#530=ORIENTED_EDGE('',*,*,#529,.F.);
#531=CARTESIAN_POINT('',(-16.889755662,42.758718801,7.500000048));
#532=VERTEX_POINT('',#531);
#533=CARTESIAN_POINT('',(-16.889755662,42.758718801,7.500000048));
#534=DIRECTION('',(1.,-0.,0.));
#535=VECTOR('',#534,15.999999523);
#536=LINE('',#533,#535);
#537=EDGE_CURVE('',#532,#524,#536,.T.);
#538=ORIENTED_EDGE('',*,*,#537,.F.);
#539=CARTESIAN_POINT('',(-17.889755662,41.758718801,7.500000048));
#540=VERTEX_POINT('',#539);
#541=CARTESIAN_POINT('',(-16.889755662,41.758718801,7.500000048));
#542=DIRECTION('',(0.,0.,1.));
#543=DIRECTION('',(1.,0.,-0.));
#544=AXIS2_PLACEMENT_3D('',#541,#542,#543);
#545=CIRCLE('',#544,1.);
#546=EDGE_CURVE('',#532,#540,#545,.T.);
#547=ORIENTED_EDGE('',*,*,#546,.T.);
#548=CARTESIAN_POINT('',(-17.889755662,40.633718801,7.500000048));
#549=VERTEX_POINT('',#548);
#550=CARTESIAN_POINT('',(-17.889755662,40.633718801,7.500000048));
#551=DIRECTION('',(0.,1.,0.));
#552=VECTOR('',#551,1.125);
#553=LINE('',#550,#552);
#554=EDGE_CURVE('',#549,#540,#553,.T.);
#555=ORIENTED_EDGE('',*,*,#554,.F.);
#556=CARTESIAN_POINT('',(-63.639462819,40.633718801,7.500000048));
#557=VERTEX_POINT('',#556);
#558=CARTESIAN_POINT('',(-63.639462819,40.633718801,7.500000048));
#559=DIRECTION('',(1.,-0.,0.));
#560=VECTOR('',#559,45.749707156);
#561=LINE('',#558,#560);
#562=EDGE_CURVE('',#557,#549,#561,.T.);
#563=ORIENTED_EDGE('',*,*,#562,.F.);
#564=CARTESIAN_POINT('',(-63.639462819,39.633718801,7.500000048));
#565=DIRECTION('',(0.,0.,1.));
#566=DIRECTION('',(1.,0.,-0.));
#567=AXIS2_PLACEMENT_3D('',#564,#565,#566);
#568=CIRCLE('',#567,1.);
#569=EDGE_CURVE('',#557,#291,#568,.T.);
#570=ORIENTED_EDGE('',*,*,#569,.T.);
#571=ORIENTED_EDGE('',*,*,#296,.F.);
#572=CARTESIAN_POINT('',(-64.639462819,36.721307468,7.500000048));
#573=DIRECTION('',(1.,0.,-0.));
#574=VECTOR('',#573,15.000732293);
#575=LINE('',#572,#574);
#576=EDGE_CURVE('',#283,#91,#575,.T.);
#577=ORIENTED_EDGE('',*,*,#576,.T.);
#578=ORIENTED_EDGE('',*,*,#96,.T.);
#579=CARTESIAN_POINT('',(-35.63975757,8.733717275,7.500000048));
#580=VERTEX_POINT('',#579);
#581=CARTESIAN_POINT('',(-35.63975757,8.733717275,7.500000048));
#582=DIRECTION('',(-1.,0.,0.));
#583=VECTOR('',#582,13.998972956);
#584=LINE('',#581,#583);
#585=EDGE_CURVE('',#580,#83,#584,.T.);
#586=ORIENTED_EDGE('',*,*,#585,.F.);
#587=CARTESIAN_POINT('',(-35.63975757,5.183919359,7.500000048));
#588=VERTEX_POINT('',#587);
#589=CARTESIAN_POINT('',(-35.63975757,5.183919359,7.500000048));
#590=DIRECTION('',(0.,1.,0.));
#591=VECTOR('',#590,3.549797916);
#592=LINE('',#589,#591);
#593=EDGE_CURVE('',#588,#580,#592,.T.);
#594=ORIENTED_EDGE('',*,*,#593,.F.);
#595=CARTESIAN_POINT('',(-34.940264462,5.183919359,7.500000048));
#596=VERTEX_POINT('',#595);
#597=CARTESIAN_POINT('',(-35.63975757,5.183919359,7.500000048));
#598=DIRECTION('',(1.,0.,-0.));
#599=VECTOR('',#598,0.699493108);
#600=LINE('',#597,#599);
#601=EDGE_CURVE('',#588,#596,#600,.T.);
#602=ORIENTED_EDGE('',*,*,#601,.T.);
#603=CARTESIAN_POINT('',(-34.940264462,-1.81608079,7.500000048));
#604=VERTEX_POINT('',#603);
#605=CARTESIAN_POINT('',(-34.940264462,5.183919359,7.500000048));
#606=DIRECTION('',(0.,-1.,0.));
#607=VECTOR('',#606,7.000000149);
#608=LINE('',#605,#607);
#609=EDGE_CURVE('',#596,#604,#608,.T.);
#610=ORIENTED_EDGE('',*,*,#609,.T.);
#611=CARTESIAN_POINT('',(-35.63975757,-1.81608079,7.500000048));
#612=VERTEX_POINT('',#611);
#613=CARTESIAN_POINT('',(-34.940264462,-1.81608079,7.500000048));
#614=DIRECTION('',(-1.,0.,0.));
#615=VECTOR('',#614,0.699493108);
#616=LINE('',#613,#615);
#617=EDGE_CURVE('',#604,#612,#616,.T.);
#618=ORIENTED_EDGE('',*,*,#617,.T.);
#619=CARTESIAN_POINT('',(-35.63975757,-5.36628263,7.500000048));
#620=VERTEX_POINT('',#619);
#621=CARTESIAN_POINT('',(-35.63975757,-5.36628263,7.500000048));
#622=DIRECTION('',(0.,1.,0.));
#623=VECTOR('',#622,3.55020184);
#624=LINE('',#621,#623);
#625=EDGE_CURVE('',#620,#612,#624,.T.);
#626=ORIENTED_EDGE('',*,*,#625,.F.);
#627=CARTESIAN_POINT('',(-49.638730526,-5.36628263,7.500000048));
#628=VERTEX_POINT('',#627);
#629=CARTESIAN_POINT('',(-35.63975757,-5.36628263,7.500000048));
#630=DIRECTION('',(-1.,0.,0.));
#631=VECTOR('',#630,13.998972956);
#632=LINE('',#629,#631);
#633=EDGE_CURVE('',#620,#628,#632,.T.);
#634=ORIENTED_EDGE('',*,*,#633,.T.);
#635=CARTESIAN_POINT('',(-49.638730526,-22.749226281,7.500000048));
#636=VERTEX_POINT('',#635);
#637=CARTESIAN_POINT('',(-49.638730526,-5.36628263,7.500000048));
#638=DIRECTION('',(0.,-1.,0.));
#639=VECTOR('',#638,17.382943652);
#640=LINE('',#637,#639);
#641=EDGE_CURVE('',#628,#636,#640,.T.);
#642=ORIENTED_EDGE('',*,*,#641,.T.);
#643=CARTESIAN_POINT('',(-41.766769903,-19.407776701,7.500000048));
#644=VERTEX_POINT('',#643);
#645=CARTESIAN_POINT('',(-49.638730526,-22.749226281,7.500000048));
#646=DIRECTION('',(0.920504831,0.390731182,0.));
#647=VECTOR('',#646,8.551786326);
#648=LINE('',#645,#647);
#649=EDGE_CURVE('',#636,#644,#648,.T.);
#650=ORIENTED_EDGE('',*,*,#649,.T.);
#651=CARTESIAN_POINT('',(-40.379820958,-22.675221992,7.500000048));
#652=VERTEX_POINT('',#651);
#653=CARTESIAN_POINT('',(-41.766769903,-19.407776701,7.500000048));
#654=DIRECTION('',(0.390731297,-0.920504782,0.));
#655=VECTOR('',#654,3.549623375);
#656=LINE('',#653,#655);
#657=EDGE_CURVE('',#644,#652,#656,.T.);
#658=ORIENTED_EDGE('',*,*,#657,.T.);
#659=CARTESIAN_POINT('',(-39.73582446,-22.40186201,7.500000048));
#660=VERTEX_POINT('',#659);
#661=CARTESIAN_POINT('',(-40.379820958,-22.675221992,7.500000048));
#662=DIRECTION('',(0.920505015,0.390730749,0.));
#663=VECTOR('',#662,0.699612156);
#664=LINE('',#661,#663);
#665=EDGE_CURVE('',#652,#660,#664,.T.);
#666=ORIENTED_EDGE('',*,*,#665,.T.);
#667=CARTESIAN_POINT('',(-37.000712155,-28.84539039,7.500000048));
#668=VERTEX_POINT('',#667);
#669=CARTESIAN_POINT('',(-39.73582446,-22.40186201,7.500000048));
#670=DIRECTION('',(0.390730739,-0.920505019,0.));
#671=VECTOR('',#670,6.999992665);
#672=LINE('',#669,#671);
#673=EDGE_CURVE('',#660,#668,#672,.T.);
#674=ORIENTED_EDGE('',*,*,#673,.T.);
#675=CARTESIAN_POINT('',(-37.644704596,-29.118749068,7.500000048));
#676=VERTEX_POINT('',#675);
#677=CARTESIAN_POINT('',(-37.000712155,-28.84539039,7.500000048));
#678=DIRECTION('',(-0.9205048,-0.390731255,0.));
#679=VECTOR('',#678,0.699607912);
#680=LINE('',#677,#679);
#681=EDGE_CURVE('',#668,#676,#680,.T.);
#682=ORIENTED_EDGE('',*,*,#681,.T.);
#683=CARTESIAN_POINT('',(-36.257458227,-32.386895048,7.500000048));
#684=VERTEX_POINT('',#683);
#685=CARTESIAN_POINT('',(-37.644704596,-29.118749068,7.500000048));
#686=DIRECTION('',(0.390731297,-0.920504782,0.));
#687=VECTOR('',#686,3.550384576);
#688=LINE('',#685,#687);
#689=EDGE_CURVE('',#676,#684,#688,.T.);
#690=ORIENTED_EDGE('',*,*,#689,.T.);
#691=CARTESIAN_POINT('',(-49.236577747,-37.896203407,7.500000048));
#692=VERTEX_POINT('',#691);
#693=CARTESIAN_POINT('',(-36.257458227,-32.386895048,7.500000048));
#694=DIRECTION('',(-0.920504879,-0.390731068,0.));
#695=VECTOR('',#694,14.100000785);
#696=LINE('',#693,#695);
#697=EDGE_CURVE('',#684,#692,#696,.T.);
#698=ORIENTED_EDGE('',*,*,#697,.T.);
#699=CARTESIAN_POINT('',(-50.623823334,-34.628060208,7.500000048));
#700=VERTEX_POINT('',#699);
#701=CARTESIAN_POINT('',(-49.236577747,-37.896203407,7.500000048));
#702=DIRECTION('',(-0.390731392,0.920504742,0.));
#703=VECTOR('',#702,3.55038171);
#704=LINE('',#701,#703);
#705=EDGE_CURVE('',#692,#700,#704,.T.);
#706=ORIENTED_EDGE('',*,*,#705,.T.);
#707=CARTESIAN_POINT('',(-51.268534421,-34.901723932,7.500000048));
#708=VERTEX_POINT('',#707);
#709=CARTESIAN_POINT('',(-50.623823334,-34.628060208,7.500000048));
#710=DIRECTION('',(-0.9205048,-0.390731255,0.));
#711=VECTOR('',#710,0.70038862);
#712=LINE('',#709,#711);
#713=EDGE_CURVE('',#700,#708,#712,.T.);
#714=ORIENTED_EDGE('',*,*,#713,.T.);
#715=CARTESIAN_POINT('',(-54.003653287,-28.458189081,7.500000048));
#716=VERTEX_POINT('',#715);
#717=CARTESIAN_POINT('',(-51.268534421,-34.901723932,7.500000048));
#718=DIRECTION('',(-0.3907312,0.920504823,0.));
#719=VECTOR('',#718,7.000001185);
#720=LINE('',#717,#719);
#721=EDGE_CURVE('',#708,#716,#720,.T.);
#722=ORIENTED_EDGE('',*,*,#721,.T.);
#723=CARTESIAN_POINT('',(-53.35894339,-28.18452628,7.500000048));
#724=VERTEX_POINT('',#723);
#725=CARTESIAN_POINT('',(-54.003653287,-28.458189081,7.500000048));
#726=DIRECTION('',(0.920505015,0.390730749,0.));
#727=VECTOR('',#726,0.700387164);
#728=LINE('',#725,#727);
#729=EDGE_CURVE('',#716,#724,#728,.T.);
#730=ORIENTED_EDGE('',*,*,#729,.T.);
#731=CARTESIAN_POINT('',(-53.35894339,-28.18452628,7.500000048));
#732=DIRECTION('',(-0.390731392,0.920504742,0.));
#733=VECTOR('',#732,3.549616735);
#734=LINE('',#731,#733);
#735=EDGE_CURVE('',#724,#43,#734,.T.);
#736=ORIENTED_EDGE('',*,*,#735,.T.);
#737=EDGE_LOOP('',(#312,#320,#328,#337,#345,#353,#361,#370,#378,#387,#395,#404,#412,#421,#429,#438,#446,#455,#463,#471,#480,#488,#496,#505,#513,#522,
#530,#538,#547,#555,#563,#570,#571,#577,#578,#586,#594,#602,#610,#618,#626,#634,#642,#650,#658,#666,#674,#682,#690,#698,#706,
#714,#722,#730,#736));
#738=FACE_BOUND('',#737,.T.);
#739=CARTESIAN_POINT('',(-29.190264462,22.183918882,7.500000048));
#740=VERTEX_POINT('',#739);
#741=CARTESIAN_POINT('',(-29.190264462,22.183918882,7.500000048));
#742=DIRECTION('',(0.,-1.,0.));
#743=VECTOR('',#742,0.700201607);
#744=LINE('',#741,#743);
#745=EDGE_CURVE('',#740,#153,#744,.T.);
#746=ORIENTED_EDGE('',*,*,#745,.F.);
#747=CARTESIAN_POINT('',(-22.190264462,22.183918882,7.500000048));
#748=VERTEX_POINT('',#747);
#749=CARTESIAN_POINT('',(-22.190264462,22.183918882,7.500000048));
#750=DIRECTION('',(-1.,-0.,0.));
#751=VECTOR('',#750,7.);
#752=LINE('',#749,#751);
#753=EDGE_CURVE('',#748,#740,#752,.T.);
#754=ORIENTED_EDGE('',*,*,#753,.F.);
#755=CARTESIAN_POINT('',(-22.190264462,21.483717275,7.500000048));
#756=VERTEX_POINT('',#755);
#757=CARTESIAN_POINT('',(-22.190264462,21.483717275,7.500000048));
#758=DIRECTION('',(-0.,1.,0.));
#759=VECTOR('',#758,0.700201607);
#760=LINE('',#757,#759);
#761=EDGE_CURVE('',#756,#748,#760,.T.);
#762=ORIENTED_EDGE('',*,*,#761,.F.);
#763=CARTESIAN_POINT('',(-18.639755662,21.483717275,7.500000048));
#764=VERTEX_POINT('',#763);
#765=CARTESIAN_POINT('',(-22.190264462,21.483717275,7.500000048));
#766=DIRECTION('',(1.,-0.,0.));
#767=VECTOR('',#766,3.5505088);
#768=LINE('',#765,#767);
#769=EDGE_CURVE('',#756,#764,#768,.T.);
#770=ORIENTED_EDGE('',*,*,#769,.T.);
#771=CARTESIAN_POINT('',(-18.639755662,17.933918882,7.500000048));
#772=VERTEX_POINT('',#771);
#773=CARTESIAN_POINT('',(-18.639755662,21.483717275,7.500000048));
#774=DIRECTION('',(-0.,-1.,0.));
#775=VECTOR('',#774,3.549798393);
#776=LINE('',#773,#775);
#777=EDGE_CURVE('',#764,#772,#776,.T.);
#778=ORIENTED_EDGE('',*,*,#777,.T.);
#779=CARTESIAN_POINT('',(-17.940264462,17.933918882,7.500000048));
#780=VERTEX_POINT('',#779);
#781=CARTESIAN_POINT('',(-18.639755662,17.933918882,7.500000048));
#782=DIRECTION('',(1.,0.,-0.));
#783=VECTOR('',#782,0.6994912);
#784=LINE('',#781,#783);
#785=EDGE_CURVE('',#772,#780,#784,.T.);
#786=ORIENTED_EDGE('',*,*,#785,.T.);
#787=CARTESIAN_POINT('',(-17.940264462,10.933918882,7.500000048));
#788=VERTEX_POINT('',#787);
#789=CARTESIAN_POINT('',(-17.940264462,17.933918882,7.500000048));
#790=DIRECTION('',(0.,-1.,0.));
#791=VECTOR('',#790,7.);
#792=LINE('',#789,#791);
#793=EDGE_CURVE('',#780,#788,#792,.T.);
#794=ORIENTED_EDGE('',*,*,#793,.T.);
#795=CARTESIAN_POINT('',(-18.639755662,10.933918882,7.500000048));
#796=VERTEX_POINT('',#795);
#797=CARTESIAN_POINT('',(-17.940264462,10.933918882,7.500000048));
#798=DIRECTION('',(-1.,0.,0.));
#799=VECTOR('',#798,0.6994912);
#800=LINE('',#797,#799);
#801=EDGE_CURVE('',#788,#796,#800,.T.);
#802=ORIENTED_EDGE('',*,*,#801,.T.);
#803=CARTESIAN_POINT('',(-18.639755662,7.38371737,7.500000048));
#804=VERTEX_POINT('',#803);
#805=CARTESIAN_POINT('',(-18.639755662,10.933918882,7.500000048));
#806=DIRECTION('',(-0.,-1.,0.));
#807=VECTOR('',#806,3.550201512);
#808=LINE('',#805,#807);
#809=EDGE_CURVE('',#796,#804,#808,.T.);
#810=ORIENTED_EDGE('',*,*,#809,.T.);
#811=CARTESIAN_POINT('',(-22.190264462,7.38371737,7.500000048));
#812=VERTEX_POINT('',#811);
#813=CARTESIAN_POINT('',(-18.639755662,7.38371737,7.500000048));
#814=DIRECTION('',(-1.,0.,0.));
#815=VECTOR('',#814,3.5505088);
#816=LINE('',#813,#815);
#817=EDGE_CURVE('',#804,#812,#816,.T.);
#818=ORIENTED_EDGE('',*,*,#817,.T.);
#819=CARTESIAN_POINT('',(-22.190264462,6.683918882,7.500000048));
#820=VERTEX_POINT('',#819);
#821=CARTESIAN_POINT('',(-22.190264462,6.683918882,7.500000048));
#822=DIRECTION('',(-0.,1.,0.));
#823=VECTOR('',#822,0.699798488);
#824=LINE('',#821,#823);
#825=EDGE_CURVE('',#820,#812,#824,.T.);
#826=ORIENTED_EDGE('',*,*,#825,.F.);
#827=CARTESIAN_POINT('',(-29.190264462,6.683918882,7.500000048));
#828=VERTEX_POINT('',#827);
#829=CARTESIAN_POINT('',(-29.190264462,6.683918882,7.500000048));
#830=DIRECTION('',(1.,0.,0.));
#831=VECTOR('',#830,7.);
#832=LINE('',#829,#831);
#833=EDGE_CURVE('',#828,#820,#832,.T.);
#834=ORIENTED_EDGE('',*,*,#833,.F.);
#835=CARTESIAN_POINT('',(-29.190264462,7.38371737,7.500000048));
#836=DIRECTION('',(0.,-1.,0.));
#837=VECTOR('',#836,0.699798488);
#838=LINE('',#835,#837);
#839=EDGE_CURVE('',#115,#828,#838,.T.);
#840=ORIENTED_EDGE('',*,*,#839,.F.);
#841=ORIENTED_EDGE('',*,*,#142,.T.);
#842=CARTESIAN_POINT('',(-32.739756044,10.933918882,7.500000048));
#843=VERTEX_POINT('',#842);
#844=CARTESIAN_POINT('',(-32.739756044,7.38371737,7.500000048));
#845=DIRECTION('',(0.,1.,0.));
#846=VECTOR('',#845,3.550201512);
#847=LINE('',#844,#846);
#848=EDGE_CURVE('',#131,#843,#847,.T.);
#849=ORIENTED_EDGE('',*,*,#848,.T.);
#850=CARTESIAN_POINT('',(-33.440264462,10.933918882,7.500000048));
#851=VERTEX_POINT('',#850);
#852=CARTESIAN_POINT('',(-32.739756044,10.933918882,7.500000048));
#853=DIRECTION('',(-1.,0.,0.));
#854=VECTOR('',#853,0.700508418);
#855=LINE('',#852,#854);
#856=EDGE_CURVE('',#843,#851,#855,.T.);
#857=ORIENTED_EDGE('',*,*,#856,.T.);
#858=CARTESIAN_POINT('',(-33.440264462,17.933918882,7.500000048));
#859=VERTEX_POINT('',#858);
#860=CARTESIAN_POINT('',(-33.440264462,10.933918882,7.500000048));
#861=DIRECTION('',(0.,1.,0.));
#862=VECTOR('',#861,7.);
#863=LINE('',#860,#862);
#864=EDGE_CURVE('',#851,#859,#863,.T.);
#865=ORIENTED_EDGE('',*,*,#864,.T.);
#866=CARTESIAN_POINT('',(-32.739756044,17.933918882,7.500000048));
#867=VERTEX_POINT('',#866);
#868=CARTESIAN_POINT('',(-33.440264462,17.933918882,7.500000048));
#869=DIRECTION('',(1.,0.,-0.));
#870=VECTOR('',#869,0.700508418);
#871=LINE('',#868,#870);
#872=EDGE_CURVE('',#859,#867,#871,.T.);
#873=ORIENTED_EDGE('',*,*,#872,.T.);
#874=CARTESIAN_POINT('',(-32.739756044,17.933918882,7.500000048));
#875=DIRECTION('',(0.,1.,0.));
#876=VECTOR('',#875,3.549798393);
#877=LINE('',#874,#876);
#878=EDGE_CURVE('',#867,#163,#877,.T.);
#879=ORIENTED_EDGE('',*,*,#878,.T.);
#880=ORIENTED_EDGE('',*,*,#168,.T.);
#881=EDGE_LOOP('',(#746,#754,#762,#770,#778,#786,#794,#802,#810,#818,#826,#834,#840,#841,#849,#857,#865,#873,#879,#880));
#882=FACE_BOUND('',#881,.T.);
#883=CARTESIAN_POINT('',(-29.190264462,39.183919836,7.500000048));
#884=VERTEX_POINT('',#883);
#885=CARTESIAN_POINT('',(-29.190264462,39.183919836,7.500000048));
#886=DIRECTION('',(0.,-1.,0.));
#887=VECTOR('',#886,0.700202561);
#888=LINE('',#885,#887);
#889=EDGE_CURVE('',#884,#193,#888,.T.);
#890=ORIENTED_EDGE('',*,*,#889,.F.);
#891=CARTESIAN_POINT('',(-22.190264462,39.183919836,7.500000048));
#892=VERTEX_POINT('',#891);
#893=CARTESIAN_POINT('',(-22.190264462,39.183919836,7.500000048));
#894=DIRECTION('',(-1.,-0.,0.));
#895=VECTOR('',#894,7.);
#896=LINE('',#893,#895);
#897=EDGE_CURVE('',#892,#884,#896,.T.);
#898=ORIENTED_EDGE('',*,*,#897,.F.);
#899=CARTESIAN_POINT('',(-22.190264462,38.483717275,7.500000048));
#900=VERTEX_POINT('',#899);
#901=CARTESIAN_POINT('',(-22.190264462,38.483717275,7.500000048));
#902=DIRECTION('',(-0.,1.,0.));
#903=VECTOR('',#902,0.700202561);
#904=LINE('',#901,#903);
#905=EDGE_CURVE('',#900,#892,#904,.T.);
#906=ORIENTED_EDGE('',*,*,#905,.F.);
#907=CARTESIAN_POINT('',(-18.639755662,38.483717275,7.500000048));
#908=VERTEX_POINT('',#907);
#909=CARTESIAN_POINT('',(-18.639755662,38.483717275,7.500000048));
#910=DIRECTION('',(-1.,0.,0.));
#911=VECTOR('',#910,3.5505088);
#912=LINE('',#909,#911);
#913=EDGE_CURVE('',#908,#900,#912,.T.);
#914=ORIENTED_EDGE('',*,*,#913,.F.);
#915=CARTESIAN_POINT('',(-18.639755662,34.933919836,7.500000048));
#916=VERTEX_POINT('',#915);
#917=CARTESIAN_POINT('',(-18.639755662,34.933919836,7.500000048));
#918=DIRECTION('',(0.,1.,0.));
#919=VECTOR('',#918,3.549797439);
#920=LINE('',#917,#919);
#921=EDGE_CURVE('',#916,#908,#920,.T.);
#922=ORIENTED_EDGE('',*,*,#921,.F.);
#923=CARTESIAN_POINT('',(-17.940264462,34.933919836,7.500000048));
#924=VERTEX_POINT('',#923);
#925=CARTESIAN_POINT('',(-18.639755662,34.933919836,7.500000048));
#926=DIRECTION('',(1.,0.,-0.));
#927=VECTOR('',#926,0.6994912);
#928=LINE('',#925,#927);
#929=EDGE_CURVE('',#916,#924,#928,.T.);
#930=ORIENTED_EDGE('',*,*,#929,.T.);
#931=CARTESIAN_POINT('',(-17.940264462,27.933919836,7.500000048));
#932=VERTEX_POINT('',#931);
#933=CARTESIAN_POINT('',(-17.940264462,34.933919836,7.500000048));
#934=DIRECTION('',(0.,-1.,0.));
#935=VECTOR('',#934,7.);
#936=LINE('',#933,#935);
#937=EDGE_CURVE('',#924,#932,#936,.T.);
#938=ORIENTED_EDGE('',*,*,#937,.T.);
#939=CARTESIAN_POINT('',(-18.639755662,27.933919836,7.500000048));
#940=VERTEX_POINT('',#939);
#941=CARTESIAN_POINT('',(-17.940264462,27.933919836,7.500000048));
#942=DIRECTION('',(-1.,0.,0.));
#943=VECTOR('',#942,0.6994912);
#944=LINE('',#941,#943);
#945=EDGE_CURVE('',#932,#940,#944,.T.);
#946=ORIENTED_EDGE('',*,*,#945,.T.);
#947=CARTESIAN_POINT('',(-18.639755662,24.383716893,7.500000048));
#948=VERTEX_POINT('',#947);
#949=CARTESIAN_POINT('',(-18.639755662,24.383716893,7.500000048));
#950=DIRECTION('',(0.,1.,0.));
#951=VECTOR('',#950,3.550202943);
#952=LINE('',#949,#951);
#953=EDGE_CURVE('',#948,#940,#952,.T.);
#954=ORIENTED_EDGE('',*,*,#953,.F.);
#955=CARTESIAN_POINT('',(-22.190264462,24.383716893,7.500000048));
#956=VERTEX_POINT('',#955);
#957=CARTESIAN_POINT('',(-18.639755662,24.383716893,7.500000048));
#958=DIRECTION('',(-1.,0.,0.));
#959=VECTOR('',#958,3.5505088);
#960=LINE('',#957,#959);
#961=EDGE_CURVE('',#948,#956,#960,.T.);
#962=ORIENTED_EDGE('',*,*,#961,.T.);
#963=CARTESIAN_POINT('',(-22.190264462,23.683919836,7.500000048));
#964=VERTEX_POINT('',#963);
#965=CARTESIAN_POINT('',(-22.190264462,23.683919836,7.500000048));
#966=DIRECTION('',(-0.,1.,0.));
#967=VECTOR('',#966,0.699797057);
#968=LINE('',#965,#967);
#969=EDGE_CURVE('',#964,#956,#968,.T.);
#970=ORIENTED_EDGE('',*,*,#969,.F.);
#971=CARTESIAN_POINT('',(-29.190264462,23.683919836,7.500000048));
#972=VERTEX_POINT('',#971);
#973=CARTESIAN_POINT('',(-29.190264462,23.683919836,7.500000048));
#974=DIRECTION('',(1.,0.,0.));
#975=VECTOR('',#974,7.);
#976=LINE('',#973,#975);
#977=EDGE_CURVE('',#972,#964,#976,.T.);
#978=ORIENTED_EDGE('',*,*,#977,.F.);
#979=CARTESIAN_POINT('',(-29.190264462,24.383716893,7.500000048));
#980=DIRECTION('',(0.,-1.,0.));
#981=VECTOR('',#980,0.699797057);
#982=LINE('',#979,#981);
#983=EDGE_CURVE('',#235,#972,#982,.T.);
#984=ORIENTED_EDGE('',*,*,#983,.F.);
#985=ORIENTED_EDGE('',*,*,#262,.T.);
#986=CARTESIAN_POINT('',(-32.739756044,27.933919836,7.500000048));
#987=VERTEX_POINT('',#986);
#988=CARTESIAN_POINT('',(-32.739756044,27.933919836,7.500000048));
#989=DIRECTION('',(-0.,-1.,0.));
#990=VECTOR('',#989,3.550202943);
#991=LINE('',#988,#990);
#992=EDGE_CURVE('',#987,#251,#991,.T.);
#993=ORIENTED_EDGE('',*,*,#992,.F.);
#994=CARTESIAN_POINT('',(-33.440264462,27.933919836,7.500000048));
#995=VERTEX_POINT('',#994);
#996=CARTESIAN_POINT('',(-32.739756044,27.933919836,7.500000048));
#997=DIRECTION('',(-1.,0.,0.));
#998=VECTOR('',#997,0.700508418);
#999=LINE('',#996,#998);
#1000=EDGE_CURVE('',#987,#995,#999,.T.);
#1001=ORIENTED_EDGE('',*,*,#1000,.T.);
#1002=CARTESIAN_POINT('',(-33.440264462,34.933919836,7.500000048));
#1003=VERTEX_POINT('',#1002);
#1004=CARTESIAN_POINT('',(-33.440264462,27.933919836,7.500000048));
#1005=DIRECTION('',(0.,1.,0.));
#1006=VECTOR('',#1005,7.);
#1007=LINE('',#1004,#1006);
#1008=EDGE_CURVE('',#995,#1003,#1007,.T.);
#1009=ORIENTED_EDGE('',*,*,#1008,.T.);
#1010=CARTESIAN_POINT('',(-32.739756044,34.933919836,7.500000048));
#1011=VERTEX_POINT('',#1010);
#1012=CARTESIAN_POINT('',(-33.440264462,34.933919836,7.500000048));
#1013=DIRECTION('',(1.,0.,-0.));
#1014=VECTOR('',#1013,0.700508418);
#1015=LINE('',#1012,#1014);
#1016=EDGE_CURVE('',#1003,#1011,#1015,.T.);
#1017=ORIENTED_EDGE('',*,*,#1016,.T.);
#1018=CARTESIAN_POINT('',(-32.739756044,38.483717275,7.500000048));
#1019=DIRECTION('',(-0.,-1.,0.));
#1020=VECTOR('',#1019,3.549797439);
#1021=LINE('',#1018,#1020);
#1022=EDGE_CURVE('',#203,#1011,#1021,.T.);
#1023=ORIENTED_EDGE('',*,*,#1022,.F.);
#1024=ORIENTED_EDGE('',*,*,#208,.F.);
#1025=EDGE_LOOP('',(#890,#898,#906,#914,#922,#930,#938,#946,#954,#962,#970,#978,#984,#985,#993,#1001,#1009,#1017,#1023,#1024));
#1026=FACE_BOUND('',#1025,.T.);
#1027=CARTESIAN_POINT('',(16.059736491,39.183919836,7.500000048));
#1028=VERTEX_POINT('',#1027);
#1029=CARTESIAN_POINT('',(16.059736491,32.183919836,7.500000048));
#1030=VERTEX_POINT('',#1029);
#1031=CARTESIAN_POINT('',(16.059736491,39.183919836,7.500000048));
#1032=DIRECTION('',(0.,-1.,0.));
#1033=VECTOR('',#1032,7.);
#1034=LINE('',#1031,#1033);
#1035=EDGE_CURVE('',#1028,#1030,#1034,.T.);
#1036=ORIENTED_EDGE('',*,*,#1035,.T.);
#1037=CARTESIAN_POINT('',(15.360244338,32.183919836,7.500000048));
#1038=VERTEX_POINT('',#1037);
#1039=CARTESIAN_POINT('',(16.059736491,32.183919836,7.500000048));
#1040=DIRECTION('',(-1.,0.,0.));
#1041=VECTOR('',#1040,0.699492154);
#1042=LINE('',#1039,#1041);
#1043=EDGE_CURVE('',#1030,#1038,#1042,.T.);
#1044=ORIENTED_EDGE('',*,*,#1043,.T.);
#1045=CARTESIAN_POINT('',(15.360244338,28.633716893,7.500000048));
#1046=VERTEX_POINT('',#1045);
#1047=CARTESIAN_POINT('',(15.360244338,32.183919836,7.500000048));
#1048=DIRECTION('',(-0.,-1.,0.));
#1049=VECTOR('',#1048,3.550202943);
#1050=LINE('',#1047,#1049);
#1051=EDGE_CURVE('',#1038,#1046,#1050,.T.);
#1052=ORIENTED_EDGE('',*,*,#1051,.T.);
#1053=CARTESIAN_POINT('',(1.260243956,28.633716893,7.500000048));
#1054=VERTEX_POINT('',#1053);
#1055=CARTESIAN_POINT('',(15.360244338,28.633716893,7.500000048));
#1056=DIRECTION('',(-1.,0.,0.));
#1057=VECTOR('',#1056,14.100000381);
#1058=LINE('',#1055,#1057);
#1059=EDGE_CURVE('',#1046,#1054,#1058,.T.);
#1060=ORIENTED_EDGE('',*,*,#1059,.T.);
#1061=CARTESIAN_POINT('',(1.260243956,32.183919836,7.500000048));
#1062=VERTEX_POINT('',#1061);
#1063=CARTESIAN_POINT('',(1.260243956,32.183919836,7.500000048));
#1064=DIRECTION('',(-0.,-1.,0.));
#1065=VECTOR('',#1064,3.550202943);
#1066=LINE('',#1063,#1065);
#1067=EDGE_CURVE('',#1062,#1054,#1066,.T.);
#1068=ORIENTED_EDGE('',*,*,#1067,.F.);
#1069=CARTESIAN_POINT('',(0.559736253,32.183919836,7.500000048));
#1070=VERTEX_POINT('',#1069);
#1071=CARTESIAN_POINT('',(1.260243956,32.183919836,7.500000048));
#1072=DIRECTION('',(-1.,0.,0.));
#1073=VECTOR('',#1072,0.700507703);
#1074=LINE('',#1071,#1073);
#1075=EDGE_CURVE('',#1062,#1070,#1074,.T.);
#1076=ORIENTED_EDGE('',*,*,#1075,.T.);
#1077=CARTESIAN_POINT('',(0.559736253,39.183919836,7.500000048));
#1078=VERTEX_POINT('',#1077);
#1079=CARTESIAN_POINT('',(0.559736253,32.183919836,7.500000048));
#1080=DIRECTION('',(0.,1.,0.));
#1081=VECTOR('',#1080,7.);
#1082=LINE('',#1079,#1081);
#1083=EDGE_CURVE('',#1070,#1078,#1082,.T.);
#1084=ORIENTED_EDGE('',*,*,#1083,.T.);
#1085=CARTESIAN_POINT('',(1.260243956,39.183919836,7.500000048));
#1086=VERTEX_POINT('',#1085);
#1087=CARTESIAN_POINT('',(0.559736253,39.183919836,7.500000048));
#1088=DIRECTION('',(1.,0.,-0.));
#1089=VECTOR('',#1088,0.700507703);
#1090=LINE('',#1087,#1089);
#1091=EDGE_CURVE('',#1078,#1086,#1090,.T.);
#1092=ORIENTED_EDGE('',*,*,#1091,.T.);
#1093=CARTESIAN_POINT('',(1.260243956,42.733717275,7.500000048));
#1094=VERTEX_POINT('',#1093);
#1095=CARTESIAN_POINT('',(1.260243956,42.733717275,7.500000048));
#1096=DIRECTION('',(-0.,-1.,0.));
#1097=VECTOR('',#1096,3.549797439);
#1098=LINE('',#1095,#1097);
#1099=EDGE_CURVE('',#1094,#1086,#1098,.T.);
#1100=ORIENTED_EDGE('',*,*,#1099,.F.);
#1101=CARTESIAN_POINT('',(15.360244338,42.733717275,7.500000048));
#1102=VERTEX_POINT('',#1101);
#1103=CARTESIAN_POINT('',(1.260243956,42.733717275,7.500000048));
#1104=DIRECTION('',(1.,-0.,0.));
#1105=VECTOR('',#1104,14.100000381);
#1106=LINE('',#1103,#1105);
#1107=EDGE_CURVE('',#1094,#1102,#1106,.T.);
#1108=ORIENTED_EDGE('',*,*,#1107,.T.);
#1109=CARTESIAN_POINT('',(15.360244338,39.183919836,7.500000048));
#1110=VERTEX_POINT('',#1109);
#1111=CARTESIAN_POINT('',(15.360244338,42.733717275,7.500000048));
#1112=DIRECTION('',(-0.,-1.,0.));
#1113=VECTOR('',#1112,3.549797439);
#1114=LINE('',#1111,#1113);
#1115=EDGE_CURVE('',#1102,#1110,#1114,.T.);
#1116=ORIENTED_EDGE('',*,*,#1115,.T.);
#1117=CARTESIAN_POINT('',(15.360244338,39.183919836,7.500000048));
#1118=DIRECTION('',(1.,0.,-0.));
#1119=VECTOR('',#1118,0.699492154);
#1120=LINE('',#1117,#1119);
#1121=EDGE_CURVE('',#1110,#1028,#1120,.T.);
#1122=ORIENTED_EDGE('',*,*,#1121,.T.);
#1123=EDGE_LOOP('',(#1036,#1044,#1052,#1060,#1068,#1076,#1084,#1092,#1100,#1108,#1116,#1122));
#1124=FACE_BOUND('',#1123,.T.);
#1125=CARTESIAN_POINT('',(-0.940263747,37.058919836,7.500000048));
#1126=VERTEX_POINT('',#1125);
#1127=CARTESIAN_POINT('',(-0.940263747,30.058919836,7.500000048));
#1128=VERTEX_POINT('',#1127);
#1129=CARTESIAN_POINT('',(-0.940263747,37.058919836,7.500000048));
#1130=DIRECTION('',(0.,-1.,0.));
#1131=VECTOR('',#1130,7.);
#1132=LINE('',#1129,#1131);
#1133=EDGE_CURVE('',#1126,#1128,#1132,.T.);
#1134=ORIENTED_EDGE('',*,*,#1133,.T.);
#1135=CARTESIAN_POINT('',(-1.639756139,30.058919836,7.500000048));
#1136=VERTEX_POINT('',#1135);
#1137=CARTESIAN_POINT('',(-0.940263747,30.058919836,7.500000048));
#1138=DIRECTION('',(-1.,0.,0.));
#1139=VECTOR('',#1138,0.699492392);
#1140=LINE('',#1137,#1139);
#1141=EDGE_CURVE('',#1128,#1136,#1140,.T.);
#1142=ORIENTED_EDGE('',*,*,#1141,.T.);
#1143=CARTESIAN_POINT('',(-1.639756139,26.508716893,7.500000048));
#1144=VERTEX_POINT('',#1143);
#1145=CARTESIAN_POINT('',(-1.639756139,26.508716893,7.500000048));
#1146=DIRECTION('',(0.,1.,0.));
#1147=VECTOR('',#1146,3.550202943);
#1148=LINE('',#1145,#1147);
#1149=EDGE_CURVE('',#1144,#1136,#1148,.T.);
#1150=ORIENTED_EDGE('',*,*,#1149,.F.);
#1151=CARTESIAN_POINT('',(-15.739756044,26.508716893,7.500000048));
#1152=VERTEX_POINT('',#1151);
#1153=CARTESIAN_POINT('',(-1.639756139,26.508716893,7.500000048));
#1154=DIRECTION('',(-1.,0.,0.));
#1155=VECTOR('',#1154,14.099999905);
#1156=LINE('',#1153,#1155);
#1157=EDGE_CURVE('',#1144,#1152,#1156,.T.);
#1158=ORIENTED_EDGE('',*,*,#1157,.T.);
#1159=CARTESIAN_POINT('',(-15.739756044,30.058919836,7.500000048));
#1160=VERTEX_POINT('',#1159);
#1161=CARTESIAN_POINT('',(-15.739756044,30.058919836,7.500000048));
#1162=DIRECTION('',(-0.,-1.,0.));
#1163=VECTOR('',#1162,3.550202943);
#1164=LINE('',#1161,#1163);
#1165=EDGE_CURVE('',#1160,#1152,#1164,.T.);
#1166=ORIENTED_EDGE('',*,*,#1165,.F.);
#1167=CARTESIAN_POINT('',(-16.440264462,30.058919836,7.500000048));
#1168=VERTEX_POINT('',#1167);
#1169=CARTESIAN_POINT('',(-15.739756044,30.058919836,7.500000048));
#1170=DIRECTION('',(-1.,0.,0.));
#1171=VECTOR('',#1170,0.700508418);
#1172=LINE('',#1169,#1171);
#1173=EDGE_CURVE('',#1160,#1168,#1172,.T.);
#1174=ORIENTED_EDGE('',*,*,#1173,.T.);
#1175=CARTESIAN_POINT('',(-16.440264462,37.058919836,7.500000048));
#1176=VERTEX_POINT('',#1175);
#1177=CARTESIAN_POINT('',(-16.440264462,30.058919836,7.500000048));
#1178=DIRECTION('',(0.,1.,0.));
#1179=VECTOR('',#1178,7.);
#1180=LINE('',#1177,#1179);
#1181=EDGE_CURVE('',#1168,#1176,#1180,.T.);
#1182=ORIENTED_EDGE('',*,*,#1181,.T.);
#1183=CARTESIAN_POINT('',(-15.739756044,37.058919836,7.500000048));
#1184=VERTEX_POINT('',#1183);
#1185=CARTESIAN_POINT('',(-16.440264462,37.058919836,7.500000048));
#1186=DIRECTION('',(1.,0.,-0.));
#1187=VECTOR('',#1186,0.700508418);
#1188=LINE('',#1185,#1187);
#1189=EDGE_CURVE('',#1176,#1184,#1188,.T.);
#1190=ORIENTED_EDGE('',*,*,#1189,.T.);
#1191=CARTESIAN_POINT('',(-15.739756044,40.608717275,7.500000048));
#1192=VERTEX_POINT('',#1191);
#1193=CARTESIAN_POINT('',(-15.739756044,40.608717275,7.500000048));
#1194=DIRECTION('',(-0.,-1.,0.));
#1195=VECTOR('',#1194,3.549797439);
#1196=LINE('',#1193,#1195);
#1197=EDGE_CURVE('',#1192,#1184,#1196,.T.);
#1198=ORIENTED_EDGE('',*,*,#1197,.F.);
#1199=CARTESIAN_POINT('',(-1.639756139,40.608717275,7.500000048));
#1200=VERTEX_POINT('',#1199);
#1201=CARTESIAN_POINT('',(-1.639756139,40.608717275,7.500000048));
#1202=DIRECTION('',(-1.,0.,0.));
#1203=VECTOR('',#1202,14.099999905);
#1204=LINE('',#1201,#1203);
#1205=EDGE_CURVE('',#1200,#1192,#1204,.T.);
#1206=ORIENTED_EDGE('',*,*,#1205,.F.);
#1207=CARTESIAN_POINT('',(-1.639756139,37.058919836,7.500000048));
#1208=VERTEX_POINT('',#1207);
#1209=CARTESIAN_POINT('',(-1.639756139,37.058919836,7.500000048));
#1210=DIRECTION('',(0.,1.,0.));
#1211=VECTOR('',#1210,3.549797439);
#1212=LINE('',#1209,#1211);
#1213=EDGE_CURVE('',#1208,#1200,#1212,.T.);
#1214=ORIENTED_EDGE('',*,*,#1213,.F.);
#1215=CARTESIAN_POINT('',(-1.639756139,37.058919836,7.500000048));
#1216=DIRECTION('',(1.,0.,-0.));
#1217=VECTOR('',#1216,0.699492392);
#1218=LINE('',#1215,#1217);
#1219=EDGE_CURVE('',#1208,#1126,#1218,.T.);
#1220=ORIENTED_EDGE('',*,*,#1219,.T.);
#1221=EDGE_LOOP('',(#1134,#1142,#1150,#1158,#1166,#1174,#1182,#1190,#1198,#1206,#1214,#1220));
#1222=FACE_BOUND('',#1221,.T.);
#1223=CARTESIAN_POINT('',(-0.940263747,20.058919836,7.500000048));
#1224=VERTEX_POINT('',#1223);
#1225=CARTESIAN_POINT('',(-0.940263747,13.058918882,7.500000048));
#1226=VERTEX_POINT('',#1225);
#1227=CARTESIAN_POINT('',(-0.940263747,20.058919836,7.500000048));
#1228=DIRECTION('',(0.,-1.,0.));
#1229=VECTOR('',#1228,7.000000954);
#1230=LINE('',#1227,#1229);
#1231=EDGE_CURVE('',#1224,#1226,#1230,.T.);
#1232=ORIENTED_EDGE('',*,*,#1231,.T.);
#1233=CARTESIAN_POINT('',(-1.639756139,13.058918882,7.500000048));
#1234=VERTEX_POINT('',#1233);
#1235=CARTESIAN_POINT('',(-0.940263747,13.058918882,7.500000048));
#1236=DIRECTION('',(-1.,0.,0.));
#1237=VECTOR('',#1236,0.699492392);
#1238=LINE('',#1235,#1237);
#1239=EDGE_CURVE('',#1226,#1234,#1238,.T.);
#1240=ORIENTED_EDGE('',*,*,#1239,.T.);
#1241=CARTESIAN_POINT('',(-1.639756139,9.50871737,7.500000048));
#1242=VERTEX_POINT('',#1241);
#1243=CARTESIAN_POINT('',(-1.639756139,13.058918882,7.500000048));
#1244=DIRECTION('',(-0.,-1.,0.));
#1245=VECTOR('',#1244,3.550201512);
#1246=LINE('',#1243,#1245);
#1247=EDGE_CURVE('',#1234,#1242,#1246,.T.);
#1248=ORIENTED_EDGE('',*,*,#1247,.T.);
#1249=CARTESIAN_POINT('',(-15.739756044,9.50871737,7.500000048));
#1250=VERTEX_POINT('',#1249);
#1251=CARTESIAN_POINT('',(-1.639756139,9.50871737,7.500000048));
#1252=DIRECTION('',(-1.,0.,0.));
#1253=VECTOR('',#1252,14.099999905);
#1254=LINE('',#1251,#1253);
#1255=EDGE_CURVE('',#1242,#1250,#1254,.T.);
#1256=ORIENTED_EDGE('',*,*,#1255,.T.);
#1257=CARTESIAN_POINT('',(-15.739756044,13.058918882,7.500000048));
#1258=VERTEX_POINT('',#1257);
#1259=CARTESIAN_POINT('',(-15.739756044,9.50871737,7.500000048));
#1260=DIRECTION('',(0.,1.,0.));
#1261=VECTOR('',#1260,3.550201512);
#1262=LINE('',#1259,#1261);
#1263=EDGE_CURVE('',#1250,#1258,#1262,.T.);
#1264=ORIENTED_EDGE('',*,*,#1263,.T.);
#1265=CARTESIAN_POINT('',(-16.440264462,13.058918882,7.500000048));
#1266=VERTEX_POINT('',#1265);
#1267=CARTESIAN_POINT('',(-15.739756044,13.058918882,7.500000048));
#1268=DIRECTION('',(-1.,0.,0.));
#1269=VECTOR('',#1268,0.700508418);
#1270=LINE('',#1267,#1269);
#1271=EDGE_CURVE('',#1258,#1266,#1270,.T.);
#1272=ORIENTED_EDGE('',*,*,#1271,.T.);
#1273=CARTESIAN_POINT('',(-16.440264462,20.058919836,7.500000048));
#1274=VERTEX_POINT('',#1273);
#1275=CARTESIAN_POINT('',(-16.440264462,13.058918882,7.500000048));
#1276=DIRECTION('',(0.,1.,0.));
#1277=VECTOR('',#1276,7.000000954);
#1278=LINE('',#1275,#1277);
#1279=EDGE_CURVE('',#1266,#1274,#1278,.T.);
#1280=ORIENTED_EDGE('',*,*,#1279,.T.);
#1281=CARTESIAN_POINT('',(-15.739756044,20.058919836,7.500000048));
#1282=VERTEX_POINT('',#1281);
#1283=CARTESIAN_POINT('',(-16.440264462,20.058919836,7.500000048));
#1284=DIRECTION('',(1.,0.,-0.));
#1285=VECTOR('',#1284,0.700508418);
#1286=LINE('',#1283,#1285);
#1287=EDGE_CURVE('',#1274,#1282,#1286,.T.);
#1288=ORIENTED_EDGE('',*,*,#1287,.T.);
#1289=CARTESIAN_POINT('',(-15.739756044,23.608717275,7.500000048));
#1290=VERTEX_POINT('',#1289);
#1291=CARTESIAN_POINT('',(-15.739756044,20.058919836,7.500000048));
#1292=DIRECTION('',(0.,1.,0.));
#1293=VECTOR('',#1292,3.549797439);
#1294=LINE('',#1291,#1293);
#1295=EDGE_CURVE('',#1282,#1290,#1294,.T.);
#1296=ORIENTED_EDGE('',*,*,#1295,.T.);
#1297=CARTESIAN_POINT('',(-1.639756139,23.608717275,7.500000048));
#1298=VERTEX_POINT('',#1297);
#1299=CARTESIAN_POINT('',(-15.739756044,23.608717275,7.500000048));
#1300=DIRECTION('',(1.,-0.,0.));
#1301=VECTOR('',#1300,14.099999905);
#1302=LINE('',#1299,#1301);
#1303=EDGE_CURVE('',#1290,#1298,#1302,.T.);
#1304=ORIENTED_EDGE('',*,*,#1303,.T.);
#1305=CARTESIAN_POINT('',(-1.639756139,20.058919836,7.500000048));
#1306=VERTEX_POINT('',#1305);
#1307=CARTESIAN_POINT('',(-1.639756139,23.608717275,7.500000048));
#1308=DIRECTION('',(-0.,-1.,0.));
#1309=VECTOR('',#1308,3.549797439);
#1310=LINE('',#1307,#1309);
#1311=EDGE_CURVE('',#1298,#1306,#1310,.T.);
#1312=ORIENTED_EDGE('',*,*,#1311,.T.);
#1313=CARTESIAN_POINT('',(-1.639756139,20.058919836,7.500000048));
#1314=DIRECTION('',(1.,0.,-0.));
#1315=VECTOR('',#1314,0.699492392);
#1316=LINE('',#1313,#1315);
#1317=EDGE_CURVE('',#1306,#1224,#1316,.T.);
#1318=ORIENTED_EDGE('',*,*,#1317,.T.);
#1319=EDGE_LOOP('',(#1232,#1240,#1248,#1256,#1264,#1272,#1280,#1288,#1296,#1304,#1312,#1318));
#1320=FACE_BOUND('',#1319,.T.);
#1321=CARTESIAN_POINT('',(-17.940264462,0.93391924,7.500000048));
#1322=VERTEX_POINT('',#1321);
#1323=CARTESIAN_POINT('',(-17.940264462,-6.066081118,7.500000048));
#1324=VERTEX_POINT('',#1323);
#1325=CARTESIAN_POINT('',(-17.940264462,0.93391924,7.500000048));
#1326=DIRECTION('',(0.,-1.,0.));
#1327=VECTOR('',#1326,7.000000358);
#1328=LINE('',#1325,#1327);
#1329=EDGE_CURVE('',#1322,#1324,#1328,.T.);
#1330=ORIENTED_EDGE('',*,*,#1329,.T.);
#1331=CARTESIAN_POINT('',(-18.639755662,-6.066081118,7.500000048));
#1332=VERTEX_POINT('',#1331);
#1333=CARTESIAN_POINT('',(-17.940264462,-6.066081118,7.500000048));
#1334=DIRECTION('',(-1.,0.,0.));
#1335=VECTOR('',#1334,0.6994912);
#1336=LINE('',#1333,#1335);
#1337=EDGE_CURVE('',#1324,#1332,#1336,.T.);
#1338=ORIENTED_EDGE('',*,*,#1337,.T.);
#1339=CARTESIAN_POINT('',(-18.639755662,-9.616282153,7.500000048));
#1340=VERTEX_POINT('',#1339);
#1341=CARTESIAN_POINT('',(-18.639755662,-6.066081118,7.500000048));
#1342=DIRECTION('',(-0.,-1.,0.));
#1343=VECTOR('',#1342,3.550201035);
#1344=LINE('',#1341,#1343);
#1345=EDGE_CURVE('',#1332,#1340,#1344,.T.);
#1346=ORIENTED_EDGE('',*,*,#1345,.T.);
#1347=CARTESIAN_POINT('',(-32.739756044,-9.616282153,7.500000048));
#1348=VERTEX_POINT('',#1347);
#1349=CARTESIAN_POINT('',(-18.639755662,-9.616282153,7.500000048));
#1350=DIRECTION('',(-1.,0.,0.));
#1351=VECTOR('',#1350,14.100000382);
#1352=LINE('',#1349,#1351);
#1353=EDGE_CURVE('',#1340,#1348,#1352,.T.);
#1354=ORIENTED_EDGE('',*,*,#1353,.T.);
#1355=CARTESIAN_POINT('',(-32.739756044,-6.066081118,7.500000048));
#1356=VERTEX_POINT('',#1355);
#1357=CARTESIAN_POINT('',(-32.739756044,-9.616282153,7.500000048));
#1358=DIRECTION('',(0.,1.,0.));
#1359=VECTOR('',#1358,3.550201035);
#1360=LINE('',#1357,#1359);
#1361=EDGE_CURVE('',#1348,#1356,#1360,.T.);
#1362=ORIENTED_EDGE('',*,*,#1361,.T.);
#1363=CARTESIAN_POINT('',(-33.440264462,-6.066081118,7.500000048));
#1364=VERTEX_POINT('',#1363);
#1365=CARTESIAN_POINT('',(-32.739756044,-6.066081118,7.500000048));
#1366=DIRECTION('',(-1.,0.,0.));
#1367=VECTOR('',#1366,0.700508418);
#1368=LINE('',#1365,#1367);
#1369=EDGE_CURVE('',#1356,#1364,#1368,.T.);
#1370=ORIENTED_EDGE('',*,*,#1369,.T.);
#1371=CARTESIAN_POINT('',(-33.440264462,0.93391924,7.500000048));
#1372=VERTEX_POINT('',#1371);
#1373=CARTESIAN_POINT('',(-33.440264462,-6.066081118,7.500000048));
#1374=DIRECTION('',(0.,1.,0.));
#1375=VECTOR('',#1374,7.000000358);
#1376=LINE('',#1373,#1375);
#1377=EDGE_CURVE('',#1364,#1372,#1376,.T.);
#1378=ORIENTED_EDGE('',*,*,#1377,.T.);
#1379=CARTESIAN_POINT('',(-32.739756044,0.93391924,7.500000048));
#1380=VERTEX_POINT('',#1379);
#1381=CARTESIAN_POINT('',(-33.440264462,0.93391924,7.500000048));
#1382=DIRECTION('',(1.,0.,-0.));
#1383=VECTOR('',#1382,0.700508418);
#1384=LINE('',#1381,#1383);
#1385=EDGE_CURVE('',#1372,#1380,#1384,.T.);
#1386=ORIENTED_EDGE('',*,*,#1385,.T.);
#1387=CARTESIAN_POINT('',(-32.739756044,4.483717513,7.500000048));
#1388=VERTEX_POINT('',#1387);
#1389=CARTESIAN_POINT('',(-32.739756044,0.93391924,7.500000048));
#1390=DIRECTION('',(0.,1.,0.));
#1391=VECTOR('',#1390,3.549798273);
#1392=LINE('',#1389,#1391);
#1393=EDGE_CURVE('',#1380,#1388,#1392,.T.);
#1394=ORIENTED_EDGE('',*,*,#1393,.T.);
#1395=CARTESIAN_POINT('',(-18.639755662,4.483717513,7.500000048));
#1396=VERTEX_POINT('',#1395);
#1397=CARTESIAN_POINT('',(-32.739756044,4.483717513,7.500000048));
#1398=DIRECTION('',(1.,-0.,0.));
#1399=VECTOR('',#1398,14.100000382);
#1400=LINE('',#1397,#1399);
#1401=EDGE_CURVE('',#1388,#1396,#1400,.T.);
#1402=ORIENTED_EDGE('',*,*,#1401,.T.);
#1403=CARTESIAN_POINT('',(-18.639755662,0.93391924,7.500000048));
#1404=VERTEX_POINT('',#1403);
#1405=CARTESIAN_POINT('',(-18.639755662,4.483717513,7.500000048));
#1406=DIRECTION('',(-0.,-1.,0.));
#1407=VECTOR('',#1406,3.549798273);
#1408=LINE('',#1405,#1407);
#1409=EDGE_CURVE('',#1396,#1404,#1408,.T.);
#1410=ORIENTED_EDGE('',*,*,#1409,.T.);
#1411=CARTESIAN_POINT('',(-18.639755662,0.93391924,7.500000048));
#1412=DIRECTION('',(1.,0.,-0.));
#1413=VECTOR('',#1412,0.6994912);
#1414=LINE('',#1411,#1413);
#1415=EDGE_CURVE('',#1404,#1322,#1414,.T.);
#1416=ORIENTED_EDGE('',*,*,#1415,.T.);
#1417=EDGE_LOOP('',(#1330,#1338,#1346,#1354,#1362,#1370,#1378,#1386,#1394,#1402,#1410,#1416));
#1418=FACE_BOUND('',#1417,.T.);
#1419=CARTESIAN_POINT('',(-0.940263747,3.05891924,7.500000048));
#1420=VERTEX_POINT('',#1419);
#1421=CARTESIAN_POINT('',(-0.940263747,-3.941080641,7.500000048));
#1422=VERTEX_POINT('',#1421);
#1423=CARTESIAN_POINT('',(-0.940263747,3.05891924,7.500000048));
#1424=DIRECTION('',(0.,-1.,0.));
#1425=VECTOR('',#1424,6.999999881);
#1426=LINE('',#1423,#1425);
#1427=EDGE_CURVE('',#1420,#1422,#1426,.T.);
#1428=ORIENTED_EDGE('',*,*,#1427,.T.);
#1429=CARTESIAN_POINT('',(-1.639756139,-3.941080641,7.500000048));
#1430=VERTEX_POINT('',#1429);
#1431=CARTESIAN_POINT('',(-0.940263747,-3.941080641,7.500000048));
#1432=DIRECTION('',(-1.,0.,0.));
#1433=VECTOR('',#1432,0.699492392);
#1434=LINE('',#1431,#1433);
#1435=EDGE_CURVE('',#1422,#1430,#1434,.T.);
#1436=ORIENTED_EDGE('',*,*,#1435,.T.);
#1437=CARTESIAN_POINT('',(-1.639756139,-7.491282153,7.500000048));
#1438=VERTEX_POINT('',#1437);
#1439=CARTESIAN_POINT('',(-1.639756139,-3.941080641,7.500000048));
#1440=DIRECTION('',(-0.,-1.,0.));
#1441=VECTOR('',#1440,3.550201512);
#1442=LINE('',#1439,#1441);
#1443=EDGE_CURVE('',#1430,#1438,#1442,.T.);
#1444=ORIENTED_EDGE('',*,*,#1443,.T.);
#1445=CARTESIAN_POINT('',(-15.739756044,-7.491282153,7.500000048));
#1446=VERTEX_POINT('',#1445);
#1447=CARTESIAN_POINT('',(-1.639756139,-7.491282153,7.500000048));
#1448=DIRECTION('',(-1.,0.,0.));
#1449=VECTOR('',#1448,14.099999905);
#1450=LINE('',#1447,#1449);
#1451=EDGE_CURVE('',#1438,#1446,#1450,.T.);
#1452=ORIENTED_EDGE('',*,*,#1451,.T.);
#1453=CARTESIAN_POINT('',(-15.739756044,-3.941080641,7.500000048));
#1454=VERTEX_POINT('',#1453);
#1455=CARTESIAN_POINT('',(-15.739756044,-3.941080641,7.500000048));
#1456=DIRECTION('',(-0.,-1.,0.));
#1457=VECTOR('',#1456,3.550201512);
#1458=LINE('',#1455,#1457);
#1459=EDGE_CURVE('',#1454,#1446,#1458,.T.);
#1460=ORIENTED_EDGE('',*,*,#1459,.F.);
#1461=CARTESIAN_POINT('',(-16.440264462,-3.941080641,7.500000048));
#1462=VERTEX_POINT('',#1461);
#1463=CARTESIAN_POINT('',(-15.739756044,-3.941080641,7.500000048));
#1464=DIRECTION('',(-1.,0.,0.));
#1465=VECTOR('',#1464,0.700508418);
#1466=LINE('',#1463,#1465);
#1467=EDGE_CURVE('',#1454,#1462,#1466,.T.);
#1468=ORIENTED_EDGE('',*,*,#1467,.T.);
#1469=CARTESIAN_POINT('',(-16.440264462,3.05891924,7.500000048));
#1470=VERTEX_POINT('',#1469);
#1471=CARTESIAN_POINT('',(-16.440264462,-3.941080641,7.500000048));
#1472=DIRECTION('',(0.,1.,0.));
#1473=VECTOR('',#1472,6.999999881);
#1474=LINE('',#1471,#1473);
#1475=EDGE_CURVE('',#1462,#1470,#1474,.T.);
#1476=ORIENTED_EDGE('',*,*,#1475,.T.);
#1477=CARTESIAN_POINT('',(-15.739756044,3.05891924,7.500000048));
#1478=VERTEX_POINT('',#1477);
#1479=CARTESIAN_POINT('',(-16.440264462,3.05891924,7.500000048));
#1480=DIRECTION('',(1.,0.,-0.));
#1481=VECTOR('',#1480,0.700508418);
#1482=LINE('',#1479,#1481);
#1483=EDGE_CURVE('',#1470,#1478,#1482,.T.);
#1484=ORIENTED_EDGE('',*,*,#1483,.T.);
#1485=CARTESIAN_POINT('',(-15.739756044,6.608717275,7.500000048));
#1486=VERTEX_POINT('',#1485);
#1487=CARTESIAN_POINT('',(-15.739756044,6.608717275,7.500000048));
#1488=DIRECTION('',(-0.,-1.,0.));
#1489=VECTOR('',#1488,3.549798035);
#1490=LINE('',#1487,#1489);
#1491=EDGE_CURVE('',#1486,#1478,#1490,.T.);
#1492=ORIENTED_EDGE('',*,*,#1491,.F.);
#1493=CARTESIAN_POINT('',(-1.639756139,6.608717275,7.500000048));
#1494=VERTEX_POINT('',#1493);
#1495=CARTESIAN_POINT('',(-15.739756044,6.608717275,7.500000048));
#1496=DIRECTION('',(1.,-0.,0.));
#1497=VECTOR('',#1496,14.099999905);
#1498=LINE('',#1495,#1497);
#1499=EDGE_CURVE('',#1486,#1494,#1498,.T.);
#1500=ORIENTED_EDGE('',*,*,#1499,.T.);
#1501=CARTESIAN_POINT('',(-1.639756139,3.05891924,7.500000048));
#1502=VERTEX_POINT('',#1501);
#1503=CARTESIAN_POINT('',(-1.639756139,6.608717275,7.500000048));
#1504=DIRECTION('',(-0.,-1.,0.));
#1505=VECTOR('',#1504,3.549798035);
#1506=LINE('',#1503,#1505);
#1507=EDGE_CURVE('',#1494,#1502,#1506,.T.);
#1508=ORIENTED_EDGE('',*,*,#1507,.T.);
#1509=CARTESIAN_POINT('',(-1.639756139,3.05891924,7.500000048));
#1510=DIRECTION('',(1.,0.,-0.));
#1511=VECTOR('',#1510,0.699492392);
#1512=LINE('',#1509,#1511);
#1513=EDGE_CURVE('',#1502,#1420,#1512,.T.);
#1514=ORIENTED_EDGE('',*,*,#1513,.T.);
#1515=EDGE_LOOP('',(#1428,#1436,#1444,#1452,#1460,#1468,#1476,#1484,#1492,#1500,#1508,#1514));
#1516=FACE_BOUND('',#1515,.T.);
#1517=CARTESIAN_POINT('',(3.309736253,-17.426080774,7.500000048));
#1518=VERTEX_POINT('',#1517);
#1519=CARTESIAN_POINT('',(3.309736253,-24.426080774,7.500000048));
#1520=VERTEX_POINT('',#1519);
#1521=CARTESIAN_POINT('',(3.309736253,-17.426080774,7.500000048));
#1522=DIRECTION('',(0.,-1.,0.));
#1523=VECTOR('',#1522,7.);
#1524=LINE('',#1521,#1523);
#1525=EDGE_CURVE('',#1518,#1520,#1524,.T.);
#1526=ORIENTED_EDGE('',*,*,#1525,.T.);
#1527=CARTESIAN_POINT('',(2.610243861,-24.426080774,7.500000048));
#1528=VERTEX_POINT('',#1527);
#1529=CARTESIAN_POINT('',(3.309736253,-24.426080774,7.500000048));
#1530=DIRECTION('',(-1.,0.,0.));
#1531=VECTOR('',#1530,0.699492392);
#1532=LINE('',#1529,#1531);
#1533=EDGE_CURVE('',#1520,#1528,#1532,.T.);
#1534=ORIENTED_EDGE('',*,*,#1533,.T.);
#1535=CARTESIAN_POINT('',(2.610243861,-27.97628181,7.500000048));
#1536=VERTEX_POINT('',#1535);
#1537=CARTESIAN_POINT('',(2.610243861,-24.426080774,7.500000048));
#1538=DIRECTION('',(-0.,-1.,0.));
#1539=VECTOR('',#1538,3.550201035);
#1540=LINE('',#1537,#1539);
#1541=EDGE_CURVE('',#1528,#1536,#1540,.T.);
#1542=ORIENTED_EDGE('',*,*,#1541,.T.);
#1543=CARTESIAN_POINT('',(-11.489756044,-27.97628181,7.500000048));
#1544=VERTEX_POINT('',#1543);
#1545=CARTESIAN_POINT('',(2.610243861,-27.97628181,7.500000048));
#1546=DIRECTION('',(-1.,0.,0.));
#1547=VECTOR('',#1546,14.099999905);
#1548=LINE('',#1545,#1547);
#1549=EDGE_CURVE('',#1536,#1544,#1548,.T.);
#1550=ORIENTED_EDGE('',*,*,#1549,.T.);
#1551=CARTESIAN_POINT('',(-11.489756044,-24.426080774,7.500000048));
#1552=VERTEX_POINT('',#1551);
#1553=CARTESIAN_POINT('',(-11.489756044,-27.97628181,7.500000048));
#1554=DIRECTION('',(0.,1.,0.));
#1555=VECTOR('',#1554,3.550201035);
#1556=LINE('',#1553,#1555);
#1557=EDGE_CURVE('',#1544,#1552,#1556,.T.);
#1558=ORIENTED_EDGE('',*,*,#1557,.T.);
#1559=CARTESIAN_POINT('',(-12.190264462,-24.426080774,7.500000048));
#1560=VERTEX_POINT('',#1559);
#1561=CARTESIAN_POINT('',(-11.489756044,-24.426080774,7.500000048));
#1562=DIRECTION('',(-1.,0.,0.));
#1563=VECTOR('',#1562,0.700508418);
#1564=LINE('',#1561,#1563);
#1565=EDGE_CURVE('',#1552,#1560,#1564,.T.);
#1566=ORIENTED_EDGE('',*,*,#1565,.T.);
#1567=CARTESIAN_POINT('',(-12.190264462,-17.426080774,7.500000048));
#1568=VERTEX_POINT('',#1567);
#1569=CARTESIAN_POINT('',(-12.190264462,-24.426080774,7.500000048));
#1570=DIRECTION('',(0.,1.,0.));
#1571=VECTOR('',#1570,7.);
#1572=LINE('',#1569,#1571);
#1573=EDGE_CURVE('',#1560,#1568,#1572,.T.);
#1574=ORIENTED_EDGE('',*,*,#1573,.T.);
#1575=CARTESIAN_POINT('',(-11.489756044,-17.426080774,7.500000048));
#1576=VERTEX_POINT('',#1575);
#1577=CARTESIAN_POINT('',(-12.190264462,-17.426080774,7.500000048));
#1578=DIRECTION('',(1.,0.,-0.));
#1579=VECTOR('',#1578,0.700508418);
#1580=LINE('',#1577,#1579);
#1581=EDGE_CURVE('',#1568,#1576,#1580,.T.);
#1582=ORIENTED_EDGE('',*,*,#1581,.T.);
#1583=CARTESIAN_POINT('',(-11.489756044,-13.876282382,7.500000048));
#1584=VERTEX_POINT('',#1583);
#1585=CARTESIAN_POINT('',(-11.489756044,-17.426080774,7.500000048));
#1586=DIRECTION('',(0.,1.,0.));
#1587=VECTOR('',#1586,3.549798393);
#1588=LINE('',#1585,#1587);
#1589=EDGE_CURVE('',#1576,#1584,#1588,.T.);
#1590=ORIENTED_EDGE('',*,*,#1589,.T.);
#1591=CARTESIAN_POINT('',(2.610243861,-13.876282382,7.500000048));
#1592=VERTEX_POINT('',#1591);
#1593=CARTESIAN_POINT('',(2.610243861,-13.876282382,7.500000048));
#1594=DIRECTION('',(-1.,0.,0.));
#1595=VECTOR('',#1594,14.099999905);
#1596=LINE('',#1593,#1595);
#1597=EDGE_CURVE('',#1592,#1584,#1596,.T.);
#1598=ORIENTED_EDGE('',*,*,#1597,.F.);
#1599=CARTESIAN_POINT('',(2.610243861,-17.426080774,7.500000048));
#1600=VERTEX_POINT('',#1599);
#1601=CARTESIAN_POINT('',(2.610243861,-13.876282382,7.500000048));
#1602=DIRECTION('',(-0.,-1.,0.));
#1603=VECTOR('',#1602,3.549798393);
#1604=LINE('',#1601,#1603);
#1605=EDGE_CURVE('',#1592,#1600,#1604,.T.);
#1606=ORIENTED_EDGE('',*,*,#1605,.T.);
#1607=CARTESIAN_POINT('',(2.610243861,-17.426080774,7.500000048));
#1608=DIRECTION('',(1.,0.,-0.));
#1609=VECTOR('',#1608,0.699492392);
#1610=LINE('',#1607,#1609);
#1611=EDGE_CURVE('',#1600,#1518,#1610,.T.);
#1612=ORIENTED_EDGE('',*,*,#1611,.T.);
#1613=EDGE_LOOP('',(#1526,#1534,#1542,#1550,#1558,#1566,#1574,#1582,#1590,#1598,#1606,#1612));
#1614=FACE_BOUND('',#1613,.T.);
#1615=CARTESIAN_POINT('',(-20.763964414,-17.971576761,7.500000048));
#1616=VERTEX_POINT('',#1615);
#1617=CARTESIAN_POINT('',(-19.316955316,-24.820384551,7.500000048));
#1618=VERTEX_POINT('',#1617);
#1619=CARTESIAN_POINT('',(-20.763964414,-17.971576761,7.500000048));
#1620=DIRECTION('',(0.206715578,-0.978401078,0.));
#1621=VECTOR('',#1620,7.000000247);
#1622=LINE('',#1619,#1621);
#1623=EDGE_CURVE('',#1616,#1618,#1622,.T.);
#1624=ORIENTED_EDGE('',*,*,#1623,.T.);
#1625=CARTESIAN_POINT('',(-20.001384579,-24.964990732,7.500000048));
#1626=VERTEX_POINT('',#1625);
#1627=CARTESIAN_POINT('',(-19.316955316,-24.820384551,7.500000048));
#1628=DIRECTION('',(-0.978400885,-0.206716491,0.));
#1629=VECTOR('',#1628,0.699538679);
#1630=LINE('',#1627,#1629);
#1631=EDGE_CURVE('',#1618,#1626,#1630,.T.);
#1632=ORIENTED_EDGE('',*,*,#1631,.T.);
#1633=CARTESIAN_POINT('',(-19.267477449,-28.438609767,7.500000048));
#1634=VERTEX_POINT('',#1633);
#1635=CARTESIAN_POINT('',(-20.001384579,-24.964990732,7.500000048));
#1636=DIRECTION('',(0.20671678,-0.978400824,0.));
#1637=VECTOR('',#1636,3.550302646);
#1638=LINE('',#1635,#1637);
#1639=EDGE_CURVE('',#1626,#1634,#1638,.T.);
#1640=ORIENTED_EDGE('',*,*,#1639,.T.);
#1641=CARTESIAN_POINT('',(-33.06292638,-31.353310555,7.500000048));
#1642=VERTEX_POINT('',#1641);
#1643=CARTESIAN_POINT('',(-19.267477449,-28.438609767,7.500000048));
#1644=DIRECTION('',(-0.978400899,-0.206716424,0.));
#1645=VECTOR('',#1644,14.099996167);
#1646=LINE('',#1643,#1645);
#1647=EDGE_CURVE('',#1634,#1642,#1646,.T.);
#1648=ORIENTED_EDGE('',*,*,#1647,.T.);
#1649=CARTESIAN_POINT('',(-33.796833312,-27.87969246,7.500000048));
#1650=VERTEX_POINT('',#1649);
#1651=CARTESIAN_POINT('',(-33.06292638,-31.353310555,7.500000048));
#1652=DIRECTION('',(-0.20671678,0.978400824,0.));
#1653=VECTOR('',#1652,3.550301685);
#1654=LINE('',#1651,#1653);
#1655=EDGE_CURVE('',#1642,#1650,#1654,.T.);
#1656=ORIENTED_EDGE('',*,*,#1655,.T.);
#1657=CARTESIAN_POINT('',(-34.482161282,-28.02448852,7.500000048));
#1658=VERTEX_POINT('',#1657);
#1659=CARTESIAN_POINT('',(-33.796833312,-27.87969246,7.500000048));
#1660=DIRECTION('',(-0.978400885,-0.206716491,0.));
#1661=VECTOR('',#1660,0.700457227);
#1662=LINE('',#1659,#1661);
#1663=EDGE_CURVE('',#1650,#1658,#1662,.T.);
#1664=ORIENTED_EDGE('',*,*,#1663,.T.);
#1665=CARTESIAN_POINT('',(-35.929178952,-21.175682139,7.500000048));
#1666=VERTEX_POINT('',#1665);
#1667=CARTESIAN_POINT('',(-34.482161282,-28.02448852,7.500000048));
#1668=DIRECTION('',(-0.206716791,0.978400822,0.));
#1669=VECTOR('',#1668,7.000000642);
#1670=LINE('',#1667,#1669);
#1671=EDGE_CURVE('',#1658,#1666,#1670,.T.);
#1672=ORIENTED_EDGE('',*,*,#1671,.T.);
#1673=CARTESIAN_POINT('',(-35.243850898,-21.030886079,7.500000048));
#1674=VERTEX_POINT('',#1673);
#1675=CARTESIAN_POINT('',(-35.929178952,-21.175682139,7.500000048));
#1676=DIRECTION('',(0.978400891,0.206716466,0.));
#1677=VECTOR('',#1676,0.700457308);
#1678=LINE('',#1675,#1677);
#1679=EDGE_CURVE('',#1666,#1674,#1678,.T.);
#1680=ORIENTED_EDGE('',*,*,#1679,.T.);
#1681=CARTESIAN_POINT('',(-35.977632936,-17.557859111,7.500000048));
#1682=VERTEX_POINT('',#1681);
#1683=CARTESIAN_POINT('',(-35.243850898,-21.030886079,7.500000048));
#1684=DIRECTION('',(-0.20671678,0.978400824,0.));
#1685=VECTOR('',#1684,3.549697509);
#1686=LINE('',#1683,#1685);
#1687=EDGE_CURVE('',#1674,#1682,#1686,.T.);
#1688=ORIENTED_EDGE('',*,*,#1687,.T.);
#1689=CARTESIAN_POINT('',(-22.182184005,-14.643158322,7.500000048));
#1690=VERTEX_POINT('',#1689);
#1691=CARTESIAN_POINT('',(-35.977632936,-17.557859111,7.500000048));
#1692=DIRECTION('',(0.978400899,0.206716424,0.));
#1693=VECTOR('',#1692,14.099996167);
#1694=LINE('',#1691,#1693);
#1695=EDGE_CURVE('',#1682,#1690,#1694,.T.);
#1696=ORIENTED_EDGE('',*,*,#1695,.T.);
#1697=CARTESIAN_POINT('',(-21.448402091,-18.116184702,7.500000048));
#1698=VERTEX_POINT('',#1697);
#1699=CARTESIAN_POINT('',(-22.182184005,-14.643158322,7.500000048));
#1700=DIRECTION('',(0.20671678,-0.978400824,0.));
#1701=VECTOR('',#1700,3.549696907);
#1702=LINE('',#1699,#1701);
#1703=EDGE_CURVE('',#1690,#1698,#1702,.T.);
#1704=ORIENTED_EDGE('',*,*,#1703,.T.);
#1705=CARTESIAN_POINT('',(-21.448402091,-18.116184702,7.500000048));
#1706=DIRECTION('',(0.978400891,0.206716466,0.));
#1707=VECTOR('',#1706,0.699547276);
#1708=LINE('',#1705,#1707);
#1709=EDGE_CURVE('',#1698,#1616,#1708,.T.);
#1710=ORIENTED_EDGE('',*,*,#1709,.T.);
#1711=EDGE_LOOP('',(#1624,#1632,#1640,#1648,#1656,#1664,#1672,#1680,#1688,#1696,#1704,#1710));
#1712=FACE_BOUND('',#1711,.T.);
#1713=CARTESIAN_POINT('',(67.059739352,-18.191080164,7.500000048));
#1714=VERTEX_POINT('',#1713);
#1715=CARTESIAN_POINT('',(67.059739352,-25.191080164,7.500000048));
#1716=VERTEX_POINT('',#1715);
#1717=CARTESIAN_POINT('',(67.059739352,-18.191080164,7.500000048));
#1718=DIRECTION('',(0.,-1.,0.));
#1719=VECTOR('',#1718,7.);
#1720=LINE('',#1717,#1719);
#1721=EDGE_CURVE('',#1714,#1716,#1720,.T.);
#1722=ORIENTED_EDGE('',*,*,#1721,.T.);
#1723=CARTESIAN_POINT('',(66.36024243,-25.191080164,7.500000048));
#1724=VERTEX_POINT('',#1723);
#1725=CARTESIAN_POINT('',(67.059739352,-25.191080164,7.500000048));
#1726=DIRECTION('',(-1.,0.,0.));
#1727=VECTOR('',#1726,0.699496922);
#1728=LINE('',#1725,#1727);
#1729=EDGE_CURVE('',#1716,#1724,#1728,.T.);
#1730=ORIENTED_EDGE('',*,*,#1729,.T.);
#1731=CARTESIAN_POINT('',(66.36024243,-28.741283107,7.500000048));
#1732=VERTEX_POINT('',#1731);
#1733=CARTESIAN_POINT('',(66.36024243,-28.741283107,7.500000048));
#1734=DIRECTION('',(0.,1.,0.));
#1735=VECTOR('',#1734,3.550202943);
#1736=LINE('',#1733,#1735);
#1737=EDGE_CURVE('',#1732,#1724,#1736,.T.);
#1738=ORIENTED_EDGE('',*,*,#1737,.F.);
#1739=CARTESIAN_POINT('',(52.260243956,-28.741283107,7.500000048));
#1740=VERTEX_POINT('',#1739);
#1741=CARTESIAN_POINT('',(52.260243956,-28.741283107,7.500000048));
#1742=DIRECTION('',(1.,-0.,0.));
#1743=VECTOR('',#1742,14.099998474);
#1744=LINE('',#1741,#1743);
#1745=EDGE_CURVE('',#1740,#1732,#1744,.T.);
#1746=ORIENTED_EDGE('',*,*,#1745,.F.);
#1747=CARTESIAN_POINT('',(52.260243956,-25.191080164,7.500000048));
#1748=VERTEX_POINT('',#1747);
#1749=CARTESIAN_POINT('',(52.260243956,-25.191080164,7.500000048));
#1750=DIRECTION('',(-0.,-1.,0.));
#1751=VECTOR('',#1750,3.550202943);
#1752=LINE('',#1749,#1751);
#1753=EDGE_CURVE('',#1748,#1740,#1752,.T.);
#1754=ORIENTED_EDGE('',*,*,#1753,.F.);
#1755=CARTESIAN_POINT('',(51.559735538,-25.191080164,7.500000048));
#1756=VERTEX_POINT('',#1755);
#1757=CARTESIAN_POINT('',(52.260243956,-25.191080164,7.500000048));
#1758=DIRECTION('',(-1.,0.,0.));
#1759=VECTOR('',#1758,0.700508418);
#1760=LINE('',#1757,#1759);
#1761=EDGE_CURVE('',#1748,#1756,#1760,.T.);
#1762=ORIENTED_EDGE('',*,*,#1761,.T.);
#1763=CARTESIAN_POINT('',(51.559735538,-18.191080164,7.500000048));
#1764=VERTEX_POINT('',#1763);
#1765=CARTESIAN_POINT('',(51.559735538,-25.191080164,7.500000048));
#1766=DIRECTION('',(0.,1.,0.));
#1767=VECTOR('',#1766,7.);
#1768=LINE('',#1765,#1767);
#1769=EDGE_CURVE('',#1756,#1764,#1768,.T.);
#1770=ORIENTED_EDGE('',*,*,#1769,.T.);
#1771=CARTESIAN_POINT('',(52.260243956,-18.191080164,7.500000048));
#1772=VERTEX_POINT('',#1771);
#1773=CARTESIAN_POINT('',(51.559735538,-18.191080164,7.500000048));
#1774=DIRECTION('',(1.,0.,-0.));
#1775=VECTOR('',#1774,0.700508418);
#1776=LINE('',#1773,#1775);
#1777=EDGE_CURVE('',#1764,#1772,#1776,.T.);
#1778=ORIENTED_EDGE('',*,*,#1777,.T.);
#1779=CARTESIAN_POINT('',(52.260243956,-14.641282725,7.500000048));
#1780=VERTEX_POINT('',#1779);
#1781=CARTESIAN_POINT('',(52.260243956,-14.641282725,7.500000048));
#1782=DIRECTION('',(-0.,-1.,0.));
#1783=VECTOR('',#1782,3.549797439);
#1784=LINE('',#1781,#1783);
#1785=EDGE_CURVE('',#1780,#1772,#1784,.T.);
#1786=ORIENTED_EDGE('',*,*,#1785,.F.);
#1787=CARTESIAN_POINT('',(66.36024243,-14.641282725,7.500000048));
#1788=VERTEX_POINT('',#1787);
#1789=CARTESIAN_POINT('',(66.36024243,-14.641282725,7.500000048));
#1790=DIRECTION('',(-1.,0.,0.));
#1791=VECTOR('',#1790,14.099998474);
#1792=LINE('',#1789,#1791);
#1793=EDGE_CURVE('',#1788,#1780,#1792,.T.);
#1794=ORIENTED_EDGE('',*,*,#1793,.F.);
#1795=CARTESIAN_POINT('',(66.36024243,-18.191080164,7.500000048));
#1796=VERTEX_POINT('',#1795);
#1797=CARTESIAN_POINT('',(66.36024243,-18.191080164,7.500000048));
#1798=DIRECTION('',(0.,1.,0.));
#1799=VECTOR('',#1798,3.549797439);
#1800=LINE('',#1797,#1799);
#1801=EDGE_CURVE('',#1796,#1788,#1800,.T.);
#1802=ORIENTED_EDGE('',*,*,#1801,.F.);
#1803=CARTESIAN_POINT('',(66.36024243,-18.191080164,7.500000048));
#1804=DIRECTION('',(1.,0.,-0.));
#1805=VECTOR('',#1804,0.699496922);
#1806=LINE('',#1803,#1805);
#1807=EDGE_CURVE('',#1796,#1714,#1806,.T.);
#1808=ORIENTED_EDGE('',*,*,#1807,.T.);
#1809=EDGE_LOOP('',(#1722,#1730,#1738,#1746,#1754,#1762,#1770,#1778,#1786,#1794,#1802,#1808));
#1810=FACE_BOUND('',#1809,.T.);
#1811=CARTESIAN_POINT('',(33.059735538,37.058919836,7.500000048));
#1812=VERTEX_POINT('',#1811);
#1813=CARTESIAN_POINT('',(33.059735538,30.058919836,7.500000048));
#1814=VERTEX_POINT('',#1813);
#1815=CARTESIAN_POINT('',(33.059735538,37.058919836,7.500000048));
#1816=DIRECTION('',(0.,-1.,0.));
#1817=VECTOR('',#1816,7.);
#1818=LINE('',#1815,#1817);
#1819=EDGE_CURVE('',#1812,#1814,#1818,.T.);
#1820=ORIENTED_EDGE('',*,*,#1819,.T.);
#1821=CARTESIAN_POINT('',(32.360244338,30.058919836,7.500000048));
#1822=VERTEX_POINT('',#1821);
#1823=CARTESIAN_POINT('',(33.059735538,30.058919836,7.500000048));
#1824=DIRECTION('',(-1.,0.,0.));
#1825=VECTOR('',#1824,0.6994912);
#1826=LINE('',#1823,#1825);
#1827=EDGE_CURVE('',#1814,#1822,#1826,.T.);
#1828=ORIENTED_EDGE('',*,*,#1827,.T.);
#1829=CARTESIAN_POINT('',(32.360244338,26.508716893,7.500000048));
#1830=VERTEX_POINT('',#1829);
#1831=CARTESIAN_POINT('',(32.360244338,30.058919836,7.500000048));
#1832=DIRECTION('',(-0.,-1.,0.));
#1833=VECTOR('',#1832,3.550202943);
#1834=LINE('',#1831,#1833);
#1835=EDGE_CURVE('',#1822,#1830,#1834,.T.);
#1836=ORIENTED_EDGE('',*,*,#1835,.T.);
#1837=CARTESIAN_POINT('',(18.260243956,26.508716893,7.500000048));
#1838=VERTEX_POINT('',#1837);
#1839=CARTESIAN_POINT('',(32.360244338,26.508716893,7.500000048));
#1840=DIRECTION('',(-1.,0.,0.));
#1841=VECTOR('',#1840,14.100000382);
#1842=LINE('',#1839,#1841);
#1843=EDGE_CURVE('',#1830,#1838,#1842,.T.);
#1844=ORIENTED_EDGE('',*,*,#1843,.T.);
#1845=CARTESIAN_POINT('',(18.260243956,30.058919836,7.500000048));
#1846=VERTEX_POINT('',#1845);
#1847=CARTESIAN_POINT('',(18.260243956,26.508716893,7.500000048));
#1848=DIRECTION('',(0.,1.,0.));
#1849=VECTOR('',#1848,3.550202943);
#1850=LINE('',#1847,#1849);
#1851=EDGE_CURVE('',#1838,#1846,#1850,.T.);
#1852=ORIENTED_EDGE('',*,*,#1851,.T.);
#1853=CARTESIAN_POINT('',(17.559736491,30.058919836,7.500000048));
#1854=VERTEX_POINT('',#1853);
#1855=CARTESIAN_POINT('',(18.260243956,30.058919836,7.500000048));
#1856=DIRECTION('',(-1.,0.,0.));
#1857=VECTOR('',#1856,0.700507465);
#1858=LINE('',#1855,#1857);
#1859=EDGE_CURVE('',#1846,#1854,#1858,.T.);
#1860=ORIENTED_EDGE('',*,*,#1859,.T.);
#1861=CARTESIAN_POINT('',(17.559736491,37.058919836,7.500000048));
#1862=VERTEX_POINT('',#1861);
#1863=CARTESIAN_POINT('',(17.559736491,30.058919836,7.500000048));
#1864=DIRECTION('',(0.,1.,0.));
#1865=VECTOR('',#1864,7.);
#1866=LINE('',#1863,#1865);
#1867=EDGE_CURVE('',#1854,#1862,#1866,.T.);
#1868=ORIENTED_EDGE('',*,*,#1867,.T.);
#1869=CARTESIAN_POINT('',(18.260243956,37.058919836,7.500000048));
#1870=VERTEX_POINT('',#1869);
#1871=CARTESIAN_POINT('',(17.559736491,37.058919836,7.500000048));
#1872=DIRECTION('',(1.,0.,-0.));
#1873=VECTOR('',#1872,0.700507465);
#1874=LINE('',#1871,#1873);
#1875=EDGE_CURVE('',#1862,#1870,#1874,.T.);
#1876=ORIENTED_EDGE('',*,*,#1875,.T.);
#1877=CARTESIAN_POINT('',(18.260243956,40.608717275,7.500000048));
#1878=VERTEX_POINT('',#1877);
#1879=CARTESIAN_POINT('',(18.260243956,37.058919836,7.500000048));
#1880=DIRECTION('',(0.,1.,0.));
#1881=VECTOR('',#1880,3.549797439);
#1882=LINE('',#1879,#1881);
#1883=EDGE_CURVE('',#1870,#1878,#1882,.T.);
#1884=ORIENTED_EDGE('',*,*,#1883,.T.);
#1885=CARTESIAN_POINT('',(32.360244338,40.608717275,7.500000048));
#1886=VERTEX_POINT('',#1885);
#1887=CARTESIAN_POINT('',(18.260243956,40.608717275,7.500000048));
#1888=DIRECTION('',(1.,-0.,0.));
#1889=VECTOR('',#1888,14.100000381);
#1890=LINE('',#1887,#1889);
#1891=EDGE_CURVE('',#1878,#1886,#1890,.T.);
#1892=ORIENTED_EDGE('',*,*,#1891,.T.);
#1893=CARTESIAN_POINT('',(32.360244338,37.058919836,7.500000048));
#1894=VERTEX_POINT('',#1893);
#1895=CARTESIAN_POINT('',(32.360244338,40.608717275,7.500000048));
#1896=DIRECTION('',(-0.,-1.,0.));
#1897=VECTOR('',#1896,3.549797439);
#1898=LINE('',#1895,#1897);
#1899=EDGE_CURVE('',#1886,#1894,#1898,.T.);
#1900=ORIENTED_EDGE('',*,*,#1899,.T.);
#1901=CARTESIAN_POINT('',(32.360244338,37.058919836,7.500000048));
#1902=DIRECTION('',(1.,0.,-0.));
#1903=VECTOR('',#1902,0.6994912);
#1904=LINE('',#1901,#1903);
#1905=EDGE_CURVE('',#1894,#1812,#1904,.T.);
#1906=ORIENTED_EDGE('',*,*,#1905,.T.);
#1907=EDGE_LOOP('',(#1820,#1828,#1836,#1844,#1852,#1860,#1868,#1876,#1884,#1892,#1900,#1906));
#1908=FACE_BOUND('',#1907,.T.);
#1909=CARTESIAN_POINT('',(16.059736491,5.183919121,7.500000048));
#1910=VERTEX_POINT('',#1909);
#1911=CARTESIAN_POINT('',(16.059736491,-1.816080879,7.500000048));
#1912=VERTEX_POINT('',#1911);
#1913=CARTESIAN_POINT('',(16.059736491,5.183919121,7.500000048));
#1914=DIRECTION('',(0.,-1.,0.));
#1915=VECTOR('',#1914,7.);
#1916=LINE('',#1913,#1915);
#1917=EDGE_CURVE('',#1910,#1912,#1916,.T.);
#1918=ORIENTED_EDGE('',*,*,#1917,.T.);
#1919=CARTESIAN_POINT('',(15.360244338,-1.816080879,7.500000048));
#1920=VERTEX_POINT('',#1919);
#1921=CARTESIAN_POINT('',(16.059736491,-1.816080879,7.500000048));
#1922=DIRECTION('',(-1.,0.,0.));
#1923=VECTOR('',#1922,0.699492154);
#1924=LINE('',#1921,#1923);
#1925=EDGE_CURVE('',#1912,#1920,#1924,.T.);
#1926=ORIENTED_EDGE('',*,*,#1925,.T.);
#1927=CARTESIAN_POINT('',(15.360244338,-5.36628263,7.500000048));
#1928=VERTEX_POINT('',#1927);
#1929=CARTESIAN_POINT('',(15.360244338,-1.816080879,7.500000048));
#1930=DIRECTION('',(-0.,-1.,0.));
#1931=VECTOR('',#1930,3.550201751);
#1932=LINE('',#1929,#1931);
#1933=EDGE_CURVE('',#1920,#1928,#1932,.T.);
#1934=ORIENTED_EDGE('',*,*,#1933,.T.);
#1935=CARTESIAN_POINT('',(1.260243956,-5.36628263,7.500000048));
#1936=VERTEX_POINT('',#1935);
#1937=CARTESIAN_POINT('',(1.260243956,-5.36628263,7.500000048));
#1938=DIRECTION('',(1.,-0.,0.));
#1939=VECTOR('',#1938,14.100000381);
#1940=LINE('',#1937,#1939);
#1941=EDGE_CURVE('',#1936,#1928,#1940,.T.);
#1942=ORIENTED_EDGE('',*,*,#1941,.F.);
#1943=CARTESIAN_POINT('',(1.260243956,-1.816080879,7.500000048));
#1944=VERTEX_POINT('',#1943);
#1945=CARTESIAN_POINT('',(1.260243956,-5.36628263,7.500000048));
#1946=DIRECTION('',(0.,1.,0.));
#1947=VECTOR('',#1946,3.550201751);
#1948=LINE('',#1945,#1947);
#1949=EDGE_CURVE('',#1936,#1944,#1948,.T.);
#1950=ORIENTED_EDGE('',*,*,#1949,.T.);
#1951=CARTESIAN_POINT('',(0.559736253,-1.816080879,7.500000048));
#1952=VERTEX_POINT('',#1951);
#1953=CARTESIAN_POINT('',(1.260243956,-1.816080879,7.500000048));
#1954=DIRECTION('',(-1.,0.,0.));
#1955=VECTOR('',#1954,0.700507703);
#1956=LINE('',#1953,#1955);
#1957=EDGE_CURVE('',#1944,#1952,#1956,.T.);
#1958=ORIENTED_EDGE('',*,*,#1957,.T.);
#1959=CARTESIAN_POINT('',(0.559736253,5.183919121,7.500000048));
#1960=VERTEX_POINT('',#1959);
#1961=CARTESIAN_POINT('',(0.559736253,-1.816080879,7.500000048));
#1962=DIRECTION('',(0.,1.,0.));
#1963=VECTOR('',#1962,7.);
#1964=LINE('',#1961,#1963);
#1965=EDGE_CURVE('',#1952,#1960,#1964,.T.);
#1966=ORIENTED_EDGE('',*,*,#1965,.T.);
#1967=CARTESIAN_POINT('',(1.260243956,5.183919121,7.500000048));
#1968=VERTEX_POINT('',#1967);
#1969=CARTESIAN_POINT('',(0.559736253,5.183919121,7.500000048));
#1970=DIRECTION('',(1.,0.,-0.));
#1971=VECTOR('',#1970,0.700507703);
#1972=LINE('',#1969,#1971);
#1973=EDGE_CURVE('',#1960,#1968,#1972,.T.);
#1974=ORIENTED_EDGE('',*,*,#1973,.T.);
#1975=CARTESIAN_POINT('',(1.260243956,8.733717275,7.500000048));
#1976=VERTEX_POINT('',#1975);
#1977=CARTESIAN_POINT('',(1.260243956,5.183919121,7.500000048));
#1978=DIRECTION('',(0.,1.,0.));
#1979=VECTOR('',#1978,3.549798154);
#1980=LINE('',#1977,#1979);
#1981=EDGE_CURVE('',#1968,#1976,#1980,.T.);
#1982=ORIENTED_EDGE('',*,*,#1981,.T.);
#1983=CARTESIAN_POINT('',(15.360244338,8.733717275,7.500000048));
#1984=VERTEX_POINT('',#1983);
#1985=CARTESIAN_POINT('',(15.360244338,8.733717275,7.500000048));
#1986=DIRECTION('',(-1.,0.,0.));
#1987=VECTOR('',#1986,14.100000381);
#1988=LINE('',#1985,#1987);
#1989=EDGE_CURVE('',#1984,#1976,#1988,.T.);
#1990=ORIENTED_EDGE('',*,*,#1989,.F.);
#1991=CARTESIAN_POINT('',(15.360244338,5.183919121,7.500000048));
#1992=VERTEX_POINT('',#1991);
#1993=CARTESIAN_POINT('',(15.360244338,8.733717275,7.500000048));
#1994=DIRECTION('',(-0.,-1.,0.));
#1995=VECTOR('',#1994,3.549798154);
#1996=LINE('',#1993,#1995);
#1997=EDGE_CURVE('',#1984,#1992,#1996,.T.);
#1998=ORIENTED_EDGE('',*,*,#1997,.T.);
#1999=CARTESIAN_POINT('',(15.360244338,5.183919121,7.500000048));
#2000=DIRECTION('',(1.,0.,-0.));
#2001=VECTOR('',#2000,0.699492154);
#2002=LINE('',#1999,#2001);
#2003=EDGE_CURVE('',#1992,#1910,#2002,.T.);
#2004=ORIENTED_EDGE('',*,*,#2003,.T.);
#2005=EDGE_LOOP('',(#1918,#1926,#1934,#1942,#1950,#1958,#1966,#1974,#1982,#1990,#1998,#2004));
#2006=FACE_BOUND('',#2005,.T.);
#2007=CARTESIAN_POINT('',(33.059735538,20.058919836,7.500000048));
#2008=VERTEX_POINT('',#2007);
#2009=CARTESIAN_POINT('',(33.059735538,13.058918882,7.500000048));
#2010=VERTEX_POINT('',#2009);
#2011=CARTESIAN_POINT('',(33.059735538,20.058919836,7.500000048));
#2012=DIRECTION('',(0.,-1.,0.));
#2013=VECTOR('',#2012,7.000000954);
#2014=LINE('',#2011,#2013);
#2015=EDGE_CURVE('',#2008,#2010,#2014,.T.);
#2016=ORIENTED_EDGE('',*,*,#2015,.T.);
#2017=CARTESIAN_POINT('',(32.360244338,13.058918882,7.500000048));
#2018=VERTEX_POINT('',#2017);
#2019=CARTESIAN_POINT('',(33.059735538,13.058918882,7.500000048));
#2020=DIRECTION('',(-1.,0.,0.));
#2021=VECTOR('',#2020,0.6994912);
#2022=LINE('',#2019,#2021);
#2023=EDGE_CURVE('',#2010,#2018,#2022,.T.);
#2024=ORIENTED_EDGE('',*,*,#2023,.T.);
#2025=CARTESIAN_POINT('',(32.360244338,9.50871737,7.500000048));
#2026=VERTEX_POINT('',#2025);
#2027=CARTESIAN_POINT('',(32.360244338,13.058918882,7.500000048));
#2028=DIRECTION('',(-0.,-1.,0.));
#2029=VECTOR('',#2028,3.550201512);
#2030=LINE('',#2027,#2029);
#2031=EDGE_CURVE('',#2018,#2026,#2030,.T.);
#2032=ORIENTED_EDGE('',*,*,#2031,.T.);
#2033=CARTESIAN_POINT('',(18.260243956,9.50871737,7.500000048));
#2034=VERTEX_POINT('',#2033);
#2035=CARTESIAN_POINT('',(18.260243956,9.50871737,7.500000048));
#2036=DIRECTION('',(1.,-0.,0.));
#2037=VECTOR('',#2036,14.100000382);
#2038=LINE('',#2035,#2037);
#2039=EDGE_CURVE('',#2034,#2026,#2038,.T.);
#2040=ORIENTED_EDGE('',*,*,#2039,.F.);
#2041=CARTESIAN_POINT('',(18.260243956,13.058918882,7.500000048));
#2042=VERTEX_POINT('',#2041);
#2043=CARTESIAN_POINT('',(18.260243956,13.058918882,7.500000048));
#2044=DIRECTION('',(-0.,-1.,0.));
#2045=VECTOR('',#2044,3.550201512);
#2046=LINE('',#2043,#2045);
#2047=EDGE_CURVE('',#2042,#2034,#2046,.T.);
#2048=ORIENTED_EDGE('',*,*,#2047,.F.);
#2049=CARTESIAN_POINT('',(17.559736491,13.058918882,7.500000048));
#2050=VERTEX_POINT('',#2049);
#2051=CARTESIAN_POINT('',(18.260243956,13.058918882,7.500000048));
#2052=DIRECTION('',(-1.,0.,0.));
#2053=VECTOR('',#2052,0.700507465);
#2054=LINE('',#2051,#2053);
#2055=EDGE_CURVE('',#2042,#2050,#2054,.T.);
#2056=ORIENTED_EDGE('',*,*,#2055,.T.);
#2057=CARTESIAN_POINT('',(17.559736491,20.058919836,7.500000048));
#2058=VERTEX_POINT('',#2057);
#2059=CARTESIAN_POINT('',(17.559736491,13.058918882,7.500000048));
#2060=DIRECTION('',(0.,1.,0.));
#2061=VECTOR('',#2060,7.000000954);
#2062=LINE('',#2059,#2061);
#2063=EDGE_CURVE('',#2050,#2058,#2062,.T.);
#2064=ORIENTED_EDGE('',*,*,#2063,.T.);
#2065=CARTESIAN_POINT('',(18.260243956,20.058919836,7.500000048));
#2066=VERTEX_POINT('',#2065);
#2067=CARTESIAN_POINT('',(17.559736491,20.058919836,7.500000048));
#2068=DIRECTION('',(1.,0.,-0.));
#2069=VECTOR('',#2068,0.700507465);
#2070=LINE('',#2067,#2069);
#2071=EDGE_CURVE('',#2058,#2066,#2070,.T.);
#2072=ORIENTED_EDGE('',*,*,#2071,.T.);
#2073=CARTESIAN_POINT('',(18.260243956,23.608717275,7.500000048));
#2074=VERTEX_POINT('',#2073);
#2075=CARTESIAN_POINT('',(18.260243956,23.608717275,7.500000048));
#2076=DIRECTION('',(-0.,-1.,0.));
#2077=VECTOR('',#2076,3.549797439);
#2078=LINE('',#2075,#2077);
#2079=EDGE_CURVE('',#2074,#2066,#2078,.T.);
#2080=ORIENTED_EDGE('',*,*,#2079,.F.);
#2081=CARTESIAN_POINT('',(32.360244338,23.608717275,7.500000048));
#2082=VERTEX_POINT('',#2081);
#2083=CARTESIAN_POINT('',(18.260243956,23.608717275,7.500000048));
#2084=DIRECTION('',(1.,-0.,0.));
#2085=VECTOR('',#2084,14.100000382);
#2086=LINE('',#2083,#2085);
#2087=EDGE_CURVE('',#2074,#2082,#2086,.T.);
#2088=ORIENTED_EDGE('',*,*,#2087,.T.);
#2089=CARTESIAN_POINT('',(32.360244338,20.058919836,7.500000048));
#2090=VERTEX_POINT('',#2089);
#2091=CARTESIAN_POINT('',(32.360244338,23.608717275,7.500000048));
#2092=DIRECTION('',(-0.,-1.,0.));
#2093=VECTOR('',#2092,3.549797439);
#2094=LINE('',#2091,#2093);
#2095=EDGE_CURVE('',#2082,#2090,#2094,.T.);
#2096=ORIENTED_EDGE('',*,*,#2095,.T.);
#2097=CARTESIAN_POINT('',(32.360244338,20.058919836,7.500000048));
#2098=DIRECTION('',(1.,0.,-0.));
#2099=VECTOR('',#2098,0.6994912);
#2100=LINE('',#2097,#2099);
#2101=EDGE_CURVE('',#2090,#2008,#2100,.T.);
#2102=ORIENTED_EDGE('',*,*,#2101,.T.);
#2103=EDGE_LOOP('',(#2016,#2024,#2032,#2040,#2048,#2056,#2064,#2072,#2080,#2088,#2096,#2102));
#2104=FACE_BOUND('',#2103,.T.);
#2105=CARTESIAN_POINT('',(33.059735538,3.05891924,7.500000048));
#2106=VERTEX_POINT('',#2105);
#2107=CARTESIAN_POINT('',(33.059735538,-3.941080641,7.500000048));
#2108=VERTEX_POINT('',#2107);
#2109=CARTESIAN_POINT('',(33.059735538,3.05891924,7.500000048));
#2110=DIRECTION('',(0.,-1.,0.));
#2111=VECTOR('',#2110,6.999999881);
#2112=LINE('',#2109,#2111);
#2113=EDGE_CURVE('',#2106,#2108,#2112,.T.);
#2114=ORIENTED_EDGE('',*,*,#2113,.T.);
#2115=CARTESIAN_POINT('',(32.360244338,-3.941080641,7.500000048));
#2116=VERTEX_POINT('',#2115);
#2117=CARTESIAN_POINT('',(33.059735538,-3.941080641,7.500000048));
#2118=DIRECTION('',(-1.,0.,0.));
#2119=VECTOR('',#2118,0.6994912);
#2120=LINE('',#2117,#2119);
#2121=EDGE_CURVE('',#2108,#2116,#2120,.T.);
#2122=ORIENTED_EDGE('',*,*,#2121,.T.);
#2123=CARTESIAN_POINT('',(32.360244338,-7.491282153,7.500000048));
#2124=VERTEX_POINT('',#2123);
#2125=CARTESIAN_POINT('',(32.360244338,-3.941080641,7.500000048));
#2126=DIRECTION('',(-0.,-1.,0.));
#2127=VECTOR('',#2126,3.550201512);
#2128=LINE('',#2125,#2127);
#2129=EDGE_CURVE('',#2116,#2124,#2128,.T.);
#2130=ORIENTED_EDGE('',*,*,#2129,.T.);
#2131=CARTESIAN_POINT('',(18.260243956,-7.491282153,7.500000048));
#2132=VERTEX_POINT('',#2131);
#2133=CARTESIAN_POINT('',(18.260243956,-7.491282153,7.500000048));
#2134=DIRECTION('',(1.,-0.,0.));
#2135=VECTOR('',#2134,14.100000381);
#2136=LINE('',#2133,#2135);
#2137=EDGE_CURVE('',#2132,#2124,#2136,.T.);
#2138=ORIENTED_EDGE('',*,*,#2137,.F.);
#2139=CARTESIAN_POINT('',(18.260243956,-3.941080641,7.500000048));
#2140=VERTEX_POINT('',#2139);
#2141=CARTESIAN_POINT('',(18.260243956,-3.941080641,7.500000048));
#2142=DIRECTION('',(-0.,-1.,0.));
#2143=VECTOR('',#2142,3.550201512);
#2144=LINE('',#2141,#2143);
#2145=EDGE_CURVE('',#2140,#2132,#2144,.T.);
#2146=ORIENTED_EDGE('',*,*,#2145,.F.);
#2147=CARTESIAN_POINT('',(17.559736491,-3.941080641,7.500000048));
#2148=VERTEX_POINT('',#2147);
#2149=CARTESIAN_POINT('',(18.260243956,-3.941080641,7.500000048));
#2150=DIRECTION('',(-1.,0.,0.));
#2151=VECTOR('',#2150,0.700507465);
#2152=LINE('',#2149,#2151);
#2153=EDGE_CURVE('',#2140,#2148,#2152,.T.);
#2154=ORIENTED_EDGE('',*,*,#2153,.T.);
#2155=CARTESIAN_POINT('',(17.559736491,3.05891924,7.500000048));
#2156=VERTEX_POINT('',#2155);
#2157=CARTESIAN_POINT('',(17.559736491,-3.941080641,7.500000048));
#2158=DIRECTION('',(0.,1.,0.));
#2159=VECTOR('',#2158,6.999999881);
#2160=LINE('',#2157,#2159);
#2161=EDGE_CURVE('',#2148,#2156,#2160,.T.);
#2162=ORIENTED_EDGE('',*,*,#2161,.T.);
#2163=CARTESIAN_POINT('',(18.260243956,3.05891924,7.500000048));
#2164=VERTEX_POINT('',#2163);
#2165=CARTESIAN_POINT('',(17.559736491,3.05891924,7.500000048));
#2166=DIRECTION('',(1.,0.,-0.));
#2167=VECTOR('',#2166,0.700507465);
#2168=LINE('',#2165,#2167);
#2169=EDGE_CURVE('',#2156,#2164,#2168,.T.);
#2170=ORIENTED_EDGE('',*,*,#2169,.T.);
#2171=CARTESIAN_POINT('',(18.260243956,6.608717275,7.500000048));
#2172=VERTEX_POINT('',#2171);
#2173=CARTESIAN_POINT('',(18.260243956,6.608717275,7.500000048));
#2174=DIRECTION('',(-0.,-1.,0.));
#2175=VECTOR('',#2174,3.549798035);
#2176=LINE('',#2173,#2175);
#2177=EDGE_CURVE('',#2172,#2164,#2176,.T.);
#2178=ORIENTED_EDGE('',*,*,#2177,.F.);
#2179=CARTESIAN_POINT('',(32.360244338,6.608717275,7.500000048));
#2180=VERTEX_POINT('',#2179);
#2181=CARTESIAN_POINT('',(32.360244338,6.608717275,7.500000048));
#2182=DIRECTION('',(-1.,0.,0.));
#2183=VECTOR('',#2182,14.100000382);
#2184=LINE('',#2181,#2183);
#2185=EDGE_CURVE('',#2180,#2172,#2184,.T.);
#2186=ORIENTED_EDGE('',*,*,#2185,.F.);
#2187=CARTESIAN_POINT('',(32.360244338,3.05891924,7.500000048));
#2188=VERTEX_POINT('',#2187);
#2189=CARTESIAN_POINT('',(32.360244338,6.608717275,7.500000048));
#2190=DIRECTION('',(-0.,-1.,0.));
#2191=VECTOR('',#2190,3.549798035);
#2192=LINE('',#2189,#2191);
#2193=EDGE_CURVE('',#2180,#2188,#2192,.T.);
#2194=ORIENTED_EDGE('',*,*,#2193,.T.);
#2195=CARTESIAN_POINT('',(32.360244338,3.05891924,7.500000048));
#2196=DIRECTION('',(1.,0.,-0.));
#2197=VECTOR('',#2196,0.6994912);
#2198=LINE('',#2195,#2197);
#2199=EDGE_CURVE('',#2188,#2106,#2198,.T.);
#2200=ORIENTED_EDGE('',*,*,#2199,.T.);
#2201=EDGE_LOOP('',(#2114,#2122,#2130,#2138,#2146,#2154,#2162,#2170,#2178,#2186,#2194,#2200));
#2202=FACE_BOUND('',#2201,.T.);
#2203=CARTESIAN_POINT('',(16.059736491,22.183919836,7.500000048));
#2204=VERTEX_POINT('',#2203);
#2205=CARTESIAN_POINT('',(16.059736491,15.183918882,7.500000048));
#2206=VERTEX_POINT('',#2205);
#2207=CARTESIAN_POINT('',(16.059736491,22.183919836,7.500000048));
#2208=DIRECTION('',(0.,-1.,0.));
#2209=VECTOR('',#2208,7.000000954);
#2210=LINE('',#2207,#2209);
#2211=EDGE_CURVE('',#2204,#2206,#2210,.T.);
#2212=ORIENTED_EDGE('',*,*,#2211,.T.);
#2213=CARTESIAN_POINT('',(15.360244338,15.183918882,7.500000048));
#2214=VERTEX_POINT('',#2213);
#2215=CARTESIAN_POINT('',(16.059736491,15.183918882,7.500000048));
#2216=DIRECTION('',(-1.,0.,0.));
#2217=VECTOR('',#2216,0.699492154);
#2218=LINE('',#2215,#2217);
#2219=EDGE_CURVE('',#2206,#2214,#2218,.T.);
#2220=ORIENTED_EDGE('',*,*,#2219,.T.);
#2221=CARTESIAN_POINT('',(15.360244338,11.633717847,7.500000048));
#2222=VERTEX_POINT('',#2221);
#2223=CARTESIAN_POINT('',(15.360244338,11.633717847,7.500000048));
#2224=DIRECTION('',(0.,1.,0.));
#2225=VECTOR('',#2224,3.550201035);
#2226=LINE('',#2223,#2225);
#2227=EDGE_CURVE('',#2222,#2214,#2226,.T.);
#2228=ORIENTED_EDGE('',*,*,#2227,.F.);
#2229=CARTESIAN_POINT('',(1.260243956,11.633717847,7.500000048));
#2230=VERTEX_POINT('',#2229);
#2231=CARTESIAN_POINT('',(1.260243956,11.633717847,7.500000048));
#2232=DIRECTION('',(1.,-0.,0.));
#2233=VECTOR('',#2232,14.100000381);
#2234=LINE('',#2231,#2233);
#2235=EDGE_CURVE('',#2230,#2222,#2234,.T.);
#2236=ORIENTED_EDGE('',*,*,#2235,.F.);
#2237=CARTESIAN_POINT('',(1.260243956,15.183918882,7.500000048));
#2238=VERTEX_POINT('',#2237);
#2239=CARTESIAN_POINT('',(1.260243956,11.633717847,7.500000048));
#2240=DIRECTION('',(0.,1.,0.));
#2241=VECTOR('',#2240,3.550201035);
#2242=LINE('',#2239,#2241);
#2243=EDGE_CURVE('',#2230,#2238,#2242,.T.);
#2244=ORIENTED_EDGE('',*,*,#2243,.T.);
#2245=CARTESIAN_POINT('',(0.559736253,15.183918882,7.500000048));
#2246=VERTEX_POINT('',#2245);
#2247=CARTESIAN_POINT('',(1.260243956,15.183918882,7.500000048));
#2248=DIRECTION('',(-1.,0.,0.));
#2249=VECTOR('',#2248,0.700507703);
#2250=LINE('',#2247,#2249);
#2251=EDGE_CURVE('',#2238,#2246,#2250,.T.);
#2252=ORIENTED_EDGE('',*,*,#2251,.T.);
#2253=CARTESIAN_POINT('',(0.559736253,22.183919836,7.500000048));
#2254=VERTEX_POINT('',#2253);
#2255=CARTESIAN_POINT('',(0.559736253,15.183918882,7.500000048));
#2256=DIRECTION('',(0.,1.,0.));
#2257=VECTOR('',#2256,7.000000954);
#2258=LINE('',#2255,#2257);
#2259=EDGE_CURVE('',#2246,#2254,#2258,.T.);
#2260=ORIENTED_EDGE('',*,*,#2259,.T.);
#2261=CARTESIAN_POINT('',(1.260243956,22.183919836,7.500000048));
#2262=VERTEX_POINT('',#2261);
#2263=CARTESIAN_POINT('',(0.559736253,22.183919836,7.500000048));
#2264=DIRECTION('',(1.,0.,-0.));
#2265=VECTOR('',#2264,0.700507703);
#2266=LINE('',#2263,#2265);
#2267=EDGE_CURVE('',#2254,#2262,#2266,.T.);
#2268=ORIENTED_EDGE('',*,*,#2267,.T.);
#2269=CARTESIAN_POINT('',(1.260243956,25.733717275,7.500000048));
#2270=VERTEX_POINT('',#2269);
#2271=CARTESIAN_POINT('',(1.260243956,22.183919836,7.500000048));
#2272=DIRECTION('',(0.,1.,0.));
#2273=VECTOR('',#2272,3.549797439);
#2274=LINE('',#2271,#2273);
#2275=EDGE_CURVE('',#2262,#2270,#2274,.T.);
#2276=ORIENTED_EDGE('',*,*,#2275,.T.);
#2277=CARTESIAN_POINT('',(15.360244338,25.733717275,7.500000048));
#2278=VERTEX_POINT('',#2277);
#2279=CARTESIAN_POINT('',(15.360244338,25.733717275,7.500000048));
#2280=DIRECTION('',(-1.,0.,0.));
#2281=VECTOR('',#2280,14.100000381);
#2282=LINE('',#2279,#2281);
#2283=EDGE_CURVE('',#2278,#2270,#2282,.T.);
#2284=ORIENTED_EDGE('',*,*,#2283,.F.);
#2285=CARTESIAN_POINT('',(15.360244338,22.183919836,7.500000048));
#2286=VERTEX_POINT('',#2285);
#2287=CARTESIAN_POINT('',(15.360244338,22.183919836,7.500000048));
#2288=DIRECTION('',(0.,1.,0.));
#2289=VECTOR('',#2288,3.549797439);
#2290=LINE('',#2287,#2289);
#2291=EDGE_CURVE('',#2286,#2278,#2290,.T.);
#2292=ORIENTED_EDGE('',*,*,#2291,.F.);
#2293=CARTESIAN_POINT('',(15.360244338,22.183919836,7.500000048));
#2294=DIRECTION('',(1.,0.,-0.));
#2295=VECTOR('',#2294,0.699492154);
#2296=LINE('',#2293,#2295);
#2297=EDGE_CURVE('',#2286,#2204,#2296,.T.);
#2298=ORIENTED_EDGE('',*,*,#2297,.T.);
#2299=EDGE_LOOP('',(#2212,#2220,#2228,#2236,#2244,#2252,#2260,#2268,#2276,#2284,#2292,#2298));
#2300=FACE_BOUND('',#2299,.T.);
#2301=CARTESIAN_POINT('',(67.059739352,-1.191080879,7.500000048));
#2302=VERTEX_POINT('',#2301);
#2303=CARTESIAN_POINT('',(67.059739352,-8.191081118,7.500000048));
#2304=VERTEX_POINT('',#2303);
#2305=CARTESIAN_POINT('',(67.059739352,-1.191080879,7.500000048));
#2306=DIRECTION('',(0.,-1.,0.));
#2307=VECTOR('',#2306,7.000000238);
#2308=LINE('',#2305,#2307);
#2309=EDGE_CURVE('',#2302,#2304,#2308,.T.);
#2310=ORIENTED_EDGE('',*,*,#2309,.T.);
#2311=CARTESIAN_POINT('',(66.36024243,-8.191081118,7.500000048));
#2312=VERTEX_POINT('',#2311);
#2313=CARTESIAN_POINT('',(67.059739352,-8.191081118,7.500000048));
#2314=DIRECTION('',(-1.,0.,0.));
#2315=VECTOR('',#2314,0.699496922);
#2316=LINE('',#2313,#2315);
#2317=EDGE_CURVE('',#2304,#2312,#2316,.T.);
#2318=ORIENTED_EDGE('',*,*,#2317,.T.);
#2319=CARTESIAN_POINT('',(66.36024243,-11.741282153,7.500000048));
#2320=VERTEX_POINT('',#2319);
#2321=CARTESIAN_POINT('',(66.36024243,-11.741282153,7.500000048));
#2322=DIRECTION('',(0.,1.,0.));
#2323=VECTOR('',#2322,3.550201035);
#2324=LINE('',#2321,#2323);
#2325=EDGE_CURVE('',#2320,#2312,#2324,.T.);
#2326=ORIENTED_EDGE('',*,*,#2325,.F.);
#2327=CARTESIAN_POINT('',(52.260243956,-11.741282153,7.500000048));
#2328=VERTEX_POINT('',#2327);
#2329=CARTESIAN_POINT('',(52.260243956,-11.741282153,7.500000048));
#2330=DIRECTION('',(1.,-0.,0.));
#2331=VECTOR('',#2330,14.099998474);
#2332=LINE('',#2329,#2331);
#2333=EDGE_CURVE('',#2328,#2320,#2332,.T.);
#2334=ORIENTED_EDGE('',*,*,#2333,.F.);
#2335=CARTESIAN_POINT('',(52.260243956,-8.191081118,7.500000048));
#2336=VERTEX_POINT('',#2335);
#2337=CARTESIAN_POINT('',(52.260243956,-8.191081118,7.500000048));
#2338=DIRECTION('',(-0.,-1.,0.));
#2339=VECTOR('',#2338,3.550201035);
#2340=LINE('',#2337,#2339);
#2341=EDGE_CURVE('',#2336,#2328,#2340,.T.);
#2342=ORIENTED_EDGE('',*,*,#2341,.F.);
#2343=CARTESIAN_POINT('',(51.559735538,-8.191081118,7.500000048));
#2344=VERTEX_POINT('',#2343);
#2345=CARTESIAN_POINT('',(52.260243956,-8.191081118,7.500000048));
#2346=DIRECTION('',(-1.,0.,0.));
#2347=VECTOR('',#2346,0.700508418);
#2348=LINE('',#2345,#2347);
#2349=EDGE_CURVE('',#2336,#2344,#2348,.T.);
#2350=ORIENTED_EDGE('',*,*,#2349,.T.);
#2351=CARTESIAN_POINT('',(51.559735538,-1.191080879,7.500000048));
#2352=VERTEX_POINT('',#2351);
#2353=CARTESIAN_POINT('',(51.559735538,-8.191081118,7.500000048));
#2354=DIRECTION('',(0.,1.,0.));
#2355=VECTOR('',#2354,7.000000238);
#2356=LINE('',#2353,#2355);
#2357=EDGE_CURVE('',#2344,#2352,#2356,.T.);
#2358=ORIENTED_EDGE('',*,*,#2357,.T.);
#2359=CARTESIAN_POINT('',(52.260243956,-1.191080879,7.500000048));
#2360=VERTEX_POINT('',#2359);
#2361=CARTESIAN_POINT('',(51.559735538,-1.191080879,7.500000048));
#2362=DIRECTION('',(1.,0.,-0.));
#2363=VECTOR('',#2362,0.700508418);
#2364=LINE('',#2361,#2363);
#2365=EDGE_CURVE('',#2352,#2360,#2364,.T.);
#2366=ORIENTED_EDGE('',*,*,#2365,.T.);
#2367=CARTESIAN_POINT('',(52.260243956,2.358717424,7.500000048));
#2368=VERTEX_POINT('',#2367);
#2369=CARTESIAN_POINT('',(52.260243956,2.358717424,7.500000048));
#2370=DIRECTION('',(-0.,-1.,0.));
#2371=VECTOR('',#2370,3.549798303);
#2372=LINE('',#2369,#2371);
#2373=EDGE_CURVE('',#2368,#2360,#2372,.T.);
#2374=ORIENTED_EDGE('',*,*,#2373,.F.);
#2375=CARTESIAN_POINT('',(66.36024243,2.358717424,7.500000048));
#2376=VERTEX_POINT('',#2375);
#2377=CARTESIAN_POINT('',(52.260243956,2.358717424,7.500000048));
#2378=DIRECTION('',(1.,-0.,0.));
#2379=VECTOR('',#2378,14.099998474);
#2380=LINE('',#2377,#2379);
#2381=EDGE_CURVE('',#2368,#2376,#2380,.T.);
#2382=ORIENTED_EDGE('',*,*,#2381,.T.);
#2383=CARTESIAN_POINT('',(66.36024243,-1.191080879,7.500000048));
#2384=VERTEX_POINT('',#2383);
#2385=CARTESIAN_POINT('',(66.36024243,-1.191080879,7.500000048));
#2386=DIRECTION('',(0.,1.,0.));
#2387=VECTOR('',#2386,3.549798303);
#2388=LINE('',#2385,#2387);
#2389=EDGE_CURVE('',#2384,#2376,#2388,.T.);
#2390=ORIENTED_EDGE('',*,*,#2389,.F.);
#2391=CARTESIAN_POINT('',(66.36024243,-1.191080879,7.500000048));
#2392=DIRECTION('',(1.,0.,-0.));
#2393=VECTOR('',#2392,0.699496922);
#2394=LINE('',#2391,#2393);
#2395=EDGE_CURVE('',#2384,#2302,#2394,.T.);
#2396=ORIENTED_EDGE('',*,*,#2395,.T.);
#2397=EDGE_LOOP('',(#2310,#2318,#2326,#2334,#2342,#2350,#2358,#2366,#2374,#2382,#2390,#2396));
#2398=FACE_BOUND('',#2397,.T.);
#2399=CARTESIAN_POINT('',(67.059739352,15.808918882,7.500000048));
#2400=VERTEX_POINT('',#2399);
#2401=CARTESIAN_POINT('',(67.059739352,8.808919359,7.500000048));
#2402=VERTEX_POINT('',#2401);
#2403=CARTESIAN_POINT('',(67.059739352,15.808918882,7.500000048));
#2404=DIRECTION('',(0.,-1.,0.));
#2405=VECTOR('',#2404,6.999999523);
#2406=LINE('',#2403,#2405);
#2407=EDGE_CURVE('',#2400,#2402,#2406,.T.);
#2408=ORIENTED_EDGE('',*,*,#2407,.T.);
#2409=CARTESIAN_POINT('',(66.36024243,8.808919359,7.500000048));
#2410=VERTEX_POINT('',#2409);
#2411=CARTESIAN_POINT('',(67.059739352,8.808919359,7.500000048));
#2412=DIRECTION('',(-1.,0.,0.));
#2413=VECTOR('',#2412,0.699496922);
#2414=LINE('',#2411,#2413);
#2415=EDGE_CURVE('',#2402,#2410,#2414,.T.);
#2416=ORIENTED_EDGE('',*,*,#2415,.T.);
#2417=CARTESIAN_POINT('',(66.36024243,5.25871737,7.500000048));
#2418=VERTEX_POINT('',#2417);
#2419=CARTESIAN_POINT('',(66.36024243,8.808919359,7.500000048));
#2420=DIRECTION('',(-0.,-1.,0.));
#2421=VECTOR('',#2420,3.550201989);
#2422=LINE('',#2419,#2421);
#2423=EDGE_CURVE('',#2410,#2418,#2422,.T.);
#2424=ORIENTED_EDGE('',*,*,#2423,.T.);
#2425=CARTESIAN_POINT('',(52.260243956,5.25871737,7.500000048));
#2426=VERTEX_POINT('',#2425);
#2427=CARTESIAN_POINT('',(66.36024243,5.25871737,7.500000048));
#2428=DIRECTION('',(-1.,0.,0.));
#2429=VECTOR('',#2428,14.099998474);
#2430=LINE('',#2427,#2429);
#2431=EDGE_CURVE('',#2418,#2426,#2430,.T.);
#2432=ORIENTED_EDGE('',*,*,#2431,.T.);
#2433=CARTESIAN_POINT('',(52.260243956,8.808919359,7.500000048));
#2434=VERTEX_POINT('',#2433);
#2435=CARTESIAN_POINT('',(52.260243956,8.808919359,7.500000048));
#2436=DIRECTION('',(-0.,-1.,0.));
#2437=VECTOR('',#2436,3.550201989);
#2438=LINE('',#2435,#2437);
#2439=EDGE_CURVE('',#2434,#2426,#2438,.T.);
#2440=ORIENTED_EDGE('',*,*,#2439,.F.);
#2441=CARTESIAN_POINT('',(51.559735538,8.808919359,7.500000048));
#2442=VERTEX_POINT('',#2441);
#2443=CARTESIAN_POINT('',(52.260243956,8.808919359,7.500000048));
#2444=DIRECTION('',(-1.,0.,0.));
#2445=VECTOR('',#2444,0.700508418);
#2446=LINE('',#2443,#2445);
#2447=EDGE_CURVE('',#2434,#2442,#2446,.T.);
#2448=ORIENTED_EDGE('',*,*,#2447,.T.);
#2449=CARTESIAN_POINT('',(51.559735538,15.808918882,7.500000048));
#2450=VERTEX_POINT('',#2449);
#2451=CARTESIAN_POINT('',(51.559735538,8.808919359,7.500000048));
#2452=DIRECTION('',(0.,1.,0.));
#2453=VECTOR('',#2452,6.999999523);
#2454=LINE('',#2451,#2453);
#2455=EDGE_CURVE('',#2442,#2450,#2454,.T.);
#2456=ORIENTED_EDGE('',*,*,#2455,.T.);
#2457=CARTESIAN_POINT('',(52.260243956,15.808918882,7.500000048));
#2458=VERTEX_POINT('',#2457);
#2459=CARTESIAN_POINT('',(51.559735538,15.808918882,7.500000048));
#2460=DIRECTION('',(1.,0.,-0.));
#2461=VECTOR('',#2460,0.700508418);
#2462=LINE('',#2459,#2461);
#2463=EDGE_CURVE('',#2450,#2458,#2462,.T.);
#2464=ORIENTED_EDGE('',*,*,#2463,.T.);
#2465=CARTESIAN_POINT('',(52.260243956,19.358717275,7.500000048));
#2466=VERTEX_POINT('',#2465);
#2467=CARTESIAN_POINT('',(52.260243956,19.358717275,7.500000048));
#2468=DIRECTION('',(-0.,-1.,0.));
#2469=VECTOR('',#2468,3.549798393);
#2470=LINE('',#2467,#2469);
#2471=EDGE_CURVE('',#2466,#2458,#2470,.T.);
#2472=ORIENTED_EDGE('',*,*,#2471,.F.);
#2473=CARTESIAN_POINT('',(66.36024243,19.358717275,7.500000048));
#2474=VERTEX_POINT('',#2473);
#2475=CARTESIAN_POINT('',(52.260243956,19.358717275,7.500000048));
#2476=DIRECTION('',(1.,-0.,0.));
#2477=VECTOR('',#2476,14.099998474);
#2478=LINE('',#2475,#2477);
#2479=EDGE_CURVE('',#2466,#2474,#2478,.T.);
#2480=ORIENTED_EDGE('',*,*,#2479,.T.);
#2481=CARTESIAN_POINT('',(66.36024243,15.808918882,7.500000048));
#2482=VERTEX_POINT('',#2481);
#2483=CARTESIAN_POINT('',(66.36024243,19.358717275,7.500000048));
#2484=DIRECTION('',(-0.,-1.,0.));
#2485=VECTOR('',#2484,3.549798393);
#2486=LINE('',#2483,#2485);
#2487=EDGE_CURVE('',#2474,#2482,#2486,.T.);
#2488=ORIENTED_EDGE('',*,*,#2487,.T.);
#2489=CARTESIAN_POINT('',(66.36024243,15.808918882,7.500000048));
#2490=DIRECTION('',(1.,0.,-0.));
#2491=VECTOR('',#2490,0.699496922);
#2492=LINE('',#2489,#2491);
#2493=EDGE_CURVE('',#2482,#2400,#2492,.T.);
#2494=ORIENTED_EDGE('',*,*,#2493,.T.);
#2495=EDGE_LOOP('',(#2408,#2416,#2424,#2432,#2440,#2448,#2456,#2464,#2472,#2480,#2488,#2494));
#2496=FACE_BOUND('',#2495,.T.);
#2497=CARTESIAN_POINT('',(67.059739352,32.808919836,7.500000048));
#2498=VERTEX_POINT('',#2497);
#2499=CARTESIAN_POINT('',(67.059739352,25.808919836,7.500000048));
#2500=VERTEX_POINT('',#2499);
#2501=CARTESIAN_POINT('',(67.059739352,32.808919836,7.500000048));
#2502=DIRECTION('',(0.,-1.,0.));
#2503=VECTOR('',#2502,7.);
#2504=LINE('',#2501,#2503);
#2505=EDGE_CURVE('',#2498,#2500,#2504,.T.);
#2506=ORIENTED_EDGE('',*,*,#2505,.T.);
#2507=CARTESIAN_POINT('',(66.36024243,25.808919836,7.500000048));
#2508=VERTEX_POINT('',#2507);
#2509=CARTESIAN_POINT('',(67.059739352,25.808919836,7.500000048));
#2510=DIRECTION('',(-1.,0.,0.));
#2511=VECTOR('',#2510,0.699496922);
#2512=LINE('',#2509,#2511);
#2513=EDGE_CURVE('',#2500,#2508,#2512,.T.);
#2514=ORIENTED_EDGE('',*,*,#2513,.T.);
#2515=CARTESIAN_POINT('',(66.36024243,22.258716893,7.500000048));
#2516=VERTEX_POINT('',#2515);
#2517=CARTESIAN_POINT('',(66.36024243,22.258716893,7.500000048));
#2518=DIRECTION('',(0.,1.,0.));
#2519=VECTOR('',#2518,3.550202943);
#2520=LINE('',#2517,#2519);
#2521=EDGE_CURVE('',#2516,#2508,#2520,.T.);
#2522=ORIENTED_EDGE('',*,*,#2521,.F.);
#2523=CARTESIAN_POINT('',(52.260243956,22.258716893,7.500000048));
#2524=VERTEX_POINT('',#2523);
#2525=CARTESIAN_POINT('',(66.36024243,22.258716893,7.500000048));
#2526=DIRECTION('',(-1.,0.,0.));
#2527=VECTOR('',#2526,14.099998474);
#2528=LINE('',#2525,#2527);
#2529=EDGE_CURVE('',#2516,#2524,#2528,.T.);
#2530=ORIENTED_EDGE('',*,*,#2529,.T.);
#2531=CARTESIAN_POINT('',(52.260243956,25.808919836,7.500000048));
#2532=VERTEX_POINT('',#2531);
#2533=CARTESIAN_POINT('',(52.260243956,25.808919836,7.500000048));
#2534=DIRECTION('',(-0.,-1.,0.));
#2535=VECTOR('',#2534,3.550202943);
#2536=LINE('',#2533,#2535);
#2537=EDGE_CURVE('',#2532,#2524,#2536,.T.);
#2538=ORIENTED_EDGE('',*,*,#2537,.F.);
#2539=CARTESIAN_POINT('',(51.559735538,25.808919836,7.500000048));
#2540=VERTEX_POINT('',#2539);
#2541=CARTESIAN_POINT('',(52.260243956,25.808919836,7.500000048));
#2542=DIRECTION('',(-1.,0.,0.));
#2543=VECTOR('',#2542,0.700508418);
#2544=LINE('',#2541,#2543);
#2545=EDGE_CURVE('',#2532,#2540,#2544,.T.);
#2546=ORIENTED_EDGE('',*,*,#2545,.T.);
#2547=CARTESIAN_POINT('',(51.559735538,32.808919836,7.500000048));
#2548=VERTEX_POINT('',#2547);
#2549=CARTESIAN_POINT('',(51.559735538,25.808919836,7.500000048));
#2550=DIRECTION('',(0.,1.,0.));
#2551=VECTOR('',#2550,7.);
#2552=LINE('',#2549,#2551);
#2553=EDGE_CURVE('',#2540,#2548,#2552,.T.);
#2554=ORIENTED_EDGE('',*,*,#2553,.T.);
#2555=CARTESIAN_POINT('',(52.260243956,32.808919836,7.500000048));
#2556=VERTEX_POINT('',#2555);
#2557=CARTESIAN_POINT('',(51.559735538,32.808919836,7.500000048));
#2558=DIRECTION('',(1.,0.,-0.));
#2559=VECTOR('',#2558,0.700508418);
#2560=LINE('',#2557,#2559);
#2561=EDGE_CURVE('',#2548,#2556,#2560,.T.);
#2562=ORIENTED_EDGE('',*,*,#2561,.T.);
#2563=CARTESIAN_POINT('',(52.260243956,36.358717275,7.500000048));
#2564=VERTEX_POINT('',#2563);
#2565=CARTESIAN_POINT('',(52.260243956,36.358717275,7.500000048));
#2566=DIRECTION('',(-0.,-1.,0.));
#2567=VECTOR('',#2566,3.549797439);
#2568=LINE('',#2565,#2567);
#2569=EDGE_CURVE('',#2564,#2556,#2568,.T.);
#2570=ORIENTED_EDGE('',*,*,#2569,.F.);
#2571=CARTESIAN_POINT('',(66.36024243,36.358717275,7.500000048));
#2572=VERTEX_POINT('',#2571);
#2573=CARTESIAN_POINT('',(66.36024243,36.358717275,7.500000048));
#2574=DIRECTION('',(-1.,0.,0.));
#2575=VECTOR('',#2574,14.099998474);
#2576=LINE('',#2573,#2575);
#2577=EDGE_CURVE('',#2572,#2564,#2576,.T.);
#2578=ORIENTED_EDGE('',*,*,#2577,.F.);
#2579=CARTESIAN_POINT('',(66.36024243,32.808919836,7.500000048));
#2580=VERTEX_POINT('',#2579);
#2581=CARTESIAN_POINT('',(66.36024243,32.808919836,7.500000048));
#2582=DIRECTION('',(0.,1.,0.));
#2583=VECTOR('',#2582,3.549797439);
#2584=LINE('',#2581,#2583);
#2585=EDGE_CURVE('',#2580,#2572,#2584,.T.);
#2586=ORIENTED_EDGE('',*,*,#2585,.F.);
#2587=CARTESIAN_POINT('',(66.36024243,32.808919836,7.500000048));
#2588=DIRECTION('',(1.,0.,-0.));
#2589=VECTOR('',#2588,0.699496922);
#2590=LINE('',#2587,#2589);
#2591=EDGE_CURVE('',#2580,#2498,#2590,.T.);
#2592=ORIENTED_EDGE('',*,*,#2591,.T.);
#2593=EDGE_LOOP('',(#2506,#2514,#2522,#2530,#2538,#2546,#2554,#2562,#2570,#2578,#2586,#2592));
#2594=FACE_BOUND('',#2593,.T.);
#2595=CARTESIAN_POINT('',(50.059735538,32.808919836,7.500000048));
#2596=VERTEX_POINT('',#2595);
#2597=CARTESIAN_POINT('',(50.059735538,25.808919836,7.500000048));
#2598=VERTEX_POINT('',#2597);
#2599=CARTESIAN_POINT('',(50.059735538,32.808919836,7.500000048));
#2600=DIRECTION('',(0.,-1.,0.));
#2601=VECTOR('',#2600,7.);
#2602=LINE('',#2599,#2601);
#2603=EDGE_CURVE('',#2596,#2598,#2602,.T.);
#2604=ORIENTED_EDGE('',*,*,#2603,.T.);
#2605=CARTESIAN_POINT('',(49.36024243,25.808919836,7.500000048));
#2606=VERTEX_POINT('',#2605);
#2607=CARTESIAN_POINT('',(50.059735538,25.808919836,7.500000048));
#2608=DIRECTION('',(-1.,0.,0.));
#2609=VECTOR('',#2608,0.699493108);
#2610=LINE('',#2607,#2609);
#2611=EDGE_CURVE('',#2598,#2606,#2610,.T.);
#2612=ORIENTED_EDGE('',*,*,#2611,.T.);
#2613=CARTESIAN_POINT('',(49.36024243,22.258716893,7.500000048));
#2614=VERTEX_POINT('',#2613);
#2615=CARTESIAN_POINT('',(49.36024243,22.258716893,7.500000048));
#2616=DIRECTION('',(0.,1.,0.));
#2617=VECTOR('',#2616,3.550202943);
#2618=LINE('',#2615,#2617);
#2619=EDGE_CURVE('',#2614,#2606,#2618,.T.);
#2620=ORIENTED_EDGE('',*,*,#2619,.F.);
#2621=CARTESIAN_POINT('',(35.260243956,22.258716893,7.500000048));
#2622=VERTEX_POINT('',#2621);
#2623=CARTESIAN_POINT('',(49.36024243,22.258716893,7.500000048));
#2624=DIRECTION('',(-1.,0.,0.));
#2625=VECTOR('',#2624,14.099998474);
#2626=LINE('',#2623,#2625);
#2627=EDGE_CURVE('',#2614,#2622,#2626,.T.);
#2628=ORIENTED_EDGE('',*,*,#2627,.T.);
#2629=CARTESIAN_POINT('',(35.260243956,25.808919836,7.500000048));
#2630=VERTEX_POINT('',#2629);
#2631=CARTESIAN_POINT('',(35.260243956,22.258716893,7.500000048));
#2632=DIRECTION('',(0.,1.,0.));
#2633=VECTOR('',#2632,3.550202943);
#2634=LINE('',#2631,#2633);
#2635=EDGE_CURVE('',#2622,#2630,#2634,.T.);
#2636=ORIENTED_EDGE('',*,*,#2635,.T.);
#2637=CARTESIAN_POINT('',(34.559735538,25.808919836,7.500000048));
#2638=VERTEX_POINT('',#2637);
#2639=CARTESIAN_POINT('',(35.260243956,25.808919836,7.500000048));
#2640=DIRECTION('',(-1.,0.,0.));
#2641=VECTOR('',#2640,0.700508418);
#2642=LINE('',#2639,#2641);
#2643=EDGE_CURVE('',#2630,#2638,#2642,.T.);
#2644=ORIENTED_EDGE('',*,*,#2643,.T.);
#2645=CARTESIAN_POINT('',(34.559735538,32.808919836,7.500000048));
#2646=VERTEX_POINT('',#2645);
#2647=CARTESIAN_POINT('',(34.559735538,25.808919836,7.500000048));
#2648=DIRECTION('',(0.,1.,0.));
#2649=VECTOR('',#2648,7.);
#2650=LINE('',#2647,#2649);
#2651=EDGE_CURVE('',#2638,#2646,#2650,.T.);
#2652=ORIENTED_EDGE('',*,*,#2651,.T.);
#2653=CARTESIAN_POINT('',(35.260243956,32.808919836,7.500000048));
#2654=VERTEX_POINT('',#2653);
#2655=CARTESIAN_POINT('',(34.559735538,32.808919836,7.500000048));
#2656=DIRECTION('',(1.,0.,-0.));
#2657=VECTOR('',#2656,0.700508418);
#2658=LINE('',#2655,#2657);
#2659=EDGE_CURVE('',#2646,#2654,#2658,.T.);
#2660=ORIENTED_EDGE('',*,*,#2659,.T.);
#2661=CARTESIAN_POINT('',(35.260243956,36.358717275,7.500000048));
#2662=VERTEX_POINT('',#2661);
#2663=CARTESIAN_POINT('',(35.260243956,32.808919836,7.500000048));
#2664=DIRECTION('',(0.,1.,0.));
#2665=VECTOR('',#2664,3.549797439);
#2666=LINE('',#2663,#2665);
#2667=EDGE_CURVE('',#2654,#2662,#2666,.T.);
#2668=ORIENTED_EDGE('',*,*,#2667,.T.);
#2669=CARTESIAN_POINT('',(49.36024243,36.358717275,7.500000048));
#2670=VERTEX_POINT('',#2669);
#2671=CARTESIAN_POINT('',(49.36024243,36.358717275,7.500000048));
#2672=DIRECTION('',(-1.,0.,0.));
#2673=VECTOR('',#2672,14.099998474);
#2674=LINE('',#2671,#2673);
#2675=EDGE_CURVE('',#2670,#2662,#2674,.T.);
#2676=ORIENTED_EDGE('',*,*,#2675,.F.);
#2677=CARTESIAN_POINT('',(49.36024243,32.808919836,7.500000048));
#2678=VERTEX_POINT('',#2677);
#2679=CARTESIAN_POINT('',(49.36024243,32.808919836,7.500000048));
#2680=DIRECTION('',(0.,1.,0.));
#2681=VECTOR('',#2680,3.549797439);
#2682=LINE('',#2679,#2681);
#2683=EDGE_CURVE('',#2678,#2670,#2682,.T.);
#2684=ORIENTED_EDGE('',*,*,#2683,.F.);
#2685=CARTESIAN_POINT('',(49.36024243,32.808919836,7.500000048));
#2686=DIRECTION('',(1.,0.,-0.));
#2687=VECTOR('',#2686,0.699493108);
#2688=LINE('',#2685,#2687);
#2689=EDGE_CURVE('',#2678,#2596,#2688,.T.);
#2690=ORIENTED_EDGE('',*,*,#2689,.T.);
#2691=EDGE_LOOP('',(#2604,#2612,#2620,#2628,#2636,#2644,#2652,#2660,#2668,#2676,#2684,#2690));
#2692=FACE_BOUND('',#2691,.T.);
#2693=CARTESIAN_POINT('',(50.059735538,15.808918882,7.500000048));
#2694=VERTEX_POINT('',#2693);
#2695=CARTESIAN_POINT('',(50.059735538,8.808919359,7.500000048));
#2696=VERTEX_POINT('',#2695);
#2697=CARTESIAN_POINT('',(50.059735538,15.808918882,7.500000048));
#2698=DIRECTION('',(0.,-1.,0.));
#2699=VECTOR('',#2698,6.999999523);
#2700=LINE('',#2697,#2699);
#2701=EDGE_CURVE('',#2694,#2696,#2700,.T.);
#2702=ORIENTED_EDGE('',*,*,#2701,.T.);
#2703=CARTESIAN_POINT('',(49.36024243,8.808919359,7.500000048));
#2704=VERTEX_POINT('',#2703);
#2705=CARTESIAN_POINT('',(50.059735538,8.808919359,7.500000048));
#2706=DIRECTION('',(-1.,0.,0.));
#2707=VECTOR('',#2706,0.699493108);
#2708=LINE('',#2705,#2707);
#2709=EDGE_CURVE('',#2696,#2704,#2708,.T.);
#2710=ORIENTED_EDGE('',*,*,#2709,.T.);
#2711=CARTESIAN_POINT('',(49.36024243,5.25871737,7.500000048));
#2712=VERTEX_POINT('',#2711);
#2713=CARTESIAN_POINT('',(49.36024243,8.808919359,7.500000048));
#2714=DIRECTION('',(-0.,-1.,0.));
#2715=VECTOR('',#2714,3.550201989);
#2716=LINE('',#2713,#2715);
#2717=EDGE_CURVE('',#2704,#2712,#2716,.T.);
#2718=ORIENTED_EDGE('',*,*,#2717,.T.);
#2719=CARTESIAN_POINT('',(35.260243956,5.25871737,7.500000048));
#2720=VERTEX_POINT('',#2719);
#2721=CARTESIAN_POINT('',(49.36024243,5.25871737,7.500000048));
#2722=DIRECTION('',(-1.,0.,0.));
#2723=VECTOR('',#2722,14.099998474);
#2724=LINE('',#2721,#2723);
#2725=EDGE_CURVE('',#2712,#2720,#2724,.T.);
#2726=ORIENTED_EDGE('',*,*,#2725,.T.);
#2727=CARTESIAN_POINT('',(35.260243956,8.808919359,7.500000048));
#2728=VERTEX_POINT('',#2727);
#2729=CARTESIAN_POINT('',(35.260243956,8.808919359,7.500000048));
#2730=DIRECTION('',(-0.,-1.,0.));
#2731=VECTOR('',#2730,3.550201989);
#2732=LINE('',#2729,#2731);
#2733=EDGE_CURVE('',#2728,#2720,#2732,.T.);
#2734=ORIENTED_EDGE('',*,*,#2733,.F.);
#2735=CARTESIAN_POINT('',(34.559735538,8.808919359,7.500000048));
#2736=VERTEX_POINT('',#2735);
#2737=CARTESIAN_POINT('',(35.260243956,8.808919359,7.500000048));
#2738=DIRECTION('',(-1.,0.,0.));
#2739=VECTOR('',#2738,0.700508418);
#2740=LINE('',#2737,#2739);
#2741=EDGE_CURVE('',#2728,#2736,#2740,.T.);
#2742=ORIENTED_EDGE('',*,*,#2741,.T.);
#2743=CARTESIAN_POINT('',(34.559735538,15.808918882,7.500000048));
#2744=VERTEX_POINT('',#2743);
#2745=CARTESIAN_POINT('',(34.559735538,8.808919359,7.500000048));
#2746=DIRECTION('',(0.,1.,0.));
#2747=VECTOR('',#2746,6.999999523);
#2748=LINE('',#2745,#2747);
#2749=EDGE_CURVE('',#2736,#2744,#2748,.T.);
#2750=ORIENTED_EDGE('',*,*,#2749,.T.);
#2751=CARTESIAN_POINT('',(35.260243956,15.808918882,7.500000048));
#2752=VERTEX_POINT('',#2751);
#2753=CARTESIAN_POINT('',(34.559735538,15.808918882,7.500000048));
#2754=DIRECTION('',(1.,0.,-0.));
#2755=VECTOR('',#2754,0.700508418);
#2756=LINE('',#2753,#2755);
#2757=EDGE_CURVE('',#2744,#2752,#2756,.T.);
#2758=ORIENTED_EDGE('',*,*,#2757,.T.);
#2759=CARTESIAN_POINT('',(35.260243956,19.358717275,7.500000048));
#2760=VERTEX_POINT('',#2759);
#2761=CARTESIAN_POINT('',(35.260243956,19.358717275,7.500000048));
#2762=DIRECTION('',(-0.,-1.,0.));
#2763=VECTOR('',#2762,3.549798393);
#2764=LINE('',#2761,#2763);
#2765=EDGE_CURVE('',#2760,#2752,#2764,.T.);
#2766=ORIENTED_EDGE('',*,*,#2765,.F.);
#2767=CARTESIAN_POINT('',(49.36024243,19.358717275,7.500000048));
#2768=VERTEX_POINT('',#2767);
#2769=CARTESIAN_POINT('',(35.260243956,19.358717275,7.500000048));
#2770=DIRECTION('',(1.,-0.,0.));
#2771=VECTOR('',#2770,14.099998474);
#2772=LINE('',#2769,#2771);
#2773=EDGE_CURVE('',#2760,#2768,#2772,.T.);
#2774=ORIENTED_EDGE('',*,*,#2773,.T.);
#2775=CARTESIAN_POINT('',(49.36024243,15.808918882,7.500000048));
#2776=VERTEX_POINT('',#2775);
#2777=CARTESIAN_POINT('',(49.36024243,19.358717275,7.500000048));
#2778=DIRECTION('',(-0.,-1.,0.));
#2779=VECTOR('',#2778,3.549798393);
#2780=LINE('',#2777,#2779);
#2781=EDGE_CURVE('',#2768,#2776,#2780,.T.);
#2782=ORIENTED_EDGE('',*,*,#2781,.T.);
#2783=CARTESIAN_POINT('',(49.36024243,15.808918882,7.500000048));
#2784=DIRECTION('',(1.,0.,-0.));
#2785=VECTOR('',#2784,0.699493108);
#2786=LINE('',#2783,#2785);
#2787=EDGE_CURVE('',#2776,#2694,#2786,.T.);
#2788=ORIENTED_EDGE('',*,*,#2787,.T.);
#2789=EDGE_LOOP('',(#2702,#2710,#2718,#2726,#2734,#2742,#2750,#2758,#2766,#2774,#2782,#2788));
#2790=FACE_BOUND('',#2789,.T.);
#2791=CARTESIAN_POINT('',(50.059735538,-1.191080879,7.500000048));
#2792=VERTEX_POINT('',#2791);
#2793=CARTESIAN_POINT('',(50.059735538,-8.191081118,7.500000048));
#2794=VERTEX_POINT('',#2793);
#2795=CARTESIAN_POINT('',(50.059735538,-1.191080879,7.500000048));
#2796=DIRECTION('',(0.,-1.,0.));
#2797=VECTOR('',#2796,7.000000238);
#2798=LINE('',#2795,#2797);
#2799=EDGE_CURVE('',#2792,#2794,#2798,.T.);
#2800=ORIENTED_EDGE('',*,*,#2799,.T.);
#2801=CARTESIAN_POINT('',(49.36024243,-8.191081118,7.500000048));
#2802=VERTEX_POINT('',#2801);
#2803=CARTESIAN_POINT('',(50.059735538,-8.191081118,7.500000048));
#2804=DIRECTION('',(-1.,0.,0.));
#2805=VECTOR('',#2804,0.699493108);
#2806=LINE('',#2803,#2805);
#2807=EDGE_CURVE('',#2794,#2802,#2806,.T.);
#2808=ORIENTED_EDGE('',*,*,#2807,.T.);
#2809=CARTESIAN_POINT('',(49.36024243,-11.741282153,7.500000048));
#2810=VERTEX_POINT('',#2809);
#2811=CARTESIAN_POINT('',(49.36024243,-11.741282153,7.500000048));
#2812=DIRECTION('',(0.,1.,0.));
#2813=VECTOR('',#2812,3.550201035);
#2814=LINE('',#2811,#2813);
#2815=EDGE_CURVE('',#2810,#2802,#2814,.T.);
#2816=ORIENTED_EDGE('',*,*,#2815,.F.);
#2817=CARTESIAN_POINT('',(35.260243956,-11.741282153,7.500000048));
#2818=VERTEX_POINT('',#2817);
#2819=CARTESIAN_POINT('',(35.260243956,-11.741282153,7.500000048));
#2820=DIRECTION('',(1.,-0.,0.));
#2821=VECTOR('',#2820,14.099998474);
#2822=LINE('',#2819,#2821);
#2823=EDGE_CURVE('',#2818,#2810,#2822,.T.);
#2824=ORIENTED_EDGE('',*,*,#2823,.F.);
#2825=CARTESIAN_POINT('',(35.260243956,-8.191081118,7.500000048));
#2826=VERTEX_POINT('',#2825);
#2827=CARTESIAN_POINT('',(35.260243956,-8.191081118,7.500000048));
#2828=DIRECTION('',(-0.,-1.,0.));
#2829=VECTOR('',#2828,3.550201035);
#2830=LINE('',#2827,#2829);
#2831=EDGE_CURVE('',#2826,#2818,#2830,.T.);
#2832=ORIENTED_EDGE('',*,*,#2831,.F.);
#2833=CARTESIAN_POINT('',(34.559735538,-8.191081118,7.500000048));
#2834=VERTEX_POINT('',#2833);
#2835=CARTESIAN_POINT('',(35.260243956,-8.191081118,7.500000048));
#2836=DIRECTION('',(-1.,0.,0.));
#2837=VECTOR('',#2836,0.700508418);
#2838=LINE('',#2835,#2837);
#2839=EDGE_CURVE('',#2826,#2834,#2838,.T.);
#2840=ORIENTED_EDGE('',*,*,#2839,.T.);
#2841=CARTESIAN_POINT('',(34.559735538,-1.191080879,7.500000048));
#2842=VERTEX_POINT('',#2841);
#2843=CARTESIAN_POINT('',(34.559735538,-8.191081118,7.500000048));
#2844=DIRECTION('',(0.,1.,0.));
#2845=VECTOR('',#2844,7.000000238);
#2846=LINE('',#2843,#2845);
#2847=EDGE_CURVE('',#2834,#2842,#2846,.T.);
#2848=ORIENTED_EDGE('',*,*,#2847,.T.);
#2849=CARTESIAN_POINT('',(35.260243956,-1.191080879,7.500000048));
#2850=VERTEX_POINT('',#2849);
#2851=CARTESIAN_POINT('',(34.559735538,-1.191080879,7.500000048));
#2852=DIRECTION('',(1.,0.,-0.));
#2853=VECTOR('',#2852,0.700508418);
#2854=LINE('',#2851,#2853);
#2855=EDGE_CURVE('',#2842,#2850,#2854,.T.);
#2856=ORIENTED_EDGE('',*,*,#2855,.T.);
#2857=CARTESIAN_POINT('',(35.260243956,2.358717424,7.500000048));
#2858=VERTEX_POINT('',#2857);
#2859=CARTESIAN_POINT('',(35.260243956,2.358717424,7.500000048));
#2860=DIRECTION('',(-0.,-1.,0.));
#2861=VECTOR('',#2860,3.549798303);
#2862=LINE('',#2859,#2861);
#2863=EDGE_CURVE('',#2858,#2850,#2862,.T.);
#2864=ORIENTED_EDGE('',*,*,#2863,.F.);
#2865=CARTESIAN_POINT('',(49.36024243,2.358717424,7.500000048));
#2866=VERTEX_POINT('',#2865);
#2867=CARTESIAN_POINT('',(35.260243956,2.358717424,7.500000048));
#2868=DIRECTION('',(1.,-0.,0.));
#2869=VECTOR('',#2868,14.099998474);
#2870=LINE('',#2867,#2869);
#2871=EDGE_CURVE('',#2858,#2866,#2870,.T.);
#2872=ORIENTED_EDGE('',*,*,#2871,.T.);
#2873=CARTESIAN_POINT('',(49.36024243,-1.191080879,7.500000048));
#2874=VERTEX_POINT('',#2873);
#2875=CARTESIAN_POINT('',(49.36024243,-1.191080879,7.500000048));
#2876=DIRECTION('',(0.,1.,0.));
#2877=VECTOR('',#2876,3.549798303);
#2878=LINE('',#2875,#2877);
#2879=EDGE_CURVE('',#2874,#2866,#2878,.T.);
#2880=ORIENTED_EDGE('',*,*,#2879,.F.);
#2881=CARTESIAN_POINT('',(49.36024243,-1.191080879,7.500000048));
#2882=DIRECTION('',(1.,0.,-0.));
#2883=VECTOR('',#2882,0.699493108);
#2884=LINE('',#2881,#2883);
#2885=EDGE_CURVE('',#2874,#2792,#2884,.T.);
#2886=ORIENTED_EDGE('',*,*,#2885,.T.);
#2887=EDGE_LOOP('',(#2800,#2808,#2816,#2824,#2832,#2840,#2848,#2856,#2864,#2872,#2880,#2886));
#2888=FACE_BOUND('',#2887,.T.);
#2889=CARTESIAN_POINT('',(50.059735538,-18.191080164,7.500000048));
#2890=VERTEX_POINT('',#2889);
#2891=CARTESIAN_POINT('',(50.059735538,-25.191080164,7.500000048));
#2892=VERTEX_POINT('',#2891);
#2893=CARTESIAN_POINT('',(50.059735538,-18.191080164,7.500000048));
#2894=DIRECTION('',(0.,-1.,0.));
#2895=VECTOR('',#2894,7.);
#2896=LINE('',#2893,#2895);
#2897=EDGE_CURVE('',#2890,#2892,#2896,.T.);
#2898=ORIENTED_EDGE('',*,*,#2897,.T.);
#2899=CARTESIAN_POINT('',(49.36024243,-25.191080164,7.500000048));
#2900=VERTEX_POINT('',#2899);
#2901=CARTESIAN_POINT('',(50.059735538,-25.191080164,7.500000048));
#2902=DIRECTION('',(-1.,0.,0.));
#2903=VECTOR('',#2902,0.699493108);
#2904=LINE('',#2901,#2903);
#2905=EDGE_CURVE('',#2892,#2900,#2904,.T.);
#2906=ORIENTED_EDGE('',*,*,#2905,.T.);
#2907=CARTESIAN_POINT('',(49.36024243,-28.741283107,7.500000048));
#2908=VERTEX_POINT('',#2907);
#2909=CARTESIAN_POINT('',(49.36024243,-28.741283107,7.500000048));
#2910=DIRECTION('',(0.,1.,0.));
#2911=VECTOR('',#2910,3.550202943);
#2912=LINE('',#2909,#2911);
#2913=EDGE_CURVE('',#2908,#2900,#2912,.T.);
#2914=ORIENTED_EDGE('',*,*,#2913,.F.);
#2915=CARTESIAN_POINT('',(35.260243956,-28.741283107,7.500000048));
#2916=VERTEX_POINT('',#2915);
#2917=CARTESIAN_POINT('',(35.260243956,-28.741283107,7.500000048));
#2918=DIRECTION('',(1.,-0.,0.));
#2919=VECTOR('',#2918,14.099998474);
#2920=LINE('',#2917,#2919);
#2921=EDGE_CURVE('',#2916,#2908,#2920,.T.);
#2922=ORIENTED_EDGE('',*,*,#2921,.F.);
#2923=CARTESIAN_POINT('',(35.260243956,-25.191080164,7.500000048));
#2924=VERTEX_POINT('',#2923);
#2925=CARTESIAN_POINT('',(35.260243956,-25.191080164,7.500000048));
#2926=DIRECTION('',(-0.,-1.,0.));
#2927=VECTOR('',#2926,3.550202943);
#2928=LINE('',#2925,#2927);
#2929=EDGE_CURVE('',#2924,#2916,#2928,.T.);
#2930=ORIENTED_EDGE('',*,*,#2929,.F.);
#2931=CARTESIAN_POINT('',(34.559735538,-25.191080164,7.500000048));
#2932=VERTEX_POINT('',#2931);
#2933=CARTESIAN_POINT('',(35.260243956,-25.191080164,7.500000048));
#2934=DIRECTION('',(-1.,0.,0.));
#2935=VECTOR('',#2934,0.700508418);
#2936=LINE('',#2933,#2935);
#2937=EDGE_CURVE('',#2924,#2932,#2936,.T.);
#2938=ORIENTED_EDGE('',*,*,#2937,.T.);
#2939=CARTESIAN_POINT('',(34.559735538,-18.191080164,7.500000048));
#2940=VERTEX_POINT('',#2939);
#2941=CARTESIAN_POINT('',(34.559735538,-25.191080164,7.500000048));
#2942=DIRECTION('',(0.,1.,0.));
#2943=VECTOR('',#2942,7.);
#2944=LINE('',#2941,#2943);
#2945=EDGE_CURVE('',#2932,#2940,#2944,.T.);
#2946=ORIENTED_EDGE('',*,*,#2945,.T.);
#2947=CARTESIAN_POINT('',(35.260243956,-18.191080164,7.500000048));
#2948=VERTEX_POINT('',#2947);
#2949=CARTESIAN_POINT('',(34.559735538,-18.191080164,7.500000048));
#2950=DIRECTION('',(1.,0.,-0.));
#2951=VECTOR('',#2950,0.700508418);
#2952=LINE('',#2949,#2951);
#2953=EDGE_CURVE('',#2940,#2948,#2952,.T.);
#2954=ORIENTED_EDGE('',*,*,#2953,.T.);
#2955=CARTESIAN_POINT('',(35.260243956,-14.641282725,7.500000048));
#2956=VERTEX_POINT('',#2955);
#2957=CARTESIAN_POINT('',(35.260243956,-14.641282725,7.500000048));
#2958=DIRECTION('',(-0.,-1.,0.));
#2959=VECTOR('',#2958,3.549797439);
#2960=LINE('',#2957,#2959);
#2961=EDGE_CURVE('',#2956,#2948,#2960,.T.);
#2962=ORIENTED_EDGE('',*,*,#2961,.F.);
#2963=CARTESIAN_POINT('',(49.36024243,-14.641282725,7.500000048));
#2964=VERTEX_POINT('',#2963);
#2965=CARTESIAN_POINT('',(49.36024243,-14.641282725,7.500000048));
#2966=DIRECTION('',(-1.,0.,0.));
#2967=VECTOR('',#2966,14.099998474);
#2968=LINE('',#2965,#2967);
#2969=EDGE_CURVE('',#2964,#2956,#2968,.T.);
#2970=ORIENTED_EDGE('',*,*,#2969,.F.);
#2971=CARTESIAN_POINT('',(49.36024243,-18.191080164,7.500000048));
#2972=VERTEX_POINT('',#2971);
#2973=CARTESIAN_POINT('',(49.36024243,-18.191080164,7.500000048));
#2974=DIRECTION('',(0.,1.,0.));
#2975=VECTOR('',#2974,3.549797439);
#2976=LINE('',#2973,#2975);
#2977=EDGE_CURVE('',#2972,#2964,#2976,.T.);
#2978=ORIENTED_EDGE('',*,*,#2977,.F.);
#2979=CARTESIAN_POINT('',(49.36024243,-18.191080164,7.500000048));
#2980=DIRECTION('',(1.,0.,-0.));
#2981=VECTOR('',#2980,0.699493108);
#2982=LINE('',#2979,#2981);
#2983=EDGE_CURVE('',#2972,#2890,#2982,.T.);
#2984=ORIENTED_EDGE('',*,*,#2983,.T.);
#2985=EDGE_LOOP('',(#2898,#2906,#2914,#2922,#2930,#2938,#2946,#2954,#2962,#2970,#2978,#2984));
#2986=FACE_BOUND('',#2985,.T.);
#2987=CARTESIAN_POINT('',(33.059735538,-13.941080164,7.500000048));
#2988=VERTEX_POINT('',#2987);
#2989=CARTESIAN_POINT('',(33.059735538,-20.941080164,7.500000048));
#2990=VERTEX_POINT('',#2989);
#2991=CARTESIAN_POINT('',(33.059735538,-13.941080164,7.500000048));
#2992=DIRECTION('',(0.,-1.,0.));
#2993=VECTOR('',#2992,7.);
#2994=LINE('',#2991,#2993);
#2995=EDGE_CURVE('',#2988,#2990,#2994,.T.);
#2996=ORIENTED_EDGE('',*,*,#2995,.T.);
#2997=CARTESIAN_POINT('',(32.360244338,-20.941080164,7.500000048));
#2998=VERTEX_POINT('',#2997);
#2999=CARTESIAN_POINT('',(33.059735538,-20.941080164,7.500000048));
#3000=DIRECTION('',(-1.,0.,0.));
#3001=VECTOR('',#3000,0.6994912);
#3002=LINE('',#2999,#3001);
#3003=EDGE_CURVE('',#2990,#2998,#3002,.T.);
#3004=ORIENTED_EDGE('',*,*,#3003,.T.);
#3005=CARTESIAN_POINT('',(32.360244338,-24.491283107,7.500000048));
#3006=VERTEX_POINT('',#3005);
#3007=CARTESIAN_POINT('',(32.360244338,-24.491283107,7.500000048));
#3008=DIRECTION('',(0.,1.,0.));
#3009=VECTOR('',#3008,3.550202943);
#3010=LINE('',#3007,#3009);
#3011=EDGE_CURVE('',#3006,#2998,#3010,.T.);
#3012=ORIENTED_EDGE('',*,*,#3011,.F.);
#3013=CARTESIAN_POINT('',(18.260243956,-24.491283107,7.500000048));
#3014=VERTEX_POINT('',#3013);
#3015=CARTESIAN_POINT('',(18.260243956,-24.491283107,7.500000048));
#3016=DIRECTION('',(1.,-0.,0.));
#3017=VECTOR('',#3016,14.100000381);
#3018=LINE('',#3015,#3017);
#3019=EDGE_CURVE('',#3014,#3006,#3018,.T.);
#3020=ORIENTED_EDGE('',*,*,#3019,.F.);
#3021=CARTESIAN_POINT('',(18.260243956,-20.941080164,7.500000048));
#3022=VERTEX_POINT('',#3021);
#3023=CARTESIAN_POINT('',(18.260243956,-20.941080164,7.500000048));
#3024=DIRECTION('',(-0.,-1.,0.));
#3025=VECTOR('',#3024,3.550202943);
#3026=LINE('',#3023,#3025);
#3027=EDGE_CURVE('',#3022,#3014,#3026,.T.);
#3028=ORIENTED_EDGE('',*,*,#3027,.F.);
#3029=CARTESIAN_POINT('',(17.559736491,-20.941080164,7.500000048));
#3030=VERTEX_POINT('',#3029);
#3031=CARTESIAN_POINT('',(18.260243956,-20.941080164,7.500000048));
#3032=DIRECTION('',(-1.,0.,0.));
#3033=VECTOR('',#3032,0.700507465);
#3034=LINE('',#3031,#3033);
#3035=EDGE_CURVE('',#3022,#3030,#3034,.T.);
#3036=ORIENTED_EDGE('',*,*,#3035,.T.);
#3037=CARTESIAN_POINT('',(17.559736491,-13.941080164,7.500000048));
#3038=VERTEX_POINT('',#3037);
#3039=CARTESIAN_POINT('',(17.559736491,-20.941080164,7.500000048));
#3040=DIRECTION('',(0.,1.,0.));
#3041=VECTOR('',#3040,7.);
#3042=LINE('',#3039,#3041);
#3043=EDGE_CURVE('',#3030,#3038,#3042,.T.);
#3044=ORIENTED_EDGE('',*,*,#3043,.T.);
#3045=CARTESIAN_POINT('',(18.260243956,-13.941080164,7.500000048));
#3046=VERTEX_POINT('',#3045);
#3047=CARTESIAN_POINT('',(17.559736491,-13.941080164,7.500000048));
#3048=DIRECTION('',(1.,0.,-0.));
#3049=VECTOR('',#3048,0.700507465);
#3050=LINE('',#3047,#3049);
#3051=EDGE_CURVE('',#3038,#3046,#3050,.T.);
#3052=ORIENTED_EDGE('',*,*,#3051,.T.);
#3053=CARTESIAN_POINT('',(18.260243956,-10.391282725,7.500000048));
#3054=VERTEX_POINT('',#3053);
#3055=CARTESIAN_POINT('',(18.260243956,-10.391282725,7.500000048));
#3056=DIRECTION('',(-0.,-1.,0.));
#3057=VECTOR('',#3056,3.549797439);
#3058=LINE('',#3055,#3057);
#3059=EDGE_CURVE('',#3054,#3046,#3058,.T.);
#3060=ORIENTED_EDGE('',*,*,#3059,.F.);
#3061=CARTESIAN_POINT('',(32.360244338,-10.391282725,7.500000048));
#3062=VERTEX_POINT('',#3061);
#3063=CARTESIAN_POINT('',(32.360244338,-10.391282725,7.500000048));
#3064=DIRECTION('',(-1.,0.,0.));
#3065=VECTOR('',#3064,14.100000382);
#3066=LINE('',#3063,#3065);
#3067=EDGE_CURVE('',#3062,#3054,#3066,.T.);
#3068=ORIENTED_EDGE('',*,*,#3067,.F.);
#3069=CARTESIAN_POINT('',(32.360244338,-13.941080164,7.500000048));
#3070=VERTEX_POINT('',#3069);
#3071=CARTESIAN_POINT('',(32.360244338,-13.941080164,7.500000048));
#3072=DIRECTION('',(0.,1.,0.));
#3073=VECTOR('',#3072,3.549797439);
#3074=LINE('',#3071,#3073);
#3075=EDGE_CURVE('',#3070,#3062,#3074,.T.);
#3076=ORIENTED_EDGE('',*,*,#3075,.F.);
#3077=CARTESIAN_POINT('',(32.360244338,-13.941080164,7.500000048));
#3078=DIRECTION('',(1.,0.,-0.));
#3079=VECTOR('',#3078,0.6994912);
#3080=LINE('',#3077,#3079);
#3081=EDGE_CURVE('',#3070,#2988,#3080,.T.);
#3082=ORIENTED_EDGE('',*,*,#3081,.T.);
#3083=EDGE_LOOP('',(#2996,#3004,#3012,#3020,#3028,#3036,#3044,#3052,#3060,#3068,#3076,#3082));
#3084=FACE_BOUND('',#3083,.T.);
#3085=ADVANCED_FACE('',(#738,#882,#1026,#1124,#1222,#1320,#1418,#1516,#1614,#1712,#1810,#1908,#2006,#2104,#2202,#2300,#2398,#2496,#2594,#2692,#2790,#2888,#2986,#3084),#311,.T.);
#3086=CARTESIAN_POINT('',(12.071349478,-3.953806502,6.5));
#3087=DIRECTION('',(0.,0.,1.));
#3088=DIRECTION('',(1.,0.,0.));
#3089=AXIS2_PLACEMENT_3D('',#3086,#3087,#3088);
#3090=PLANE('',#3089);
#3091=CARTESIAN_POINT('',(-22.190264462,22.183918882,6.5));
#3092=VERTEX_POINT('',#3091);
#3093=CARTESIAN_POINT('',(-29.190264462,22.183918882,6.5));
#3094=VERTEX_POINT('',#3093);
#3095=CARTESIAN_POINT('',(-22.190264462,22.183918882,6.5));
#3096=DIRECTION('',(-1.,-0.,0.));
#3097=VECTOR('',#3096,7.);
#3098=LINE('',#3095,#3097);
#3099=EDGE_CURVE('',#3092,#3094,#3098,.T.);
#3100=ORIENTED_EDGE('',*,*,#3099,.T.);
#3101=CARTESIAN_POINT('',(-29.190264462,22.183918882,6.5));
#3102=DIRECTION('',(0.,-1.,0.));
#3103=VECTOR('',#3102,0.700201607);
#3104=LINE('',#3101,#3103);
#3105=EDGE_CURVE('',#3094,#155,#3104,.T.);
#3106=ORIENTED_EDGE('',*,*,#3105,.T.);
#3107=ORIENTED_EDGE('',*,*,#182,.T.);
#3108=CARTESIAN_POINT('',(-32.739756044,17.933918882,6.5));
#3109=VERTEX_POINT('',#3108);
#3110=CARTESIAN_POINT('',(-32.739756044,21.483717275,6.5));
#3111=DIRECTION('',(-0.,-1.,0.));
#3112=VECTOR('',#3111,3.549798393);
#3113=LINE('',#3110,#3112);
#3114=EDGE_CURVE('',#171,#3109,#3113,.T.);
#3115=ORIENTED_EDGE('',*,*,#3114,.T.);
#3116=CARTESIAN_POINT('',(-33.440264462,17.933918882,6.5));
#3117=VERTEX_POINT('',#3116);
#3118=CARTESIAN_POINT('',(-33.440264462,17.933918882,6.5));
#3119=DIRECTION('',(1.,0.,-0.));
#3120=VECTOR('',#3119,0.700508418);
#3121=LINE('',#3118,#3120);
#3122=EDGE_CURVE('',#3117,#3109,#3121,.T.);
#3123=ORIENTED_EDGE('',*,*,#3122,.F.);
#3124=CARTESIAN_POINT('',(-33.440264462,10.933918882,6.5));
#3125=VERTEX_POINT('',#3124);
#3126=CARTESIAN_POINT('',(-33.440264462,10.933918882,6.5));
#3127=DIRECTION('',(0.,1.,0.));
#3128=VECTOR('',#3127,7.);
#3129=LINE('',#3126,#3128);
#3130=EDGE_CURVE('',#3125,#3117,#3129,.T.);
#3131=ORIENTED_EDGE('',*,*,#3130,.F.);
#3132=CARTESIAN_POINT('',(-32.739756044,10.933918882,6.5));
#3133=VERTEX_POINT('',#3132);
#3134=CARTESIAN_POINT('',(-32.739756044,10.933918882,6.5));
#3135=DIRECTION('',(-1.,0.,0.));
#3136=VECTOR('',#3135,0.700508418);
#3137=LINE('',#3134,#3136);
#3138=EDGE_CURVE('',#3133,#3125,#3137,.T.);
#3139=ORIENTED_EDGE('',*,*,#3138,.F.);
#3140=CARTESIAN_POINT('',(-32.739756044,10.933918882,6.5));
#3141=DIRECTION('',(-0.,-1.,0.));
#3142=VECTOR('',#3141,3.550201512);
#3143=LINE('',#3140,#3142);
#3144=EDGE_CURVE('',#3133,#123,#3143,.T.);
#3145=ORIENTED_EDGE('',*,*,#3144,.T.);
#3146=ORIENTED_EDGE('',*,*,#128,.T.);
#3147=CARTESIAN_POINT('',(-29.190264462,6.683918882,6.5));
#3148=VERTEX_POINT('',#3147);
#3149=CARTESIAN_POINT('',(-29.190264462,7.38371737,6.5));
#3150=DIRECTION('',(0.,-1.,0.));
#3151=VECTOR('',#3150,0.699798488);
#3152=LINE('',#3149,#3151);
#3153=EDGE_CURVE('',#113,#3148,#3152,.T.);
#3154=ORIENTED_EDGE('',*,*,#3153,.T.);
#3155=CARTESIAN_POINT('',(-22.190264462,6.683918882,6.5));
#3156=VERTEX_POINT('',#3155);
#3157=CARTESIAN_POINT('',(-29.190264462,6.683918882,6.5));
#3158=DIRECTION('',(1.,0.,0.));
#3159=VECTOR('',#3158,7.);
#3160=LINE('',#3157,#3159);
#3161=EDGE_CURVE('',#3148,#3156,#3160,.T.);
#3162=ORIENTED_EDGE('',*,*,#3161,.T.);
#3163=CARTESIAN_POINT('',(-22.190264462,7.38371737,6.5));
#3164=VERTEX_POINT('',#3163);
#3165=CARTESIAN_POINT('',(-22.190264462,6.683918882,6.5));
#3166=DIRECTION('',(-0.,1.,0.));
#3167=VECTOR('',#3166,0.699798488);
#3168=LINE('',#3165,#3167);
#3169=EDGE_CURVE('',#3156,#3164,#3168,.T.);
#3170=ORIENTED_EDGE('',*,*,#3169,.T.);
#3171=CARTESIAN_POINT('',(-18.639755662,7.38371737,6.5));
#3172=VERTEX_POINT('',#3171);
#3173=CARTESIAN_POINT('',(-22.190264462,7.38371737,6.5));
#3174=DIRECTION('',(1.,-0.,0.));
#3175=VECTOR('',#3174,3.5505088);
#3176=LINE('',#3173,#3175);
#3177=EDGE_CURVE('',#3164,#3172,#3176,.T.);
#3178=ORIENTED_EDGE('',*,*,#3177,.T.);
#3179=CARTESIAN_POINT('',(-18.639755662,10.933918882,6.5));
#3180=VERTEX_POINT('',#3179);
#3181=CARTESIAN_POINT('',(-18.639755662,7.38371737,6.5));
#3182=DIRECTION('',(0.,1.,0.));
#3183=VECTOR('',#3182,3.550201512);
#3184=LINE('',#3181,#3183);
#3185=EDGE_CURVE('',#3172,#3180,#3184,.T.);
#3186=ORIENTED_EDGE('',*,*,#3185,.T.);
#3187=CARTESIAN_POINT('',(-17.940264462,10.933918882,6.5));
#3188=VERTEX_POINT('',#3187);
#3189=CARTESIAN_POINT('',(-17.940264462,10.933918882,6.5));
#3190=DIRECTION('',(-1.,0.,0.));
#3191=VECTOR('',#3190,0.6994912);
#3192=LINE('',#3189,#3191);
#3193=EDGE_CURVE('',#3188,#3180,#3192,.T.);
#3194=ORIENTED_EDGE('',*,*,#3193,.F.);
#3195=CARTESIAN_POINT('',(-17.940264462,17.933918882,6.5));
#3196=VERTEX_POINT('',#3195);
#3197=CARTESIAN_POINT('',(-17.940264462,17.933918882,6.5));
#3198=DIRECTION('',(0.,-1.,0.));
#3199=VECTOR('',#3198,7.);
#3200=LINE('',#3197,#3199);
#3201=EDGE_CURVE('',#3196,#3188,#3200,.T.);
#3202=ORIENTED_EDGE('',*,*,#3201,.F.);
#3203=CARTESIAN_POINT('',(-18.639755662,17.933918882,6.5));
#3204=VERTEX_POINT('',#3203);
#3205=CARTESIAN_POINT('',(-18.639755662,17.933918882,6.5));
#3206=DIRECTION('',(1.,0.,-0.));
#3207=VECTOR('',#3206,0.6994912);
#3208=LINE('',#3205,#3207);
#3209=EDGE_CURVE('',#3204,#3196,#3208,.T.);
#3210=ORIENTED_EDGE('',*,*,#3209,.F.);
#3211=CARTESIAN_POINT('',(-18.639755662,21.483717275,6.5));
#3212=VERTEX_POINT('',#3211);
#3213=CARTESIAN_POINT('',(-18.639755662,17.933918882,6.5));
#3214=DIRECTION('',(0.,1.,0.));
#3215=VECTOR('',#3214,3.549798393);
#3216=LINE('',#3213,#3215);
#3217=EDGE_CURVE('',#3204,#3212,#3216,.T.);
#3218=ORIENTED_EDGE('',*,*,#3217,.T.);
#3219=CARTESIAN_POINT('',(-22.190264462,21.483717275,6.5));
#3220=VERTEX_POINT('',#3219);
#3221=CARTESIAN_POINT('',(-18.639755662,21.483717275,6.5));
#3222=DIRECTION('',(-1.,0.,0.));
#3223=VECTOR('',#3222,3.5505088);
#3224=LINE('',#3221,#3223);
#3225=EDGE_CURVE('',#3212,#3220,#3224,.T.);
#3226=ORIENTED_EDGE('',*,*,#3225,.T.);
#3227=CARTESIAN_POINT('',(-22.190264462,21.483717275,6.5));
#3228=DIRECTION('',(-0.,1.,0.));
#3229=VECTOR('',#3228,0.700201607);
#3230=LINE('',#3227,#3229);
#3231=EDGE_CURVE('',#3220,#3092,#3230,.T.);
#3232=ORIENTED_EDGE('',*,*,#3231,.T.);
#3233=EDGE_LOOP('',(#3100,#3106,#3107,#3115,#3123,#3131,#3139,#3145,#3146,#3154,#3162,#3170,#3178,#3186,#3194,#3202,#3210,#3218,#3226,#3232));
#3234=FACE_BOUND('',#3233,.T.);
#3235=CARTESIAN_POINT('',(-22.190264462,39.183919836,6.5));
#3236=VERTEX_POINT('',#3235);
#3237=CARTESIAN_POINT('',(-29.190264462,39.183919836,6.5));
#3238=VERTEX_POINT('',#3237);
#3239=CARTESIAN_POINT('',(-22.190264462,39.183919836,6.5));
#3240=DIRECTION('',(-1.,-0.,0.));
#3241=VECTOR('',#3240,7.);
#3242=LINE('',#3239,#3241);
#3243=EDGE_CURVE('',#3236,#3238,#3242,.T.);
#3244=ORIENTED_EDGE('',*,*,#3243,.T.);
#3245=CARTESIAN_POINT('',(-29.190264462,39.183919836,6.5));
#3246=DIRECTION('',(0.,-1.,0.));
#3247=VECTOR('',#3246,0.700202561);
#3248=LINE('',#3245,#3247);
#3249=EDGE_CURVE('',#3238,#195,#3248,.T.);
#3250=ORIENTED_EDGE('',*,*,#3249,.T.);
#3251=ORIENTED_EDGE('',*,*,#222,.T.);
#3252=CARTESIAN_POINT('',(-32.739756044,34.933919836,6.5));
#3253=VERTEX_POINT('',#3252);
#3254=CARTESIAN_POINT('',(-32.739756044,38.483717275,6.5));
#3255=DIRECTION('',(-0.,-1.,0.));
#3256=VECTOR('',#3255,3.549797439);
#3257=LINE('',#3254,#3256);
#3258=EDGE_CURVE('',#211,#3253,#3257,.T.);
#3259=ORIENTED_EDGE('',*,*,#3258,.T.);
#3260=CARTESIAN_POINT('',(-33.440264462,34.933919836,6.5));
#3261=VERTEX_POINT('',#3260);
#3262=CARTESIAN_POINT('',(-33.440264462,34.933919836,6.5));
#3263=DIRECTION('',(1.,0.,-0.));
#3264=VECTOR('',#3263,0.700508418);
#3265=LINE('',#3262,#3264);
#3266=EDGE_CURVE('',#3261,#3253,#3265,.T.);
#3267=ORIENTED_EDGE('',*,*,#3266,.F.);
#3268=CARTESIAN_POINT('',(-33.440264462,27.933919836,6.5));
#3269=VERTEX_POINT('',#3268);
#3270=CARTESIAN_POINT('',(-33.440264462,27.933919836,6.5));
#3271=DIRECTION('',(0.,1.,0.));
#3272=VECTOR('',#3271,7.);
#3273=LINE('',#3270,#3272);
#3274=EDGE_CURVE('',#3269,#3261,#3273,.T.);
#3275=ORIENTED_EDGE('',*,*,#3274,.F.);
#3276=CARTESIAN_POINT('',(-32.739756044,27.933919836,6.5));
#3277=VERTEX_POINT('',#3276);
#3278=CARTESIAN_POINT('',(-32.739756044,27.933919836,6.5));
#3279=DIRECTION('',(-1.,0.,0.));
#3280=VECTOR('',#3279,0.700508418);
#3281=LINE('',#3278,#3280);
#3282=EDGE_CURVE('',#3277,#3269,#3281,.T.);
#3283=ORIENTED_EDGE('',*,*,#3282,.F.);
#3284=CARTESIAN_POINT('',(-32.739756044,27.933919836,6.5));
#3285=DIRECTION('',(-0.,-1.,0.));
#3286=VECTOR('',#3285,3.550202943);
#3287=LINE('',#3284,#3286);
#3288=EDGE_CURVE('',#3277,#243,#3287,.T.);
#3289=ORIENTED_EDGE('',*,*,#3288,.T.);
#3290=ORIENTED_EDGE('',*,*,#248,.T.);
#3291=CARTESIAN_POINT('',(-29.190264462,23.683919836,6.5));
#3292=VERTEX_POINT('',#3291);
#3293=CARTESIAN_POINT('',(-29.190264462,24.383716893,6.5));
#3294=DIRECTION('',(0.,-1.,0.));
#3295=VECTOR('',#3294,0.699797057);
#3296=LINE('',#3293,#3295);
#3297=EDGE_CURVE('',#233,#3292,#3296,.T.);
#3298=ORIENTED_EDGE('',*,*,#3297,.T.);
#3299=CARTESIAN_POINT('',(-22.190264462,23.683919836,6.5));
#3300=VERTEX_POINT('',#3299);
#3301=CARTESIAN_POINT('',(-29.190264462,23.683919836,6.5));
#3302=DIRECTION('',(1.,0.,0.));
#3303=VECTOR('',#3302,7.);
#3304=LINE('',#3301,#3303);
#3305=EDGE_CURVE('',#3292,#3300,#3304,.T.);
#3306=ORIENTED_EDGE('',*,*,#3305,.T.);
#3307=CARTESIAN_POINT('',(-22.190264462,24.383716893,6.5));
#3308=VERTEX_POINT('',#3307);
#3309=CARTESIAN_POINT('',(-22.190264462,23.683919836,6.5));
#3310=DIRECTION('',(-0.,1.,0.));
#3311=VECTOR('',#3310,0.699797057);
#3312=LINE('',#3309,#3311);
#3313=EDGE_CURVE('',#3300,#3308,#3312,.T.);
#3314=ORIENTED_EDGE('',*,*,#3313,.T.);
#3315=CARTESIAN_POINT('',(-18.639755662,24.383716893,6.5));
#3316=VERTEX_POINT('',#3315);
#3317=CARTESIAN_POINT('',(-22.190264462,24.383716893,6.5));
#3318=DIRECTION('',(1.,-0.,0.));
#3319=VECTOR('',#3318,3.5505088);
#3320=LINE('',#3317,#3319);
#3321=EDGE_CURVE('',#3308,#3316,#3320,.T.);
#3322=ORIENTED_EDGE('',*,*,#3321,.T.);
#3323=CARTESIAN_POINT('',(-18.639755662,27.933919836,6.5));
#3324=VERTEX_POINT('',#3323);
#3325=CARTESIAN_POINT('',(-18.639755662,24.383716893,6.5));
#3326=DIRECTION('',(0.,1.,0.));
#3327=VECTOR('',#3326,3.550202943);
#3328=LINE('',#3325,#3327);
#3329=EDGE_CURVE('',#3316,#3324,#3328,.T.);
#3330=ORIENTED_EDGE('',*,*,#3329,.T.);
#3331=CARTESIAN_POINT('',(-17.940264462,27.933919836,6.5));
#3332=VERTEX_POINT('',#3331);
#3333=CARTESIAN_POINT('',(-17.940264462,27.933919836,6.5));
#3334=DIRECTION('',(-1.,0.,0.));
#3335=VECTOR('',#3334,0.6994912);
#3336=LINE('',#3333,#3335);
#3337=EDGE_CURVE('',#3332,#3324,#3336,.T.);
#3338=ORIENTED_EDGE('',*,*,#3337,.F.);
#3339=CARTESIAN_POINT('',(-17.940264462,34.933919836,6.5));
#3340=VERTEX_POINT('',#3339);
#3341=CARTESIAN_POINT('',(-17.940264462,34.933919836,6.5));
#3342=DIRECTION('',(0.,-1.,0.));
#3343=VECTOR('',#3342,7.);
#3344=LINE('',#3341,#3343);
#3345=EDGE_CURVE('',#3340,#3332,#3344,.T.);
#3346=ORIENTED_EDGE('',*,*,#3345,.F.);
#3347=CARTESIAN_POINT('',(-18.639755662,34.933919836,6.5));
#3348=VERTEX_POINT('',#3347);
#3349=CARTESIAN_POINT('',(-18.639755662,34.933919836,6.5));
#3350=DIRECTION('',(1.,0.,-0.));
#3351=VECTOR('',#3350,0.6994912);
#3352=LINE('',#3349,#3351);
#3353=EDGE_CURVE('',#3348,#3340,#3352,.T.);
#3354=ORIENTED_EDGE('',*,*,#3353,.F.);
#3355=CARTESIAN_POINT('',(-18.639755662,38.483717275,6.5));
#3356=VERTEX_POINT('',#3355);
#3357=CARTESIAN_POINT('',(-18.639755662,34.933919836,6.5));
#3358=DIRECTION('',(0.,1.,0.));
#3359=VECTOR('',#3358,3.549797439);
#3360=LINE('',#3357,#3359);
#3361=EDGE_CURVE('',#3348,#3356,#3360,.T.);
#3362=ORIENTED_EDGE('',*,*,#3361,.T.);
#3363=CARTESIAN_POINT('',(-22.190264462,38.483717275,6.5));
#3364=VERTEX_POINT('',#3363);
#3365=CARTESIAN_POINT('',(-18.639755662,38.483717275,6.5));
#3366=DIRECTION('',(-1.,0.,0.));
#3367=VECTOR('',#3366,3.5505088);
#3368=LINE('',#3365,#3367);
#3369=EDGE_CURVE('',#3356,#3364,#3368,.T.);
#3370=ORIENTED_EDGE('',*,*,#3369,.T.);
#3371=CARTESIAN_POINT('',(-22.190264462,38.483717275,6.5));
#3372=DIRECTION('',(-0.,1.,0.));
#3373=VECTOR('',#3372,0.700202561);
#3374=LINE('',#3371,#3373);
#3375=EDGE_CURVE('',#3364,#3236,#3374,.T.);
#3376=ORIENTED_EDGE('',*,*,#3375,.T.);
#3377=EDGE_LOOP('',(#3244,#3250,#3251,#3259,#3267,#3275,#3283,#3289,#3290,#3298,#3306,#3314,#3322,#3330,#3338,#3346,#3354,#3362,#3370,#3376));
#3378=FACE_BOUND('',#3377,.T.);
#3379=CARTESIAN_POINT('',(-41.766770184,-19.40777682,6.5));
#3380=VERTEX_POINT('',#3379);
#3381=CARTESIAN_POINT('',(-49.638730526,-22.749226281,6.5));
#3382=VERTEX_POINT('',#3381);
#3383=CARTESIAN_POINT('',(-41.766770184,-19.40777682,6.5));
#3384=DIRECTION('',(-0.920504831,-0.390731182,0.));
#3385=VECTOR('',#3384,8.55178602);
#3386=LINE('',#3383,#3385);
#3387=EDGE_CURVE('',#3380,#3382,#3386,.T.);
#3388=ORIENTED_EDGE('',*,*,#3387,.T.);
#3389=CARTESIAN_POINT('',(-49.638730526,-5.36628263,6.5));
#3390=VERTEX_POINT('',#3389);
#3391=CARTESIAN_POINT('',(-49.638730526,-22.749226281,6.5));
#3392=DIRECTION('',(0.,1.,0.));
#3393=VECTOR('',#3392,17.382943652);
#3394=LINE('',#3391,#3393);
#3395=EDGE_CURVE('',#3382,#3390,#3394,.T.);
#3396=ORIENTED_EDGE('',*,*,#3395,.T.);
#3397=CARTESIAN_POINT('',(-35.63975757,-5.36628263,6.5));
#3398=VERTEX_POINT('',#3397);
#3399=CARTESIAN_POINT('',(-49.638730526,-5.36628263,6.5));
#3400=DIRECTION('',(1.,-0.,0.));
#3401=VECTOR('',#3400,13.998972956);
#3402=LINE('',#3399,#3401);
#3403=EDGE_CURVE('',#3390,#3398,#3402,.T.);
#3404=ORIENTED_EDGE('',*,*,#3403,.T.);
#3405=CARTESIAN_POINT('',(-35.63975757,-1.81608079,6.5));
#3406=VERTEX_POINT('',#3405);
#3407=CARTESIAN_POINT('',(-35.63975757,-5.36628263,6.5));
#3408=DIRECTION('',(0.,1.,0.));
#3409=VECTOR('',#3408,3.55020184);
#3410=LINE('',#3407,#3409);
#3411=EDGE_CURVE('',#3398,#3406,#3410,.T.);
#3412=ORIENTED_EDGE('',*,*,#3411,.T.);
#3413=CARTESIAN_POINT('',(-34.940264462,-1.81608079,6.5));
#3414=VERTEX_POINT('',#3413);
#3415=CARTESIAN_POINT('',(-34.940264462,-1.81608079,6.5));
#3416=DIRECTION('',(-1.,0.,0.));
#3417=VECTOR('',#3416,0.699493108);
#3418=LINE('',#3415,#3417);
#3419=EDGE_CURVE('',#3414,#3406,#3418,.T.);
#3420=ORIENTED_EDGE('',*,*,#3419,.F.);
#3421=CARTESIAN_POINT('',(-34.940264462,5.183919359,6.5));
#3422=VERTEX_POINT('',#3421);
#3423=CARTESIAN_POINT('',(-34.940264462,5.183919359,6.5));
#3424=DIRECTION('',(0.,-1.,0.));
#3425=VECTOR('',#3424,7.000000149);
#3426=LINE('',#3423,#3425);
#3427=EDGE_CURVE('',#3422,#3414,#3426,.T.);
#3428=ORIENTED_EDGE('',*,*,#3427,.F.);
#3429=CARTESIAN_POINT('',(-35.63975757,5.183919359,6.5));
#3430=VERTEX_POINT('',#3429);
#3431=CARTESIAN_POINT('',(-35.63975757,5.183919359,6.5));
#3432=DIRECTION('',(1.,0.,-0.));
#3433=VECTOR('',#3432,0.699493108);
#3434=LINE('',#3431,#3433);
#3435=EDGE_CURVE('',#3430,#3422,#3434,.T.);
#3436=ORIENTED_EDGE('',*,*,#3435,.F.);
#3437=CARTESIAN_POINT('',(-35.63975757,8.733717275,6.5));
#3438=VERTEX_POINT('',#3437);
#3439=CARTESIAN_POINT('',(-35.63975757,5.183919359,6.5));
#3440=DIRECTION('',(0.,1.,0.));
#3441=VECTOR('',#3440,3.549797916);
#3442=LINE('',#3439,#3441);
#3443=EDGE_CURVE('',#3430,#3438,#3442,.T.);
#3444=ORIENTED_EDGE('',*,*,#3443,.T.);
#3445=CARTESIAN_POINT('',(-35.63975757,8.733717275,6.5));
#3446=DIRECTION('',(-1.,0.,0.));
#3447=VECTOR('',#3446,13.998972956);
#3448=LINE('',#3445,#3447);
#3449=EDGE_CURVE('',#3438,#73,#3448,.T.);
#3450=ORIENTED_EDGE('',*,*,#3449,.T.);
#3451=ORIENTED_EDGE('',*,*,#80,.T.);
#3452=CARTESIAN_POINT('',(-49.638730526,36.721307468,6.5));
#3453=DIRECTION('',(-1.,0.,0.));
#3454=VECTOR('',#3453,15.000732293);
#3455=LINE('',#3452,#3454);
#3456=EDGE_CURVE('',#75,#273,#3455,.T.);
#3457=ORIENTED_EDGE('',*,*,#3456,.T.);
#3458=ORIENTED_EDGE('',*,*,#280,.T.);
#3459=CARTESIAN_POINT('',(-63.639462819,40.633718801,6.5));
#3460=VERTEX_POINT('',#3459);
#3461=CARTESIAN_POINT('',(-63.639462819,39.633718801,6.5));
#3462=DIRECTION('',(-0.,-0.,-1.));
#3463=DIRECTION('',(1.,0.,-0.));
#3464=AXIS2_PLACEMENT_3D('',#3461,#3462,#3463);
#3465=CIRCLE('',#3464,1.);
#3466=EDGE_CURVE('',#275,#3460,#3465,.T.);
#3467=ORIENTED_EDGE('',*,*,#3466,.T.);
#3468=CARTESIAN_POINT('',(-17.889755662,40.633718801,6.5));
#3469=VERTEX_POINT('',#3468);
#3470=CARTESIAN_POINT('',(-17.889755662,40.633718801,6.5));
#3471=DIRECTION('',(-1.,0.,0.));
#3472=VECTOR('',#3471,45.749707156);
#3473=LINE('',#3470,#3472);
#3474=EDGE_CURVE('',#3469,#3460,#3473,.T.);
#3475=ORIENTED_EDGE('',*,*,#3474,.F.);
#3476=CARTESIAN_POINT('',(-17.889755662,41.758718801,6.5));
#3477=VERTEX_POINT('',#3476);
#3478=CARTESIAN_POINT('',(-17.889755662,41.758718801,6.5));
#3479=DIRECTION('',(-0.,-1.,0.));
#3480=VECTOR('',#3479,1.125);
#3481=LINE('',#3478,#3480);
#3482=EDGE_CURVE('',#3477,#3469,#3481,.T.);
#3483=ORIENTED_EDGE('',*,*,#3482,.F.);
#3484=CARTESIAN_POINT('',(-16.889755662,42.758718801,6.5));
#3485=VERTEX_POINT('',#3484);
#3486=CARTESIAN_POINT('',(-16.889755662,41.758718801,6.5));
#3487=DIRECTION('',(-0.,-0.,-1.));
#3488=DIRECTION('',(1.,0.,-0.));
#3489=AXIS2_PLACEMENT_3D('',#3486,#3487,#3488);
#3490=CIRCLE('',#3489,1.);
#3491=EDGE_CURVE('',#3477,#3485,#3490,.T.);
#3492=ORIENTED_EDGE('',*,*,#3491,.T.);
#3493=CARTESIAN_POINT('',(-0.889756139,42.758718801,6.5));
#3494=VERTEX_POINT('',#3493);
#3495=CARTESIAN_POINT('',(-0.889756139,42.758718801,6.5));
#3496=DIRECTION('',(-1.,0.,0.));
#3497=VECTOR('',#3496,15.999999523);
#3498=LINE('',#3495,#3497);
#3499=EDGE_CURVE('',#3494,#3485,#3498,.T.);
#3500=ORIENTED_EDGE('',*,*,#3499,.F.);
#3501=CARTESIAN_POINT('',(-0.889756139,43.883718801,6.5));
#3502=VERTEX_POINT('',#3501);
#3503=CARTESIAN_POINT('',(-0.889756139,43.883718801,6.5));
#3504=DIRECTION('',(-0.,-1.,0.));
#3505=VECTOR('',#3504,1.125);
#3506=LINE('',#3503,#3505);
#3507=EDGE_CURVE('',#3502,#3494,#3506,.T.);
#3508=ORIENTED_EDGE('',*,*,#3507,.F.);
#3509=CARTESIAN_POINT('',(0.110243861,44.883718801,6.5));
#3510=VERTEX_POINT('',#3509);
#3511=CARTESIAN_POINT('',(0.110243861,43.883718801,6.5));
#3512=DIRECTION('',(-0.,-0.,-1.));
#3513=DIRECTION('',(1.,0.,-0.));
#3514=AXIS2_PLACEMENT_3D('',#3511,#3512,#3513);
#3515=CIRCLE('',#3514,1.);
#3516=EDGE_CURVE('',#3502,#3510,#3515,.T.);
#3517=ORIENTED_EDGE('',*,*,#3516,.T.);
#3518=CARTESIAN_POINT('',(16.510243956,44.883718801,6.5));
#3519=VERTEX_POINT('',#3518);
#3520=CARTESIAN_POINT('',(16.510243956,44.883718801,6.5));
#3521=DIRECTION('',(-1.,0.,0.));
#3522=VECTOR('',#3521,16.400000095);
#3523=LINE('',#3520,#3522);
#3524=EDGE_CURVE('',#3519,#3510,#3523,.T.);
#3525=ORIENTED_EDGE('',*,*,#3524,.F.);
#3526=CARTESIAN_POINT('',(17.510243956,43.883718801,6.5));
#3527=VERTEX_POINT('',#3526);
#3528=CARTESIAN_POINT('',(16.510243956,43.883718801,6.5));
#3529=DIRECTION('',(-0.,-0.,-1.));
#3530=DIRECTION('',(1.,0.,-0.));
#3531=AXIS2_PLACEMENT_3D('',#3528,#3529,#3530);
#3532=CIRCLE('',#3531,1.);
#3533=EDGE_CURVE('',#3519,#3527,#3532,.T.);
#3534=ORIENTED_EDGE('',*,*,#3533,.T.);
#3535=CARTESIAN_POINT('',(17.510243956,42.758718801,6.5));
#3536=VERTEX_POINT('',#3535);
#3537=CARTESIAN_POINT('',(17.510243956,42.758718801,6.5));
#3538=DIRECTION('',(0.,1.,0.));
#3539=VECTOR('',#3538,1.125);
#3540=LINE('',#3537,#3539);
#3541=EDGE_CURVE('',#3536,#3527,#3540,.T.);
#3542=ORIENTED_EDGE('',*,*,#3541,.F.);
#3543=CARTESIAN_POINT('',(33.510243956,42.758718801,6.5));
#3544=VERTEX_POINT('',#3543);
#3545=CARTESIAN_POINT('',(33.510243956,42.758718801,6.5));
#3546=DIRECTION('',(-1.,0.,0.));
#3547=VECTOR('',#3546,16.);
#3548=LINE('',#3545,#3547);
#3549=EDGE_CURVE('',#3544,#3536,#3548,.T.);
#3550=ORIENTED_EDGE('',*,*,#3549,.F.);
#3551=CARTESIAN_POINT('',(34.510243956,41.758718801,6.5));
#3552=VERTEX_POINT('',#3551);
#3553=CARTESIAN_POINT('',(33.510243956,41.758718801,6.5));
#3554=DIRECTION('',(-0.,-0.,-1.));
#3555=DIRECTION('',(1.,0.,-0.));
#3556=AXIS2_PLACEMENT_3D('',#3553,#3554,#3555);
#3557=CIRCLE('',#3556,1.);
#3558=EDGE_CURVE('',#3544,#3552,#3557,.T.);
#3559=ORIENTED_EDGE('',*,*,#3558,.T.);
#3560=CARTESIAN_POINT('',(34.510243956,38.508718801,6.5));
#3561=VERTEX_POINT('',#3560);
#3562=CARTESIAN_POINT('',(34.510243956,38.508718801,6.5));
#3563=DIRECTION('',(0.,1.,0.));
#3564=VECTOR('',#3563,3.25);
#3565=LINE('',#3562,#3564);
#3566=EDGE_CURVE('',#3561,#3552,#3565,.T.);
#3567=ORIENTED_EDGE('',*,*,#3566,.F.);
#3568=CARTESIAN_POINT('',(67.510243956,38.508718801,6.5));
#3569=VERTEX_POINT('',#3568);
#3570=CARTESIAN_POINT('',(67.510243956,38.508718801,6.5));
#3571=DIRECTION('',(-1.,0.,0.));
#3572=VECTOR('',#3571,33.);
#3573=LINE('',#3570,#3572);
#3574=EDGE_CURVE('',#3569,#3561,#3573,.T.);
#3575=ORIENTED_EDGE('',*,*,#3574,.F.);
#3576=CARTESIAN_POINT('',(68.510243956,37.508718801,6.5));
#3577=VERTEX_POINT('',#3576);
#3578=CARTESIAN_POINT('',(67.510243956,37.508718801,6.5));
#3579=DIRECTION('',(-0.,-0.,-1.));
#3580=DIRECTION('',(1.,0.,-0.));
#3581=AXIS2_PLACEMENT_3D('',#3578,#3579,#3580);
#3582=CIRCLE('',#3581,1.);
#3583=EDGE_CURVE('',#3569,#3577,#3582,.T.);
#3584=ORIENTED_EDGE('',*,*,#3583,.T.);
#3585=CARTESIAN_POINT('',(68.510243956,-29.891282725,6.5));
#3586=VERTEX_POINT('',#3585);
#3587=CARTESIAN_POINT('',(68.510243956,-29.891282725,6.5));
#3588=DIRECTION('',(0.,1.,0.));
#3589=VECTOR('',#3588,67.400001526);
#3590=LINE('',#3587,#3589);
#3591=EDGE_CURVE('',#3586,#3577,#3590,.T.);
#3592=ORIENTED_EDGE('',*,*,#3591,.F.);
#3593=CARTESIAN_POINT('',(67.510243956,-30.891282725,6.5));
#3594=VERTEX_POINT('',#3593);
#3595=CARTESIAN_POINT('',(67.510243956,-29.891282725,6.5));
#3596=DIRECTION('',(-0.,-0.,-1.));
#3597=DIRECTION('',(1.,0.,-0.));
#3598=AXIS2_PLACEMENT_3D('',#3595,#3596,#3597);
#3599=CIRCLE('',#3598,1.);
#3600=EDGE_CURVE('',#3586,#3594,#3599,.T.);
#3601=ORIENTED_EDGE('',*,*,#3600,.T.);
#3602=CARTESIAN_POINT('',(34.110244338,-30.891282725,6.5));
#3603=VERTEX_POINT('',#3602);
#3604=CARTESIAN_POINT('',(34.110244338,-30.891282725,6.5));
#3605=DIRECTION('',(1.,-0.,0.));
#3606=VECTOR('',#3605,33.399999618);
#3607=LINE('',#3604,#3606);
#3608=EDGE_CURVE('',#3603,#3594,#3607,.T.);
#3609=ORIENTED_EDGE('',*,*,#3608,.F.);
#3610=CARTESIAN_POINT('',(33.110244338,-29.891282725,6.5));
#3611=VERTEX_POINT('',#3610);
#3612=CARTESIAN_POINT('',(34.110244338,-29.891282725,6.5));
#3613=DIRECTION('',(-0.,-0.,-1.));
#3614=DIRECTION('',(1.,0.,-0.));
#3615=AXIS2_PLACEMENT_3D('',#3612,#3613,#3614);
#3616=CIRCLE('',#3615,1.);
#3617=EDGE_CURVE('',#3603,#3611,#3616,.T.);
#3618=ORIENTED_EDGE('',*,*,#3617,.T.);
#3619=CARTESIAN_POINT('',(33.110244338,-27.641282725,6.5));
#3620=VERTEX_POINT('',#3619);
#3621=CARTESIAN_POINT('',(33.110244338,-27.641282725,6.5));
#3622=DIRECTION('',(-0.,-1.,0.));
#3623=VECTOR('',#3622,2.25);
#3624=LINE('',#3621,#3623);
#3625=EDGE_CURVE('',#3620,#3611,#3624,.T.);
#3626=ORIENTED_EDGE('',*,*,#3625,.F.);
#3627=CARTESIAN_POINT('',(32.110244338,-26.641282725,6.5));
#3628=VERTEX_POINT('',#3627);
#3629=CARTESIAN_POINT('',(32.110244338,-27.641282725,6.5));
#3630=DIRECTION('',(0.,0.,1.));
#3631=DIRECTION('',(1.,0.,-0.));
#3632=AXIS2_PLACEMENT_3D('',#3629,#3630,#3631);
#3633=CIRCLE('',#3632,1.);
#3634=EDGE_CURVE('',#3620,#3628,#3633,.T.);
#3635=ORIENTED_EDGE('',*,*,#3634,.T.);
#3636=CARTESIAN_POINT('',(17.110243956,-26.641282725,6.5));
#3637=VERTEX_POINT('',#3636);
#3638=CARTESIAN_POINT('',(17.110243956,-26.641282725,6.5));
#3639=DIRECTION('',(1.,-0.,0.));
#3640=VECTOR('',#3639,15.000000381);
#3641=LINE('',#3638,#3640);
#3642=EDGE_CURVE('',#3637,#3628,#3641,.T.);
#3643=ORIENTED_EDGE('',*,*,#3642,.F.);
#3644=CARTESIAN_POINT('',(16.110243956,-27.641282725,6.5));
#3645=VERTEX_POINT('',#3644);
#3646=CARTESIAN_POINT('',(17.110243956,-27.641282725,6.5));
#3647=DIRECTION('',(0.,0.,1.));
#3648=DIRECTION('',(1.,0.,-0.));
#3649=AXIS2_PLACEMENT_3D('',#3646,#3647,#3648);
#3650=CIRCLE('',#3649,1.);
#3651=EDGE_CURVE('',#3637,#3645,#3650,.T.);
#3652=ORIENTED_EDGE('',*,*,#3651,.T.);
#3653=CARTESIAN_POINT('',(16.110243956,-30.126283336,6.5));
#3654=VERTEX_POINT('',#3653);
#3655=CARTESIAN_POINT('',(16.110243956,-30.126283336,6.5));
#3656=DIRECTION('',(0.,1.,0.));
#3657=VECTOR('',#3656,2.48500061);
#3658=LINE('',#3655,#3657);
#3659=EDGE_CURVE('',#3654,#3645,#3658,.T.);
#3660=ORIENTED_EDGE('',*,*,#3659,.F.);
#3661=CARTESIAN_POINT('',(15.110243956,-31.126283336,6.5));
#3662=VERTEX_POINT('',#3661);
#3663=CARTESIAN_POINT('',(15.110243956,-30.126283336,6.5));
#3664=DIRECTION('',(-0.,-0.,-1.));
#3665=DIRECTION('',(1.,0.,-0.));
#3666=AXIS2_PLACEMENT_3D('',#3663,#3664,#3665);
#3667=CIRCLE('',#3666,1.);
#3668=EDGE_CURVE('',#3654,#3662,#3667,.T.);
#3669=ORIENTED_EDGE('',*,*,#3668,.T.);
#3670=CARTESIAN_POINT('',(-16.750126107,-31.126283336,6.5));
#3671=VERTEX_POINT('',#3670);
#3672=CARTESIAN_POINT('',(-16.750126107,-31.126283336,6.5));
#3673=DIRECTION('',(1.,-0.,0.));
#3674=VECTOR('',#3673,31.860370063);
#3675=LINE('',#3672,#3674);
#3676=EDGE_CURVE('',#3671,#3662,#3675,.T.);
#3677=ORIENTED_EDGE('',*,*,#3676,.F.);
#3678=CARTESIAN_POINT('',(-33.625411372,-34.691692844,6.5));
#3679=VERTEX_POINT('',#3678);
#3680=CARTESIAN_POINT('',(-33.625411372,-34.691692844,6.5));
#3681=DIRECTION('',(0.978400885,0.206716495,0.));
#3682=VECTOR('',#3681,17.247822985);
#3683=LINE('',#3680,#3682);
#3684=EDGE_CURVE('',#3679,#3671,#3683,.T.);
#3685=ORIENTED_EDGE('',*,*,#3684,.F.);
#3686=CARTESIAN_POINT('',(-54.12717017,-43.394124894,6.5));
#3687=VERTEX_POINT('',#3686);
#3688=CARTESIAN_POINT('',(-54.12717017,-43.394124894,6.5));
#3689=DIRECTION('',(0.920505633,0.390729293,0.));
#3690=VECTOR('',#3689,22.272279574);
#3691=LINE('',#3688,#3690);
#3692=EDGE_CURVE('',#3687,#3679,#3691,.T.);
#3693=ORIENTED_EDGE('',*,*,#3692,.F.);
#3694=CARTESIAN_POINT('',(-55.438405838,-42.864346806,6.5));
#3695=VERTEX_POINT('',#3694);
#3696=CARTESIAN_POINT('',(-54.517899463,-42.473619262,6.5));
#3697=DIRECTION('',(-0.,-0.,-1.));
#3698=DIRECTION('',(1.,0.,-0.));
#3699=AXIS2_PLACEMENT_3D('',#3696,#3697,#3698);
#3700=CIRCLE('',#3699,1.);
#3701=EDGE_CURVE('',#3687,#3695,#3700,.T.);
#3702=ORIENTED_EDGE('',*,*,#3701,.T.);
#3703=CARTESIAN_POINT('',(-63.58214476,-23.678692532,6.5));
#3704=VERTEX_POINT('',#3703);
#3705=CARTESIAN_POINT('',(-63.58214476,-23.678692532,6.5));
#3706=DIRECTION('',(0.390727545,-0.920506375,0.));
#3707=VECTOR('',#3706,20.842500176);
#3708=LINE('',#3705,#3707);
#3709=EDGE_CURVE('',#3704,#3695,#3708,.T.);
#3710=ORIENTED_EDGE('',*,*,#3709,.F.);
#3711=CARTESIAN_POINT('',(-63.58214476,-23.678692532,6.5));
#3712=DIRECTION('',(1.,0.,-0.));
#3713=VECTOR('',#3712,11.753729325);
#3714=LINE('',#3711,#3713);
#3715=EDGE_CURVE('',#3704,#35,#3714,.T.);
#3716=ORIENTED_EDGE('',*,*,#3715,.T.);
#3717=ORIENTED_EDGE('',*,*,#62,.T.);
#3718=CARTESIAN_POINT('',(-53.35894339,-28.18452628,6.5));
#3719=VERTEX_POINT('',#3718);
#3720=CARTESIAN_POINT('',(-54.745890077,-24.917087245,6.5));
#3721=DIRECTION('',(0.390731392,-0.920504742,0.));
#3722=VECTOR('',#3721,3.549616735);
#3723=LINE('',#3720,#3722);
#3724=EDGE_CURVE('',#51,#3719,#3723,.T.);
#3725=ORIENTED_EDGE('',*,*,#3724,.T.);
#3726=CARTESIAN_POINT('',(-54.003653287,-28.458189081,6.5));
#3727=VERTEX_POINT('',#3726);
#3728=CARTESIAN_POINT('',(-54.003653287,-28.458189081,6.5));
#3729=DIRECTION('',(0.920505015,0.390730749,0.));
#3730=VECTOR('',#3729,0.700387164);
#3731=LINE('',#3728,#3730);
#3732=EDGE_CURVE('',#3727,#3719,#3731,.T.);
#3733=ORIENTED_EDGE('',*,*,#3732,.F.);
#3734=CARTESIAN_POINT('',(-51.268534421,-34.901723932,6.5));
#3735=VERTEX_POINT('',#3734);
#3736=CARTESIAN_POINT('',(-51.268534421,-34.901723932,6.5));
#3737=DIRECTION('',(-0.3907312,0.920504823,0.));
#3738=VECTOR('',#3737,7.000001185);
#3739=LINE('',#3736,#3738);
#3740=EDGE_CURVE('',#3735,#3727,#3739,.T.);
#3741=ORIENTED_EDGE('',*,*,#3740,.F.);
#3742=CARTESIAN_POINT('',(-50.623823334,-34.628060208,6.5));
#3743=VERTEX_POINT('',#3742);
#3744=CARTESIAN_POINT('',(-50.623823334,-34.628060208,6.5));
#3745=DIRECTION('',(-0.9205048,-0.390731255,0.));
#3746=VECTOR('',#3745,0.70038862);
#3747=LINE('',#3744,#3746);
#3748=EDGE_CURVE('',#3743,#3735,#3747,.T.);
#3749=ORIENTED_EDGE('',*,*,#3748,.F.);
#3750=CARTESIAN_POINT('',(-49.236577747,-37.896203407,6.5));
#3751=VERTEX_POINT('',#3750);
#3752=CARTESIAN_POINT('',(-50.623823334,-34.628060208,6.5));
#3753=DIRECTION('',(0.390731392,-0.920504742,0.));
#3754=VECTOR('',#3753,3.55038171);
#3755=LINE('',#3752,#3754);
#3756=EDGE_CURVE('',#3743,#3751,#3755,.T.);
#3757=ORIENTED_EDGE('',*,*,#3756,.T.);
#3758=CARTESIAN_POINT('',(-36.257458508,-32.386895167,6.5));
#3759=VERTEX_POINT('',#3758);
#3760=CARTESIAN_POINT('',(-49.236577747,-37.896203407,6.5));
#3761=DIRECTION('',(0.920504879,0.390731068,0.));
#3762=VECTOR('',#3761,14.100000479);
#3763=LINE('',#3760,#3762);
#3764=EDGE_CURVE('',#3751,#3759,#3763,.T.);
#3765=ORIENTED_EDGE('',*,*,#3764,.T.);
#3766=CARTESIAN_POINT('',(-37.644704877,-29.118749187,6.5));
#3767=VERTEX_POINT('',#3766);
#3768=CARTESIAN_POINT('',(-36.257458508,-32.386895167,6.5));
#3769=DIRECTION('',(-0.390731297,0.920504782,0.));
#3770=VECTOR('',#3769,3.550384576);
#3771=LINE('',#3768,#3770);
#3772=EDGE_CURVE('',#3759,#3767,#3771,.T.);
#3773=ORIENTED_EDGE('',*,*,#3772,.T.);
#3774=CARTESIAN_POINT('',(-37.000712155,-28.84539039,6.5));
#3775=VERTEX_POINT('',#3774);
#3776=CARTESIAN_POINT('',(-37.000712155,-28.84539039,6.5));
#3777=DIRECTION('',(-0.9205048,-0.390731255,0.));
#3778=VECTOR('',#3777,0.699608217);
#3779=LINE('',#3776,#3778);
#3780=EDGE_CURVE('',#3775,#3767,#3779,.T.);
#3781=ORIENTED_EDGE('',*,*,#3780,.F.);
#3782=CARTESIAN_POINT('',(-39.73582446,-22.40186201,6.5));
#3783=VERTEX_POINT('',#3782);
#3784=CARTESIAN_POINT('',(-39.73582446,-22.40186201,6.5));
#3785=DIRECTION('',(0.390730739,-0.920505019,0.));
#3786=VECTOR('',#3785,6.999992665);
#3787=LINE('',#3784,#3786);
#3788=EDGE_CURVE('',#3783,#3775,#3787,.T.);
#3789=ORIENTED_EDGE('',*,*,#3788,.F.);
#3790=CARTESIAN_POINT('',(-40.379821239,-22.675222111,6.5));
#3791=VERTEX_POINT('',#3790);
#3792=CARTESIAN_POINT('',(-40.379821239,-22.675222111,6.5));
#3793=DIRECTION('',(0.920505015,0.390730749,0.));
#3794=VECTOR('',#3793,0.699612462);
#3795=LINE('',#3792,#3794);
#3796=EDGE_CURVE('',#3791,#3783,#3795,.T.);
#3797=ORIENTED_EDGE('',*,*,#3796,.F.);
#3798=CARTESIAN_POINT('',(-40.379821239,-22.675222111,6.5));
#3799=DIRECTION('',(-0.390731297,0.920504782,0.));
#3800=VECTOR('',#3799,3.549623375);
#3801=LINE('',#3798,#3800);
#3802=EDGE_CURVE('',#3791,#3380,#3801,.T.);
#3803=ORIENTED_EDGE('',*,*,#3802,.T.);
#3804=EDGE_LOOP('',(#3388,#3396,#3404,#3412,#3420,#3428,#3436,#3444,#3450,#3451,#3457,#3458,#3467,#3475,#3483,#3492,#3500,#3508,#3517,#3525,#3534,#3542,#3550,#3559,#3567,#3575,
#3584,#3592,#3601,#3609,#3618,#3626,#3635,#3643,#3652,#3660,#3669,#3677,#3685,#3693,#3702,#3710,#3716,#3717,#3725,#3733,#3741,#3749,#3757,#3765,#3773,
#3781,#3789,#3797,#3803));
#3805=FACE_BOUND('',#3804,.T.);
#3806=CARTESIAN_POINT('',(1.260243956,32.183919836,6.5));
#3807=VERTEX_POINT('',#3806);
#3808=CARTESIAN_POINT('',(0.559736253,32.183919836,6.5));
#3809=VERTEX_POINT('',#3808);
#3810=CARTESIAN_POINT('',(1.260243956,32.183919836,6.5));
#3811=DIRECTION('',(-1.,0.,0.));
#3812=VECTOR('',#3811,0.700507703);
#3813=LINE('',#3810,#3812);
#3814=EDGE_CURVE('',#3807,#3809,#3813,.T.);
#3815=ORIENTED_EDGE('',*,*,#3814,.F.);
#3816=CARTESIAN_POINT('',(1.260243956,28.633716893,6.5));
#3817=VERTEX_POINT('',#3816);
#3818=CARTESIAN_POINT('',(1.260243956,32.183919836,6.5));
#3819=DIRECTION('',(-0.,-1.,0.));
#3820=VECTOR('',#3819,3.550202943);
#3821=LINE('',#3818,#3820);
#3822=EDGE_CURVE('',#3807,#3817,#3821,.T.);
#3823=ORIENTED_EDGE('',*,*,#3822,.T.);
#3824=CARTESIAN_POINT('',(15.360244338,28.633716893,6.5));
#3825=VERTEX_POINT('',#3824);
#3826=CARTESIAN_POINT('',(1.260243956,28.633716893,6.5));
#3827=DIRECTION('',(1.,-0.,0.));
#3828=VECTOR('',#3827,14.100000381);
#3829=LINE('',#3826,#3828);
#3830=EDGE_CURVE('',#3817,#3825,#3829,.T.);
#3831=ORIENTED_EDGE('',*,*,#3830,.T.);
#3832=CARTESIAN_POINT('',(15.360244338,32.183919836,6.5));
#3833=VERTEX_POINT('',#3832);
#3834=CARTESIAN_POINT('',(15.360244338,28.633716893,6.5));
#3835=DIRECTION('',(0.,1.,0.));
#3836=VECTOR('',#3835,3.550202943);
#3837=LINE('',#3834,#3836);
#3838=EDGE_CURVE('',#3825,#3833,#3837,.T.);
#3839=ORIENTED_EDGE('',*,*,#3838,.T.);
#3840=CARTESIAN_POINT('',(16.059736491,32.183919836,6.5));
#3841=VERTEX_POINT('',#3840);
#3842=CARTESIAN_POINT('',(16.059736491,32.183919836,6.5));
#3843=DIRECTION('',(-1.,0.,0.));
#3844=VECTOR('',#3843,0.699492154);
#3845=LINE('',#3842,#3844);
#3846=EDGE_CURVE('',#3841,#3833,#3845,.T.);
#3847=ORIENTED_EDGE('',*,*,#3846,.F.);
#3848=CARTESIAN_POINT('',(16.059736491,39.183919836,6.5));
#3849=VERTEX_POINT('',#3848);
#3850=CARTESIAN_POINT('',(16.059736491,39.183919836,6.5));
#3851=DIRECTION('',(0.,-1.,0.));
#3852=VECTOR('',#3851,7.);
#3853=LINE('',#3850,#3852);
#3854=EDGE_CURVE('',#3849,#3841,#3853,.T.);
#3855=ORIENTED_EDGE('',*,*,#3854,.F.);
#3856=CARTESIAN_POINT('',(15.360244338,39.183919836,6.5));
#3857=VERTEX_POINT('',#3856);
#3858=CARTESIAN_POINT('',(15.360244338,39.183919836,6.5));
#3859=DIRECTION('',(1.,0.,-0.));
#3860=VECTOR('',#3859,0.699492154);
#3861=LINE('',#3858,#3860);
#3862=EDGE_CURVE('',#3857,#3849,#3861,.T.);
#3863=ORIENTED_EDGE('',*,*,#3862,.F.);
#3864=CARTESIAN_POINT('',(15.360244338,42.733717275,6.5));
#3865=VERTEX_POINT('',#3864);
#3866=CARTESIAN_POINT('',(15.360244338,39.183919836,6.5));
#3867=DIRECTION('',(0.,1.,0.));
#3868=VECTOR('',#3867,3.549797439);
#3869=LINE('',#3866,#3868);
#3870=EDGE_CURVE('',#3857,#3865,#3869,.T.);
#3871=ORIENTED_EDGE('',*,*,#3870,.T.);
#3872=CARTESIAN_POINT('',(1.260243956,42.733717275,6.5));
#3873=VERTEX_POINT('',#3872);
#3874=CARTESIAN_POINT('',(15.360244338,42.733717275,6.5));
#3875=DIRECTION('',(-1.,0.,0.));
#3876=VECTOR('',#3875,14.100000381);
#3877=LINE('',#3874,#3876);
#3878=EDGE_CURVE('',#3865,#3873,#3877,.T.);
#3879=ORIENTED_EDGE('',*,*,#3878,.T.);
#3880=CARTESIAN_POINT('',(1.260243956,39.183919836,6.5));
#3881=VERTEX_POINT('',#3880);
#3882=CARTESIAN_POINT('',(1.260243956,42.733717275,6.5));
#3883=DIRECTION('',(-0.,-1.,0.));
#3884=VECTOR('',#3883,3.549797439);
#3885=LINE('',#3882,#3884);
#3886=EDGE_CURVE('',#3873,#3881,#3885,.T.);
#3887=ORIENTED_EDGE('',*,*,#3886,.T.);
#3888=CARTESIAN_POINT('',(0.559736253,39.183919836,6.5));
#3889=VERTEX_POINT('',#3888);
#3890=CARTESIAN_POINT('',(0.559736253,39.183919836,6.5));
#3891=DIRECTION('',(1.,0.,-0.));
#3892=VECTOR('',#3891,0.700507703);
#3893=LINE('',#3890,#3892);
#3894=EDGE_CURVE('',#3889,#3881,#3893,.T.);
#3895=ORIENTED_EDGE('',*,*,#3894,.F.);
#3896=CARTESIAN_POINT('',(0.559736253,32.183919836,6.5));
#3897=DIRECTION('',(0.,1.,0.));
#3898=VECTOR('',#3897,7.);
#3899=LINE('',#3896,#3898);
#3900=EDGE_CURVE('',#3809,#3889,#3899,.T.);
#3901=ORIENTED_EDGE('',*,*,#3900,.F.);
#3902=EDGE_LOOP('',(#3815,#3823,#3831,#3839,#3847,#3855,#3863,#3871,#3879,#3887,#3895,#3901));
#3903=FACE_BOUND('',#3902,.T.);
#3904=CARTESIAN_POINT('',(-15.739756044,30.058919836,6.5));
#3905=VERTEX_POINT('',#3904);
#3906=CARTESIAN_POINT('',(-16.440264462,30.058919836,6.5));
#3907=VERTEX_POINT('',#3906);
#3908=CARTESIAN_POINT('',(-15.739756044,30.058919836,6.5));
#3909=DIRECTION('',(-1.,0.,0.));
#3910=VECTOR('',#3909,0.700508418);
#3911=LINE('',#3908,#3910);
#3912=EDGE_CURVE('',#3905,#3907,#3911,.T.);
#3913=ORIENTED_EDGE('',*,*,#3912,.F.);
#3914=CARTESIAN_POINT('',(-15.739756044,26.508716893,6.5));
#3915=VERTEX_POINT('',#3914);
#3916=CARTESIAN_POINT('',(-15.739756044,30.058919836,6.5));
#3917=DIRECTION('',(-0.,-1.,0.));
#3918=VECTOR('',#3917,3.550202943);
#3919=LINE('',#3916,#3918);
#3920=EDGE_CURVE('',#3905,#3915,#3919,.T.);
#3921=ORIENTED_EDGE('',*,*,#3920,.T.);
#3922=CARTESIAN_POINT('',(-1.639756139,26.508716893,6.5));
#3923=VERTEX_POINT('',#3922);
#3924=CARTESIAN_POINT('',(-15.739756044,26.508716893,6.5));
#3925=DIRECTION('',(1.,-0.,0.));
#3926=VECTOR('',#3925,14.099999905);
#3927=LINE('',#3924,#3926);
#3928=EDGE_CURVE('',#3915,#3923,#3927,.T.);
#3929=ORIENTED_EDGE('',*,*,#3928,.T.);
#3930=CARTESIAN_POINT('',(-1.639756139,30.058919836,6.5));
#3931=VERTEX_POINT('',#3930);
#3932=CARTESIAN_POINT('',(-1.639756139,26.508716893,6.5));
#3933=DIRECTION('',(0.,1.,0.));
#3934=VECTOR('',#3933,3.550202943);
#3935=LINE('',#3932,#3934);
#3936=EDGE_CURVE('',#3923,#3931,#3935,.T.);
#3937=ORIENTED_EDGE('',*,*,#3936,.T.);
#3938=CARTESIAN_POINT('',(-0.940263747,30.058919836,6.5));
#3939=VERTEX_POINT('',#3938);
#3940=CARTESIAN_POINT('',(-0.940263747,30.058919836,6.5));
#3941=DIRECTION('',(-1.,0.,0.));
#3942=VECTOR('',#3941,0.699492392);
#3943=LINE('',#3940,#3942);
#3944=EDGE_CURVE('',#3939,#3931,#3943,.T.);
#3945=ORIENTED_EDGE('',*,*,#3944,.F.);
#3946=CARTESIAN_POINT('',(-0.940263747,37.058919836,6.5));
#3947=VERTEX_POINT('',#3946);
#3948=CARTESIAN_POINT('',(-0.940263747,37.058919836,6.5));
#3949=DIRECTION('',(0.,-1.,0.));
#3950=VECTOR('',#3949,7.);
#3951=LINE('',#3948,#3950);
#3952=EDGE_CURVE('',#3947,#3939,#3951,.T.);
#3953=ORIENTED_EDGE('',*,*,#3952,.F.);
#3954=CARTESIAN_POINT('',(-1.639756139,37.058919836,6.5));
#3955=VERTEX_POINT('',#3954);
#3956=CARTESIAN_POINT('',(-1.639756139,37.058919836,6.5));
#3957=DIRECTION('',(1.,0.,-0.));
#3958=VECTOR('',#3957,0.699492392);
#3959=LINE('',#3956,#3958);
#3960=EDGE_CURVE('',#3955,#3947,#3959,.T.);
#3961=ORIENTED_EDGE('',*,*,#3960,.F.);
#3962=CARTESIAN_POINT('',(-1.639756139,40.608717275,6.5));
#3963=VERTEX_POINT('',#3962);
#3964=CARTESIAN_POINT('',(-1.639756139,37.058919836,6.5));
#3965=DIRECTION('',(0.,1.,0.));
#3966=VECTOR('',#3965,3.549797439);
#3967=LINE('',#3964,#3966);
#3968=EDGE_CURVE('',#3955,#3963,#3967,.T.);
#3969=ORIENTED_EDGE('',*,*,#3968,.T.);
#3970=CARTESIAN_POINT('',(-15.739756044,40.608717275,6.5));
#3971=VERTEX_POINT('',#3970);
#3972=CARTESIAN_POINT('',(-1.639756139,40.608717275,6.5));
#3973=DIRECTION('',(-1.,0.,0.));
#3974=VECTOR('',#3973,14.099999905);
#3975=LINE('',#3972,#3974);
#3976=EDGE_CURVE('',#3963,#3971,#3975,.T.);
#3977=ORIENTED_EDGE('',*,*,#3976,.T.);
#3978=CARTESIAN_POINT('',(-15.739756044,37.058919836,6.5));
#3979=VERTEX_POINT('',#3978);
#3980=CARTESIAN_POINT('',(-15.739756044,40.608717275,6.5));
#3981=DIRECTION('',(-0.,-1.,0.));
#3982=VECTOR('',#3981,3.549797439);
#3983=LINE('',#3980,#3982);
#3984=EDGE_CURVE('',#3971,#3979,#3983,.T.);
#3985=ORIENTED_EDGE('',*,*,#3984,.T.);
#3986=CARTESIAN_POINT('',(-16.440264462,37.058919836,6.5));
#3987=VERTEX_POINT('',#3986);
#3988=CARTESIAN_POINT('',(-16.440264462,37.058919836,6.5));
#3989=DIRECTION('',(1.,0.,-0.));
#3990=VECTOR('',#3989,0.700508418);
#3991=LINE('',#3988,#3990);
#3992=EDGE_CURVE('',#3987,#3979,#3991,.T.);
#3993=ORIENTED_EDGE('',*,*,#3992,.F.);
#3994=CARTESIAN_POINT('',(-16.440264462,30.058919836,6.5));
#3995=DIRECTION('',(0.,1.,0.));
#3996=VECTOR('',#3995,7.);
#3997=LINE('',#3994,#3996);
#3998=EDGE_CURVE('',#3907,#3987,#3997,.T.);
#3999=ORIENTED_EDGE('',*,*,#3998,.F.);
#4000=EDGE_LOOP('',(#3913,#3921,#3929,#3937,#3945,#3953,#3961,#3969,#3977,#3985,#3993,#3999));
#4001=FACE_BOUND('',#4000,.T.);
#4002=CARTESIAN_POINT('',(-15.739756044,13.058918882,6.5));
#4003=VERTEX_POINT('',#4002);
#4004=CARTESIAN_POINT('',(-16.440264462,13.058918882,6.5));
#4005=VERTEX_POINT('',#4004);
#4006=CARTESIAN_POINT('',(-15.739756044,13.058918882,6.5));
#4007=DIRECTION('',(-1.,0.,0.));
#4008=VECTOR('',#4007,0.700508418);
#4009=LINE('',#4006,#4008);
#4010=EDGE_CURVE('',#4003,#4005,#4009,.T.);
#4011=ORIENTED_EDGE('',*,*,#4010,.F.);
#4012=CARTESIAN_POINT('',(-15.739756044,9.50871737,6.5));
#4013=VERTEX_POINT('',#4012);
#4014=CARTESIAN_POINT('',(-15.739756044,13.058918882,6.5));
#4015=DIRECTION('',(-0.,-1.,0.));
#4016=VECTOR('',#4015,3.550201512);
#4017=LINE('',#4014,#4016);
#4018=EDGE_CURVE('',#4003,#4013,#4017,.T.);
#4019=ORIENTED_EDGE('',*,*,#4018,.T.);
#4020=CARTESIAN_POINT('',(-1.639756139,9.50871737,6.5));
#4021=VERTEX_POINT('',#4020);
#4022=CARTESIAN_POINT('',(-15.739756044,9.50871737,6.5));
#4023=DIRECTION('',(1.,-0.,0.));
#4024=VECTOR('',#4023,14.099999905);
#4025=LINE('',#4022,#4024);
#4026=EDGE_CURVE('',#4013,#4021,#4025,.T.);
#4027=ORIENTED_EDGE('',*,*,#4026,.T.);
#4028=CARTESIAN_POINT('',(-1.639756139,13.058918882,6.5));
#4029=VERTEX_POINT('',#4028);
#4030=CARTESIAN_POINT('',(-1.639756139,9.50871737,6.5));
#4031=DIRECTION('',(0.,1.,0.));
#4032=VECTOR('',#4031,3.550201512);
#4033=LINE('',#4030,#4032);
#4034=EDGE_CURVE('',#4021,#4029,#4033,.T.);
#4035=ORIENTED_EDGE('',*,*,#4034,.T.);
#4036=CARTESIAN_POINT('',(-0.940263747,13.058918882,6.5));
#4037=VERTEX_POINT('',#4036);
#4038=CARTESIAN_POINT('',(-0.940263747,13.058918882,6.5));
#4039=DIRECTION('',(-1.,0.,0.));
#4040=VECTOR('',#4039,0.699492392);
#4041=LINE('',#4038,#4040);
#4042=EDGE_CURVE('',#4037,#4029,#4041,.T.);
#4043=ORIENTED_EDGE('',*,*,#4042,.F.);
#4044=CARTESIAN_POINT('',(-0.940263747,20.058919836,6.5));
#4045=VERTEX_POINT('',#4044);
#4046=CARTESIAN_POINT('',(-0.940263747,20.058919836,6.5));
#4047=DIRECTION('',(0.,-1.,0.));
#4048=VECTOR('',#4047,7.000000954);
#4049=LINE('',#4046,#4048);
#4050=EDGE_CURVE('',#4045,#4037,#4049,.T.);
#4051=ORIENTED_EDGE('',*,*,#4050,.F.);
#4052=CARTESIAN_POINT('',(-1.639756139,20.058919836,6.5));
#4053=VERTEX_POINT('',#4052);
#4054=CARTESIAN_POINT('',(-1.639756139,20.058919836,6.5));
#4055=DIRECTION('',(1.,0.,-0.));
#4056=VECTOR('',#4055,0.699492392);
#4057=LINE('',#4054,#4056);
#4058=EDGE_CURVE('',#4053,#4045,#4057,.T.);
#4059=ORIENTED_EDGE('',*,*,#4058,.F.);
#4060=CARTESIAN_POINT('',(-1.639756139,23.608717275,6.5));
#4061=VERTEX_POINT('',#4060);
#4062=CARTESIAN_POINT('',(-1.639756139,20.058919836,6.5));
#4063=DIRECTION('',(0.,1.,0.));
#4064=VECTOR('',#4063,3.549797439);
#4065=LINE('',#4062,#4064);
#4066=EDGE_CURVE('',#4053,#4061,#4065,.T.);
#4067=ORIENTED_EDGE('',*,*,#4066,.T.);
#4068=CARTESIAN_POINT('',(-15.739756044,23.608717275,6.5));
#4069=VERTEX_POINT('',#4068);
#4070=CARTESIAN_POINT('',(-1.639756139,23.608717275,6.5));
#4071=DIRECTION('',(-1.,0.,0.));
#4072=VECTOR('',#4071,14.099999905);
#4073=LINE('',#4070,#4072);
#4074=EDGE_CURVE('',#4061,#4069,#4073,.T.);
#4075=ORIENTED_EDGE('',*,*,#4074,.T.);
#4076=CARTESIAN_POINT('',(-15.739756044,20.058919836,6.5));
#4077=VERTEX_POINT('',#4076);
#4078=CARTESIAN_POINT('',(-15.739756044,23.608717275,6.5));
#4079=DIRECTION('',(-0.,-1.,0.));
#4080=VECTOR('',#4079,3.549797439);
#4081=LINE('',#4078,#4080);
#4082=EDGE_CURVE('',#4069,#4077,#4081,.T.);
#4083=ORIENTED_EDGE('',*,*,#4082,.T.);
#4084=CARTESIAN_POINT('',(-16.440264462,20.058919836,6.5));
#4085=VERTEX_POINT('',#4084);
#4086=CARTESIAN_POINT('',(-16.440264462,20.058919836,6.5));
#4087=DIRECTION('',(1.,0.,-0.));
#4088=VECTOR('',#4087,0.700508418);
#4089=LINE('',#4086,#4088);
#4090=EDGE_CURVE('',#4085,#4077,#4089,.T.);
#4091=ORIENTED_EDGE('',*,*,#4090,.F.);
#4092=CARTESIAN_POINT('',(-16.440264462,13.058918882,6.5));
#4093=DIRECTION('',(0.,1.,0.));
#4094=VECTOR('',#4093,7.000000954);
#4095=LINE('',#4092,#4094);
#4096=EDGE_CURVE('',#4005,#4085,#4095,.T.);
#4097=ORIENTED_EDGE('',*,*,#4096,.F.);
#4098=EDGE_LOOP('',(#4011,#4019,#4027,#4035,#4043,#4051,#4059,#4067,#4075,#4083,#4091,#4097));
#4099=FACE_BOUND('',#4098,.T.);
#4100=CARTESIAN_POINT('',(-32.739756044,-6.066081118,6.5));
#4101=VERTEX_POINT('',#4100);
#4102=CARTESIAN_POINT('',(-33.440264462,-6.066081118,6.5));
#4103=VERTEX_POINT('',#4102);
#4104=CARTESIAN_POINT('',(-32.739756044,-6.066081118,6.5));
#4105=DIRECTION('',(-1.,0.,0.));
#4106=VECTOR('',#4105,0.700508418);
#4107=LINE('',#4104,#4106);
#4108=EDGE_CURVE('',#4101,#4103,#4107,.T.);
#4109=ORIENTED_EDGE('',*,*,#4108,.F.);
#4110=CARTESIAN_POINT('',(-32.739756044,-9.616282153,6.5));
#4111=VERTEX_POINT('',#4110);
#4112=CARTESIAN_POINT('',(-32.739756044,-6.066081118,6.5));
#4113=DIRECTION('',(-0.,-1.,0.));
#4114=VECTOR('',#4113,3.550201035);
#4115=LINE('',#4112,#4114);
#4116=EDGE_CURVE('',#4101,#4111,#4115,.T.);
#4117=ORIENTED_EDGE('',*,*,#4116,.T.);
#4118=CARTESIAN_POINT('',(-18.639755662,-9.616282153,6.5));
#4119=VERTEX_POINT('',#4118);
#4120=CARTESIAN_POINT('',(-32.739756044,-9.616282153,6.5));
#4121=DIRECTION('',(1.,-0.,0.));
#4122=VECTOR('',#4121,14.100000381);
#4123=LINE('',#4120,#4122);
#4124=EDGE_CURVE('',#4111,#4119,#4123,.T.);
#4125=ORIENTED_EDGE('',*,*,#4124,.T.);
#4126=CARTESIAN_POINT('',(-18.639755662,-6.066081118,6.5));
#4127=VERTEX_POINT('',#4126);
#4128=CARTESIAN_POINT('',(-18.639755662,-9.616282153,6.5));
#4129=DIRECTION('',(0.,1.,0.));
#4130=VECTOR('',#4129,3.550201035);
#4131=LINE('',#4128,#4130);
#4132=EDGE_CURVE('',#4119,#4127,#4131,.T.);
#4133=ORIENTED_EDGE('',*,*,#4132,.T.);
#4134=CARTESIAN_POINT('',(-17.940264462,-6.066081118,6.5));
#4135=VERTEX_POINT('',#4134);
#4136=CARTESIAN_POINT('',(-17.940264462,-6.066081118,6.5));
#4137=DIRECTION('',(-1.,0.,0.));
#4138=VECTOR('',#4137,0.6994912);
#4139=LINE('',#4136,#4138);
#4140=EDGE_CURVE('',#4135,#4127,#4139,.T.);
#4141=ORIENTED_EDGE('',*,*,#4140,.F.);
#4142=CARTESIAN_POINT('',(-17.940264462,0.93391924,6.5));
#4143=VERTEX_POINT('',#4142);
#4144=CARTESIAN_POINT('',(-17.940264462,0.93391924,6.5));
#4145=DIRECTION('',(0.,-1.,0.));
#4146=VECTOR('',#4145,7.000000358);
#4147=LINE('',#4144,#4146);
#4148=EDGE_CURVE('',#4143,#4135,#4147,.T.);
#4149=ORIENTED_EDGE('',*,*,#4148,.F.);
#4150=CARTESIAN_POINT('',(-18.639755662,0.93391924,6.5));
#4151=VERTEX_POINT('',#4150);
#4152=CARTESIAN_POINT('',(-18.639755662,0.93391924,6.5));
#4153=DIRECTION('',(1.,0.,-0.));
#4154=VECTOR('',#4153,0.6994912);
#4155=LINE('',#4152,#4154);
#4156=EDGE_CURVE('',#4151,#4143,#4155,.T.);
#4157=ORIENTED_EDGE('',*,*,#4156,.F.);
#4158=CARTESIAN_POINT('',(-18.639755662,4.483717513,6.5));
#4159=VERTEX_POINT('',#4158);
#4160=CARTESIAN_POINT('',(-18.639755662,0.93391924,6.5));
#4161=DIRECTION('',(0.,1.,0.));
#4162=VECTOR('',#4161,3.549798273);
#4163=LINE('',#4160,#4162);
#4164=EDGE_CURVE('',#4151,#4159,#4163,.T.);
#4165=ORIENTED_EDGE('',*,*,#4164,.T.);
#4166=CARTESIAN_POINT('',(-32.739756044,4.483717513,6.5));
#4167=VERTEX_POINT('',#4166);
#4168=CARTESIAN_POINT('',(-18.639755662,4.483717513,6.5));
#4169=DIRECTION('',(-1.,0.,0.));
#4170=VECTOR('',#4169,14.100000382);
#4171=LINE('',#4168,#4170);
#4172=EDGE_CURVE('',#4159,#4167,#4171,.T.);
#4173=ORIENTED_EDGE('',*,*,#4172,.T.);
#4174=CARTESIAN_POINT('',(-32.739756044,0.93391924,6.5));
#4175=VERTEX_POINT('',#4174);
#4176=CARTESIAN_POINT('',(-32.739756044,4.483717513,6.5));
#4177=DIRECTION('',(-0.,-1.,0.));
#4178=VECTOR('',#4177,3.549798273);
#4179=LINE('',#4176,#4178);
#4180=EDGE_CURVE('',#4167,#4175,#4179,.T.);
#4181=ORIENTED_EDGE('',*,*,#4180,.T.);
#4182=CARTESIAN_POINT('',(-33.440264462,0.93391924,6.5));
#4183=VERTEX_POINT('',#4182);
#4184=CARTESIAN_POINT('',(-33.440264462,0.93391924,6.5));
#4185=DIRECTION('',(1.,0.,-0.));
#4186=VECTOR('',#4185,0.700508418);
#4187=LINE('',#4184,#4186);
#4188=EDGE_CURVE('',#4183,#4175,#4187,.T.);
#4189=ORIENTED_EDGE('',*,*,#4188,.F.);
#4190=CARTESIAN_POINT('',(-33.440264462,-6.066081118,6.5));
#4191=DIRECTION('',(0.,1.,0.));
#4192=VECTOR('',#4191,7.000000358);
#4193=LINE('',#4190,#4192);
#4194=EDGE_CURVE('',#4103,#4183,#4193,.T.);
#4195=ORIENTED_EDGE('',*,*,#4194,.F.);
#4196=EDGE_LOOP('',(#4109,#4117,#4125,#4133,#4141,#4149,#4157,#4165,#4173,#4181,#4189,#4195));
#4197=FACE_BOUND('',#4196,.T.);
#4198=CARTESIAN_POINT('',(-15.739756044,-3.941080641,6.5));
#4199=VERTEX_POINT('',#4198);
#4200=CARTESIAN_POINT('',(-16.440264462,-3.941080641,6.5));
#4201=VERTEX_POINT('',#4200);
#4202=CARTESIAN_POINT('',(-15.739756044,-3.941080641,6.5));
#4203=DIRECTION('',(-1.,0.,0.));
#4204=VECTOR('',#4203,0.700508418);
#4205=LINE('',#4202,#4204);
#4206=EDGE_CURVE('',#4199,#4201,#4205,.T.);
#4207=ORIENTED_EDGE('',*,*,#4206,.F.);
#4208=CARTESIAN_POINT('',(-15.739756044,-7.491282153,6.5));
#4209=VERTEX_POINT('',#4208);
#4210=CARTESIAN_POINT('',(-15.739756044,-3.941080641,6.5));
#4211=DIRECTION('',(-0.,-1.,0.));
#4212=VECTOR('',#4211,3.550201512);
#4213=LINE('',#4210,#4212);
#4214=EDGE_CURVE('',#4199,#4209,#4213,.T.);
#4215=ORIENTED_EDGE('',*,*,#4214,.T.);
#4216=CARTESIAN_POINT('',(-1.639756139,-7.491282153,6.5));
#4217=VERTEX_POINT('',#4216);
#4218=CARTESIAN_POINT('',(-15.739756044,-7.491282153,6.5));
#4219=DIRECTION('',(1.,-0.,0.));
#4220=VECTOR('',#4219,14.099999905);
#4221=LINE('',#4218,#4220);
#4222=EDGE_CURVE('',#4209,#4217,#4221,.T.);
#4223=ORIENTED_EDGE('',*,*,#4222,.T.);
#4224=CARTESIAN_POINT('',(-1.639756139,-3.941080641,6.5));
#4225=VERTEX_POINT('',#4224);
#4226=CARTESIAN_POINT('',(-1.639756139,-7.491282153,6.5));
#4227=DIRECTION('',(0.,1.,0.));
#4228=VECTOR('',#4227,3.550201512);
#4229=LINE('',#4226,#4228);
#4230=EDGE_CURVE('',#4217,#4225,#4229,.T.);
#4231=ORIENTED_EDGE('',*,*,#4230,.T.);
#4232=CARTESIAN_POINT('',(-0.940263747,-3.941080641,6.5));
#4233=VERTEX_POINT('',#4232);
#4234=CARTESIAN_POINT('',(-0.940263747,-3.941080641,6.5));
#4235=DIRECTION('',(-1.,0.,0.));
#4236=VECTOR('',#4235,0.699492392);
#4237=LINE('',#4234,#4236);
#4238=EDGE_CURVE('',#4233,#4225,#4237,.T.);
#4239=ORIENTED_EDGE('',*,*,#4238,.F.);
#4240=CARTESIAN_POINT('',(-0.940263747,3.05891924,6.5));
#4241=VERTEX_POINT('',#4240);
#4242=CARTESIAN_POINT('',(-0.940263747,3.05891924,6.5));
#4243=DIRECTION('',(0.,-1.,0.));
#4244=VECTOR('',#4243,6.999999881);
#4245=LINE('',#4242,#4244);
#4246=EDGE_CURVE('',#4241,#4233,#4245,.T.);
#4247=ORIENTED_EDGE('',*,*,#4246,.F.);
#4248=CARTESIAN_POINT('',(-1.639756139,3.05891924,6.5));
#4249=VERTEX_POINT('',#4248);
#4250=CARTESIAN_POINT('',(-1.639756139,3.05891924,6.5));
#4251=DIRECTION('',(1.,0.,-0.));
#4252=VECTOR('',#4251,0.699492392);
#4253=LINE('',#4250,#4252);
#4254=EDGE_CURVE('',#4249,#4241,#4253,.T.);
#4255=ORIENTED_EDGE('',*,*,#4254,.F.);
#4256=CARTESIAN_POINT('',(-1.639756139,6.608717275,6.5));
#4257=VERTEX_POINT('',#4256);
#4258=CARTESIAN_POINT('',(-1.639756139,3.05891924,6.5));
#4259=DIRECTION('',(0.,1.,0.));
#4260=VECTOR('',#4259,3.549798035);
#4261=LINE('',#4258,#4260);
#4262=EDGE_CURVE('',#4249,#4257,#4261,.T.);
#4263=ORIENTED_EDGE('',*,*,#4262,.T.);
#4264=CARTESIAN_POINT('',(-15.739756044,6.608717275,6.5));
#4265=VERTEX_POINT('',#4264);
#4266=CARTESIAN_POINT('',(-1.639756139,6.608717275,6.5));
#4267=DIRECTION('',(-1.,0.,0.));
#4268=VECTOR('',#4267,14.099999905);
#4269=LINE('',#4266,#4268);
#4270=EDGE_CURVE('',#4257,#4265,#4269,.T.);
#4271=ORIENTED_EDGE('',*,*,#4270,.T.);
#4272=CARTESIAN_POINT('',(-15.739756044,3.05891924,6.5));
#4273=VERTEX_POINT('',#4272);
#4274=CARTESIAN_POINT('',(-15.739756044,6.608717275,6.5));
#4275=DIRECTION('',(-0.,-1.,0.));
#4276=VECTOR('',#4275,3.549798035);
#4277=LINE('',#4274,#4276);
#4278=EDGE_CURVE('',#4265,#4273,#4277,.T.);
#4279=ORIENTED_EDGE('',*,*,#4278,.T.);
#4280=CARTESIAN_POINT('',(-16.440264462,3.05891924,6.5));
#4281=VERTEX_POINT('',#4280);
#4282=CARTESIAN_POINT('',(-16.440264462,3.05891924,6.5));
#4283=DIRECTION('',(1.,0.,-0.));
#4284=VECTOR('',#4283,0.700508418);
#4285=LINE('',#4282,#4284);
#4286=EDGE_CURVE('',#4281,#4273,#4285,.T.);
#4287=ORIENTED_EDGE('',*,*,#4286,.F.);
#4288=CARTESIAN_POINT('',(-16.440264462,-3.941080641,6.5));
#4289=DIRECTION('',(0.,1.,0.));
#4290=VECTOR('',#4289,6.999999881);
#4291=LINE('',#4288,#4290);
#4292=EDGE_CURVE('',#4201,#4281,#4291,.T.);
#4293=ORIENTED_EDGE('',*,*,#4292,.F.);
#4294=EDGE_LOOP('',(#4207,#4215,#4223,#4231,#4239,#4247,#4255,#4263,#4271,#4279,#4287,#4293));
#4295=FACE_BOUND('',#4294,.T.);
#4296=CARTESIAN_POINT('',(-11.489756044,-24.426080774,6.5));
#4297=VERTEX_POINT('',#4296);
#4298=CARTESIAN_POINT('',(-12.190264462,-24.426080774,6.5));
#4299=VERTEX_POINT('',#4298);
#4300=CARTESIAN_POINT('',(-11.489756044,-24.426080774,6.5));
#4301=DIRECTION('',(-1.,0.,0.));
#4302=VECTOR('',#4301,0.700508418);
#4303=LINE('',#4300,#4302);
#4304=EDGE_CURVE('',#4297,#4299,#4303,.T.);
#4305=ORIENTED_EDGE('',*,*,#4304,.F.);
#4306=CARTESIAN_POINT('',(-11.489756044,-27.97628181,6.5));
#4307=VERTEX_POINT('',#4306);
#4308=CARTESIAN_POINT('',(-11.489756044,-24.426080774,6.5));
#4309=DIRECTION('',(-0.,-1.,0.));
#4310=VECTOR('',#4309,3.550201035);
#4311=LINE('',#4308,#4310);
#4312=EDGE_CURVE('',#4297,#4307,#4311,.T.);
#4313=ORIENTED_EDGE('',*,*,#4312,.T.);
#4314=CARTESIAN_POINT('',(2.610243861,-27.97628181,6.5));
#4315=VERTEX_POINT('',#4314);
#4316=CARTESIAN_POINT('',(-11.489756044,-27.97628181,6.5));
#4317=DIRECTION('',(1.,-0.,0.));
#4318=VECTOR('',#4317,14.099999905);
#4319=LINE('',#4316,#4318);
#4320=EDGE_CURVE('',#4307,#4315,#4319,.T.);
#4321=ORIENTED_EDGE('',*,*,#4320,.T.);
#4322=CARTESIAN_POINT('',(2.610243861,-24.426080774,6.5));
#4323=VERTEX_POINT('',#4322);
#4324=CARTESIAN_POINT('',(2.610243861,-27.97628181,6.5));
#4325=DIRECTION('',(0.,1.,0.));
#4326=VECTOR('',#4325,3.550201035);
#4327=LINE('',#4324,#4326);
#4328=EDGE_CURVE('',#4315,#4323,#4327,.T.);
#4329=ORIENTED_EDGE('',*,*,#4328,.T.);
#4330=CARTESIAN_POINT('',(3.309736253,-24.426080774,6.5));
#4331=VERTEX_POINT('',#4330);
#4332=CARTESIAN_POINT('',(3.309736253,-24.426080774,6.5));
#4333=DIRECTION('',(-1.,0.,0.));
#4334=VECTOR('',#4333,0.699492392);
#4335=LINE('',#4332,#4334);
#4336=EDGE_CURVE('',#4331,#4323,#4335,.T.);
#4337=ORIENTED_EDGE('',*,*,#4336,.F.);
#4338=CARTESIAN_POINT('',(3.309736253,-17.426080774,6.5));
#4339=VERTEX_POINT('',#4338);
#4340=CARTESIAN_POINT('',(3.309736253,-17.426080774,6.5));
#4341=DIRECTION('',(0.,-1.,0.));
#4342=VECTOR('',#4341,7.);
#4343=LINE('',#4340,#4342);
#4344=EDGE_CURVE('',#4339,#4331,#4343,.T.);
#4345=ORIENTED_EDGE('',*,*,#4344,.F.);
#4346=CARTESIAN_POINT('',(2.610243861,-17.426080774,6.5));
#4347=VERTEX_POINT('',#4346);
#4348=CARTESIAN_POINT('',(2.610243861,-17.426080774,6.5));
#4349=DIRECTION('',(1.,0.,-0.));
#4350=VECTOR('',#4349,0.699492392);
#4351=LINE('',#4348,#4350);
#4352=EDGE_CURVE('',#4347,#4339,#4351,.T.);
#4353=ORIENTED_EDGE('',*,*,#4352,.F.);
#4354=CARTESIAN_POINT('',(2.610243861,-13.876282382,6.5));
#4355=VERTEX_POINT('',#4354);
#4356=CARTESIAN_POINT('',(2.610243861,-17.426080774,6.5));
#4357=DIRECTION('',(0.,1.,0.));
#4358=VECTOR('',#4357,3.549798393);
#4359=LINE('',#4356,#4358);
#4360=EDGE_CURVE('',#4347,#4355,#4359,.T.);
#4361=ORIENTED_EDGE('',*,*,#4360,.T.);
#4362=CARTESIAN_POINT('',(-11.489756044,-13.876282382,6.5));
#4363=VERTEX_POINT('',#4362);
#4364=CARTESIAN_POINT('',(2.610243861,-13.876282382,6.5));
#4365=DIRECTION('',(-1.,0.,0.));
#4366=VECTOR('',#4365,14.099999905);
#4367=LINE('',#4364,#4366);
#4368=EDGE_CURVE('',#4355,#4363,#4367,.T.);
#4369=ORIENTED_EDGE('',*,*,#4368,.T.);
#4370=CARTESIAN_POINT('',(-11.489756044,-17.426080774,6.5));
#4371=VERTEX_POINT('',#4370);
#4372=CARTESIAN_POINT('',(-11.489756044,-13.876282382,6.5));
#4373=DIRECTION('',(-0.,-1.,0.));
#4374=VECTOR('',#4373,3.549798393);
#4375=LINE('',#4372,#4374);
#4376=EDGE_CURVE('',#4363,#4371,#4375,.T.);
#4377=ORIENTED_EDGE('',*,*,#4376,.T.);
#4378=CARTESIAN_POINT('',(-12.190264462,-17.426080774,6.5));
#4379=VERTEX_POINT('',#4378);
#4380=CARTESIAN_POINT('',(-12.190264462,-17.426080774,6.5));
#4381=DIRECTION('',(1.,0.,-0.));
#4382=VECTOR('',#4381,0.700508418);
#4383=LINE('',#4380,#4382);
#4384=EDGE_CURVE('',#4379,#4371,#4383,.T.);
#4385=ORIENTED_EDGE('',*,*,#4384,.F.);
#4386=CARTESIAN_POINT('',(-12.190264462,-24.426080774,6.5));
#4387=DIRECTION('',(0.,1.,0.));
#4388=VECTOR('',#4387,7.);
#4389=LINE('',#4386,#4388);
#4390=EDGE_CURVE('',#4299,#4379,#4389,.T.);
#4391=ORIENTED_EDGE('',*,*,#4390,.F.);
#4392=EDGE_LOOP('',(#4305,#4313,#4321,#4329,#4337,#4345,#4353,#4361,#4369,#4377,#4385,#4391));
#4393=FACE_BOUND('',#4392,.T.);
#4394=CARTESIAN_POINT('',(-33.796833312,-27.87969246,6.5));
#4395=VERTEX_POINT('',#4394);
#4396=CARTESIAN_POINT('',(-34.482161282,-28.02448852,6.5));
#4397=VERTEX_POINT('',#4396);
#4398=CARTESIAN_POINT('',(-33.796833312,-27.87969246,6.5));
#4399=DIRECTION('',(-0.978400885,-0.206716491,0.));
#4400=VECTOR('',#4399,0.700457227);
#4401=LINE('',#4398,#4400);
#4402=EDGE_CURVE('',#4395,#4397,#4401,.T.);
#4403=ORIENTED_EDGE('',*,*,#4402,.F.);
#4404=CARTESIAN_POINT('',(-33.06292638,-31.353310555,6.5));
#4405=VERTEX_POINT('',#4404);
#4406=CARTESIAN_POINT('',(-33.796833312,-27.87969246,6.5));
#4407=DIRECTION('',(0.20671678,-0.978400824,0.));
#4408=VECTOR('',#4407,3.550301685);
#4409=LINE('',#4406,#4408);
#4410=EDGE_CURVE('',#4395,#4405,#4409,.T.);
#4411=ORIENTED_EDGE('',*,*,#4410,.T.);
#4412=CARTESIAN_POINT('',(-19.267477449,-28.438609767,6.5));
#4413=VERTEX_POINT('',#4412);
#4414=CARTESIAN_POINT('',(-33.06292638,-31.353310555,6.5));
#4415=DIRECTION('',(0.978400899,0.206716424,0.));
#4416=VECTOR('',#4415,14.099996167);
#4417=LINE('',#4414,#4416);
#4418=EDGE_CURVE('',#4405,#4413,#4417,.T.);
#4419=ORIENTED_EDGE('',*,*,#4418,.T.);
#4420=CARTESIAN_POINT('',(-20.001384579,-24.964990732,6.5));
#4421=VERTEX_POINT('',#4420);
#4422=CARTESIAN_POINT('',(-19.267477449,-28.438609767,6.5));
#4423=DIRECTION('',(-0.20671678,0.978400824,0.));
#4424=VECTOR('',#4423,3.550302646);
#4425=LINE('',#4422,#4424);
#4426=EDGE_CURVE('',#4413,#4421,#4425,.T.);
#4427=ORIENTED_EDGE('',*,*,#4426,.T.);
#4428=CARTESIAN_POINT('',(-19.316955316,-24.820384551,6.5));
#4429=VERTEX_POINT('',#4428);
#4430=CARTESIAN_POINT('',(-19.316955316,-24.820384551,6.5));
#4431=DIRECTION('',(-0.978400885,-0.206716491,0.));
#4432=VECTOR('',#4431,0.699538679);
#4433=LINE('',#4430,#4432);
#4434=EDGE_CURVE('',#4429,#4421,#4433,.T.);
#4435=ORIENTED_EDGE('',*,*,#4434,.F.);
#4436=CARTESIAN_POINT('',(-20.763964414,-17.971576761,6.5));
#4437=VERTEX_POINT('',#4436);
#4438=CARTESIAN_POINT('',(-20.763964414,-17.971576761,6.5));
#4439=DIRECTION('',(0.206715578,-0.978401078,0.));
#4440=VECTOR('',#4439,7.000000247);
#4441=LINE('',#4438,#4440);
#4442=EDGE_CURVE('',#4437,#4429,#4441,.T.);
#4443=ORIENTED_EDGE('',*,*,#4442,.F.);
#4444=CARTESIAN_POINT('',(-21.448402091,-18.116184702,6.5));
#4445=VERTEX_POINT('',#4444);
#4446=CARTESIAN_POINT('',(-21.448402091,-18.116184702,6.5));
#4447=DIRECTION('',(0.978400891,0.206716466,0.));
#4448=VECTOR('',#4447,0.699547276);
#4449=LINE('',#4446,#4448);
#4450=EDGE_CURVE('',#4445,#4437,#4449,.T.);
#4451=ORIENTED_EDGE('',*,*,#4450,.F.);
#4452=CARTESIAN_POINT('',(-22.182184005,-14.643158322,6.5));
#4453=VERTEX_POINT('',#4452);
#4454=CARTESIAN_POINT('',(-21.448402091,-18.116184702,6.5));
#4455=DIRECTION('',(-0.20671678,0.978400824,0.));
#4456=VECTOR('',#4455,3.549696907);
#4457=LINE('',#4454,#4456);
#4458=EDGE_CURVE('',#4445,#4453,#4457,.T.);
#4459=ORIENTED_EDGE('',*,*,#4458,.T.);
#4460=CARTESIAN_POINT('',(-35.977632936,-17.557859111,6.5));
#4461=VERTEX_POINT('',#4460);
#4462=CARTESIAN_POINT('',(-22.182184005,-14.643158322,6.5));
#4463=DIRECTION('',(-0.978400899,-0.206716424,0.));
#4464=VECTOR('',#4463,14.099996167);
#4465=LINE('',#4462,#4464);
#4466=EDGE_CURVE('',#4453,#4461,#4465,.T.);
#4467=ORIENTED_EDGE('',*,*,#4466,.T.);
#4468=CARTESIAN_POINT('',(-35.243850898,-21.030886079,6.5));
#4469=VERTEX_POINT('',#4468);
#4470=CARTESIAN_POINT('',(-35.977632936,-17.557859111,6.5));
#4471=DIRECTION('',(0.20671678,-0.978400824,0.));
#4472=VECTOR('',#4471,3.549697509);
#4473=LINE('',#4470,#4472);
#4474=EDGE_CURVE('',#4461,#4469,#4473,.T.);
#4475=ORIENTED_EDGE('',*,*,#4474,.T.);
#4476=CARTESIAN_POINT('',(-35.929178952,-21.175682139,6.5));
#4477=VERTEX_POINT('',#4476);
#4478=CARTESIAN_POINT('',(-35.929178952,-21.175682139,6.5));
#4479=DIRECTION('',(0.978400891,0.206716466,0.));
#4480=VECTOR('',#4479,0.700457308);
#4481=LINE('',#4478,#4480);
#4482=EDGE_CURVE('',#4477,#4469,#4481,.T.);
#4483=ORIENTED_EDGE('',*,*,#4482,.F.);
#4484=CARTESIAN_POINT('',(-34.482161282,-28.02448852,6.5));
#4485=DIRECTION('',(-0.206716791,0.978400822,0.));
#4486=VECTOR('',#4485,7.000000642);
#4487=LINE('',#4484,#4486);
#4488=EDGE_CURVE('',#4397,#4477,#4487,.T.);
#4489=ORIENTED_EDGE('',*,*,#4488,.F.);
#4490=EDGE_LOOP('',(#4403,#4411,#4419,#4427,#4435,#4443,#4451,#4459,#4467,#4475,#4483,#4489));
#4491=FACE_BOUND('',#4490,.T.);
#4492=CARTESIAN_POINT('',(52.260243956,-25.191080164,6.5));
#4493=VERTEX_POINT('',#4492);
#4494=CARTESIAN_POINT('',(51.559735538,-25.191080164,6.5));
#4495=VERTEX_POINT('',#4494);
#4496=CARTESIAN_POINT('',(52.260243956,-25.191080164,6.5));
#4497=DIRECTION('',(-1.,0.,0.));
#4498=VECTOR('',#4497,0.700508418);
#4499=LINE('',#4496,#4498);
#4500=EDGE_CURVE('',#4493,#4495,#4499,.T.);
#4501=ORIENTED_EDGE('',*,*,#4500,.F.);
#4502=CARTESIAN_POINT('',(52.260243956,-28.741283107,6.5));
#4503=VERTEX_POINT('',#4502);
#4504=CARTESIAN_POINT('',(52.260243956,-25.191080164,6.5));
#4505=DIRECTION('',(-0.,-1.,0.));
#4506=VECTOR('',#4505,3.550202943);
#4507=LINE('',#4504,#4506);
#4508=EDGE_CURVE('',#4493,#4503,#4507,.T.);
#4509=ORIENTED_EDGE('',*,*,#4508,.T.);
#4510=CARTESIAN_POINT('',(66.36024243,-28.741283107,6.5));
#4511=VERTEX_POINT('',#4510);
#4512=CARTESIAN_POINT('',(52.260243956,-28.741283107,6.5));
#4513=DIRECTION('',(1.,-0.,0.));
#4514=VECTOR('',#4513,14.099998474);
#4515=LINE('',#4512,#4514);
#4516=EDGE_CURVE('',#4503,#4511,#4515,.T.);
#4517=ORIENTED_EDGE('',*,*,#4516,.T.);
#4518=CARTESIAN_POINT('',(66.36024243,-25.191080164,6.5));
#4519=VERTEX_POINT('',#4518);
#4520=CARTESIAN_POINT('',(66.36024243,-28.741283107,6.5));
#4521=DIRECTION('',(0.,1.,0.));
#4522=VECTOR('',#4521,3.550202943);
#4523=LINE('',#4520,#4522);
#4524=EDGE_CURVE('',#4511,#4519,#4523,.T.);
#4525=ORIENTED_EDGE('',*,*,#4524,.T.);
#4526=CARTESIAN_POINT('',(67.059739352,-25.191080164,6.5));
#4527=VERTEX_POINT('',#4526);
#4528=CARTESIAN_POINT('',(67.059739352,-25.191080164,6.5));
#4529=DIRECTION('',(-1.,0.,0.));
#4530=VECTOR('',#4529,0.699496922);
#4531=LINE('',#4528,#4530);
#4532=EDGE_CURVE('',#4527,#4519,#4531,.T.);
#4533=ORIENTED_EDGE('',*,*,#4532,.F.);
#4534=CARTESIAN_POINT('',(67.059739352,-18.191080164,6.5));
#4535=VERTEX_POINT('',#4534);
#4536=CARTESIAN_POINT('',(67.059739352,-18.191080164,6.5));
#4537=DIRECTION('',(0.,-1.,0.));
#4538=VECTOR('',#4537,7.);
#4539=LINE('',#4536,#4538);
#4540=EDGE_CURVE('',#4535,#4527,#4539,.T.);
#4541=ORIENTED_EDGE('',*,*,#4540,.F.);
#4542=CARTESIAN_POINT('',(66.36024243,-18.191080164,6.5));
#4543=VERTEX_POINT('',#4542);
#4544=CARTESIAN_POINT('',(66.36024243,-18.191080164,6.5));
#4545=DIRECTION('',(1.,0.,-0.));
#4546=VECTOR('',#4545,0.699496922);
#4547=LINE('',#4544,#4546);
#4548=EDGE_CURVE('',#4543,#4535,#4547,.T.);
#4549=ORIENTED_EDGE('',*,*,#4548,.F.);
#4550=CARTESIAN_POINT('',(66.36024243,-14.641282725,6.5));
#4551=VERTEX_POINT('',#4550);
#4552=CARTESIAN_POINT('',(66.36024243,-18.191080164,6.5));
#4553=DIRECTION('',(0.,1.,0.));
#4554=VECTOR('',#4553,3.549797439);
#4555=LINE('',#4552,#4554);
#4556=EDGE_CURVE('',#4543,#4551,#4555,.T.);
#4557=ORIENTED_EDGE('',*,*,#4556,.T.);
#4558=CARTESIAN_POINT('',(52.260243956,-14.641282725,6.5));
#4559=VERTEX_POINT('',#4558);
#4560=CARTESIAN_POINT('',(66.36024243,-14.641282725,6.5));
#4561=DIRECTION('',(-1.,0.,0.));
#4562=VECTOR('',#4561,14.099998474);
#4563=LINE('',#4560,#4562);
#4564=EDGE_CURVE('',#4551,#4559,#4563,.T.);
#4565=ORIENTED_EDGE('',*,*,#4564,.T.);
#4566=CARTESIAN_POINT('',(52.260243956,-18.191080164,6.5));
#4567=VERTEX_POINT('',#4566);
#4568=CARTESIAN_POINT('',(52.260243956,-14.641282725,6.5));
#4569=DIRECTION('',(-0.,-1.,0.));
#4570=VECTOR('',#4569,3.549797439);
#4571=LINE('',#4568,#4570);
#4572=EDGE_CURVE('',#4559,#4567,#4571,.T.);
#4573=ORIENTED_EDGE('',*,*,#4572,.T.);
#4574=CARTESIAN_POINT('',(51.559735538,-18.191080164,6.5));
#4575=VERTEX_POINT('',#4574);
#4576=CARTESIAN_POINT('',(51.559735538,-18.191080164,6.5));
#4577=DIRECTION('',(1.,0.,-0.));
#4578=VECTOR('',#4577,0.700508418);
#4579=LINE('',#4576,#4578);
#4580=EDGE_CURVE('',#4575,#4567,#4579,.T.);
#4581=ORIENTED_EDGE('',*,*,#4580,.F.);
#4582=CARTESIAN_POINT('',(51.559735538,-25.191080164,6.5));
#4583=DIRECTION('',(0.,1.,0.));
#4584=VECTOR('',#4583,7.);
#4585=LINE('',#4582,#4584);
#4586=EDGE_CURVE('',#4495,#4575,#4585,.T.);
#4587=ORIENTED_EDGE('',*,*,#4586,.F.);
#4588=EDGE_LOOP('',(#4501,#4509,#4517,#4525,#4533,#4541,#4549,#4557,#4565,#4573,#4581,#4587));
#4589=FACE_BOUND('',#4588,.T.);
#4590=CARTESIAN_POINT('',(18.260243956,30.058919836,6.5));
#4591=VERTEX_POINT('',#4590);
#4592=CARTESIAN_POINT('',(17.559736491,30.058919836,6.5));
#4593=VERTEX_POINT('',#4592);
#4594=CARTESIAN_POINT('',(18.260243956,30.058919836,6.5));
#4595=DIRECTION('',(-1.,0.,0.));
#4596=VECTOR('',#4595,0.700507465);
#4597=LINE('',#4594,#4596);
#4598=EDGE_CURVE('',#4591,#4593,#4597,.T.);
#4599=ORIENTED_EDGE('',*,*,#4598,.F.);
#4600=CARTESIAN_POINT('',(18.260243956,26.508716893,6.5));
#4601=VERTEX_POINT('',#4600);
#4602=CARTESIAN_POINT('',(18.260243956,30.058919836,6.5));
#4603=DIRECTION('',(-0.,-1.,0.));
#4604=VECTOR('',#4603,3.550202943);
#4605=LINE('',#4602,#4604);
#4606=EDGE_CURVE('',#4591,#4601,#4605,.T.);
#4607=ORIENTED_EDGE('',*,*,#4606,.T.);
#4608=CARTESIAN_POINT('',(32.360244338,26.508716893,6.5));
#4609=VERTEX_POINT('',#4608);
#4610=CARTESIAN_POINT('',(18.260243956,26.508716893,6.5));
#4611=DIRECTION('',(1.,-0.,0.));
#4612=VECTOR('',#4611,14.100000382);
#4613=LINE('',#4610,#4612);
#4614=EDGE_CURVE('',#4601,#4609,#4613,.T.);
#4615=ORIENTED_EDGE('',*,*,#4614,.T.);
#4616=CARTESIAN_POINT('',(32.360244338,30.058919836,6.5));
#4617=VERTEX_POINT('',#4616);
#4618=CARTESIAN_POINT('',(32.360244338,26.508716893,6.5));
#4619=DIRECTION('',(0.,1.,0.));
#4620=VECTOR('',#4619,3.550202943);
#4621=LINE('',#4618,#4620);
#4622=EDGE_CURVE('',#4609,#4617,#4621,.T.);
#4623=ORIENTED_EDGE('',*,*,#4622,.T.);
#4624=CARTESIAN_POINT('',(33.059735538,30.058919836,6.5));
#4625=VERTEX_POINT('',#4624);
#4626=CARTESIAN_POINT('',(33.059735538,30.058919836,6.5));
#4627=DIRECTION('',(-1.,0.,0.));
#4628=VECTOR('',#4627,0.6994912);
#4629=LINE('',#4626,#4628);
#4630=EDGE_CURVE('',#4625,#4617,#4629,.T.);
#4631=ORIENTED_EDGE('',*,*,#4630,.F.);
#4632=CARTESIAN_POINT('',(33.059735538,37.058919836,6.5));
#4633=VERTEX_POINT('',#4632);
#4634=CARTESIAN_POINT('',(33.059735538,37.058919836,6.5));
#4635=DIRECTION('',(0.,-1.,0.));
#4636=VECTOR('',#4635,7.);
#4637=LINE('',#4634,#4636);
#4638=EDGE_CURVE('',#4633,#4625,#4637,.T.);
#4639=ORIENTED_EDGE('',*,*,#4638,.F.);
#4640=CARTESIAN_POINT('',(32.360244338,37.058919836,6.5));
#4641=VERTEX_POINT('',#4640);
#4642=CARTESIAN_POINT('',(32.360244338,37.058919836,6.5));
#4643=DIRECTION('',(1.,0.,-0.));
#4644=VECTOR('',#4643,0.6994912);
#4645=LINE('',#4642,#4644);
#4646=EDGE_CURVE('',#4641,#4633,#4645,.T.);
#4647=ORIENTED_EDGE('',*,*,#4646,.F.);
#4648=CARTESIAN_POINT('',(32.360244338,40.608717275,6.5));
#4649=VERTEX_POINT('',#4648);
#4650=CARTESIAN_POINT('',(32.360244338,37.058919836,6.5));
#4651=DIRECTION('',(0.,1.,0.));
#4652=VECTOR('',#4651,3.549797439);
#4653=LINE('',#4650,#4652);
#4654=EDGE_CURVE('',#4641,#4649,#4653,.T.);
#4655=ORIENTED_EDGE('',*,*,#4654,.T.);
#4656=CARTESIAN_POINT('',(18.260243956,40.608717275,6.5));
#4657=VERTEX_POINT('',#4656);
#4658=CARTESIAN_POINT('',(32.360244338,40.608717275,6.5));
#4659=DIRECTION('',(-1.,0.,0.));
#4660=VECTOR('',#4659,14.100000381);
#4661=LINE('',#4658,#4660);
#4662=EDGE_CURVE('',#4649,#4657,#4661,.T.);
#4663=ORIENTED_EDGE('',*,*,#4662,.T.);
#4664=CARTESIAN_POINT('',(18.260243956,37.058919836,6.5));
#4665=VERTEX_POINT('',#4664);
#4666=CARTESIAN_POINT('',(18.260243956,40.608717275,6.5));
#4667=DIRECTION('',(-0.,-1.,0.));
#4668=VECTOR('',#4667,3.549797439);
#4669=LINE('',#4666,#4668);
#4670=EDGE_CURVE('',#4657,#4665,#4669,.T.);
#4671=ORIENTED_EDGE('',*,*,#4670,.T.);
#4672=CARTESIAN_POINT('',(17.559736491,37.058919836,6.5));
#4673=VERTEX_POINT('',#4672);
#4674=CARTESIAN_POINT('',(17.559736491,37.058919836,6.5));
#4675=DIRECTION('',(1.,0.,-0.));
#4676=VECTOR('',#4675,0.700507465);
#4677=LINE('',#4674,#4676);
#4678=EDGE_CURVE('',#4673,#4665,#4677,.T.);
#4679=ORIENTED_EDGE('',*,*,#4678,.F.);
#4680=CARTESIAN_POINT('',(17.559736491,30.058919836,6.5));
#4681=DIRECTION('',(0.,1.,0.));
#4682=VECTOR('',#4681,7.);
#4683=LINE('',#4680,#4682);
#4684=EDGE_CURVE('',#4593,#4673,#4683,.T.);
#4685=ORIENTED_EDGE('',*,*,#4684,.F.);
#4686=EDGE_LOOP('',(#4599,#4607,#4615,#4623,#4631,#4639,#4647,#4655,#4663,#4671,#4679,#4685));
#4687=FACE_BOUND('',#4686,.T.);
#4688=CARTESIAN_POINT('',(1.260243956,-1.816080879,6.5));
#4689=VERTEX_POINT('',#4688);
#4690=CARTESIAN_POINT('',(0.559736253,-1.816080879,6.5));
#4691=VERTEX_POINT('',#4690);
#4692=CARTESIAN_POINT('',(1.260243956,-1.816080879,6.5));
#4693=DIRECTION('',(-1.,0.,0.));
#4694=VECTOR('',#4693,0.700507703);
#4695=LINE('',#4692,#4694);
#4696=EDGE_CURVE('',#4689,#4691,#4695,.T.);
#4697=ORIENTED_EDGE('',*,*,#4696,.F.);
#4698=CARTESIAN_POINT('',(1.260243956,-5.36628263,6.5));
#4699=VERTEX_POINT('',#4698);
#4700=CARTESIAN_POINT('',(1.260243956,-1.816080879,6.5));
#4701=DIRECTION('',(-0.,-1.,0.));
#4702=VECTOR('',#4701,3.550201751);
#4703=LINE('',#4700,#4702);
#4704=EDGE_CURVE('',#4689,#4699,#4703,.T.);
#4705=ORIENTED_EDGE('',*,*,#4704,.T.);
#4706=CARTESIAN_POINT('',(15.360244338,-5.36628263,6.5));
#4707=VERTEX_POINT('',#4706);
#4708=CARTESIAN_POINT('',(1.260243956,-5.36628263,6.5));
#4709=DIRECTION('',(1.,-0.,0.));
#4710=VECTOR('',#4709,14.100000381);
#4711=LINE('',#4708,#4710);
#4712=EDGE_CURVE('',#4699,#4707,#4711,.T.);
#4713=ORIENTED_EDGE('',*,*,#4712,.T.);
#4714=CARTESIAN_POINT('',(15.360244338,-1.816080879,6.5));
#4715=VERTEX_POINT('',#4714);
#4716=CARTESIAN_POINT('',(15.360244338,-5.36628263,6.5));
#4717=DIRECTION('',(0.,1.,0.));
#4718=VECTOR('',#4717,3.550201751);
#4719=LINE('',#4716,#4718);
#4720=EDGE_CURVE('',#4707,#4715,#4719,.T.);
#4721=ORIENTED_EDGE('',*,*,#4720,.T.);
#4722=CARTESIAN_POINT('',(16.059736491,-1.816080879,6.5));
#4723=VERTEX_POINT('',#4722);
#4724=CARTESIAN_POINT('',(16.059736491,-1.816080879,6.5));
#4725=DIRECTION('',(-1.,0.,0.));
#4726=VECTOR('',#4725,0.699492154);
#4727=LINE('',#4724,#4726);
#4728=EDGE_CURVE('',#4723,#4715,#4727,.T.);
#4729=ORIENTED_EDGE('',*,*,#4728,.F.);
#4730=CARTESIAN_POINT('',(16.059736491,5.183919121,6.5));
#4731=VERTEX_POINT('',#4730);
#4732=CARTESIAN_POINT('',(16.059736491,5.183919121,6.5));
#4733=DIRECTION('',(0.,-1.,0.));
#4734=VECTOR('',#4733,7.);
#4735=LINE('',#4732,#4734);
#4736=EDGE_CURVE('',#4731,#4723,#4735,.T.);
#4737=ORIENTED_EDGE('',*,*,#4736,.F.);
#4738=CARTESIAN_POINT('',(15.360244338,5.183919121,6.5));
#4739=VERTEX_POINT('',#4738);
#4740=CARTESIAN_POINT('',(15.360244338,5.183919121,6.5));
#4741=DIRECTION('',(1.,0.,-0.));
#4742=VECTOR('',#4741,0.699492154);
#4743=LINE('',#4740,#4742);
#4744=EDGE_CURVE('',#4739,#4731,#4743,.T.);
#4745=ORIENTED_EDGE('',*,*,#4744,.F.);
#4746=CARTESIAN_POINT('',(15.360244338,8.733717275,6.5));
#4747=VERTEX_POINT('',#4746);
#4748=CARTESIAN_POINT('',(15.360244338,5.183919121,6.5));
#4749=DIRECTION('',(0.,1.,0.));
#4750=VECTOR('',#4749,3.549798154);
#4751=LINE('',#4748,#4750);
#4752=EDGE_CURVE('',#4739,#4747,#4751,.T.);
#4753=ORIENTED_EDGE('',*,*,#4752,.T.);
#4754=CARTESIAN_POINT('',(1.260243956,8.733717275,6.5));
#4755=VERTEX_POINT('',#4754);
#4756=CARTESIAN_POINT('',(15.360244338,8.733717275,6.5));
#4757=DIRECTION('',(-1.,0.,0.));
#4758=VECTOR('',#4757,14.100000381);
#4759=LINE('',#4756,#4758);
#4760=EDGE_CURVE('',#4747,#4755,#4759,.T.);
#4761=ORIENTED_EDGE('',*,*,#4760,.T.);
#4762=CARTESIAN_POINT('',(1.260243956,5.183919121,6.5));
#4763=VERTEX_POINT('',#4762);
#4764=CARTESIAN_POINT('',(1.260243956,8.733717275,6.5));
#4765=DIRECTION('',(-0.,-1.,0.));
#4766=VECTOR('',#4765,3.549798154);
#4767=LINE('',#4764,#4766);
#4768=EDGE_CURVE('',#4755,#4763,#4767,.T.);
#4769=ORIENTED_EDGE('',*,*,#4768,.T.);
#4770=CARTESIAN_POINT('',(0.559736253,5.183919121,6.5));
#4771=VERTEX_POINT('',#4770);
#4772=CARTESIAN_POINT('',(0.559736253,5.183919121,6.5));
#4773=DIRECTION('',(1.,0.,-0.));
#4774=VECTOR('',#4773,0.700507703);
#4775=LINE('',#4772,#4774);
#4776=EDGE_CURVE('',#4771,#4763,#4775,.T.);
#4777=ORIENTED_EDGE('',*,*,#4776,.F.);
#4778=CARTESIAN_POINT('',(0.559736253,-1.816080879,6.5));
#4779=DIRECTION('',(0.,1.,0.));
#4780=VECTOR('',#4779,7.);
#4781=LINE('',#4778,#4780);
#4782=EDGE_CURVE('',#4691,#4771,#4781,.T.);
#4783=ORIENTED_EDGE('',*,*,#4782,.F.);
#4784=EDGE_LOOP('',(#4697,#4705,#4713,#4721,#4729,#4737,#4745,#4753,#4761,#4769,#4777,#4783));
#4785=FACE_BOUND('',#4784,.T.);
#4786=CARTESIAN_POINT('',(18.260243956,13.058918882,6.5));
#4787=VERTEX_POINT('',#4786);
#4788=CARTESIAN_POINT('',(17.559736491,13.058918882,6.5));
#4789=VERTEX_POINT('',#4788);
#4790=CARTESIAN_POINT('',(18.260243956,13.058918882,6.5));
#4791=DIRECTION('',(-1.,0.,0.));
#4792=VECTOR('',#4791,0.700507465);
#4793=LINE('',#4790,#4792);
#4794=EDGE_CURVE('',#4787,#4789,#4793,.T.);
#4795=ORIENTED_EDGE('',*,*,#4794,.F.);
#4796=CARTESIAN_POINT('',(18.260243956,9.50871737,6.5));
#4797=VERTEX_POINT('',#4796);
#4798=CARTESIAN_POINT('',(18.260243956,13.058918882,6.5));
#4799=DIRECTION('',(-0.,-1.,0.));
#4800=VECTOR('',#4799,3.550201512);
#4801=LINE('',#4798,#4800);
#4802=EDGE_CURVE('',#4787,#4797,#4801,.T.);
#4803=ORIENTED_EDGE('',*,*,#4802,.T.);
#4804=CARTESIAN_POINT('',(32.360244338,9.50871737,6.5));
#4805=VERTEX_POINT('',#4804);
#4806=CARTESIAN_POINT('',(18.260243956,9.50871737,6.5));
#4807=DIRECTION('',(1.,-0.,0.));
#4808=VECTOR('',#4807,14.100000382);
#4809=LINE('',#4806,#4808);
#4810=EDGE_CURVE('',#4797,#4805,#4809,.T.);
#4811=ORIENTED_EDGE('',*,*,#4810,.T.);
#4812=CARTESIAN_POINT('',(32.360244338,13.058918882,6.5));
#4813=VERTEX_POINT('',#4812);
#4814=CARTESIAN_POINT('',(32.360244338,9.50871737,6.5));
#4815=DIRECTION('',(0.,1.,0.));
#4816=VECTOR('',#4815,3.550201512);
#4817=LINE('',#4814,#4816);
#4818=EDGE_CURVE('',#4805,#4813,#4817,.T.);
#4819=ORIENTED_EDGE('',*,*,#4818,.T.);
#4820=CARTESIAN_POINT('',(33.059735538,13.058918882,6.5));
#4821=VERTEX_POINT('',#4820);
#4822=CARTESIAN_POINT('',(33.059735538,13.058918882,6.5));
#4823=DIRECTION('',(-1.,0.,0.));
#4824=VECTOR('',#4823,0.6994912);
#4825=LINE('',#4822,#4824);
#4826=EDGE_CURVE('',#4821,#4813,#4825,.T.);
#4827=ORIENTED_EDGE('',*,*,#4826,.F.);
#4828=CARTESIAN_POINT('',(33.059735538,20.058919836,6.5));
#4829=VERTEX_POINT('',#4828);
#4830=CARTESIAN_POINT('',(33.059735538,20.058919836,6.5));
#4831=DIRECTION('',(0.,-1.,0.));
#4832=VECTOR('',#4831,7.000000954);
#4833=LINE('',#4830,#4832);
#4834=EDGE_CURVE('',#4829,#4821,#4833,.T.);
#4835=ORIENTED_EDGE('',*,*,#4834,.F.);
#4836=CARTESIAN_POINT('',(32.360244338,20.058919836,6.5));
#4837=VERTEX_POINT('',#4836);
#4838=CARTESIAN_POINT('',(32.360244338,20.058919836,6.5));
#4839=DIRECTION('',(1.,0.,-0.));
#4840=VECTOR('',#4839,0.6994912);
#4841=LINE('',#4838,#4840);
#4842=EDGE_CURVE('',#4837,#4829,#4841,.T.);
#4843=ORIENTED_EDGE('',*,*,#4842,.F.);
#4844=CARTESIAN_POINT('',(32.360244338,23.608717275,6.5));
#4845=VERTEX_POINT('',#4844);
#4846=CARTESIAN_POINT('',(32.360244338,20.058919836,6.5));
#4847=DIRECTION('',(0.,1.,0.));
#4848=VECTOR('',#4847,3.549797439);
#4849=LINE('',#4846,#4848);
#4850=EDGE_CURVE('',#4837,#4845,#4849,.T.);
#4851=ORIENTED_EDGE('',*,*,#4850,.T.);
#4852=CARTESIAN_POINT('',(18.260243956,23.608717275,6.5));
#4853=VERTEX_POINT('',#4852);
#4854=CARTESIAN_POINT('',(32.360244338,23.608717275,6.5));
#4855=DIRECTION('',(-1.,0.,0.));
#4856=VECTOR('',#4855,14.100000382);
#4857=LINE('',#4854,#4856);
#4858=EDGE_CURVE('',#4845,#4853,#4857,.T.);
#4859=ORIENTED_EDGE('',*,*,#4858,.T.);
#4860=CARTESIAN_POINT('',(18.260243956,20.058919836,6.5));
#4861=VERTEX_POINT('',#4860);
#4862=CARTESIAN_POINT('',(18.260243956,23.608717275,6.5));
#4863=DIRECTION('',(-0.,-1.,0.));
#4864=VECTOR('',#4863,3.549797439);
#4865=LINE('',#4862,#4864);
#4866=EDGE_CURVE('',#4853,#4861,#4865,.T.);
#4867=ORIENTED_EDGE('',*,*,#4866,.T.);
#4868=CARTESIAN_POINT('',(17.559736491,20.058919836,6.5));
#4869=VERTEX_POINT('',#4868);
#4870=CARTESIAN_POINT('',(17.559736491,20.058919836,6.5));
#4871=DIRECTION('',(1.,0.,-0.));
#4872=VECTOR('',#4871,0.700507465);
#4873=LINE('',#4870,#4872);
#4874=EDGE_CURVE('',#4869,#4861,#4873,.T.);
#4875=ORIENTED_EDGE('',*,*,#4874,.F.);
#4876=CARTESIAN_POINT('',(17.559736491,13.058918882,6.5));
#4877=DIRECTION('',(0.,1.,0.));
#4878=VECTOR('',#4877,7.000000954);
#4879=LINE('',#4876,#4878);
#4880=EDGE_CURVE('',#4789,#4869,#4879,.T.);
#4881=ORIENTED_EDGE('',*,*,#4880,.F.);
#4882=EDGE_LOOP('',(#4795,#4803,#4811,#4819,#4827,#4835,#4843,#4851,#4859,#4867,#4875,#4881));
#4883=FACE_BOUND('',#4882,.T.);
#4884=CARTESIAN_POINT('',(18.260243956,-3.941080641,6.5));
#4885=VERTEX_POINT('',#4884);
#4886=CARTESIAN_POINT('',(17.559736491,-3.941080641,6.5));
#4887=VERTEX_POINT('',#4886);
#4888=CARTESIAN_POINT('',(18.260243956,-3.941080641,6.5));
#4889=DIRECTION('',(-1.,0.,0.));
#4890=VECTOR('',#4889,0.700507465);
#4891=LINE('',#4888,#4890);
#4892=EDGE_CURVE('',#4885,#4887,#4891,.T.);
#4893=ORIENTED_EDGE('',*,*,#4892,.F.);
#4894=CARTESIAN_POINT('',(18.260243956,-7.491282153,6.5));
#4895=VERTEX_POINT('',#4894);
#4896=CARTESIAN_POINT('',(18.260243956,-3.941080641,6.5));
#4897=DIRECTION('',(-0.,-1.,0.));
#4898=VECTOR('',#4897,3.550201512);
#4899=LINE('',#4896,#4898);
#4900=EDGE_CURVE('',#4885,#4895,#4899,.T.);
#4901=ORIENTED_EDGE('',*,*,#4900,.T.);
#4902=CARTESIAN_POINT('',(32.360244338,-7.491282153,6.5));
#4903=VERTEX_POINT('',#4902);
#4904=CARTESIAN_POINT('',(18.260243956,-7.491282153,6.5));
#4905=DIRECTION('',(1.,-0.,0.));
#4906=VECTOR('',#4905,14.100000381);
#4907=LINE('',#4904,#4906);
#4908=EDGE_CURVE('',#4895,#4903,#4907,.T.);
#4909=ORIENTED_EDGE('',*,*,#4908,.T.);
#4910=CARTESIAN_POINT('',(32.360244338,-3.941080641,6.5));
#4911=VERTEX_POINT('',#4910);
#4912=CARTESIAN_POINT('',(32.360244338,-7.491282153,6.5));
#4913=DIRECTION('',(0.,1.,0.));
#4914=VECTOR('',#4913,3.550201512);
#4915=LINE('',#4912,#4914);
#4916=EDGE_CURVE('',#4903,#4911,#4915,.T.);
#4917=ORIENTED_EDGE('',*,*,#4916,.T.);
#4918=CARTESIAN_POINT('',(33.059735538,-3.941080641,6.5));
#4919=VERTEX_POINT('',#4918);
#4920=CARTESIAN_POINT('',(33.059735538,-3.941080641,6.5));
#4921=DIRECTION('',(-1.,0.,0.));
#4922=VECTOR('',#4921,0.6994912);
#4923=LINE('',#4920,#4922);
#4924=EDGE_CURVE('',#4919,#4911,#4923,.T.);
#4925=ORIENTED_EDGE('',*,*,#4924,.F.);
#4926=CARTESIAN_POINT('',(33.059735538,3.05891924,6.5));
#4927=VERTEX_POINT('',#4926);
#4928=CARTESIAN_POINT('',(33.059735538,3.05891924,6.5));
#4929=DIRECTION('',(0.,-1.,0.));
#4930=VECTOR('',#4929,6.999999881);
#4931=LINE('',#4928,#4930);
#4932=EDGE_CURVE('',#4927,#4919,#4931,.T.);
#4933=ORIENTED_EDGE('',*,*,#4932,.F.);
#4934=CARTESIAN_POINT('',(32.360244338,3.05891924,6.5));
#4935=VERTEX_POINT('',#4934);
#4936=CARTESIAN_POINT('',(32.360244338,3.05891924,6.5));
#4937=DIRECTION('',(1.,0.,-0.));
#4938=VECTOR('',#4937,0.6994912);
#4939=LINE('',#4936,#4938);
#4940=EDGE_CURVE('',#4935,#4927,#4939,.T.);
#4941=ORIENTED_EDGE('',*,*,#4940,.F.);
#4942=CARTESIAN_POINT('',(32.360244338,6.608717275,6.5));
#4943=VERTEX_POINT('',#4942);
#4944=CARTESIAN_POINT('',(32.360244338,3.05891924,6.5));
#4945=DIRECTION('',(0.,1.,0.));
#4946=VECTOR('',#4945,3.549798035);
#4947=LINE('',#4944,#4946);
#4948=EDGE_CURVE('',#4935,#4943,#4947,.T.);
#4949=ORIENTED_EDGE('',*,*,#4948,.T.);
#4950=CARTESIAN_POINT('',(18.260243956,6.608717275,6.5));
#4951=VERTEX_POINT('',#4950);
#4952=CARTESIAN_POINT('',(32.360244338,6.608717275,6.5));
#4953=DIRECTION('',(-1.,0.,0.));
#4954=VECTOR('',#4953,14.100000382);
#4955=LINE('',#4952,#4954);
#4956=EDGE_CURVE('',#4943,#4951,#4955,.T.);
#4957=ORIENTED_EDGE('',*,*,#4956,.T.);
#4958=CARTESIAN_POINT('',(18.260243956,3.05891924,6.5));
#4959=VERTEX_POINT('',#4958);
#4960=CARTESIAN_POINT('',(18.260243956,6.608717275,6.5));
#4961=DIRECTION('',(-0.,-1.,0.));
#4962=VECTOR('',#4961,3.549798035);
#4963=LINE('',#4960,#4962);
#4964=EDGE_CURVE('',#4951,#4959,#4963,.T.);
#4965=ORIENTED_EDGE('',*,*,#4964,.T.);
#4966=CARTESIAN_POINT('',(17.559736491,3.05891924,6.5));
#4967=VERTEX_POINT('',#4966);
#4968=CARTESIAN_POINT('',(17.559736491,3.05891924,6.5));
#4969=DIRECTION('',(1.,0.,-0.));
#4970=VECTOR('',#4969,0.700507465);
#4971=LINE('',#4968,#4970);
#4972=EDGE_CURVE('',#4967,#4959,#4971,.T.);
#4973=ORIENTED_EDGE('',*,*,#4972,.F.);
#4974=CARTESIAN_POINT('',(17.559736491,-3.941080641,6.5));
#4975=DIRECTION('',(0.,1.,0.));
#4976=VECTOR('',#4975,6.999999881);
#4977=LINE('',#4974,#4976);
#4978=EDGE_CURVE('',#4887,#4967,#4977,.T.);
#4979=ORIENTED_EDGE('',*,*,#4978,.F.);
#4980=EDGE_LOOP('',(#4893,#4901,#4909,#4917,#4925,#4933,#4941,#4949,#4957,#4965,#4973,#4979));
#4981=FACE_BOUND('',#4980,.T.);
#4982=CARTESIAN_POINT('',(1.260243956,15.183918882,6.5));
#4983=VERTEX_POINT('',#4982);
#4984=CARTESIAN_POINT('',(0.559736253,15.183918882,6.5));
#4985=VERTEX_POINT('',#4984);
#4986=CARTESIAN_POINT('',(1.260243956,15.183918882,6.5));
#4987=DIRECTION('',(-1.,0.,0.));
#4988=VECTOR('',#4987,0.700507703);
#4989=LINE('',#4986,#4988);
#4990=EDGE_CURVE('',#4983,#4985,#4989,.T.);
#4991=ORIENTED_EDGE('',*,*,#4990,.F.);
#4992=CARTESIAN_POINT('',(1.260243956,11.633717847,6.5));
#4993=VERTEX_POINT('',#4992);
#4994=CARTESIAN_POINT('',(1.260243956,15.183918882,6.5));
#4995=DIRECTION('',(-0.,-1.,0.));
#4996=VECTOR('',#4995,3.550201035);
#4997=LINE('',#4994,#4996);
#4998=EDGE_CURVE('',#4983,#4993,#4997,.T.);
#4999=ORIENTED_EDGE('',*,*,#4998,.T.);
#5000=CARTESIAN_POINT('',(15.360244338,11.633717847,6.5));
#5001=VERTEX_POINT('',#5000);
#5002=CARTESIAN_POINT('',(1.260243956,11.633717847,6.5));
#5003=DIRECTION('',(1.,-0.,0.));
#5004=VECTOR('',#5003,14.100000381);
#5005=LINE('',#5002,#5004);
#5006=EDGE_CURVE('',#4993,#5001,#5005,.T.);
#5007=ORIENTED_EDGE('',*,*,#5006,.T.);
#5008=CARTESIAN_POINT('',(15.360244338,15.183918882,6.5));
#5009=VERTEX_POINT('',#5008);
#5010=CARTESIAN_POINT('',(15.360244338,11.633717847,6.5));
#5011=DIRECTION('',(0.,1.,0.));
#5012=VECTOR('',#5011,3.550201035);
#5013=LINE('',#5010,#5012);
#5014=EDGE_CURVE('',#5001,#5009,#5013,.T.);
#5015=ORIENTED_EDGE('',*,*,#5014,.T.);
#5016=CARTESIAN_POINT('',(16.059736491,15.183918882,6.5));
#5017=VERTEX_POINT('',#5016);
#5018=CARTESIAN_POINT('',(16.059736491,15.183918882,6.5));
#5019=DIRECTION('',(-1.,0.,0.));
#5020=VECTOR('',#5019,0.699492154);
#5021=LINE('',#5018,#5020);
#5022=EDGE_CURVE('',#5017,#5009,#5021,.T.);
#5023=ORIENTED_EDGE('',*,*,#5022,.F.);
#5024=CARTESIAN_POINT('',(16.059736491,22.183919836,6.5));
#5025=VERTEX_POINT('',#5024);
#5026=CARTESIAN_POINT('',(16.059736491,22.183919836,6.5));
#5027=DIRECTION('',(0.,-1.,0.));
#5028=VECTOR('',#5027,7.000000954);
#5029=LINE('',#5026,#5028);
#5030=EDGE_CURVE('',#5025,#5017,#5029,.T.);
#5031=ORIENTED_EDGE('',*,*,#5030,.F.);
#5032=CARTESIAN_POINT('',(15.360244338,22.183919836,6.5));
#5033=VERTEX_POINT('',#5032);
#5034=CARTESIAN_POINT('',(15.360244338,22.183919836,6.5));
#5035=DIRECTION('',(1.,0.,-0.));
#5036=VECTOR('',#5035,0.699492154);
#5037=LINE('',#5034,#5036);
#5038=EDGE_CURVE('',#5033,#5025,#5037,.T.);
#5039=ORIENTED_EDGE('',*,*,#5038,.F.);
#5040=CARTESIAN_POINT('',(15.360244338,25.733717275,6.5));
#5041=VERTEX_POINT('',#5040);
#5042=CARTESIAN_POINT('',(15.360244338,22.183919836,6.5));
#5043=DIRECTION('',(0.,1.,0.));
#5044=VECTOR('',#5043,3.549797439);
#5045=LINE('',#5042,#5044);
#5046=EDGE_CURVE('',#5033,#5041,#5045,.T.);
#5047=ORIENTED_EDGE('',*,*,#5046,.T.);
#5048=CARTESIAN_POINT('',(1.260243956,25.733717275,6.5));
#5049=VERTEX_POINT('',#5048);
#5050=CARTESIAN_POINT('',(15.360244338,25.733717275,6.5));
#5051=DIRECTION('',(-1.,0.,0.));
#5052=VECTOR('',#5051,14.100000381);
#5053=LINE('',#5050,#5052);
#5054=EDGE_CURVE('',#5041,#5049,#5053,.T.);
#5055=ORIENTED_EDGE('',*,*,#5054,.T.);
#5056=CARTESIAN_POINT('',(1.260243956,22.183919836,6.5));
#5057=VERTEX_POINT('',#5056);
#5058=CARTESIAN_POINT('',(1.260243956,25.733717275,6.5));
#5059=DIRECTION('',(-0.,-1.,0.));
#5060=VECTOR('',#5059,3.549797439);
#5061=LINE('',#5058,#5060);
#5062=EDGE_CURVE('',#5049,#5057,#5061,.T.);
#5063=ORIENTED_EDGE('',*,*,#5062,.T.);
#5064=CARTESIAN_POINT('',(0.559736253,22.183919836,6.5));
#5065=VERTEX_POINT('',#5064);
#5066=CARTESIAN_POINT('',(0.559736253,22.183919836,6.5));
#5067=DIRECTION('',(1.,0.,-0.));
#5068=VECTOR('',#5067,0.700507703);
#5069=LINE('',#5066,#5068);
#5070=EDGE_CURVE('',#5065,#5057,#5069,.T.);
#5071=ORIENTED_EDGE('',*,*,#5070,.F.);
#5072=CARTESIAN_POINT('',(0.559736253,15.183918882,6.5));
#5073=DIRECTION('',(0.,1.,0.));
#5074=VECTOR('',#5073,7.000000954);
#5075=LINE('',#5072,#5074);
#5076=EDGE_CURVE('',#4985,#5065,#5075,.T.);
#5077=ORIENTED_EDGE('',*,*,#5076,.F.);
#5078=EDGE_LOOP('',(#4991,#4999,#5007,#5015,#5023,#5031,#5039,#5047,#5055,#5063,#5071,#5077));
#5079=FACE_BOUND('',#5078,.T.);
#5080=CARTESIAN_POINT('',(52.260243956,-8.191081118,6.5));
#5081=VERTEX_POINT('',#5080);
#5082=CARTESIAN_POINT('',(51.559735538,-8.191081118,6.5));
#5083=VERTEX_POINT('',#5082);
#5084=CARTESIAN_POINT('',(52.260243956,-8.191081118,6.5));
#5085=DIRECTION('',(-1.,0.,0.));
#5086=VECTOR('',#5085,0.700508418);
#5087=LINE('',#5084,#5086);
#5088=EDGE_CURVE('',#5081,#5083,#5087,.T.);
#5089=ORIENTED_EDGE('',*,*,#5088,.F.);
#5090=CARTESIAN_POINT('',(52.260243956,-11.741282153,6.5));
#5091=VERTEX_POINT('',#5090);
#5092=CARTESIAN_POINT('',(52.260243956,-8.191081118,6.5));
#5093=DIRECTION('',(-0.,-1.,0.));
#5094=VECTOR('',#5093,3.550201035);
#5095=LINE('',#5092,#5094);
#5096=EDGE_CURVE('',#5081,#5091,#5095,.T.);
#5097=ORIENTED_EDGE('',*,*,#5096,.T.);
#5098=CARTESIAN_POINT('',(66.36024243,-11.741282153,6.5));
#5099=VERTEX_POINT('',#5098);
#5100=CARTESIAN_POINT('',(52.260243956,-11.741282153,6.5));
#5101=DIRECTION('',(1.,-0.,0.));
#5102=VECTOR('',#5101,14.099998474);
#5103=LINE('',#5100,#5102);
#5104=EDGE_CURVE('',#5091,#5099,#5103,.T.);
#5105=ORIENTED_EDGE('',*,*,#5104,.T.);
#5106=CARTESIAN_POINT('',(66.36024243,-8.191081118,6.5));
#5107=VERTEX_POINT('',#5106);
#5108=CARTESIAN_POINT('',(66.36024243,-11.741282153,6.5));
#5109=DIRECTION('',(0.,1.,0.));
#5110=VECTOR('',#5109,3.550201035);
#5111=LINE('',#5108,#5110);
#5112=EDGE_CURVE('',#5099,#5107,#5111,.T.);
#5113=ORIENTED_EDGE('',*,*,#5112,.T.);
#5114=CARTESIAN_POINT('',(67.059739352,-8.191081118,6.5));
#5115=VERTEX_POINT('',#5114);
#5116=CARTESIAN_POINT('',(67.059739352,-8.191081118,6.5));
#5117=DIRECTION('',(-1.,0.,0.));
#5118=VECTOR('',#5117,0.699496922);
#5119=LINE('',#5116,#5118);
#5120=EDGE_CURVE('',#5115,#5107,#5119,.T.);
#5121=ORIENTED_EDGE('',*,*,#5120,.F.);
#5122=CARTESIAN_POINT('',(67.059739352,-1.191080879,6.5));
#5123=VERTEX_POINT('',#5122);
#5124=CARTESIAN_POINT('',(67.059739352,-1.191080879,6.5));
#5125=DIRECTION('',(0.,-1.,0.));
#5126=VECTOR('',#5125,7.000000238);
#5127=LINE('',#5124,#5126);
#5128=EDGE_CURVE('',#5123,#5115,#5127,.T.);
#5129=ORIENTED_EDGE('',*,*,#5128,.F.);
#5130=CARTESIAN_POINT('',(66.36024243,-1.191080879,6.5));
#5131=VERTEX_POINT('',#5130);
#5132=CARTESIAN_POINT('',(66.36024243,-1.191080879,6.5));
#5133=DIRECTION('',(1.,0.,-0.));
#5134=VECTOR('',#5133,0.699496922);
#5135=LINE('',#5132,#5134);
#5136=EDGE_CURVE('',#5131,#5123,#5135,.T.);
#5137=ORIENTED_EDGE('',*,*,#5136,.F.);
#5138=CARTESIAN_POINT('',(66.36024243,2.358717424,6.5));
#5139=VERTEX_POINT('',#5138);
#5140=CARTESIAN_POINT('',(66.36024243,-1.191080879,6.5));
#5141=DIRECTION('',(0.,1.,0.));
#5142=VECTOR('',#5141,3.549798303);
#5143=LINE('',#5140,#5142);
#5144=EDGE_CURVE('',#5131,#5139,#5143,.T.);
#5145=ORIENTED_EDGE('',*,*,#5144,.T.);
#5146=CARTESIAN_POINT('',(52.260243956,2.358717424,6.5));
#5147=VERTEX_POINT('',#5146);
#5148=CARTESIAN_POINT('',(66.36024243,2.358717424,6.5));
#5149=DIRECTION('',(-1.,0.,0.));
#5150=VECTOR('',#5149,14.099998474);
#5151=LINE('',#5148,#5150);
#5152=EDGE_CURVE('',#5139,#5147,#5151,.T.);
#5153=ORIENTED_EDGE('',*,*,#5152,.T.);
#5154=CARTESIAN_POINT('',(52.260243956,-1.191080879,6.5));
#5155=VERTEX_POINT('',#5154);
#5156=CARTESIAN_POINT('',(52.260243956,2.358717424,6.5));
#5157=DIRECTION('',(-0.,-1.,0.));
#5158=VECTOR('',#5157,3.549798303);
#5159=LINE('',#5156,#5158);
#5160=EDGE_CURVE('',#5147,#5155,#5159,.T.);
#5161=ORIENTED_EDGE('',*,*,#5160,.T.);
#5162=CARTESIAN_POINT('',(51.559735538,-1.191080879,6.5));
#5163=VERTEX_POINT('',#5162);
#5164=CARTESIAN_POINT('',(51.559735538,-1.191080879,6.5));
#5165=DIRECTION('',(1.,0.,-0.));
#5166=VECTOR('',#5165,0.700508418);
#5167=LINE('',#5164,#5166);
#5168=EDGE_CURVE('',#5163,#5155,#5167,.T.);
#5169=ORIENTED_EDGE('',*,*,#5168,.F.);
#5170=CARTESIAN_POINT('',(51.559735538,-8.191081118,6.5));
#5171=DIRECTION('',(0.,1.,0.));
#5172=VECTOR('',#5171,7.000000238);
#5173=LINE('',#5170,#5172);
#5174=EDGE_CURVE('',#5083,#5163,#5173,.T.);
#5175=ORIENTED_EDGE('',*,*,#5174,.F.);
#5176=EDGE_LOOP('',(#5089,#5097,#5105,#5113,#5121,#5129,#5137,#5145,#5153,#5161,#5169,#5175));
#5177=FACE_BOUND('',#5176,.T.);
#5178=CARTESIAN_POINT('',(52.260243956,8.808919359,6.5));
#5179=VERTEX_POINT('',#5178);
#5180=CARTESIAN_POINT('',(51.559735538,8.808919359,6.5));
#5181=VERTEX_POINT('',#5180);
#5182=CARTESIAN_POINT('',(52.260243956,8.808919359,6.5));
#5183=DIRECTION('',(-1.,0.,0.));
#5184=VECTOR('',#5183,0.700508418);
#5185=LINE('',#5182,#5184);
#5186=EDGE_CURVE('',#5179,#5181,#5185,.T.);
#5187=ORIENTED_EDGE('',*,*,#5186,.F.);
#5188=CARTESIAN_POINT('',(52.260243956,5.25871737,6.5));
#5189=VERTEX_POINT('',#5188);
#5190=CARTESIAN_POINT('',(52.260243956,8.808919359,6.5));
#5191=DIRECTION('',(-0.,-1.,0.));
#5192=VECTOR('',#5191,3.550201989);
#5193=LINE('',#5190,#5192);
#5194=EDGE_CURVE('',#5179,#5189,#5193,.T.);
#5195=ORIENTED_EDGE('',*,*,#5194,.T.);
#5196=CARTESIAN_POINT('',(66.36024243,5.25871737,6.5));
#5197=VERTEX_POINT('',#5196);
#5198=CARTESIAN_POINT('',(52.260243956,5.25871737,6.5));
#5199=DIRECTION('',(1.,-0.,0.));
#5200=VECTOR('',#5199,14.099998474);
#5201=LINE('',#5198,#5200);
#5202=EDGE_CURVE('',#5189,#5197,#5201,.T.);
#5203=ORIENTED_EDGE('',*,*,#5202,.T.);
#5204=CARTESIAN_POINT('',(66.36024243,8.808919359,6.5));
#5205=VERTEX_POINT('',#5204);
#5206=CARTESIAN_POINT('',(66.36024243,5.25871737,6.5));
#5207=DIRECTION('',(0.,1.,0.));
#5208=VECTOR('',#5207,3.550201989);
#5209=LINE('',#5206,#5208);
#5210=EDGE_CURVE('',#5197,#5205,#5209,.T.);
#5211=ORIENTED_EDGE('',*,*,#5210,.T.);
#5212=CARTESIAN_POINT('',(67.059739352,8.808919359,6.5));
#5213=VERTEX_POINT('',#5212);
#5214=CARTESIAN_POINT('',(67.059739352,8.808919359,6.5));
#5215=DIRECTION('',(-1.,0.,0.));
#5216=VECTOR('',#5215,0.699496922);
#5217=LINE('',#5214,#5216);
#5218=EDGE_CURVE('',#5213,#5205,#5217,.T.);
#5219=ORIENTED_EDGE('',*,*,#5218,.F.);
#5220=CARTESIAN_POINT('',(67.059739352,15.808918882,6.5));
#5221=VERTEX_POINT('',#5220);
#5222=CARTESIAN_POINT('',(67.059739352,15.808918882,6.5));
#5223=DIRECTION('',(0.,-1.,0.));
#5224=VECTOR('',#5223,6.999999523);
#5225=LINE('',#5222,#5224);
#5226=EDGE_CURVE('',#5221,#5213,#5225,.T.);
#5227=ORIENTED_EDGE('',*,*,#5226,.F.);
#5228=CARTESIAN_POINT('',(66.36024243,15.808918882,6.5));
#5229=VERTEX_POINT('',#5228);
#5230=CARTESIAN_POINT('',(66.36024243,15.808918882,6.5));
#5231=DIRECTION('',(1.,0.,-0.));
#5232=VECTOR('',#5231,0.699496922);
#5233=LINE('',#5230,#5232);
#5234=EDGE_CURVE('',#5229,#5221,#5233,.T.);
#5235=ORIENTED_EDGE('',*,*,#5234,.F.);
#5236=CARTESIAN_POINT('',(66.36024243,19.358717275,6.5));
#5237=VERTEX_POINT('',#5236);
#5238=CARTESIAN_POINT('',(66.36024243,15.808918882,6.5));
#5239=DIRECTION('',(0.,1.,0.));
#5240=VECTOR('',#5239,3.549798393);
#5241=LINE('',#5238,#5240);
#5242=EDGE_CURVE('',#5229,#5237,#5241,.T.);
#5243=ORIENTED_EDGE('',*,*,#5242,.T.);
#5244=CARTESIAN_POINT('',(52.260243956,19.358717275,6.5));
#5245=VERTEX_POINT('',#5244);
#5246=CARTESIAN_POINT('',(66.36024243,19.358717275,6.5));
#5247=DIRECTION('',(-1.,0.,0.));
#5248=VECTOR('',#5247,14.099998474);
#5249=LINE('',#5246,#5248);
#5250=EDGE_CURVE('',#5237,#5245,#5249,.T.);
#5251=ORIENTED_EDGE('',*,*,#5250,.T.);
#5252=CARTESIAN_POINT('',(52.260243956,15.808918882,6.5));
#5253=VERTEX_POINT('',#5252);
#5254=CARTESIAN_POINT('',(52.260243956,19.358717275,6.5));
#5255=DIRECTION('',(-0.,-1.,0.));
#5256=VECTOR('',#5255,3.549798393);
#5257=LINE('',#5254,#5256);
#5258=EDGE_CURVE('',#5245,#5253,#5257,.T.);
#5259=ORIENTED_EDGE('',*,*,#5258,.T.);
#5260=CARTESIAN_POINT('',(51.559735538,15.808918882,6.5));
#5261=VERTEX_POINT('',#5260);
#5262=CARTESIAN_POINT('',(51.559735538,15.808918882,6.5));
#5263=DIRECTION('',(1.,0.,-0.));
#5264=VECTOR('',#5263,0.700508418);
#5265=LINE('',#5262,#5264);
#5266=EDGE_CURVE('',#5261,#5253,#5265,.T.);
#5267=ORIENTED_EDGE('',*,*,#5266,.F.);
#5268=CARTESIAN_POINT('',(51.559735538,8.808919359,6.5));
#5269=DIRECTION('',(0.,1.,0.));
#5270=VECTOR('',#5269,6.999999523);
#5271=LINE('',#5268,#5270);
#5272=EDGE_CURVE('',#5181,#5261,#5271,.T.);
#5273=ORIENTED_EDGE('',*,*,#5272,.F.);
#5274=EDGE_LOOP('',(#5187,#5195,#5203,#5211,#5219,#5227,#5235,#5243,#5251,#5259,#5267,#5273));
#5275=FACE_BOUND('',#5274,.T.);
#5276=CARTESIAN_POINT('',(52.260243956,25.808919836,6.5));
#5277=VERTEX_POINT('',#5276);
#5278=CARTESIAN_POINT('',(51.559735538,25.808919836,6.5));
#5279=VERTEX_POINT('',#5278);
#5280=CARTESIAN_POINT('',(52.260243956,25.808919836,6.5));
#5281=DIRECTION('',(-1.,0.,0.));
#5282=VECTOR('',#5281,0.700508418);
#5283=LINE('',#5280,#5282);
#5284=EDGE_CURVE('',#5277,#5279,#5283,.T.);
#5285=ORIENTED_EDGE('',*,*,#5284,.F.);
#5286=CARTESIAN_POINT('',(52.260243956,22.258716893,6.5));
#5287=VERTEX_POINT('',#5286);
#5288=CARTESIAN_POINT('',(52.260243956,25.808919836,6.5));
#5289=DIRECTION('',(-0.,-1.,0.));
#5290=VECTOR('',#5289,3.550202943);
#5291=LINE('',#5288,#5290);
#5292=EDGE_CURVE('',#5277,#5287,#5291,.T.);
#5293=ORIENTED_EDGE('',*,*,#5292,.T.);
#5294=CARTESIAN_POINT('',(66.36024243,22.258716893,6.5));
#5295=VERTEX_POINT('',#5294);
#5296=CARTESIAN_POINT('',(52.260243956,22.258716893,6.5));
#5297=DIRECTION('',(1.,-0.,0.));
#5298=VECTOR('',#5297,14.099998474);
#5299=LINE('',#5296,#5298);
#5300=EDGE_CURVE('',#5287,#5295,#5299,.T.);
#5301=ORIENTED_EDGE('',*,*,#5300,.T.);
#5302=CARTESIAN_POINT('',(66.36024243,25.808919836,6.5));
#5303=VERTEX_POINT('',#5302);
#5304=CARTESIAN_POINT('',(66.36024243,22.258716893,6.5));
#5305=DIRECTION('',(0.,1.,0.));
#5306=VECTOR('',#5305,3.550202943);
#5307=LINE('',#5304,#5306);
#5308=EDGE_CURVE('',#5295,#5303,#5307,.T.);
#5309=ORIENTED_EDGE('',*,*,#5308,.T.);
#5310=CARTESIAN_POINT('',(67.059739352,25.808919836,6.5));
#5311=VERTEX_POINT('',#5310);
#5312=CARTESIAN_POINT('',(67.059739352,25.808919836,6.5));
#5313=DIRECTION('',(-1.,0.,0.));
#5314=VECTOR('',#5313,0.699496922);
#5315=LINE('',#5312,#5314);
#5316=EDGE_CURVE('',#5311,#5303,#5315,.T.);
#5317=ORIENTED_EDGE('',*,*,#5316,.F.);
#5318=CARTESIAN_POINT('',(67.059739352,32.808919836,6.5));
#5319=VERTEX_POINT('',#5318);
#5320=CARTESIAN_POINT('',(67.059739352,32.808919836,6.5));
#5321=DIRECTION('',(0.,-1.,0.));
#5322=VECTOR('',#5321,7.);
#5323=LINE('',#5320,#5322);
#5324=EDGE_CURVE('',#5319,#5311,#5323,.T.);
#5325=ORIENTED_EDGE('',*,*,#5324,.F.);
#5326=CARTESIAN_POINT('',(66.36024243,32.808919836,6.5));
#5327=VERTEX_POINT('',#5326);
#5328=CARTESIAN_POINT('',(66.36024243,32.808919836,6.5));
#5329=DIRECTION('',(1.,0.,-0.));
#5330=VECTOR('',#5329,0.699496922);
#5331=LINE('',#5328,#5330);
#5332=EDGE_CURVE('',#5327,#5319,#5331,.T.);
#5333=ORIENTED_EDGE('',*,*,#5332,.F.);
#5334=CARTESIAN_POINT('',(66.36024243,36.358717275,6.5));
#5335=VERTEX_POINT('',#5334);
#5336=CARTESIAN_POINT('',(66.36024243,32.808919836,6.5));
#5337=DIRECTION('',(0.,1.,0.));
#5338=VECTOR('',#5337,3.549797439);
#5339=LINE('',#5336,#5338);
#5340=EDGE_CURVE('',#5327,#5335,#5339,.T.);
#5341=ORIENTED_EDGE('',*,*,#5340,.T.);
#5342=CARTESIAN_POINT('',(52.260243956,36.358717275,6.5));
#5343=VERTEX_POINT('',#5342);
#5344=CARTESIAN_POINT('',(66.36024243,36.358717275,6.5));
#5345=DIRECTION('',(-1.,0.,0.));
#5346=VECTOR('',#5345,14.099998474);
#5347=LINE('',#5344,#5346);
#5348=EDGE_CURVE('',#5335,#5343,#5347,.T.);
#5349=ORIENTED_EDGE('',*,*,#5348,.T.);
#5350=CARTESIAN_POINT('',(52.260243956,32.808919836,6.5));
#5351=VERTEX_POINT('',#5350);
#5352=CARTESIAN_POINT('',(52.260243956,36.358717275,6.5));
#5353=DIRECTION('',(-0.,-1.,0.));
#5354=VECTOR('',#5353,3.549797439);
#5355=LINE('',#5352,#5354);
#5356=EDGE_CURVE('',#5343,#5351,#5355,.T.);
#5357=ORIENTED_EDGE('',*,*,#5356,.T.);
#5358=CARTESIAN_POINT('',(51.559735538,32.808919836,6.5));
#5359=VERTEX_POINT('',#5358);
#5360=CARTESIAN_POINT('',(51.559735538,32.808919836,6.5));
#5361=DIRECTION('',(1.,0.,-0.));
#5362=VECTOR('',#5361,0.700508418);
#5363=LINE('',#5360,#5362);
#5364=EDGE_CURVE('',#5359,#5351,#5363,.T.);
#5365=ORIENTED_EDGE('',*,*,#5364,.F.);
#5366=CARTESIAN_POINT('',(51.559735538,25.808919836,6.5));
#5367=DIRECTION('',(0.,1.,0.));
#5368=VECTOR('',#5367,7.);
#5369=LINE('',#5366,#5368);
#5370=EDGE_CURVE('',#5279,#5359,#5369,.T.);
#5371=ORIENTED_EDGE('',*,*,#5370,.F.);
#5372=EDGE_LOOP('',(#5285,#5293,#5301,#5309,#5317,#5325,#5333,#5341,#5349,#5357,#5365,#5371));
#5373=FACE_BOUND('',#5372,.T.);
#5374=CARTESIAN_POINT('',(35.260243956,25.808919836,6.5));
#5375=VERTEX_POINT('',#5374);
#5376=CARTESIAN_POINT('',(34.559735538,25.808919836,6.5));
#5377=VERTEX_POINT('',#5376);
#5378=CARTESIAN_POINT('',(35.260243956,25.808919836,6.5));
#5379=DIRECTION('',(-1.,0.,0.));
#5380=VECTOR('',#5379,0.700508418);
#5381=LINE('',#5378,#5380);
#5382=EDGE_CURVE('',#5375,#5377,#5381,.T.);
#5383=ORIENTED_EDGE('',*,*,#5382,.F.);
#5384=CARTESIAN_POINT('',(35.260243956,22.258716893,6.5));
#5385=VERTEX_POINT('',#5384);
#5386=CARTESIAN_POINT('',(35.260243956,25.808919836,6.5));
#5387=DIRECTION('',(-0.,-1.,0.));
#5388=VECTOR('',#5387,3.550202943);
#5389=LINE('',#5386,#5388);
#5390=EDGE_CURVE('',#5375,#5385,#5389,.T.);
#5391=ORIENTED_EDGE('',*,*,#5390,.T.);
#5392=CARTESIAN_POINT('',(49.36024243,22.258716893,6.5));
#5393=VERTEX_POINT('',#5392);
#5394=CARTESIAN_POINT('',(35.260243956,22.258716893,6.5));
#5395=DIRECTION('',(1.,-0.,0.));
#5396=VECTOR('',#5395,14.099998474);
#5397=LINE('',#5394,#5396);
#5398=EDGE_CURVE('',#5385,#5393,#5397,.T.);
#5399=ORIENTED_EDGE('',*,*,#5398,.T.);
#5400=CARTESIAN_POINT('',(49.36024243,25.808919836,6.5));
#5401=VERTEX_POINT('',#5400);
#5402=CARTESIAN_POINT('',(49.36024243,22.258716893,6.5));
#5403=DIRECTION('',(0.,1.,0.));
#5404=VECTOR('',#5403,3.550202943);
#5405=LINE('',#5402,#5404);
#5406=EDGE_CURVE('',#5393,#5401,#5405,.T.);
#5407=ORIENTED_EDGE('',*,*,#5406,.T.);
#5408=CARTESIAN_POINT('',(50.059735538,25.808919836,6.5));
#5409=VERTEX_POINT('',#5408);
#5410=CARTESIAN_POINT('',(50.059735538,25.808919836,6.5));
#5411=DIRECTION('',(-1.,0.,0.));
#5412=VECTOR('',#5411,0.699493108);
#5413=LINE('',#5410,#5412);
#5414=EDGE_CURVE('',#5409,#5401,#5413,.T.);
#5415=ORIENTED_EDGE('',*,*,#5414,.F.);
#5416=CARTESIAN_POINT('',(50.059735538,32.808919836,6.5));
#5417=VERTEX_POINT('',#5416);
#5418=CARTESIAN_POINT('',(50.059735538,32.808919836,6.5));
#5419=DIRECTION('',(0.,-1.,0.));
#5420=VECTOR('',#5419,7.);
#5421=LINE('',#5418,#5420);
#5422=EDGE_CURVE('',#5417,#5409,#5421,.T.);
#5423=ORIENTED_EDGE('',*,*,#5422,.F.);
#5424=CARTESIAN_POINT('',(49.36024243,32.808919836,6.5));
#5425=VERTEX_POINT('',#5424);
#5426=CARTESIAN_POINT('',(49.36024243,32.808919836,6.5));
#5427=DIRECTION('',(1.,0.,-0.));
#5428=VECTOR('',#5427,0.699493108);
#5429=LINE('',#5426,#5428);
#5430=EDGE_CURVE('',#5425,#5417,#5429,.T.);
#5431=ORIENTED_EDGE('',*,*,#5430,.F.);
#5432=CARTESIAN_POINT('',(49.36024243,36.358717275,6.5));
#5433=VERTEX_POINT('',#5432);
#5434=CARTESIAN_POINT('',(49.36024243,32.808919836,6.5));
#5435=DIRECTION('',(0.,1.,0.));
#5436=VECTOR('',#5435,3.549797439);
#5437=LINE('',#5434,#5436);
#5438=EDGE_CURVE('',#5425,#5433,#5437,.T.);
#5439=ORIENTED_EDGE('',*,*,#5438,.T.);
#5440=CARTESIAN_POINT('',(35.260243956,36.358717275,6.5));
#5441=VERTEX_POINT('',#5440);
#5442=CARTESIAN_POINT('',(49.36024243,36.358717275,6.5));
#5443=DIRECTION('',(-1.,0.,0.));
#5444=VECTOR('',#5443,14.099998474);
#5445=LINE('',#5442,#5444);
#5446=EDGE_CURVE('',#5433,#5441,#5445,.T.);
#5447=ORIENTED_EDGE('',*,*,#5446,.T.);
#5448=CARTESIAN_POINT('',(35.260243956,32.808919836,6.5));
#5449=VERTEX_POINT('',#5448);
#5450=CARTESIAN_POINT('',(35.260243956,36.358717275,6.5));
#5451=DIRECTION('',(-0.,-1.,0.));
#5452=VECTOR('',#5451,3.549797439);
#5453=LINE('',#5450,#5452);
#5454=EDGE_CURVE('',#5441,#5449,#5453,.T.);
#5455=ORIENTED_EDGE('',*,*,#5454,.T.);
#5456=CARTESIAN_POINT('',(34.559735538,32.808919836,6.5));
#5457=VERTEX_POINT('',#5456);
#5458=CARTESIAN_POINT('',(34.559735538,32.808919836,6.5));
#5459=DIRECTION('',(1.,0.,-0.));
#5460=VECTOR('',#5459,0.700508418);
#5461=LINE('',#5458,#5460);
#5462=EDGE_CURVE('',#5457,#5449,#5461,.T.);
#5463=ORIENTED_EDGE('',*,*,#5462,.F.);
#5464=CARTESIAN_POINT('',(34.559735538,25.808919836,6.5));
#5465=DIRECTION('',(0.,1.,0.));
#5466=VECTOR('',#5465,7.);
#5467=LINE('',#5464,#5466);
#5468=EDGE_CURVE('',#5377,#5457,#5467,.T.);
#5469=ORIENTED_EDGE('',*,*,#5468,.F.);
#5470=EDGE_LOOP('',(#5383,#5391,#5399,#5407,#5415,#5423,#5431,#5439,#5447,#5455,#5463,#5469));
#5471=FACE_BOUND('',#5470,.T.);
#5472=CARTESIAN_POINT('',(35.260243956,8.808919359,6.5));
#5473=VERTEX_POINT('',#5472);
#5474=CARTESIAN_POINT('',(34.559735538,8.808919359,6.5));
#5475=VERTEX_POINT('',#5474);
#5476=CARTESIAN_POINT('',(35.260243956,8.808919359,6.5));
#5477=DIRECTION('',(-1.,0.,0.));
#5478=VECTOR('',#5477,0.700508418);
#5479=LINE('',#5476,#5478);
#5480=EDGE_CURVE('',#5473,#5475,#5479,.T.);
#5481=ORIENTED_EDGE('',*,*,#5480,.F.);
#5482=CARTESIAN_POINT('',(35.260243956,5.25871737,6.5));
#5483=VERTEX_POINT('',#5482);
#5484=CARTESIAN_POINT('',(35.260243956,8.808919359,6.5));
#5485=DIRECTION('',(-0.,-1.,0.));
#5486=VECTOR('',#5485,3.550201989);
#5487=LINE('',#5484,#5486);
#5488=EDGE_CURVE('',#5473,#5483,#5487,.T.);
#5489=ORIENTED_EDGE('',*,*,#5488,.T.);
#5490=CARTESIAN_POINT('',(49.36024243,5.25871737,6.5));
#5491=VERTEX_POINT('',#5490);
#5492=CARTESIAN_POINT('',(35.260243956,5.25871737,6.5));
#5493=DIRECTION('',(1.,-0.,0.));
#5494=VECTOR('',#5493,14.099998474);
#5495=LINE('',#5492,#5494);
#5496=EDGE_CURVE('',#5483,#5491,#5495,.T.);
#5497=ORIENTED_EDGE('',*,*,#5496,.T.);
#5498=CARTESIAN_POINT('',(49.36024243,8.808919359,6.5));
#5499=VERTEX_POINT('',#5498);
#5500=CARTESIAN_POINT('',(49.36024243,5.25871737,6.5));
#5501=DIRECTION('',(0.,1.,0.));
#5502=VECTOR('',#5501,3.550201989);
#5503=LINE('',#5500,#5502);
#5504=EDGE_CURVE('',#5491,#5499,#5503,.T.);
#5505=ORIENTED_EDGE('',*,*,#5504,.T.);
#5506=CARTESIAN_POINT('',(50.059735538,8.808919359,6.5));
#5507=VERTEX_POINT('',#5506);
#5508=CARTESIAN_POINT('',(50.059735538,8.808919359,6.5));
#5509=DIRECTION('',(-1.,0.,0.));
#5510=VECTOR('',#5509,0.699493108);
#5511=LINE('',#5508,#5510);
#5512=EDGE_CURVE('',#5507,#5499,#5511,.T.);
#5513=ORIENTED_EDGE('',*,*,#5512,.F.);
#5514=CARTESIAN_POINT('',(50.059735538,15.808918882,6.5));
#5515=VERTEX_POINT('',#5514);
#5516=CARTESIAN_POINT('',(50.059735538,15.808918882,6.5));
#5517=DIRECTION('',(0.,-1.,0.));
#5518=VECTOR('',#5517,6.999999523);
#5519=LINE('',#5516,#5518);
#5520=EDGE_CURVE('',#5515,#5507,#5519,.T.);
#5521=ORIENTED_EDGE('',*,*,#5520,.F.);
#5522=CARTESIAN_POINT('',(49.36024243,15.808918882,6.5));
#5523=VERTEX_POINT('',#5522);
#5524=CARTESIAN_POINT('',(49.36024243,15.808918882,6.5));
#5525=DIRECTION('',(1.,0.,-0.));
#5526=VECTOR('',#5525,0.699493108);
#5527=LINE('',#5524,#5526);
#5528=EDGE_CURVE('',#5523,#5515,#5527,.T.);
#5529=ORIENTED_EDGE('',*,*,#5528,.F.);
#5530=CARTESIAN_POINT('',(49.36024243,19.358717275,6.5));
#5531=VERTEX_POINT('',#5530);
#5532=CARTESIAN_POINT('',(49.36024243,15.808918882,6.5));
#5533=DIRECTION('',(0.,1.,0.));
#5534=VECTOR('',#5533,3.549798393);
#5535=LINE('',#5532,#5534);
#5536=EDGE_CURVE('',#5523,#5531,#5535,.T.);
#5537=ORIENTED_EDGE('',*,*,#5536,.T.);
#5538=CARTESIAN_POINT('',(35.260243956,19.358717275,6.5));
#5539=VERTEX_POINT('',#5538);
#5540=CARTESIAN_POINT('',(49.36024243,19.358717275,6.5));
#5541=DIRECTION('',(-1.,0.,0.));
#5542=VECTOR('',#5541,14.099998474);
#5543=LINE('',#5540,#5542);
#5544=EDGE_CURVE('',#5531,#5539,#5543,.T.);
#5545=ORIENTED_EDGE('',*,*,#5544,.T.);
#5546=CARTESIAN_POINT('',(35.260243956,15.808918882,6.5));
#5547=VERTEX_POINT('',#5546);
#5548=CARTESIAN_POINT('',(35.260243956,19.358717275,6.5));
#5549=DIRECTION('',(-0.,-1.,0.));
#5550=VECTOR('',#5549,3.549798393);
#5551=LINE('',#5548,#5550);
#5552=EDGE_CURVE('',#5539,#5547,#5551,.T.);
#5553=ORIENTED_EDGE('',*,*,#5552,.T.);
#5554=CARTESIAN_POINT('',(34.559735538,15.808918882,6.5));
#5555=VERTEX_POINT('',#5554);
#5556=CARTESIAN_POINT('',(34.559735538,15.808918882,6.5));
#5557=DIRECTION('',(1.,0.,-0.));
#5558=VECTOR('',#5557,0.700508418);
#5559=LINE('',#5556,#5558);
#5560=EDGE_CURVE('',#5555,#5547,#5559,.T.);
#5561=ORIENTED_EDGE('',*,*,#5560,.F.);
#5562=CARTESIAN_POINT('',(34.559735538,8.808919359,6.5));
#5563=DIRECTION('',(0.,1.,0.));
#5564=VECTOR('',#5563,6.999999523);
#5565=LINE('',#5562,#5564);
#5566=EDGE_CURVE('',#5475,#5555,#5565,.T.);
#5567=ORIENTED_EDGE('',*,*,#5566,.F.);
#5568=EDGE_LOOP('',(#5481,#5489,#5497,#5505,#5513,#5521,#5529,#5537,#5545,#5553,#5561,#5567));
#5569=FACE_BOUND('',#5568,.T.);
#5570=CARTESIAN_POINT('',(35.260243956,-8.191081118,6.5));
#5571=VERTEX_POINT('',#5570);
#5572=CARTESIAN_POINT('',(34.559735538,-8.191081118,6.5));
#5573=VERTEX_POINT('',#5572);
#5574=CARTESIAN_POINT('',(35.260243956,-8.191081118,6.5));
#5575=DIRECTION('',(-1.,0.,0.));
#5576=VECTOR('',#5575,0.700508418);
#5577=LINE('',#5574,#5576);
#5578=EDGE_CURVE('',#5571,#5573,#5577,.T.);
#5579=ORIENTED_EDGE('',*,*,#5578,.F.);
#5580=CARTESIAN_POINT('',(35.260243956,-11.741282153,6.5));
#5581=VERTEX_POINT('',#5580);
#5582=CARTESIAN_POINT('',(35.260243956,-8.191081118,6.5));
#5583=DIRECTION('',(-0.,-1.,0.));
#5584=VECTOR('',#5583,3.550201035);
#5585=LINE('',#5582,#5584);
#5586=EDGE_CURVE('',#5571,#5581,#5585,.T.);
#5587=ORIENTED_EDGE('',*,*,#5586,.T.);
#5588=CARTESIAN_POINT('',(49.36024243,-11.741282153,6.5));
#5589=VERTEX_POINT('',#5588);
#5590=CARTESIAN_POINT('',(35.260243956,-11.741282153,6.5));
#5591=DIRECTION('',(1.,-0.,0.));
#5592=VECTOR('',#5591,14.099998474);
#5593=LINE('',#5590,#5592);
#5594=EDGE_CURVE('',#5581,#5589,#5593,.T.);
#5595=ORIENTED_EDGE('',*,*,#5594,.T.);
#5596=CARTESIAN_POINT('',(49.36024243,-8.191081118,6.5));
#5597=VERTEX_POINT('',#5596);
#5598=CARTESIAN_POINT('',(49.36024243,-11.741282153,6.5));
#5599=DIRECTION('',(0.,1.,0.));
#5600=VECTOR('',#5599,3.550201035);
#5601=LINE('',#5598,#5600);
#5602=EDGE_CURVE('',#5589,#5597,#5601,.T.);
#5603=ORIENTED_EDGE('',*,*,#5602,.T.);
#5604=CARTESIAN_POINT('',(50.059735538,-8.191081118,6.5));
#5605=VERTEX_POINT('',#5604);
#5606=CARTESIAN_POINT('',(50.059735538,-8.191081118,6.5));
#5607=DIRECTION('',(-1.,0.,0.));
#5608=VECTOR('',#5607,0.699493108);
#5609=LINE('',#5606,#5608);
#5610=EDGE_CURVE('',#5605,#5597,#5609,.T.);
#5611=ORIENTED_EDGE('',*,*,#5610,.F.);
#5612=CARTESIAN_POINT('',(50.059735538,-1.191080879,6.5));
#5613=VERTEX_POINT('',#5612);
#5614=CARTESIAN_POINT('',(50.059735538,-1.191080879,6.5));
#5615=DIRECTION('',(0.,-1.,0.));
#5616=VECTOR('',#5615,7.000000238);
#5617=LINE('',#5614,#5616);
#5618=EDGE_CURVE('',#5613,#5605,#5617,.T.);
#5619=ORIENTED_EDGE('',*,*,#5618,.F.);
#5620=CARTESIAN_POINT('',(49.36024243,-1.191080879,6.5));
#5621=VERTEX_POINT('',#5620);
#5622=CARTESIAN_POINT('',(49.36024243,-1.191080879,6.5));
#5623=DIRECTION('',(1.,0.,-0.));
#5624=VECTOR('',#5623,0.699493108);
#5625=LINE('',#5622,#5624);
#5626=EDGE_CURVE('',#5621,#5613,#5625,.T.);
#5627=ORIENTED_EDGE('',*,*,#5626,.F.);
#5628=CARTESIAN_POINT('',(49.36024243,2.358717424,6.5));
#5629=VERTEX_POINT('',#5628);
#5630=CARTESIAN_POINT('',(49.36024243,-1.191080879,6.5));
#5631=DIRECTION('',(0.,1.,0.));
#5632=VECTOR('',#5631,3.549798303);
#5633=LINE('',#5630,#5632);
#5634=EDGE_CURVE('',#5621,#5629,#5633,.T.);
#5635=ORIENTED_EDGE('',*,*,#5634,.T.);
#5636=CARTESIAN_POINT('',(35.260243956,2.358717424,6.5));
#5637=VERTEX_POINT('',#5636);
#5638=CARTESIAN_POINT('',(49.36024243,2.358717424,6.5));
#5639=DIRECTION('',(-1.,0.,0.));
#5640=VECTOR('',#5639,14.099998474);
#5641=LINE('',#5638,#5640);
#5642=EDGE_CURVE('',#5629,#5637,#5641,.T.);
#5643=ORIENTED_EDGE('',*,*,#5642,.T.);
#5644=CARTESIAN_POINT('',(35.260243956,-1.191080879,6.5));
#5645=VERTEX_POINT('',#5644);
#5646=CARTESIAN_POINT('',(35.260243956,2.358717424,6.5));
#5647=DIRECTION('',(-0.,-1.,0.));
#5648=VECTOR('',#5647,3.549798303);
#5649=LINE('',#5646,#5648);
#5650=EDGE_CURVE('',#5637,#5645,#5649,.T.);
#5651=ORIENTED_EDGE('',*,*,#5650,.T.);
#5652=CARTESIAN_POINT('',(34.559735538,-1.191080879,6.5));
#5653=VERTEX_POINT('',#5652);
#5654=CARTESIAN_POINT('',(34.559735538,-1.191080879,6.5));
#5655=DIRECTION('',(1.,0.,-0.));
#5656=VECTOR('',#5655,0.700508418);
#5657=LINE('',#5654,#5656);
#5658=EDGE_CURVE('',#5653,#5645,#5657,.T.);
#5659=ORIENTED_EDGE('',*,*,#5658,.F.);
#5660=CARTESIAN_POINT('',(34.559735538,-8.191081118,6.5));
#5661=DIRECTION('',(0.,1.,0.));
#5662=VECTOR('',#5661,7.000000238);
#5663=LINE('',#5660,#5662);
#5664=EDGE_CURVE('',#5573,#5653,#5663,.T.);
#5665=ORIENTED_EDGE('',*,*,#5664,.F.);
#5666=EDGE_LOOP('',(#5579,#5587,#5595,#5603,#5611,#5619,#5627,#5635,#5643,#5651,#5659,#5665));
#5667=FACE_BOUND('',#5666,.T.);
#5668=CARTESIAN_POINT('',(35.260243956,-25.191080164,6.5));
#5669=VERTEX_POINT('',#5668);
#5670=CARTESIAN_POINT('',(34.559735538,-25.191080164,6.5));
#5671=VERTEX_POINT('',#5670);
#5672=CARTESIAN_POINT('',(35.260243956,-25.191080164,6.5));
#5673=DIRECTION('',(-1.,0.,0.));
#5674=VECTOR('',#5673,0.700508418);
#5675=LINE('',#5672,#5674);
#5676=EDGE_CURVE('',#5669,#5671,#5675,.T.);
#5677=ORIENTED_EDGE('',*,*,#5676,.F.);
#5678=CARTESIAN_POINT('',(35.260243956,-28.741283107,6.5));
#5679=VERTEX_POINT('',#5678);
#5680=CARTESIAN_POINT('',(35.260243956,-25.191080164,6.5));
#5681=DIRECTION('',(-0.,-1.,0.));
#5682=VECTOR('',#5681,3.550202943);
#5683=LINE('',#5680,#5682);
#5684=EDGE_CURVE('',#5669,#5679,#5683,.T.);
#5685=ORIENTED_EDGE('',*,*,#5684,.T.);
#5686=CARTESIAN_POINT('',(49.36024243,-28.741283107,6.5));
#5687=VERTEX_POINT('',#5686);
#5688=CARTESIAN_POINT('',(35.260243956,-28.741283107,6.5));
#5689=DIRECTION('',(1.,-0.,0.));
#5690=VECTOR('',#5689,14.099998474);
#5691=LINE('',#5688,#5690);
#5692=EDGE_CURVE('',#5679,#5687,#5691,.T.);
#5693=ORIENTED_EDGE('',*,*,#5692,.T.);
#5694=CARTESIAN_POINT('',(49.36024243,-25.191080164,6.5));
#5695=VERTEX_POINT('',#5694);
#5696=CARTESIAN_POINT('',(49.36024243,-28.741283107,6.5));
#5697=DIRECTION('',(0.,1.,0.));
#5698=VECTOR('',#5697,3.550202943);
#5699=LINE('',#5696,#5698);
#5700=EDGE_CURVE('',#5687,#5695,#5699,.T.);
#5701=ORIENTED_EDGE('',*,*,#5700,.T.);
#5702=CARTESIAN_POINT('',(50.059735538,-25.191080164,6.5));
#5703=VERTEX_POINT('',#5702);
#5704=CARTESIAN_POINT('',(50.059735538,-25.191080164,6.5));
#5705=DIRECTION('',(-1.,0.,0.));
#5706=VECTOR('',#5705,0.699493108);
#5707=LINE('',#5704,#5706);
#5708=EDGE_CURVE('',#5703,#5695,#5707,.T.);
#5709=ORIENTED_EDGE('',*,*,#5708,.F.);
#5710=CARTESIAN_POINT('',(50.059735538,-18.191080164,6.5));
#5711=VERTEX_POINT('',#5710);
#5712=CARTESIAN_POINT('',(50.059735538,-18.191080164,6.5));
#5713=DIRECTION('',(0.,-1.,0.));
#5714=VECTOR('',#5713,7.);
#5715=LINE('',#5712,#5714);
#5716=EDGE_CURVE('',#5711,#5703,#5715,.T.);
#5717=ORIENTED_EDGE('',*,*,#5716,.F.);
#5718=CARTESIAN_POINT('',(49.36024243,-18.191080164,6.5));
#5719=VERTEX_POINT('',#5718);
#5720=CARTESIAN_POINT('',(49.36024243,-18.191080164,6.5));
#5721=DIRECTION('',(1.,0.,-0.));
#5722=VECTOR('',#5721,0.699493108);
#5723=LINE('',#5720,#5722);
#5724=EDGE_CURVE('',#5719,#5711,#5723,.T.);
#5725=ORIENTED_EDGE('',*,*,#5724,.F.);
#5726=CARTESIAN_POINT('',(49.36024243,-14.641282725,6.5));
#5727=VERTEX_POINT('',#5726);
#5728=CARTESIAN_POINT('',(49.36024243,-18.191080164,6.5));
#5729=DIRECTION('',(0.,1.,0.));
#5730=VECTOR('',#5729,3.549797439);
#5731=LINE('',#5728,#5730);
#5732=EDGE_CURVE('',#5719,#5727,#5731,.T.);
#5733=ORIENTED_EDGE('',*,*,#5732,.T.);
#5734=CARTESIAN_POINT('',(35.260243956,-14.641282725,6.5));
#5735=VERTEX_POINT('',#5734);
#5736=CARTESIAN_POINT('',(49.36024243,-14.641282725,6.5));
#5737=DIRECTION('',(-1.,0.,0.));
#5738=VECTOR('',#5737,14.099998474);
#5739=LINE('',#5736,#5738);
#5740=EDGE_CURVE('',#5727,#5735,#5739,.T.);
#5741=ORIENTED_EDGE('',*,*,#5740,.T.);
#5742=CARTESIAN_POINT('',(35.260243956,-18.191080164,6.5));
#5743=VERTEX_POINT('',#5742);
#5744=CARTESIAN_POINT('',(35.260243956,-14.641282725,6.5));
#5745=DIRECTION('',(-0.,-1.,0.));
#5746=VECTOR('',#5745,3.549797439);
#5747=LINE('',#5744,#5746);
#5748=EDGE_CURVE('',#5735,#5743,#5747,.T.);
#5749=ORIENTED_EDGE('',*,*,#5748,.T.);
#5750=CARTESIAN_POINT('',(34.559735538,-18.191080164,6.5));
#5751=VERTEX_POINT('',#5750);
#5752=CARTESIAN_POINT('',(34.559735538,-18.191080164,6.5));
#5753=DIRECTION('',(1.,0.,-0.));
#5754=VECTOR('',#5753,0.700508418);
#5755=LINE('',#5752,#5754);
#5756=EDGE_CURVE('',#5751,#5743,#5755,.T.);
#5757=ORIENTED_EDGE('',*,*,#5756,.F.);
#5758=CARTESIAN_POINT('',(34.559735538,-25.191080164,6.5));
#5759=DIRECTION('',(0.,1.,0.));
#5760=VECTOR('',#5759,7.);
#5761=LINE('',#5758,#5760);
#5762=EDGE_CURVE('',#5671,#5751,#5761,.T.);
#5763=ORIENTED_EDGE('',*,*,#5762,.F.);
#5764=EDGE_LOOP('',(#5677,#5685,#5693,#5701,#5709,#5717,#5725,#5733,#5741,#5749,#5757,#5763));
#5765=FACE_BOUND('',#5764,.T.);
#5766=CARTESIAN_POINT('',(18.260243956,-20.941080164,6.5));
#5767=VERTEX_POINT('',#5766);
#5768=CARTESIAN_POINT('',(17.559736491,-20.941080164,6.5));
#5769=VERTEX_POINT('',#5768);
#5770=CARTESIAN_POINT('',(18.260243956,-20.941080164,6.5));
#5771=DIRECTION('',(-1.,0.,0.));
#5772=VECTOR('',#5771,0.700507465);
#5773=LINE('',#5770,#5772);
#5774=EDGE_CURVE('',#5767,#5769,#5773,.T.);
#5775=ORIENTED_EDGE('',*,*,#5774,.F.);
#5776=CARTESIAN_POINT('',(18.260243956,-24.491283107,6.5));
#5777=VERTEX_POINT('',#5776);
#5778=CARTESIAN_POINT('',(18.260243956,-20.941080164,6.5));
#5779=DIRECTION('',(-0.,-1.,0.));
#5780=VECTOR('',#5779,3.550202943);
#5781=LINE('',#5778,#5780);
#5782=EDGE_CURVE('',#5767,#5777,#5781,.T.);
#5783=ORIENTED_EDGE('',*,*,#5782,.T.);
#5784=CARTESIAN_POINT('',(32.360244338,-24.491283107,6.5));
#5785=VERTEX_POINT('',#5784);
#5786=CARTESIAN_POINT('',(18.260243956,-24.491283107,6.5));
#5787=DIRECTION('',(1.,-0.,0.));
#5788=VECTOR('',#5787,14.100000381);
#5789=LINE('',#5786,#5788);
#5790=EDGE_CURVE('',#5777,#5785,#5789,.T.);
#5791=ORIENTED_EDGE('',*,*,#5790,.T.);
#5792=CARTESIAN_POINT('',(32.360244338,-20.941080164,6.5));
#5793=VERTEX_POINT('',#5792);
#5794=CARTESIAN_POINT('',(32.360244338,-24.491283107,6.5));
#5795=DIRECTION('',(0.,1.,0.));
#5796=VECTOR('',#5795,3.550202943);
#5797=LINE('',#5794,#5796);
#5798=EDGE_CURVE('',#5785,#5793,#5797,.T.);
#5799=ORIENTED_EDGE('',*,*,#5798,.T.);
#5800=CARTESIAN_POINT('',(33.059735538,-20.941080164,6.5));
#5801=VERTEX_POINT('',#5800);
#5802=CARTESIAN_POINT('',(33.059735538,-20.941080164,6.5));
#5803=DIRECTION('',(-1.,0.,0.));
#5804=VECTOR('',#5803,0.6994912);
#5805=LINE('',#5802,#5804);
#5806=EDGE_CURVE('',#5801,#5793,#5805,.T.);
#5807=ORIENTED_EDGE('',*,*,#5806,.F.);
#5808=CARTESIAN_POINT('',(33.059735538,-13.941080164,6.5));
#5809=VERTEX_POINT('',#5808);
#5810=CARTESIAN_POINT('',(33.059735538,-13.941080164,6.5));
#5811=DIRECTION('',(0.,-1.,0.));
#5812=VECTOR('',#5811,7.);
#5813=LINE('',#5810,#5812);
#5814=EDGE_CURVE('',#5809,#5801,#5813,.T.);
#5815=ORIENTED_EDGE('',*,*,#5814,.F.);
#5816=CARTESIAN_POINT('',(32.360244338,-13.941080164,6.5));
#5817=VERTEX_POINT('',#5816);
#5818=CARTESIAN_POINT('',(32.360244338,-13.941080164,6.5));
#5819=DIRECTION('',(1.,0.,-0.));
#5820=VECTOR('',#5819,0.6994912);
#5821=LINE('',#5818,#5820);
#5822=EDGE_CURVE('',#5817,#5809,#5821,.T.);
#5823=ORIENTED_EDGE('',*,*,#5822,.F.);
#5824=CARTESIAN_POINT('',(32.360244338,-10.391282725,6.5));
#5825=VERTEX_POINT('',#5824);
#5826=CARTESIAN_POINT('',(32.360244338,-13.941080164,6.5));
#5827=DIRECTION('',(0.,1.,0.));
#5828=VECTOR('',#5827,3.549797439);
#5829=LINE('',#5826,#5828);
#5830=EDGE_CURVE('',#5817,#5825,#5829,.T.);
#5831=ORIENTED_EDGE('',*,*,#5830,.T.);
#5832=CARTESIAN_POINT('',(18.260243956,-10.391282725,6.5));
#5833=VERTEX_POINT('',#5832);
#5834=CARTESIAN_POINT('',(32.360244338,-10.391282725,6.5));
#5835=DIRECTION('',(-1.,0.,0.));
#5836=VECTOR('',#5835,14.100000382);
#5837=LINE('',#5834,#5836);
#5838=EDGE_CURVE('',#5825,#5833,#5837,.T.);
#5839=ORIENTED_EDGE('',*,*,#5838,.T.);
#5840=CARTESIAN_POINT('',(18.260243956,-13.941080164,6.5));
#5841=VERTEX_POINT('',#5840);
#5842=CARTESIAN_POINT('',(18.260243956,-10.391282725,6.5));
#5843=DIRECTION('',(-0.,-1.,0.));
#5844=VECTOR('',#5843,3.549797439);
#5845=LINE('',#5842,#5844);
#5846=EDGE_CURVE('',#5833,#5841,#5845,.T.);
#5847=ORIENTED_EDGE('',*,*,#5846,.T.);
#5848=CARTESIAN_POINT('',(17.559736491,-13.941080164,6.5));
#5849=VERTEX_POINT('',#5848);
#5850=CARTESIAN_POINT('',(17.559736491,-13.941080164,6.5));
#5851=DIRECTION('',(1.,0.,-0.));
#5852=VECTOR('',#5851,0.700507465);
#5853=LINE('',#5850,#5852);
#5854=EDGE_CURVE('',#5849,#5841,#5853,.T.);
#5855=ORIENTED_EDGE('',*,*,#5854,.F.);
#5856=CARTESIAN_POINT('',(17.559736491,-20.941080164,6.5));
#5857=DIRECTION('',(0.,1.,0.));
#5858=VECTOR('',#5857,7.);
#5859=LINE('',#5856,#5858);
#5860=EDGE_CURVE('',#5769,#5849,#5859,.T.);
#5861=ORIENTED_EDGE('',*,*,#5860,.F.);
#5862=EDGE_LOOP('',(#5775,#5783,#5791,#5799,#5807,#5815,#5823,#5831,#5839,#5847,#5855,#5861));
#5863=FACE_BOUND('',#5862,.T.);
#5864=ADVANCED_FACE('',(#3234,#3378,#3805,#3903,#4001,#4099,#4197,#4295,#4393,#4491,#4589,#4687,#4785,#4883,#4981,#5079,#5177,#5275,#5373,#5471,#5569,#5667,#5765,#5863),#3090,.F.);
#5865=CARTESIAN_POINT('',(66.36024243,19.358717275,1.000000048));
#5866=DIRECTION('',(-1.,0.,0.));
#5867=DIRECTION('',(-0.,-0.947340572,-0.320227795));
#5868=AXIS2_PLACEMENT_3D('',#5865,#5866,#5867);
#5869=PLANE('',#5868);
#5870=ORIENTED_EDGE('',*,*,#2423,.F.);
#5871=CARTESIAN_POINT('',(66.36024243,8.808919359,7.500000048));
#5872=DIRECTION('',(0.,0.,-1.));
#5873=VECTOR('',#5872,1.000000048);
#5874=LINE('',#5871,#5873);
#5875=EDGE_CURVE('',#2410,#5205,#5874,.T.);
#5876=ORIENTED_EDGE('',*,*,#5875,.T.);
#5877=ORIENTED_EDGE('',*,*,#5210,.F.);
#5878=CARTESIAN_POINT('',(66.36024243,5.25871737,7.500000048));
#5879=DIRECTION('',(0.,0.,-1.));
#5880=VECTOR('',#5879,1.000000048);
#5881=LINE('',#5878,#5880);
#5882=EDGE_CURVE('',#2418,#5197,#5881,.T.);
#5883=ORIENTED_EDGE('',*,*,#5882,.F.);
#5884=EDGE_LOOP('',(#5870,#5876,#5877,#5883));
#5885=FACE_BOUND('',#5884,.T.);
#5886=ADVANCED_FACE('',(#5885),#5869,.T.);
#5887=CARTESIAN_POINT('',(66.36024243,19.358717275,1.000000048));
#5888=DIRECTION('',(-1.,0.,0.));
#5889=DIRECTION('',(-0.,-0.947340572,-0.320227795));
#5890=AXIS2_PLACEMENT_3D('',#5887,#5888,#5889);
#5891=PLANE('',#5890);
#5892=ORIENTED_EDGE('',*,*,#5242,.F.);
#5893=CARTESIAN_POINT('',(66.36024243,15.808918882,6.5));
#5894=DIRECTION('',(-0.,-0.,1.));
#5895=VECTOR('',#5894,1.000000048);
#5896=LINE('',#5893,#5895);
#5897=EDGE_CURVE('',#5229,#2482,#5896,.T.);
#5898=ORIENTED_EDGE('',*,*,#5897,.T.);
#5899=ORIENTED_EDGE('',*,*,#2487,.F.);
#5900=CARTESIAN_POINT('',(66.36024243,19.358717275,6.5));
#5901=DIRECTION('',(0.,0.,1.));
#5902=VECTOR('',#5901,1.000000048);
#5903=LINE('',#5900,#5902);
#5904=EDGE_CURVE('',#5237,#2474,#5903,.T.);
#5905=ORIENTED_EDGE('',*,*,#5904,.F.);
#5906=EDGE_LOOP('',(#5892,#5898,#5899,#5905));
#5907=FACE_BOUND('',#5906,.T.);
#5908=ADVANCED_FACE('',(#5907),#5891,.T.);
#5909=CARTESIAN_POINT('',(35.260243956,15.808717084,-0.2));
#5910=DIRECTION('',(1.,-0.,-0.));
#5911=DIRECTION('',(0.,0.947340572,0.320227795));
#5912=AXIS2_PLACEMENT_3D('',#5909,#5910,#5911);
#5913=PLANE('',#5912);
#5914=ORIENTED_EDGE('',*,*,#5488,.F.);
#5915=CARTESIAN_POINT('',(35.260243956,8.808919359,6.5));
#5916=DIRECTION('',(-0.,-0.,1.));
#5917=VECTOR('',#5916,1.000000048);
#5918=LINE('',#5915,#5917);
#5919=EDGE_CURVE('',#5473,#2728,#5918,.T.);
#5920=ORIENTED_EDGE('',*,*,#5919,.T.);
#5921=ORIENTED_EDGE('',*,*,#2733,.T.);
#5922=CARTESIAN_POINT('',(35.260243956,5.25871737,7.500000048));
#5923=DIRECTION('',(0.,0.,-1.));
#5924=VECTOR('',#5923,1.000000048);
#5925=LINE('',#5922,#5924);
#5926=EDGE_CURVE('',#2720,#5483,#5925,.T.);
#5927=ORIENTED_EDGE('',*,*,#5926,.T.);
#5928=EDGE_LOOP('',(#5914,#5920,#5921,#5927));
#5929=FACE_BOUND('',#5928,.T.);
#5930=ADVANCED_FACE('',(#5929),#5913,.T.);
#5931=CARTESIAN_POINT('',(35.260243956,15.808717084,-0.2));
#5932=DIRECTION('',(1.,-0.,-0.));
#5933=DIRECTION('',(0.,0.947340572,0.320227795));
#5934=AXIS2_PLACEMENT_3D('',#5931,#5932,#5933);
#5935=PLANE('',#5934);
#5936=ORIENTED_EDGE('',*,*,#2765,.T.);
#5937=CARTESIAN_POINT('',(35.260243956,15.808918882,7.500000048));
#5938=DIRECTION('',(0.,0.,-1.));
#5939=VECTOR('',#5938,1.000000048);
#5940=LINE('',#5937,#5939);
#5941=EDGE_CURVE('',#2752,#5547,#5940,.T.);
#5942=ORIENTED_EDGE('',*,*,#5941,.T.);
#5943=ORIENTED_EDGE('',*,*,#5552,.F.);
#5944=CARTESIAN_POINT('',(35.260243956,19.358717275,6.5));
#5945=DIRECTION('',(0.,0.,1.));
#5946=VECTOR('',#5945,1.000000048);
#5947=LINE('',#5944,#5946);
#5948=EDGE_CURVE('',#5539,#2760,#5947,.T.);
#5949=ORIENTED_EDGE('',*,*,#5948,.T.);
#5950=EDGE_LOOP('',(#5936,#5942,#5943,#5949));
#5951=FACE_BOUND('',#5950,.T.);
#5952=ADVANCED_FACE('',(#5951),#5935,.T.);
#5953=CARTESIAN_POINT('',(35.260243956,2.358717424,-1.2));
#5954=DIRECTION('',(1.,-0.,0.));
#5955=DIRECTION('',(0.,0.,1.));
#5956=AXIS2_PLACEMENT_3D('',#5953,#5954,#5955);
#5957=PLANE('',#5956);
#5958=ORIENTED_EDGE('',*,*,#5586,.F.);
#5959=CARTESIAN_POINT('',(35.260243956,-8.191081118,6.5));
#5960=DIRECTION('',(-0.,-0.,1.));
#5961=VECTOR('',#5960,1.000000048);
#5962=LINE('',#5959,#5961);
#5963=EDGE_CURVE('',#5571,#2826,#5962,.T.);
#5964=ORIENTED_EDGE('',*,*,#5963,.T.);
#5965=ORIENTED_EDGE('',*,*,#2831,.T.);
#5966=CARTESIAN_POINT('',(35.260243956,-11.741282153,6.5));
#5967=DIRECTION('',(0.,0.,1.));
#5968=VECTOR('',#5967,1.000000048);
#5969=LINE('',#5966,#5968);
#5970=EDGE_CURVE('',#5581,#2818,#5969,.T.);
#5971=ORIENTED_EDGE('',*,*,#5970,.F.);
#5972=EDGE_LOOP('',(#5958,#5964,#5965,#5971));
#5973=FACE_BOUND('',#5972,.T.);
#5974=ADVANCED_FACE('',(#5973),#5957,.T.);
#5975=CARTESIAN_POINT('',(35.260243956,2.358717424,-1.2));
#5976=DIRECTION('',(1.,-0.,0.));
#5977=DIRECTION('',(0.,0.,1.));
#5978=AXIS2_PLACEMENT_3D('',#5975,#5976,#5977);
#5979=PLANE('',#5978);
#5980=ORIENTED_EDGE('',*,*,#2863,.T.);
#5981=CARTESIAN_POINT('',(35.260243956,-1.191080879,7.500000048));
#5982=DIRECTION('',(0.,0.,-1.));
#5983=VECTOR('',#5982,1.000000048);
#5984=LINE('',#5981,#5983);
#5985=EDGE_CURVE('',#2850,#5645,#5984,.T.);
#5986=ORIENTED_EDGE('',*,*,#5985,.T.);
#5987=ORIENTED_EDGE('',*,*,#5650,.F.);
#5988=CARTESIAN_POINT('',(35.260243956,2.358717424,6.5));
#5989=DIRECTION('',(0.,0.,1.));
#5990=VECTOR('',#5989,1.000000048);
#5991=LINE('',#5988,#5990);
#5992=EDGE_CURVE('',#5637,#2858,#5991,.T.);
#5993=ORIENTED_EDGE('',*,*,#5992,.T.);
#5994=EDGE_LOOP('',(#5980,#5986,#5987,#5993));
#5995=FACE_BOUND('',#5994,.T.);
#5996=ADVANCED_FACE('',(#5995),#5979,.T.);
#5997=CARTESIAN_POINT('',(32.360244338,3.058717442,-0.2));
#5998=DIRECTION('',(-1.,0.,0.));
#5999=DIRECTION('',(0.,0.947340562,0.320227823));
#6000=AXIS2_PLACEMENT_3D('',#5997,#5998,#5999);
#6001=PLANE('',#6000);
#6002=ORIENTED_EDGE('',*,*,#2129,.F.);
#6003=CARTESIAN_POINT('',(32.360244338,-3.941080641,7.500000048));
#6004=DIRECTION('',(0.,0.,-1.));
#6005=VECTOR('',#6004,1.000000048);
#6006=LINE('',#6003,#6005);
#6007=EDGE_CURVE('',#2116,#4911,#6006,.T.);
#6008=ORIENTED_EDGE('',*,*,#6007,.T.);
#6009=ORIENTED_EDGE('',*,*,#4916,.F.);
#6010=CARTESIAN_POINT('',(32.360244338,-7.491282153,6.5));
#6011=DIRECTION('',(0.,0.,1.));
#6012=VECTOR('',#6011,1.000000048);
#6013=LINE('',#6010,#6012);
#6014=EDGE_CURVE('',#4903,#2124,#6013,.T.);
#6015=ORIENTED_EDGE('',*,*,#6014,.T.);
#6016=EDGE_LOOP('',(#6002,#6008,#6009,#6015));
#6017=FACE_BOUND('',#6016,.T.);
#6018=ADVANCED_FACE('',(#6017),#6001,.T.);
#6019=CARTESIAN_POINT('',(32.360244338,3.058717442,-0.2));
#6020=DIRECTION('',(-1.,0.,0.));
#6021=DIRECTION('',(0.,0.947340562,0.320227823));
#6022=AXIS2_PLACEMENT_3D('',#6019,#6020,#6021);
#6023=PLANE('',#6022);
#6024=ORIENTED_EDGE('',*,*,#4948,.F.);
#6025=CARTESIAN_POINT('',(32.360244338,3.05891924,6.5));
#6026=DIRECTION('',(-0.,-0.,1.));
#6027=VECTOR('',#6026,1.000000048);
#6028=LINE('',#6025,#6027);
#6029=EDGE_CURVE('',#4935,#2188,#6028,.T.);
#6030=ORIENTED_EDGE('',*,*,#6029,.T.);
#6031=ORIENTED_EDGE('',*,*,#2193,.F.);
#6032=CARTESIAN_POINT('',(32.360244338,6.608717275,7.500000048));
#6033=DIRECTION('',(0.,0.,-1.));
#6034=VECTOR('',#6033,1.000000048);
#6035=LINE('',#6032,#6034);
#6036=EDGE_CURVE('',#2180,#4943,#6035,.T.);
#6037=ORIENTED_EDGE('',*,*,#6036,.T.);
#6038=EDGE_LOOP('',(#6024,#6030,#6031,#6037));
#6039=FACE_BOUND('',#6038,.T.);
#6040=ADVANCED_FACE('',(#6039),#6023,.T.);
#6041=CARTESIAN_POINT('',(18.260243956,20.058718038,-1.2));
#6042=DIRECTION('',(1.,-0.,0.));
#6043=DIRECTION('',(0.,1.,0.));
#6044=AXIS2_PLACEMENT_3D('',#6041,#6042,#6043);
#6045=PLANE('',#6044);
#6046=ORIENTED_EDGE('',*,*,#4802,.F.);
#6047=CARTESIAN_POINT('',(18.260243956,13.058918882,6.5));
#6048=DIRECTION('',(-0.,-0.,1.));
#6049=VECTOR('',#6048,1.000000048);
#6050=LINE('',#6047,#6049);
#6051=EDGE_CURVE('',#4787,#2042,#6050,.T.);
#6052=ORIENTED_EDGE('',*,*,#6051,.T.);
#6053=ORIENTED_EDGE('',*,*,#2047,.T.);
#6054=CARTESIAN_POINT('',(18.260243956,9.50871737,6.5));
#6055=DIRECTION('',(0.,0.,1.));
#6056=VECTOR('',#6055,1.000000048);
#6057=LINE('',#6054,#6056);
#6058=EDGE_CURVE('',#4797,#2034,#6057,.T.);
#6059=ORIENTED_EDGE('',*,*,#6058,.F.);
#6060=EDGE_LOOP('',(#6046,#6052,#6053,#6059));
#6061=FACE_BOUND('',#6060,.T.);
#6062=ADVANCED_FACE('',(#6061),#6045,.T.);
#6063=CARTESIAN_POINT('',(18.260243956,20.058718038,-1.2));
#6064=DIRECTION('',(1.,-0.,0.));
#6065=DIRECTION('',(0.,1.,0.));
#6066=AXIS2_PLACEMENT_3D('',#6063,#6064,#6065);
#6067=PLANE('',#6066);
#6068=ORIENTED_EDGE('',*,*,#2079,.T.);
#6069=CARTESIAN_POINT('',(18.260243956,20.058919836,7.500000048));
#6070=DIRECTION('',(0.,0.,-1.));
#6071=VECTOR('',#6070,1.000000048);
#6072=LINE('',#6069,#6071);
#6073=EDGE_CURVE('',#2066,#4861,#6072,.T.);
#6074=ORIENTED_EDGE('',*,*,#6073,.T.);
#6075=ORIENTED_EDGE('',*,*,#4866,.F.);
#6076=CARTESIAN_POINT('',(18.260243956,23.608717275,6.5));
#6077=DIRECTION('',(0.,0.,1.));
#6078=VECTOR('',#6077,1.000000048);
#6079=LINE('',#6076,#6078);
#6080=EDGE_CURVE('',#4853,#2074,#6079,.T.);
#6081=ORIENTED_EDGE('',*,*,#6080,.T.);
#6082=EDGE_LOOP('',(#6068,#6074,#6075,#6081));
#6083=FACE_BOUND('',#6082,.T.);
#6084=ADVANCED_FACE('',(#6083),#6067,.T.);
#6085=CARTESIAN_POINT('',(15.360244338,22.183718038,-0.2));
#6086=DIRECTION('',(-1.,0.,-0.));
#6087=DIRECTION('',(0.,0.947340546,0.320227872));
#6088=AXIS2_PLACEMENT_3D('',#6085,#6086,#6087);
#6089=PLANE('',#6088);
#6090=ORIENTED_EDGE('',*,*,#2227,.T.);
#6091=CARTESIAN_POINT('',(15.360244338,15.183918882,7.500000048));
#6092=DIRECTION('',(0.,0.,-1.));
#6093=VECTOR('',#6092,1.000000048);
#6094=LINE('',#6091,#6093);
#6095=EDGE_CURVE('',#2214,#5009,#6094,.T.);
#6096=ORIENTED_EDGE('',*,*,#6095,.T.);
#6097=ORIENTED_EDGE('',*,*,#5014,.F.);
#6098=CARTESIAN_POINT('',(15.360244338,11.633717847,6.5));
#6099=DIRECTION('',(0.,0.,1.));
#6100=VECTOR('',#6099,1.000000048);
#6101=LINE('',#6098,#6100);
#6102=EDGE_CURVE('',#5001,#2222,#6101,.T.);
#6103=ORIENTED_EDGE('',*,*,#6102,.T.);
#6104=EDGE_LOOP('',(#6090,#6096,#6097,#6103));
#6105=FACE_BOUND('',#6104,.T.);
#6106=ADVANCED_FACE('',(#6105),#6089,.T.);
#6107=CARTESIAN_POINT('',(15.360244338,22.183718038,-0.2));
#6108=DIRECTION('',(-1.,0.,-0.));
#6109=DIRECTION('',(0.,0.947340546,0.320227872));
#6110=AXIS2_PLACEMENT_3D('',#6107,#6108,#6109);
#6111=PLANE('',#6110);
#6112=ORIENTED_EDGE('',*,*,#5046,.F.);
#6113=CARTESIAN_POINT('',(15.360244338,22.183919836,6.5));
#6114=DIRECTION('',(-0.,-0.,1.));
#6115=VECTOR('',#6114,1.000000048);
#6116=LINE('',#6113,#6115);
#6117=EDGE_CURVE('',#5033,#2286,#6116,.T.);
#6118=ORIENTED_EDGE('',*,*,#6117,.T.);
#6119=ORIENTED_EDGE('',*,*,#2291,.T.);
#6120=CARTESIAN_POINT('',(15.360244338,25.733717275,7.500000048));
#6121=DIRECTION('',(0.,0.,-1.));
#6122=VECTOR('',#6121,1.000000048);
#6123=LINE('',#6120,#6122);
#6124=EDGE_CURVE('',#2278,#5041,#6123,.T.);
#6125=ORIENTED_EDGE('',*,*,#6124,.T.);
#6126=EDGE_LOOP('',(#6112,#6118,#6119,#6125));
#6127=FACE_BOUND('',#6126,.T.);
#6128=ADVANCED_FACE('',(#6127),#6111,.T.);
#6129=CARTESIAN_POINT('',(66.36024243,36.358717275,-1.2));
#6130=DIRECTION('',(-1.,0.,0.));
#6131=DIRECTION('',(-0.,-1.,0.));
#6132=AXIS2_PLACEMENT_3D('',#6129,#6130,#6131);
#6133=PLANE('',#6132);
#6134=ORIENTED_EDGE('',*,*,#2521,.T.);
#6135=CARTESIAN_POINT('',(66.36024243,25.808919836,7.500000048));
#6136=DIRECTION('',(0.,0.,-1.));
#6137=VECTOR('',#6136,1.000000048);
#6138=LINE('',#6135,#6137);
#6139=EDGE_CURVE('',#2508,#5303,#6138,.T.);
#6140=ORIENTED_EDGE('',*,*,#6139,.T.);
#6141=ORIENTED_EDGE('',*,*,#5308,.F.);
#6142=CARTESIAN_POINT('',(66.36024243,22.258716893,6.5));
#6143=DIRECTION('',(0.,0.,1.));
#6144=VECTOR('',#6143,1.000000048);
#6145=LINE('',#6142,#6144);
#6146=EDGE_CURVE('',#5295,#2516,#6145,.T.);
#6147=ORIENTED_EDGE('',*,*,#6146,.T.);
#6148=EDGE_LOOP('',(#6134,#6140,#6141,#6147));
#6149=FACE_BOUND('',#6148,.T.);
#6150=ADVANCED_FACE('',(#6149),#6133,.T.);
#6151=CARTESIAN_POINT('',(66.36024243,36.358717275,-1.2));
#6152=DIRECTION('',(-1.,0.,0.));
#6153=DIRECTION('',(-0.,-1.,0.));
#6154=AXIS2_PLACEMENT_3D('',#6151,#6152,#6153);
#6155=PLANE('',#6154);
#6156=ORIENTED_EDGE('',*,*,#5340,.F.);
#6157=CARTESIAN_POINT('',(66.36024243,32.808919836,6.5));
#6158=DIRECTION('',(-0.,-0.,1.));
#6159=VECTOR('',#6158,1.000000048);
#6160=LINE('',#6157,#6159);
#6161=EDGE_CURVE('',#5327,#2580,#6160,.T.);
#6162=ORIENTED_EDGE('',*,*,#6161,.T.);
#6163=ORIENTED_EDGE('',*,*,#2585,.T.);
#6164=CARTESIAN_POINT('',(66.36024243,36.358717275,7.500000048));
#6165=DIRECTION('',(0.,0.,-1.));
#6166=VECTOR('',#6165,1.000000048);
#6167=LINE('',#6164,#6166);
#6168=EDGE_CURVE('',#2572,#5335,#6167,.T.);
#6169=ORIENTED_EDGE('',*,*,#6168,.T.);
#6170=EDGE_LOOP('',(#6156,#6162,#6163,#6169));
#6171=FACE_BOUND('',#6170,.T.);
#6172=ADVANCED_FACE('',(#6171),#6155,.T.);
#6173=CARTESIAN_POINT('',(49.36024243,36.358717275,-1.2));
#6174=DIRECTION('',(-1.,0.,0.));
#6175=DIRECTION('',(-0.,-1.,0.));
#6176=AXIS2_PLACEMENT_3D('',#6173,#6174,#6175);
#6177=PLANE('',#6176);
#6178=ORIENTED_EDGE('',*,*,#2619,.T.);
#6179=CARTESIAN_POINT('',(49.36024243,25.808919836,7.500000048));
#6180=DIRECTION('',(0.,0.,-1.));
#6181=VECTOR('',#6180,1.000000048);
#6182=LINE('',#6179,#6181);
#6183=EDGE_CURVE('',#2606,#5401,#6182,.T.);
#6184=ORIENTED_EDGE('',*,*,#6183,.T.);
#6185=ORIENTED_EDGE('',*,*,#5406,.F.);
#6186=CARTESIAN_POINT('',(49.36024243,22.258716893,7.500000048));
#6187=DIRECTION('',(0.,0.,-1.));
#6188=VECTOR('',#6187,1.000000048);
#6189=LINE('',#6186,#6188);
#6190=EDGE_CURVE('',#2614,#5393,#6189,.T.);
#6191=ORIENTED_EDGE('',*,*,#6190,.F.);
#6192=EDGE_LOOP('',(#6178,#6184,#6185,#6191));
#6193=FACE_BOUND('',#6192,.T.);
#6194=ADVANCED_FACE('',(#6193),#6177,.T.);
#6195=CARTESIAN_POINT('',(49.36024243,36.358717275,-1.2));
#6196=DIRECTION('',(-1.,0.,0.));
#6197=DIRECTION('',(-0.,-1.,0.));
#6198=AXIS2_PLACEMENT_3D('',#6195,#6196,#6197);
#6199=PLANE('',#6198);
#6200=ORIENTED_EDGE('',*,*,#5438,.F.);
#6201=CARTESIAN_POINT('',(49.36024243,32.808919836,6.5));
#6202=DIRECTION('',(-0.,-0.,1.));
#6203=VECTOR('',#6202,1.000000048);
#6204=LINE('',#6201,#6203);
#6205=EDGE_CURVE('',#5425,#2678,#6204,.T.);
#6206=ORIENTED_EDGE('',*,*,#6205,.T.);
#6207=ORIENTED_EDGE('',*,*,#2683,.T.);
#6208=CARTESIAN_POINT('',(49.36024243,36.358717275,7.500000048));
#6209=DIRECTION('',(0.,0.,-1.));
#6210=VECTOR('',#6209,1.000000048);
#6211=LINE('',#6208,#6210);
#6212=EDGE_CURVE('',#2670,#5433,#6211,.T.);
#6213=ORIENTED_EDGE('',*,*,#6212,.T.);
#6214=EDGE_LOOP('',(#6200,#6206,#6207,#6213));
#6215=FACE_BOUND('',#6214,.T.);
#6216=ADVANCED_FACE('',(#6215),#6199,.T.);
#6217=CARTESIAN_POINT('',(15.360244338,5.183717322,-0.2));
#6218=DIRECTION('',(-1.,0.,-0.));
#6219=DIRECTION('',(0.,0.947340566,0.320227814));
#6220=AXIS2_PLACEMENT_3D('',#6217,#6218,#6219);
#6221=PLANE('',#6220);
#6222=ORIENTED_EDGE('',*,*,#1933,.F.);
#6223=CARTESIAN_POINT('',(15.360244338,-1.816080879,7.500000048));
#6224=DIRECTION('',(0.,0.,-1.));
#6225=VECTOR('',#6224,1.000000048);
#6226=LINE('',#6223,#6225);
#6227=EDGE_CURVE('',#1920,#4715,#6226,.T.);
#6228=ORIENTED_EDGE('',*,*,#6227,.T.);
#6229=ORIENTED_EDGE('',*,*,#4720,.F.);
#6230=CARTESIAN_POINT('',(15.360244338,-5.36628263,6.5));
#6231=DIRECTION('',(0.,0.,1.));
#6232=VECTOR('',#6231,1.000000048);
#6233=LINE('',#6230,#6232);
#6234=EDGE_CURVE('',#4707,#1928,#6233,.T.);
#6235=ORIENTED_EDGE('',*,*,#6234,.T.);
#6236=EDGE_LOOP('',(#6222,#6228,#6229,#6235));
#6237=FACE_BOUND('',#6236,.T.);
#6238=ADVANCED_FACE('',(#6237),#6221,.T.);
#6239=CARTESIAN_POINT('',(15.360244338,5.183717322,-0.2));
#6240=DIRECTION('',(-1.,0.,-0.));
#6241=DIRECTION('',(0.,0.947340566,0.320227814));
#6242=AXIS2_PLACEMENT_3D('',#6239,#6240,#6241);
#6243=PLANE('',#6242);
#6244=ORIENTED_EDGE('',*,*,#4752,.F.);
#6245=CARTESIAN_POINT('',(15.360244338,5.183919121,6.5));
#6246=DIRECTION('',(-0.,-0.,1.));
#6247=VECTOR('',#6246,1.000000048);
#6248=LINE('',#6245,#6247);
#6249=EDGE_CURVE('',#4739,#1992,#6248,.T.);
#6250=ORIENTED_EDGE('',*,*,#6249,.T.);
#6251=ORIENTED_EDGE('',*,*,#1997,.F.);
#6252=CARTESIAN_POINT('',(15.360244338,8.733717275,7.500000048));
#6253=DIRECTION('',(0.,0.,-1.));
#6254=VECTOR('',#6253,1.000000048);
#6255=LINE('',#6252,#6254);
#6256=EDGE_CURVE('',#1984,#4747,#6255,.T.);
#6257=ORIENTED_EDGE('',*,*,#6256,.T.);
#6258=EDGE_LOOP('',(#6244,#6250,#6251,#6257));
#6259=FACE_BOUND('',#6258,.T.);
#6260=ADVANCED_FACE('',(#6259),#6243,.T.);
#6261=CARTESIAN_POINT('',(18.260243956,3.058717442,-1.2));
#6262=DIRECTION('',(1.,-0.,0.));
#6263=DIRECTION('',(0.,1.,0.));
#6264=AXIS2_PLACEMENT_3D('',#6261,#6262,#6263);
#6265=PLANE('',#6264);
#6266=ORIENTED_EDGE('',*,*,#4900,.F.);
#6267=CARTESIAN_POINT('',(18.260243956,-3.941080641,6.5));
#6268=DIRECTION('',(-0.,-0.,1.));
#6269=VECTOR('',#6268,1.000000048);
#6270=LINE('',#6267,#6269);
#6271=EDGE_CURVE('',#4885,#2140,#6270,.T.);
#6272=ORIENTED_EDGE('',*,*,#6271,.T.);
#6273=ORIENTED_EDGE('',*,*,#2145,.T.);
#6274=CARTESIAN_POINT('',(18.260243956,-7.491282153,6.5));
#6275=DIRECTION('',(0.,0.,1.));
#6276=VECTOR('',#6275,1.000000048);
#6277=LINE('',#6274,#6276);
#6278=EDGE_CURVE('',#4895,#2132,#6277,.T.);
#6279=ORIENTED_EDGE('',*,*,#6278,.F.);
#6280=EDGE_LOOP('',(#6266,#6272,#6273,#6279));
#6281=FACE_BOUND('',#6280,.T.);
#6282=ADVANCED_FACE('',(#6281),#6265,.T.);
#6283=CARTESIAN_POINT('',(18.260243956,3.058717442,-1.2));
#6284=DIRECTION('',(1.,-0.,0.));
#6285=DIRECTION('',(0.,1.,0.));
#6286=AXIS2_PLACEMENT_3D('',#6283,#6284,#6285);
#6287=PLANE('',#6286);
#6288=ORIENTED_EDGE('',*,*,#2177,.T.);
#6289=CARTESIAN_POINT('',(18.260243956,3.05891924,7.500000048));
#6290=DIRECTION('',(0.,0.,-1.));
#6291=VECTOR('',#6290,1.000000048);
#6292=LINE('',#6289,#6291);
#6293=EDGE_CURVE('',#2164,#4959,#6292,.T.);
#6294=ORIENTED_EDGE('',*,*,#6293,.T.);
#6295=ORIENTED_EDGE('',*,*,#4964,.F.);
#6296=CARTESIAN_POINT('',(18.260243956,6.608717275,7.500000048));
#6297=DIRECTION('',(0.,0.,-1.));
#6298=VECTOR('',#6297,1.000000048);
#6299=LINE('',#6296,#6298);
#6300=EDGE_CURVE('',#2172,#4951,#6299,.T.);
#6301=ORIENTED_EDGE('',*,*,#6300,.F.);
#6302=EDGE_LOOP('',(#6288,#6294,#6295,#6301));
#6303=FACE_BOUND('',#6302,.T.);
#6304=ADVANCED_FACE('',(#6303),#6287,.T.);
#6305=CARTESIAN_POINT('',(32.360244338,13.058717084,-1.2));
#6306=DIRECTION('',(-1.,0.,0.));
#6307=DIRECTION('',(-0.,-1.,0.));
#6308=AXIS2_PLACEMENT_3D('',#6305,#6306,#6307);
#6309=PLANE('',#6308);
#6310=ORIENTED_EDGE('',*,*,#2031,.F.);
#6311=CARTESIAN_POINT('',(32.360244338,13.058918882,7.500000048));
#6312=DIRECTION('',(0.,0.,-1.));
#6313=VECTOR('',#6312,1.000000048);
#6314=LINE('',#6311,#6313);
#6315=EDGE_CURVE('',#2018,#4813,#6314,.T.);
#6316=ORIENTED_EDGE('',*,*,#6315,.T.);
#6317=ORIENTED_EDGE('',*,*,#4818,.F.);
#6318=CARTESIAN_POINT('',(32.360244338,9.50871737,7.500000048));
#6319=DIRECTION('',(0.,0.,-1.));
#6320=VECTOR('',#6319,1.000000048);
#6321=LINE('',#6318,#6320);
#6322=EDGE_CURVE('',#2026,#4805,#6321,.T.);
#6323=ORIENTED_EDGE('',*,*,#6322,.F.);
#6324=EDGE_LOOP('',(#6310,#6316,#6317,#6323));
#6325=FACE_BOUND('',#6324,.T.);
#6326=ADVANCED_FACE('',(#6325),#6309,.T.);
#6327=CARTESIAN_POINT('',(32.360244338,13.058717084,-1.2));
#6328=DIRECTION('',(-1.,0.,0.));
#6329=DIRECTION('',(-0.,-1.,0.));
#6330=AXIS2_PLACEMENT_3D('',#6327,#6328,#6329);
#6331=PLANE('',#6330);
#6332=ORIENTED_EDGE('',*,*,#4850,.F.);
#6333=CARTESIAN_POINT('',(32.360244338,20.058919836,6.5));
#6334=DIRECTION('',(-0.,-0.,1.));
#6335=VECTOR('',#6334,1.000000048);
#6336=LINE('',#6333,#6335);
#6337=EDGE_CURVE('',#4837,#2090,#6336,.T.);
#6338=ORIENTED_EDGE('',*,*,#6337,.T.);
#6339=ORIENTED_EDGE('',*,*,#2095,.F.);
#6340=CARTESIAN_POINT('',(32.360244338,23.608717275,6.5));
#6341=DIRECTION('',(0.,0.,1.));
#6342=VECTOR('',#6341,1.000000048);
#6343=LINE('',#6340,#6342);
#6344=EDGE_CURVE('',#4845,#2082,#6343,.T.);
#6345=ORIENTED_EDGE('',*,*,#6344,.F.);
#6346=EDGE_LOOP('',(#6332,#6338,#6339,#6345));
#6347=FACE_BOUND('',#6346,.T.);
#6348=ADVANCED_FACE('',(#6347),#6331,.T.);
#6349=CARTESIAN_POINT('',(66.36024243,-1.191282678,-0.2));
#6350=DIRECTION('',(-1.,0.,-0.));
#6351=DIRECTION('',(0.,0.962540444,-0.271138145));
#6352=AXIS2_PLACEMENT_3D('',#6349,#6350,#6351);
#6353=PLANE('',#6352);
#6354=ORIENTED_EDGE('',*,*,#2325,.T.);
#6355=CARTESIAN_POINT('',(66.36024243,-8.191081118,7.500000048));
#6356=DIRECTION('',(0.,0.,-1.));
#6357=VECTOR('',#6356,1.000000048);
#6358=LINE('',#6355,#6357);
#6359=EDGE_CURVE('',#2312,#5107,#6358,.T.);
#6360=ORIENTED_EDGE('',*,*,#6359,.T.);
#6361=ORIENTED_EDGE('',*,*,#5112,.F.);
#6362=CARTESIAN_POINT('',(66.36024243,-11.741282153,6.5));
#6363=DIRECTION('',(0.,0.,1.));
#6364=VECTOR('',#6363,1.000000048);
#6365=LINE('',#6362,#6364);
#6366=EDGE_CURVE('',#5099,#2320,#6365,.T.);
#6367=ORIENTED_EDGE('',*,*,#6366,.T.);
#6368=EDGE_LOOP('',(#6354,#6360,#6361,#6367));
#6369=FACE_BOUND('',#6368,.T.);
#6370=ADVANCED_FACE('',(#6369),#6353,.T.);
#6371=CARTESIAN_POINT('',(66.36024243,-1.191282678,-0.2));
#6372=DIRECTION('',(-1.,0.,-0.));
#6373=DIRECTION('',(0.,0.962540444,-0.271138145));
#6374=AXIS2_PLACEMENT_3D('',#6371,#6372,#6373);
#6375=PLANE('',#6374);
#6376=ORIENTED_EDGE('',*,*,#5144,.F.);
#6377=CARTESIAN_POINT('',(66.36024243,-1.191080879,6.5));
#6378=DIRECTION('',(-0.,-0.,1.));
#6379=VECTOR('',#6378,1.000000048);
#6380=LINE('',#6377,#6379);
#6381=EDGE_CURVE('',#5131,#2384,#6380,.T.);
#6382=ORIENTED_EDGE('',*,*,#6381,.T.);
#6383=ORIENTED_EDGE('',*,*,#2389,.T.);
#6384=CARTESIAN_POINT('',(66.36024243,2.358717424,6.5));
#6385=DIRECTION('',(0.,0.,1.));
#6386=VECTOR('',#6385,1.000000048);
#6387=LINE('',#6384,#6386);
#6388=EDGE_CURVE('',#5139,#2376,#6387,.T.);
#6389=ORIENTED_EDGE('',*,*,#6388,.F.);
#6390=EDGE_LOOP('',(#6376,#6382,#6383,#6389));
#6391=FACE_BOUND('',#6390,.T.);
#6392=ADVANCED_FACE('',(#6391),#6375,.T.);
#6393=CARTESIAN_POINT('',(66.36024243,-14.641282725,-1.2));
#6394=DIRECTION('',(-1.,0.,0.));
#6395=DIRECTION('',(-0.,-1.,0.));
#6396=AXIS2_PLACEMENT_3D('',#6393,#6394,#6395);
#6397=PLANE('',#6396);
#6398=ORIENTED_EDGE('',*,*,#1737,.T.);
#6399=CARTESIAN_POINT('',(66.36024243,-25.191080164,7.500000048));
#6400=DIRECTION('',(0.,0.,-1.));
#6401=VECTOR('',#6400,1.000000048);
#6402=LINE('',#6399,#6401);
#6403=EDGE_CURVE('',#1724,#4519,#6402,.T.);
#6404=ORIENTED_EDGE('',*,*,#6403,.T.);
#6405=ORIENTED_EDGE('',*,*,#4524,.F.);
#6406=CARTESIAN_POINT('',(66.36024243,-28.741283107,6.5));
#6407=DIRECTION('',(0.,0.,1.));
#6408=VECTOR('',#6407,1.000000048);
#6409=LINE('',#6406,#6408);
#6410=EDGE_CURVE('',#4511,#1732,#6409,.T.);
#6411=ORIENTED_EDGE('',*,*,#6410,.T.);
#6412=EDGE_LOOP('',(#6398,#6404,#6405,#6411));
#6413=FACE_BOUND('',#6412,.T.);
#6414=ADVANCED_FACE('',(#6413),#6397,.T.);
#6415=CARTESIAN_POINT('',(66.36024243,-14.641282725,-1.2));
#6416=DIRECTION('',(-1.,0.,0.));
#6417=DIRECTION('',(-0.,-1.,0.));
#6418=AXIS2_PLACEMENT_3D('',#6415,#6416,#6417);
#6419=PLANE('',#6418);
#6420=ORIENTED_EDGE('',*,*,#4556,.F.);
#6421=CARTESIAN_POINT('',(66.36024243,-18.191080164,6.5));
#6422=DIRECTION('',(-0.,-0.,1.));
#6423=VECTOR('',#6422,1.000000048);
#6424=LINE('',#6421,#6423);
#6425=EDGE_CURVE('',#4543,#1796,#6424,.T.);
#6426=ORIENTED_EDGE('',*,*,#6425,.T.);
#6427=ORIENTED_EDGE('',*,*,#1801,.T.);
#6428=CARTESIAN_POINT('',(66.36024243,-14.641282725,7.500000048));
#6429=DIRECTION('',(0.,0.,-1.));
#6430=VECTOR('',#6429,1.000000048);
#6431=LINE('',#6428,#6430);
#6432=EDGE_CURVE('',#1788,#4551,#6431,.T.);
#6433=ORIENTED_EDGE('',*,*,#6432,.T.);
#6434=EDGE_LOOP('',(#6420,#6426,#6427,#6433));
#6435=FACE_BOUND('',#6434,.T.);
#6436=ADVANCED_FACE('',(#6435),#6419,.T.);
#6437=CARTESIAN_POINT('',(49.36024243,-1.191282678,-0.2));
#6438=DIRECTION('',(-1.,0.,-0.));
#6439=DIRECTION('',(0.,0.962540444,-0.271138145));
#6440=AXIS2_PLACEMENT_3D('',#6437,#6438,#6439);
#6441=PLANE('',#6440);
#6442=ORIENTED_EDGE('',*,*,#2815,.T.);
#6443=CARTESIAN_POINT('',(49.36024243,-8.191081118,7.500000048));
#6444=DIRECTION('',(0.,0.,-1.));
#6445=VECTOR('',#6444,1.000000048);
#6446=LINE('',#6443,#6445);
#6447=EDGE_CURVE('',#2802,#5597,#6446,.T.);
#6448=ORIENTED_EDGE('',*,*,#6447,.T.);
#6449=ORIENTED_EDGE('',*,*,#5602,.F.);
#6450=CARTESIAN_POINT('',(49.36024243,-11.741282153,6.5));
#6451=DIRECTION('',(0.,0.,1.));
#6452=VECTOR('',#6451,1.000000048);
#6453=LINE('',#6450,#6452);
#6454=EDGE_CURVE('',#5589,#2810,#6453,.T.);
#6455=ORIENTED_EDGE('',*,*,#6454,.T.);
#6456=EDGE_LOOP('',(#6442,#6448,#6449,#6455));
#6457=FACE_BOUND('',#6456,.T.);
#6458=ADVANCED_FACE('',(#6457),#6441,.T.);
#6459=CARTESIAN_POINT('',(49.36024243,-1.191282678,-0.2));
#6460=DIRECTION('',(-1.,0.,-0.));
#6461=DIRECTION('',(0.,0.962540444,-0.271138145));
#6462=AXIS2_PLACEMENT_3D('',#6459,#6460,#6461);
#6463=PLANE('',#6462);
#6464=ORIENTED_EDGE('',*,*,#5634,.F.);
#6465=CARTESIAN_POINT('',(49.36024243,-1.191080879,6.5));
#6466=DIRECTION('',(-0.,-0.,1.));
#6467=VECTOR('',#6466,1.000000048);
#6468=LINE('',#6465,#6467);
#6469=EDGE_CURVE('',#5621,#2874,#6468,.T.);
#6470=ORIENTED_EDGE('',*,*,#6469,.T.);
#6471=ORIENTED_EDGE('',*,*,#2879,.T.);
#6472=CARTESIAN_POINT('',(49.36024243,2.358717424,6.5));
#6473=DIRECTION('',(0.,0.,1.));
#6474=VECTOR('',#6473,1.000000048);
#6475=LINE('',#6472,#6474);
#6476=EDGE_CURVE('',#5629,#2866,#6475,.T.);
#6477=ORIENTED_EDGE('',*,*,#6476,.F.);
#6478=EDGE_LOOP('',(#6464,#6470,#6471,#6477));
#6479=FACE_BOUND('',#6478,.T.);
#6480=ADVANCED_FACE('',(#6479),#6463,.T.);
#6481=CARTESIAN_POINT('',(52.260243956,-11.741282153,-1.2));
#6482=DIRECTION('',(1.,-0.,0.));
#6483=DIRECTION('',(0.,1.,0.));
#6484=AXIS2_PLACEMENT_3D('',#6481,#6482,#6483);
#6485=PLANE('',#6484);
#6486=ORIENTED_EDGE('',*,*,#5096,.F.);
#6487=CARTESIAN_POINT('',(52.260243956,-8.191081118,6.5));
#6488=DIRECTION('',(-0.,-0.,1.));
#6489=VECTOR('',#6488,1.000000048);
#6490=LINE('',#6487,#6489);
#6491=EDGE_CURVE('',#5081,#2336,#6490,.T.);
#6492=ORIENTED_EDGE('',*,*,#6491,.T.);
#6493=ORIENTED_EDGE('',*,*,#2341,.T.);
#6494=CARTESIAN_POINT('',(52.260243956,-11.741282153,7.500000048));
#6495=DIRECTION('',(0.,0.,-1.));
#6496=VECTOR('',#6495,1.000000048);
#6497=LINE('',#6494,#6496);
#6498=EDGE_CURVE('',#2328,#5091,#6497,.T.);
#6499=ORIENTED_EDGE('',*,*,#6498,.T.);
#6500=EDGE_LOOP('',(#6486,#6492,#6493,#6499));
#6501=FACE_BOUND('',#6500,.T.);
#6502=ADVANCED_FACE('',(#6501),#6485,.T.);
#6503=CARTESIAN_POINT('',(52.260243956,-11.741282153,-1.2));
#6504=DIRECTION('',(1.,-0.,0.));
#6505=DIRECTION('',(0.,1.,0.));
#6506=AXIS2_PLACEMENT_3D('',#6503,#6504,#6505);
#6507=PLANE('',#6506);
#6508=ORIENTED_EDGE('',*,*,#2373,.T.);
#6509=CARTESIAN_POINT('',(52.260243956,-1.191080879,7.500000048));
#6510=DIRECTION('',(0.,0.,-1.));
#6511=VECTOR('',#6510,1.000000048);
#6512=LINE('',#6509,#6511);
#6513=EDGE_CURVE('',#2360,#5155,#6512,.T.);
#6514=ORIENTED_EDGE('',*,*,#6513,.T.);
#6515=ORIENTED_EDGE('',*,*,#5160,.F.);
#6516=CARTESIAN_POINT('',(52.260243956,2.358717424,6.5));
#6517=DIRECTION('',(0.,0.,1.));
#6518=VECTOR('',#6517,1.000000048);
#6519=LINE('',#6516,#6518);
#6520=EDGE_CURVE('',#5147,#2368,#6519,.T.);
#6521=ORIENTED_EDGE('',*,*,#6520,.T.);
#6522=EDGE_LOOP('',(#6508,#6514,#6515,#6521));
#6523=FACE_BOUND('',#6522,.T.);
#6524=ADVANCED_FACE('',(#6523),#6507,.T.);
#6525=CARTESIAN_POINT('',(49.36024243,-14.641282725,-1.2));
#6526=DIRECTION('',(-1.,0.,0.));
#6527=DIRECTION('',(-0.,-1.,0.));
#6528=AXIS2_PLACEMENT_3D('',#6525,#6526,#6527);
#6529=PLANE('',#6528);
#6530=ORIENTED_EDGE('',*,*,#2913,.T.);
#6531=CARTESIAN_POINT('',(49.36024243,-25.191080164,7.500000048));
#6532=DIRECTION('',(0.,0.,-1.));
#6533=VECTOR('',#6532,1.000000048);
#6534=LINE('',#6531,#6533);
#6535=EDGE_CURVE('',#2900,#5695,#6534,.T.);
#6536=ORIENTED_EDGE('',*,*,#6535,.T.);
#6537=ORIENTED_EDGE('',*,*,#5700,.F.);
#6538=CARTESIAN_POINT('',(49.36024243,-28.741283107,6.5));
#6539=DIRECTION('',(0.,0.,1.));
#6540=VECTOR('',#6539,1.000000048);
#6541=LINE('',#6538,#6540);
#6542=EDGE_CURVE('',#5687,#2908,#6541,.T.);
#6543=ORIENTED_EDGE('',*,*,#6542,.T.);
#6544=EDGE_LOOP('',(#6530,#6536,#6537,#6543));
#6545=FACE_BOUND('',#6544,.T.);
#6546=ADVANCED_FACE('',(#6545),#6529,.T.);
#6547=CARTESIAN_POINT('',(49.36024243,-14.641282725,-1.2));
#6548=DIRECTION('',(-1.,0.,0.));
#6549=DIRECTION('',(-0.,-1.,0.));
#6550=AXIS2_PLACEMENT_3D('',#6547,#6548,#6549);
#6551=PLANE('',#6550);
#6552=ORIENTED_EDGE('',*,*,#5732,.F.);
#6553=CARTESIAN_POINT('',(49.36024243,-18.191080164,6.5));
#6554=DIRECTION('',(-0.,-0.,1.));
#6555=VECTOR('',#6554,1.000000048);
#6556=LINE('',#6553,#6555);
#6557=EDGE_CURVE('',#5719,#2972,#6556,.T.);
#6558=ORIENTED_EDGE('',*,*,#6557,.T.);
#6559=ORIENTED_EDGE('',*,*,#2977,.T.);
#6560=CARTESIAN_POINT('',(49.36024243,-14.641282725,7.500000048));
#6561=DIRECTION('',(0.,0.,-1.));
#6562=VECTOR('',#6561,1.000000048);
#6563=LINE('',#6560,#6562);
#6564=EDGE_CURVE('',#2964,#5727,#6563,.T.);
#6565=ORIENTED_EDGE('',*,*,#6564,.T.);
#6566=EDGE_LOOP('',(#6552,#6558,#6559,#6565));
#6567=FACE_BOUND('',#6566,.T.);
#6568=ADVANCED_FACE('',(#6567),#6551,.T.);
#6569=CARTESIAN_POINT('',(52.260243956,22.258716893,-1.2));
#6570=DIRECTION('',(1.,-0.,0.));
#6571=DIRECTION('',(0.,1.,0.));
#6572=AXIS2_PLACEMENT_3D('',#6569,#6570,#6571);
#6573=PLANE('',#6572);
#6574=ORIENTED_EDGE('',*,*,#5292,.F.);
#6575=CARTESIAN_POINT('',(52.260243956,25.808919836,6.5));
#6576=DIRECTION('',(-0.,-0.,1.));
#6577=VECTOR('',#6576,1.000000048);
#6578=LINE('',#6575,#6577);
#6579=EDGE_CURVE('',#5277,#2532,#6578,.T.);
#6580=ORIENTED_EDGE('',*,*,#6579,.T.);
#6581=ORIENTED_EDGE('',*,*,#2537,.T.);
#6582=CARTESIAN_POINT('',(52.260243956,22.258716893,6.5));
#6583=DIRECTION('',(0.,0.,1.));
#6584=VECTOR('',#6583,1.000000048);
#6585=LINE('',#6582,#6584);
#6586=EDGE_CURVE('',#5287,#2524,#6585,.T.);
#6587=ORIENTED_EDGE('',*,*,#6586,.F.);
#6588=EDGE_LOOP('',(#6574,#6580,#6581,#6587));
#6589=FACE_BOUND('',#6588,.T.);
#6590=ADVANCED_FACE('',(#6589),#6573,.T.);
#6591=CARTESIAN_POINT('',(52.260243956,22.258716893,-1.2));
#6592=DIRECTION('',(1.,-0.,0.));
#6593=DIRECTION('',(0.,1.,0.));
#6594=AXIS2_PLACEMENT_3D('',#6591,#6592,#6593);
#6595=PLANE('',#6594);
#6596=ORIENTED_EDGE('',*,*,#2569,.T.);
#6597=CARTESIAN_POINT('',(52.260243956,32.808919836,7.500000048));
#6598=DIRECTION('',(0.,0.,-1.));
#6599=VECTOR('',#6598,1.000000048);
#6600=LINE('',#6597,#6599);
#6601=EDGE_CURVE('',#2556,#5351,#6600,.T.);
#6602=ORIENTED_EDGE('',*,*,#6601,.T.);
#6603=ORIENTED_EDGE('',*,*,#5356,.F.);
#6604=CARTESIAN_POINT('',(52.260243956,36.358717275,7.500000048));
#6605=DIRECTION('',(0.,0.,-1.));
#6606=VECTOR('',#6605,1.000000048);
#6607=LINE('',#6604,#6606);
#6608=EDGE_CURVE('',#2564,#5343,#6607,.T.);
#6609=ORIENTED_EDGE('',*,*,#6608,.F.);
#6610=EDGE_LOOP('',(#6596,#6602,#6603,#6609));
#6611=FACE_BOUND('',#6610,.T.);
#6612=ADVANCED_FACE('',(#6611),#6595,.T.);
#6613=CARTESIAN_POINT('',(52.260243956,-28.741283107,-1.2));
#6614=DIRECTION('',(1.,-0.,0.));
#6615=DIRECTION('',(0.,1.,0.));
#6616=AXIS2_PLACEMENT_3D('',#6613,#6614,#6615);
#6617=PLANE('',#6616);
#6618=ORIENTED_EDGE('',*,*,#4508,.F.);
#6619=CARTESIAN_POINT('',(52.260243956,-25.191080164,6.5));
#6620=DIRECTION('',(-0.,-0.,1.));
#6621=VECTOR('',#6620,1.000000048);
#6622=LINE('',#6619,#6621);
#6623=EDGE_CURVE('',#4493,#1748,#6622,.T.);
#6624=ORIENTED_EDGE('',*,*,#6623,.T.);
#6625=ORIENTED_EDGE('',*,*,#1753,.T.);
#6626=CARTESIAN_POINT('',(52.260243956,-28.741283107,7.500000048));
#6627=DIRECTION('',(0.,0.,-1.));
#6628=VECTOR('',#6627,1.000000048);
#6629=LINE('',#6626,#6628);
#6630=EDGE_CURVE('',#1740,#4503,#6629,.T.);
#6631=ORIENTED_EDGE('',*,*,#6630,.T.);
#6632=EDGE_LOOP('',(#6618,#6624,#6625,#6631));
#6633=FACE_BOUND('',#6632,.T.);
#6634=ADVANCED_FACE('',(#6633),#6617,.T.);
#6635=CARTESIAN_POINT('',(52.260243956,-28.741283107,-1.2));
#6636=DIRECTION('',(1.,-0.,0.));
#6637=DIRECTION('',(0.,1.,0.));
#6638=AXIS2_PLACEMENT_3D('',#6635,#6636,#6637);
#6639=PLANE('',#6638);
#6640=ORIENTED_EDGE('',*,*,#1785,.T.);
#6641=CARTESIAN_POINT('',(52.260243956,-18.191080164,7.500000048));
#6642=DIRECTION('',(0.,0.,-1.));
#6643=VECTOR('',#6642,1.000000048);
#6644=LINE('',#6641,#6643);
#6645=EDGE_CURVE('',#1772,#4567,#6644,.T.);
#6646=ORIENTED_EDGE('',*,*,#6645,.T.);
#6647=ORIENTED_EDGE('',*,*,#4572,.F.);
#6648=CARTESIAN_POINT('',(52.260243956,-14.641282725,7.500000048));
#6649=DIRECTION('',(0.,0.,-1.));
#6650=VECTOR('',#6649,1.000000048);
#6651=LINE('',#6648,#6650);
#6652=EDGE_CURVE('',#1780,#4559,#6651,.T.);
#6653=ORIENTED_EDGE('',*,*,#6652,.F.);
#6654=EDGE_LOOP('',(#6640,#6646,#6647,#6653));
#6655=FACE_BOUND('',#6654,.T.);
#6656=ADVANCED_FACE('',(#6655),#6639,.T.);
#6657=CARTESIAN_POINT('',(49.36024243,19.358717275,-1.2));
#6658=DIRECTION('',(-1.,0.,0.));
#6659=DIRECTION('',(-0.,-1.,0.));
#6660=AXIS2_PLACEMENT_3D('',#6657,#6658,#6659);
#6661=PLANE('',#6660);
#6662=ORIENTED_EDGE('',*,*,#2717,.F.);
#6663=CARTESIAN_POINT('',(49.36024243,8.808919359,7.500000048));
#6664=DIRECTION('',(0.,0.,-1.));
#6665=VECTOR('',#6664,1.000000048);
#6666=LINE('',#6663,#6665);
#6667=EDGE_CURVE('',#2704,#5499,#6666,.T.);
#6668=ORIENTED_EDGE('',*,*,#6667,.T.);
#6669=ORIENTED_EDGE('',*,*,#5504,.F.);
#6670=CARTESIAN_POINT('',(49.36024243,5.25871737,7.500000048));
#6671=DIRECTION('',(0.,0.,-1.));
#6672=VECTOR('',#6671,1.000000048);
#6673=LINE('',#6670,#6672);
#6674=EDGE_CURVE('',#2712,#5491,#6673,.T.);
#6675=ORIENTED_EDGE('',*,*,#6674,.F.);
#6676=EDGE_LOOP('',(#6662,#6668,#6669,#6675));
#6677=FACE_BOUND('',#6676,.T.);
#6678=ADVANCED_FACE('',(#6677),#6661,.T.);
#6679=CARTESIAN_POINT('',(49.36024243,19.358717275,-1.2));
#6680=DIRECTION('',(-1.,0.,0.));
#6681=DIRECTION('',(-0.,-1.,0.));
#6682=AXIS2_PLACEMENT_3D('',#6679,#6680,#6681);
#6683=PLANE('',#6682);
#6684=ORIENTED_EDGE('',*,*,#5536,.F.);
#6685=CARTESIAN_POINT('',(49.36024243,15.808918882,6.5));
#6686=DIRECTION('',(-0.,-0.,1.));
#6687=VECTOR('',#6686,1.000000048);
#6688=LINE('',#6685,#6687);
#6689=EDGE_CURVE('',#5523,#2776,#6688,.T.);
#6690=ORIENTED_EDGE('',*,*,#6689,.T.);
#6691=ORIENTED_EDGE('',*,*,#2781,.F.);
#6692=CARTESIAN_POINT('',(49.36024243,19.358717275,6.5));
#6693=DIRECTION('',(0.,0.,1.));
#6694=VECTOR('',#6693,1.000000048);
#6695=LINE('',#6692,#6694);
#6696=EDGE_CURVE('',#5531,#2768,#6695,.T.);
#6697=ORIENTED_EDGE('',*,*,#6696,.F.);
#6698=EDGE_LOOP('',(#6684,#6690,#6691,#6697));
#6699=FACE_BOUND('',#6698,.T.);
#6700=ADVANCED_FACE('',(#6699),#6683,.T.);
#6701=CARTESIAN_POINT('',(32.360244338,-10.391282725,-1.2));
#6702=DIRECTION('',(-1.,0.,0.));
#6703=DIRECTION('',(-0.,-1.,0.));
#6704=AXIS2_PLACEMENT_3D('',#6701,#6702,#6703);
#6705=PLANE('',#6704);
#6706=ORIENTED_EDGE('',*,*,#3011,.T.);
#6707=CARTESIAN_POINT('',(32.360244338,-20.941080164,7.500000048));
#6708=DIRECTION('',(0.,0.,-1.));
#6709=VECTOR('',#6708,1.000000048);
#6710=LINE('',#6707,#6709);
#6711=EDGE_CURVE('',#2998,#5793,#6710,.T.);
#6712=ORIENTED_EDGE('',*,*,#6711,.T.);
#6713=ORIENTED_EDGE('',*,*,#5798,.F.);
#6714=CARTESIAN_POINT('',(32.360244338,-24.491283107,6.5));
#6715=DIRECTION('',(0.,0.,1.));
#6716=VECTOR('',#6715,1.000000048);
#6717=LINE('',#6714,#6716);
#6718=EDGE_CURVE('',#5785,#3006,#6717,.T.);
#6719=ORIENTED_EDGE('',*,*,#6718,.T.);
#6720=EDGE_LOOP('',(#6706,#6712,#6713,#6719));
#6721=FACE_BOUND('',#6720,.T.);
#6722=ADVANCED_FACE('',(#6721),#6705,.T.);
#6723=CARTESIAN_POINT('',(32.360244338,-10.391282725,-1.2));
#6724=DIRECTION('',(-1.,0.,0.));
#6725=DIRECTION('',(-0.,-1.,0.));
#6726=AXIS2_PLACEMENT_3D('',#6723,#6724,#6725);
#6727=PLANE('',#6726);
#6728=ORIENTED_EDGE('',*,*,#5830,.F.);
#6729=CARTESIAN_POINT('',(32.360244338,-13.941080164,6.5));
#6730=DIRECTION('',(-0.,-0.,1.));
#6731=VECTOR('',#6730,1.000000048);
#6732=LINE('',#6729,#6731);
#6733=EDGE_CURVE('',#5817,#3070,#6732,.T.);
#6734=ORIENTED_EDGE('',*,*,#6733,.T.);
#6735=ORIENTED_EDGE('',*,*,#3075,.T.);
#6736=CARTESIAN_POINT('',(32.360244338,-10.391282725,7.500000048));
#6737=DIRECTION('',(0.,0.,-1.));
#6738=VECTOR('',#6737,1.000000048);
#6739=LINE('',#6736,#6738);
#6740=EDGE_CURVE('',#3062,#5825,#6739,.T.);
#6741=ORIENTED_EDGE('',*,*,#6740,.T.);
#6742=EDGE_LOOP('',(#6728,#6734,#6735,#6741));
#6743=FACE_BOUND('',#6742,.T.);
#6744=ADVANCED_FACE('',(#6743),#6727,.T.);
#6745=CARTESIAN_POINT('',(52.260243956,5.25871737,-1.2));
#6746=DIRECTION('',(1.,-0.,0.));
#6747=DIRECTION('',(0.,1.,0.));
#6748=AXIS2_PLACEMENT_3D('',#6745,#6746,#6747);
#6749=PLANE('',#6748);
#6750=ORIENTED_EDGE('',*,*,#5194,.F.);
#6751=CARTESIAN_POINT('',(52.260243956,8.808919359,6.5));
#6752=DIRECTION('',(-0.,-0.,1.));
#6753=VECTOR('',#6752,1.000000048);
#6754=LINE('',#6751,#6753);
#6755=EDGE_CURVE('',#5179,#2434,#6754,.T.);
#6756=ORIENTED_EDGE('',*,*,#6755,.T.);
#6757=ORIENTED_EDGE('',*,*,#2439,.T.);
#6758=CARTESIAN_POINT('',(52.260243956,5.25871737,6.5));
#6759=DIRECTION('',(0.,0.,1.));
#6760=VECTOR('',#6759,1.000000048);
#6761=LINE('',#6758,#6760);
#6762=EDGE_CURVE('',#5189,#2426,#6761,.T.);
#6763=ORIENTED_EDGE('',*,*,#6762,.F.);
#6764=EDGE_LOOP('',(#6750,#6756,#6757,#6763));
#6765=FACE_BOUND('',#6764,.T.);
#6766=ADVANCED_FACE('',(#6765),#6749,.T.);
#6767=CARTESIAN_POINT('',(52.260243956,5.25871737,-1.2));
#6768=DIRECTION('',(1.,-0.,0.));
#6769=DIRECTION('',(0.,1.,0.));
#6770=AXIS2_PLACEMENT_3D('',#6767,#6768,#6769);
#6771=PLANE('',#6770);
#6772=ORIENTED_EDGE('',*,*,#2471,.T.);
#6773=CARTESIAN_POINT('',(52.260243956,15.808918882,7.500000048));
#6774=DIRECTION('',(0.,0.,-1.));
#6775=VECTOR('',#6774,1.000000048);
#6776=LINE('',#6773,#6775);
#6777=EDGE_CURVE('',#2458,#5253,#6776,.T.);
#6778=ORIENTED_EDGE('',*,*,#6777,.T.);
#6779=ORIENTED_EDGE('',*,*,#5258,.F.);
#6780=CARTESIAN_POINT('',(52.260243956,19.358717275,6.5));
#6781=DIRECTION('',(0.,0.,1.));
#6782=VECTOR('',#6781,1.000000048);
#6783=LINE('',#6780,#6782);
#6784=EDGE_CURVE('',#5245,#2466,#6783,.T.);
#6785=ORIENTED_EDGE('',*,*,#6784,.T.);
#6786=EDGE_LOOP('',(#6772,#6778,#6779,#6785));
#6787=FACE_BOUND('',#6786,.T.);
#6788=ADVANCED_FACE('',(#6787),#6771,.T.);
#6789=CARTESIAN_POINT('',(18.260243956,-24.491283107,-1.2));
#6790=DIRECTION('',(1.,-0.,0.));
#6791=DIRECTION('',(0.,1.,0.));
#6792=AXIS2_PLACEMENT_3D('',#6789,#6790,#6791);
#6793=PLANE('',#6792);
#6794=ORIENTED_EDGE('',*,*,#5782,.F.);
#6795=CARTESIAN_POINT('',(18.260243956,-20.941080164,6.5));
#6796=DIRECTION('',(-0.,-0.,1.));
#6797=VECTOR('',#6796,1.000000048);
#6798=LINE('',#6795,#6797);
#6799=EDGE_CURVE('',#5767,#3022,#6798,.T.);
#6800=ORIENTED_EDGE('',*,*,#6799,.T.);
#6801=ORIENTED_EDGE('',*,*,#3027,.T.);
#6802=CARTESIAN_POINT('',(18.260243956,-24.491283107,6.5));
#6803=DIRECTION('',(0.,0.,1.));
#6804=VECTOR('',#6803,1.000000048);
#6805=LINE('',#6802,#6804);
#6806=EDGE_CURVE('',#5777,#3014,#6805,.T.);
#6807=ORIENTED_EDGE('',*,*,#6806,.F.);
#6808=EDGE_LOOP('',(#6794,#6800,#6801,#6807));
#6809=FACE_BOUND('',#6808,.T.);
#6810=ADVANCED_FACE('',(#6809),#6793,.T.);
#6811=CARTESIAN_POINT('',(18.260243956,-24.491283107,-1.2));
#6812=DIRECTION('',(1.,-0.,0.));
#6813=DIRECTION('',(0.,1.,0.));
#6814=AXIS2_PLACEMENT_3D('',#6811,#6812,#6813);
#6815=PLANE('',#6814);
#6816=ORIENTED_EDGE('',*,*,#3059,.T.);
#6817=CARTESIAN_POINT('',(18.260243956,-13.941080164,7.500000048));
#6818=DIRECTION('',(0.,0.,-1.));
#6819=VECTOR('',#6818,1.000000048);
#6820=LINE('',#6817,#6819);
#6821=EDGE_CURVE('',#3046,#5841,#6820,.T.);
#6822=ORIENTED_EDGE('',*,*,#6821,.T.);
#6823=ORIENTED_EDGE('',*,*,#5846,.F.);
#6824=CARTESIAN_POINT('',(18.260243956,-10.391282725,7.500000048));
#6825=DIRECTION('',(0.,0.,-1.));
#6826=VECTOR('',#6825,1.000000048);
#6827=LINE('',#6824,#6826);
#6828=EDGE_CURVE('',#3054,#5833,#6827,.T.);
#6829=ORIENTED_EDGE('',*,*,#6828,.F.);
#6830=EDGE_LOOP('',(#6816,#6822,#6823,#6829));
#6831=FACE_BOUND('',#6830,.T.);
#6832=ADVANCED_FACE('',(#6831),#6815,.T.);
#6833=CARTESIAN_POINT('',(35.260243956,25.808718038,-0.2));
#6834=DIRECTION('',(1.,-0.,0.));
#6835=DIRECTION('',(0.,1.,0.));
#6836=AXIS2_PLACEMENT_3D('',#6833,#6834,#6835);
#6837=PLANE('',#6836);
#6838=ORIENTED_EDGE('',*,*,#5390,.F.);
#6839=CARTESIAN_POINT('',(35.260243956,25.808919836,6.5));
#6840=DIRECTION('',(-0.,-0.,1.));
#6841=VECTOR('',#6840,1.000000048);
#6842=LINE('',#6839,#6841);
#6843=EDGE_CURVE('',#5375,#2630,#6842,.T.);
#6844=ORIENTED_EDGE('',*,*,#6843,.T.);
#6845=ORIENTED_EDGE('',*,*,#2635,.F.);
#6846=CARTESIAN_POINT('',(35.260243956,22.258716893,7.500000048));
#6847=DIRECTION('',(0.,0.,-1.));
#6848=VECTOR('',#6847,1.000000048);
#6849=LINE('',#6846,#6848);
#6850=EDGE_CURVE('',#2622,#5385,#6849,.T.);
#6851=ORIENTED_EDGE('',*,*,#6850,.T.);
#6852=EDGE_LOOP('',(#6838,#6844,#6845,#6851));
#6853=FACE_BOUND('',#6852,.T.);
#6854=ADVANCED_FACE('',(#6853),#6837,.T.);
#6855=CARTESIAN_POINT('',(35.260243956,25.808718038,-0.2));
#6856=DIRECTION('',(1.,-0.,0.));
#6857=DIRECTION('',(0.,1.,0.));
#6858=AXIS2_PLACEMENT_3D('',#6855,#6856,#6857);
#6859=PLANE('',#6858);
#6860=ORIENTED_EDGE('',*,*,#2667,.F.);
#6861=CARTESIAN_POINT('',(35.260243956,32.808919836,7.500000048));
#6862=DIRECTION('',(0.,0.,-1.));
#6863=VECTOR('',#6862,1.000000048);
#6864=LINE('',#6861,#6863);
#6865=EDGE_CURVE('',#2654,#5449,#6864,.T.);
#6866=ORIENTED_EDGE('',*,*,#6865,.T.);
#6867=ORIENTED_EDGE('',*,*,#5454,.F.);
#6868=CARTESIAN_POINT('',(35.260243956,36.358717275,6.5));
#6869=DIRECTION('',(0.,0.,1.));
#6870=VECTOR('',#6869,1.000000048);
#6871=LINE('',#6868,#6870);
#6872=EDGE_CURVE('',#5441,#2662,#6871,.T.);
#6873=ORIENTED_EDGE('',*,*,#6872,.T.);
#6874=EDGE_LOOP('',(#6860,#6866,#6867,#6873));
#6875=FACE_BOUND('',#6874,.T.);
#6876=ADVANCED_FACE('',(#6875),#6859,.T.);
#6877=CARTESIAN_POINT('',(35.260243956,-28.741283107,-1.2));
#6878=DIRECTION('',(1.,-0.,0.));
#6879=DIRECTION('',(0.,1.,0.));
#6880=AXIS2_PLACEMENT_3D('',#6877,#6878,#6879);
#6881=PLANE('',#6880);
#6882=ORIENTED_EDGE('',*,*,#5684,.F.);
#6883=CARTESIAN_POINT('',(35.260243956,-25.191080164,6.5));
#6884=DIRECTION('',(-0.,-0.,1.));
#6885=VECTOR('',#6884,1.000000048);
#6886=LINE('',#6883,#6885);
#6887=EDGE_CURVE('',#5669,#2924,#6886,.T.);
#6888=ORIENTED_EDGE('',*,*,#6887,.T.);
#6889=ORIENTED_EDGE('',*,*,#2929,.T.);
#6890=CARTESIAN_POINT('',(35.260243956,-28.741283107,6.5));
#6891=DIRECTION('',(0.,0.,1.));
#6892=VECTOR('',#6891,1.000000048);
#6893=LINE('',#6890,#6892);
#6894=EDGE_CURVE('',#5679,#2916,#6893,.T.);
#6895=ORIENTED_EDGE('',*,*,#6894,.F.);
#6896=EDGE_LOOP('',(#6882,#6888,#6889,#6895));
#6897=FACE_BOUND('',#6896,.T.);
#6898=ADVANCED_FACE('',(#6897),#6881,.T.);
#6899=CARTESIAN_POINT('',(35.260243956,-28.741283107,-1.2));
#6900=DIRECTION('',(1.,-0.,0.));
#6901=DIRECTION('',(0.,1.,0.));
#6902=AXIS2_PLACEMENT_3D('',#6899,#6900,#6901);
#6903=PLANE('',#6902);
#6904=ORIENTED_EDGE('',*,*,#2961,.T.);
#6905=CARTESIAN_POINT('',(35.260243956,-18.191080164,7.500000048));
#6906=DIRECTION('',(0.,0.,-1.));
#6907=VECTOR('',#6906,1.000000048);
#6908=LINE('',#6905,#6907);
#6909=EDGE_CURVE('',#2948,#5743,#6908,.T.);
#6910=ORIENTED_EDGE('',*,*,#6909,.T.);
#6911=ORIENTED_EDGE('',*,*,#5748,.F.);
#6912=CARTESIAN_POINT('',(35.260243956,-14.641282725,7.500000048));
#6913=DIRECTION('',(0.,0.,-1.));
#6914=VECTOR('',#6913,1.000000048);
#6915=LINE('',#6912,#6914);
#6916=EDGE_CURVE('',#2956,#5735,#6915,.T.);
#6917=ORIENTED_EDGE('',*,*,#6916,.F.);
#6918=EDGE_LOOP('',(#6904,#6910,#6911,#6917));
#6919=FACE_BOUND('',#6918,.T.);
#6920=ADVANCED_FACE('',(#6919),#6903,.T.);
#6921=CARTESIAN_POINT('',(1.260243956,-1.816282678,-0.2));
#6922=DIRECTION('',(1.,-0.,0.));
#6923=DIRECTION('',(0.,1.,0.));
#6924=AXIS2_PLACEMENT_3D('',#6921,#6922,#6923);
#6925=PLANE('',#6924);
#6926=ORIENTED_EDGE('',*,*,#4704,.F.);
#6927=CARTESIAN_POINT('',(1.260243956,-1.816080879,6.5));
#6928=DIRECTION('',(-0.,-0.,1.));
#6929=VECTOR('',#6928,1.000000048);
#6930=LINE('',#6927,#6929);
#6931=EDGE_CURVE('',#4689,#1944,#6930,.T.);
#6932=ORIENTED_EDGE('',*,*,#6931,.T.);
#6933=ORIENTED_EDGE('',*,*,#1949,.F.);
#6934=CARTESIAN_POINT('',(1.260243956,-5.36628263,7.500000048));
#6935=DIRECTION('',(0.,0.,-1.));
#6936=VECTOR('',#6935,1.000000048);
#6937=LINE('',#6934,#6936);
#6938=EDGE_CURVE('',#1936,#4699,#6937,.T.);
#6939=ORIENTED_EDGE('',*,*,#6938,.T.);
#6940=EDGE_LOOP('',(#6926,#6932,#6933,#6939));
#6941=FACE_BOUND('',#6940,.T.);
#6942=ADVANCED_FACE('',(#6941),#6925,.T.);
#6943=CARTESIAN_POINT('',(1.260243956,-1.816282678,-0.2));
#6944=DIRECTION('',(1.,-0.,0.));
#6945=DIRECTION('',(0.,1.,0.));
#6946=AXIS2_PLACEMENT_3D('',#6943,#6944,#6945);
#6947=PLANE('',#6946);
#6948=ORIENTED_EDGE('',*,*,#1981,.F.);
#6949=CARTESIAN_POINT('',(1.260243956,5.183919121,7.500000048));
#6950=DIRECTION('',(0.,0.,-1.));
#6951=VECTOR('',#6950,1.000000048);
#6952=LINE('',#6949,#6951);
#6953=EDGE_CURVE('',#1968,#4763,#6952,.T.);
#6954=ORIENTED_EDGE('',*,*,#6953,.T.);
#6955=ORIENTED_EDGE('',*,*,#4768,.F.);
#6956=CARTESIAN_POINT('',(1.260243956,8.733717275,7.500000048));
#6957=DIRECTION('',(0.,0.,-1.));
#6958=VECTOR('',#6957,1.000000048);
#6959=LINE('',#6956,#6958);
#6960=EDGE_CURVE('',#1976,#4755,#6959,.T.);
#6961=ORIENTED_EDGE('',*,*,#6960,.F.);
#6962=EDGE_LOOP('',(#6948,#6954,#6955,#6961));
#6963=FACE_BOUND('',#6962,.T.);
#6964=ADVANCED_FACE('',(#6963),#6947,.T.);
#6965=CARTESIAN_POINT('',(32.360244338,40.608717275,-1.2));
#6966=DIRECTION('',(-1.,0.,0.));
#6967=DIRECTION('',(-0.,-1.,0.));
#6968=AXIS2_PLACEMENT_3D('',#6965,#6966,#6967);
#6969=PLANE('',#6968);
#6970=ORIENTED_EDGE('',*,*,#1835,.F.);
#6971=CARTESIAN_POINT('',(32.360244338,30.058919836,7.500000048));
#6972=DIRECTION('',(0.,0.,-1.));
#6973=VECTOR('',#6972,1.000000048);
#6974=LINE('',#6971,#6973);
#6975=EDGE_CURVE('',#1822,#4617,#6974,.T.);
#6976=ORIENTED_EDGE('',*,*,#6975,.T.);
#6977=ORIENTED_EDGE('',*,*,#4622,.F.);
#6978=CARTESIAN_POINT('',(32.360244338,26.508716893,7.500000048));
#6979=DIRECTION('',(0.,0.,-1.));
#6980=VECTOR('',#6979,1.000000048);
#6981=LINE('',#6978,#6980);
#6982=EDGE_CURVE('',#1830,#4609,#6981,.T.);
#6983=ORIENTED_EDGE('',*,*,#6982,.F.);
#6984=EDGE_LOOP('',(#6970,#6976,#6977,#6983));
#6985=FACE_BOUND('',#6984,.T.);
#6986=ADVANCED_FACE('',(#6985),#6969,.T.);
#6987=CARTESIAN_POINT('',(32.360244338,40.608717275,-1.2));
#6988=DIRECTION('',(-1.,0.,0.));
#6989=DIRECTION('',(-0.,-1.,0.));
#6990=AXIS2_PLACEMENT_3D('',#6987,#6988,#6989);
#6991=PLANE('',#6990);
#6992=ORIENTED_EDGE('',*,*,#4654,.F.);
#6993=CARTESIAN_POINT('',(32.360244338,37.058919836,6.5));
#6994=DIRECTION('',(-0.,-0.,1.));
#6995=VECTOR('',#6994,1.000000048);
#6996=LINE('',#6993,#6995);
#6997=EDGE_CURVE('',#4641,#1894,#6996,.T.);
#6998=ORIENTED_EDGE('',*,*,#6997,.T.);
#6999=ORIENTED_EDGE('',*,*,#1899,.F.);
#7000=CARTESIAN_POINT('',(32.360244338,40.608717275,7.500000048));
#7001=DIRECTION('',(0.,0.,-1.));
#7002=VECTOR('',#7001,1.000000048);
#7003=LINE('',#7000,#7002);
#7004=EDGE_CURVE('',#1886,#4649,#7003,.T.);
#7005=ORIENTED_EDGE('',*,*,#7004,.T.);
#7006=EDGE_LOOP('',(#6992,#6998,#6999,#7005));
#7007=FACE_BOUND('',#7006,.T.);
#7008=ADVANCED_FACE('',(#7007),#6991,.T.);
#7009=CARTESIAN_POINT('',(18.260243956,26.508716893,-1.2));
#7010=DIRECTION('',(1.,-0.,0.));
#7011=DIRECTION('',(0.,1.,0.));
#7012=AXIS2_PLACEMENT_3D('',#7009,#7010,#7011);
#7013=PLANE('',#7012);
#7014=ORIENTED_EDGE('',*,*,#4606,.F.);
#7015=CARTESIAN_POINT('',(18.260243956,30.058919836,6.5));
#7016=DIRECTION('',(-0.,-0.,1.));
#7017=VECTOR('',#7016,1.000000048);
#7018=LINE('',#7015,#7017);
#7019=EDGE_CURVE('',#4591,#1846,#7018,.T.);
#7020=ORIENTED_EDGE('',*,*,#7019,.T.);
#7021=ORIENTED_EDGE('',*,*,#1851,.F.);
#7022=CARTESIAN_POINT('',(18.260243956,26.508716893,6.5));
#7023=DIRECTION('',(0.,0.,1.));
#7024=VECTOR('',#7023,1.000000048);
#7025=LINE('',#7022,#7024);
#7026=EDGE_CURVE('',#4601,#1838,#7025,.T.);
#7027=ORIENTED_EDGE('',*,*,#7026,.F.);
#7028=EDGE_LOOP('',(#7014,#7020,#7021,#7027));
#7029=FACE_BOUND('',#7028,.T.);
#7030=ADVANCED_FACE('',(#7029),#7013,.T.);
#7031=CARTESIAN_POINT('',(18.260243956,26.508716893,-1.2));
#7032=DIRECTION('',(1.,-0.,0.));
#7033=DIRECTION('',(0.,1.,0.));
#7034=AXIS2_PLACEMENT_3D('',#7031,#7032,#7033);
#7035=PLANE('',#7034);
#7036=ORIENTED_EDGE('',*,*,#1883,.F.);
#7037=CARTESIAN_POINT('',(18.260243956,37.058919836,7.500000048));
#7038=DIRECTION('',(0.,0.,-1.));
#7039=VECTOR('',#7038,1.000000048);
#7040=LINE('',#7037,#7039);
#7041=EDGE_CURVE('',#1870,#4665,#7040,.T.);
#7042=ORIENTED_EDGE('',*,*,#7041,.T.);
#7043=ORIENTED_EDGE('',*,*,#4670,.F.);
#7044=CARTESIAN_POINT('',(18.260243956,40.608717275,6.5));
#7045=DIRECTION('',(0.,0.,1.));
#7046=VECTOR('',#7045,1.000000048);
#7047=LINE('',#7044,#7046);
#7048=EDGE_CURVE('',#4657,#1878,#7047,.T.);
#7049=ORIENTED_EDGE('',*,*,#7048,.T.);
#7050=EDGE_LOOP('',(#7036,#7042,#7043,#7049));
#7051=FACE_BOUND('',#7050,.T.);
#7052=ADVANCED_FACE('',(#7051),#7035,.T.);
#7053=CARTESIAN_POINT('',(1.260243956,11.633717847,-1.2));
#7054=DIRECTION('',(1.,-0.,0.));
#7055=DIRECTION('',(0.,1.,0.));
#7056=AXIS2_PLACEMENT_3D('',#7053,#7054,#7055);
#7057=PLANE('',#7056);
#7058=ORIENTED_EDGE('',*,*,#4998,.F.);
#7059=CARTESIAN_POINT('',(1.260243956,15.183918882,6.5));
#7060=DIRECTION('',(-0.,-0.,1.));
#7061=VECTOR('',#7060,1.000000048);
#7062=LINE('',#7059,#7061);
#7063=EDGE_CURVE('',#4983,#2238,#7062,.T.);
#7064=ORIENTED_EDGE('',*,*,#7063,.T.);
#7065=ORIENTED_EDGE('',*,*,#2243,.F.);
#7066=CARTESIAN_POINT('',(1.260243956,11.633717847,6.5));
#7067=DIRECTION('',(0.,0.,1.));
#7068=VECTOR('',#7067,1.000000048);
#7069=LINE('',#7066,#7068);
#7070=EDGE_CURVE('',#4993,#2230,#7069,.T.);
#7071=ORIENTED_EDGE('',*,*,#7070,.F.);
#7072=EDGE_LOOP('',(#7058,#7064,#7065,#7071));
#7073=FACE_BOUND('',#7072,.T.);
#7074=ADVANCED_FACE('',(#7073),#7057,.T.);
#7075=CARTESIAN_POINT('',(1.260243956,11.633717847,-1.2));
#7076=DIRECTION('',(1.,-0.,0.));
#7077=DIRECTION('',(0.,1.,0.));
#7078=AXIS2_PLACEMENT_3D('',#7075,#7076,#7077);
#7079=PLANE('',#7078);
#7080=ORIENTED_EDGE('',*,*,#2275,.F.);
#7081=CARTESIAN_POINT('',(1.260243956,22.183919836,7.500000048));
#7082=DIRECTION('',(0.,0.,-1.));
#7083=VECTOR('',#7082,1.000000048);
#7084=LINE('',#7081,#7083);
#7085=EDGE_CURVE('',#2262,#5057,#7084,.T.);
#7086=ORIENTED_EDGE('',*,*,#7085,.T.);
#7087=ORIENTED_EDGE('',*,*,#5062,.F.);
#7088=CARTESIAN_POINT('',(1.260243956,25.733717275,7.500000048));
#7089=DIRECTION('',(0.,0.,-1.));
#7090=VECTOR('',#7089,1.000000048);
#7091=LINE('',#7088,#7090);
#7092=EDGE_CURVE('',#2270,#5049,#7091,.T.);
#7093=ORIENTED_EDGE('',*,*,#7092,.F.);
#7094=EDGE_LOOP('',(#7080,#7086,#7087,#7093));
#7095=FACE_BOUND('',#7094,.T.);
#7096=ADVANCED_FACE('',(#7095),#7079,.T.);
#7097=CARTESIAN_POINT('',(-35.977632936,-17.557859111,1.000000048));
#7098=DIRECTION('',(0.978400824,0.20671678,0.));
#7099=DIRECTION('',(0.175711322,-0.831650448,-0.526766613));
#7100=AXIS2_PLACEMENT_3D('',#7097,#7098,#7099);
#7101=PLANE('',#7100);
#7102=ORIENTED_EDGE('',*,*,#4410,.F.);
#7103=CARTESIAN_POINT('',(-33.796833312,-27.87969246,6.5));
#7104=DIRECTION('',(-0.,-0.,1.));
#7105=VECTOR('',#7104,1.000000048);
#7106=LINE('',#7103,#7105);
#7107=EDGE_CURVE('',#4395,#1650,#7106,.T.);
#7108=ORIENTED_EDGE('',*,*,#7107,.T.);
#7109=ORIENTED_EDGE('',*,*,#1655,.F.);
#7110=CARTESIAN_POINT('',(-33.06292638,-31.353310555,6.5));
#7111=DIRECTION('',(-0.,0.,1.));
#7112=VECTOR('',#7111,1.000000048);
#7113=LINE('',#7110,#7112);
#7114=EDGE_CURVE('',#4405,#1642,#7113,.T.);
#7115=ORIENTED_EDGE('',*,*,#7114,.F.);
#7116=EDGE_LOOP('',(#7102,#7108,#7109,#7115));
#7117=FACE_BOUND('',#7116,.T.);
#7118=ADVANCED_FACE('',(#7117),#7101,.T.);
#7119=CARTESIAN_POINT('',(-35.977632936,-17.557859111,1.000000048));
#7120=DIRECTION('',(0.978400824,0.20671678,0.));
#7121=DIRECTION('',(0.175711322,-0.831650448,-0.526766613));
#7122=AXIS2_PLACEMENT_3D('',#7119,#7120,#7121);
#7123=PLANE('',#7122);
#7124=ORIENTED_EDGE('',*,*,#1687,.F.);
#7125=CARTESIAN_POINT('',(-35.243850898,-21.030886079,7.500000048));
#7126=DIRECTION('',(0.,0.,-1.));
#7127=VECTOR('',#7126,1.000000048);
#7128=LINE('',#7125,#7127);
#7129=EDGE_CURVE('',#1674,#4469,#7128,.T.);
#7130=ORIENTED_EDGE('',*,*,#7129,.T.);
#7131=ORIENTED_EDGE('',*,*,#4474,.F.);
#7132=CARTESIAN_POINT('',(-35.977632936,-17.557859111,6.5));
#7133=DIRECTION('',(-0.,-0.,1.));
#7134=VECTOR('',#7133,1.000000048);
#7135=LINE('',#7132,#7134);
#7136=EDGE_CURVE('',#4461,#1682,#7135,.T.);
#7137=ORIENTED_EDGE('',*,*,#7136,.T.);
#7138=EDGE_LOOP('',(#7124,#7130,#7131,#7137));
#7139=FACE_BOUND('',#7138,.T.);
#7140=ADVANCED_FACE('',(#7139),#7123,.T.);
#7141=CARTESIAN_POINT('',(-20.001322206,-24.965285945,-0.2));
#7142=DIRECTION('',(-0.978400824,-0.20671678,0.));
#7143=DIRECTION('',(0.,0.,-1.));
#7144=AXIS2_PLACEMENT_3D('',#7141,#7142,#7143);
#7145=PLANE('',#7144);
#7146=ORIENTED_EDGE('',*,*,#1639,.F.);
#7147=CARTESIAN_POINT('',(-20.001384579,-24.964990732,7.500000048));
#7148=DIRECTION('',(-0.,0.,-1.));
#7149=VECTOR('',#7148,1.000000048);
#7150=LINE('',#7147,#7149);
#7151=EDGE_CURVE('',#1626,#4421,#7150,.T.);
#7152=ORIENTED_EDGE('',*,*,#7151,.T.);
#7153=ORIENTED_EDGE('',*,*,#4426,.F.);
#7154=CARTESIAN_POINT('',(-19.267477449,-28.438609767,7.500000048));
#7155=DIRECTION('',(0.,-0.,-1.));
#7156=VECTOR('',#7155,1.000000048);
#7157=LINE('',#7154,#7156);
#7158=EDGE_CURVE('',#1634,#4413,#7157,.T.);
#7159=ORIENTED_EDGE('',*,*,#7158,.F.);
#7160=EDGE_LOOP('',(#7146,#7152,#7153,#7159));
#7161=FACE_BOUND('',#7160,.T.);
#7162=ADVANCED_FACE('',(#7161),#7145,.T.);
#7163=CARTESIAN_POINT('',(-20.001322206,-24.965285945,-0.2));
#7164=DIRECTION('',(-0.978400824,-0.20671678,0.));
#7165=DIRECTION('',(0.,0.,-1.));
#7166=AXIS2_PLACEMENT_3D('',#7163,#7164,#7165);
#7167=PLANE('',#7166);
#7168=ORIENTED_EDGE('',*,*,#4458,.F.);
#7169=CARTESIAN_POINT('',(-21.448402091,-18.116184702,6.5));
#7170=DIRECTION('',(0.,-0.,1.));
#7171=VECTOR('',#7170,1.000000048);
#7172=LINE('',#7169,#7171);
#7173=EDGE_CURVE('',#4445,#1698,#7172,.T.);
#7174=ORIENTED_EDGE('',*,*,#7173,.T.);
#7175=ORIENTED_EDGE('',*,*,#1703,.F.);
#7176=CARTESIAN_POINT('',(-22.182184005,-14.643158322,6.5));
#7177=DIRECTION('',(0.,-0.,1.));
#7178=VECTOR('',#7177,1.000000048);
#7179=LINE('',#7176,#7178);
#7180=EDGE_CURVE('',#4453,#1690,#7179,.T.);
#7181=ORIENTED_EDGE('',*,*,#7180,.F.);
#7182=EDGE_LOOP('',(#7168,#7174,#7175,#7181));
#7183=FACE_BOUND('',#7182,.T.);
#7184=ADVANCED_FACE('',(#7183),#7167,.T.);
#7185=CARTESIAN_POINT('',(-11.489756044,-24.426282573,-0.2));
#7186=DIRECTION('',(1.,-0.,-0.));
#7187=DIRECTION('',(-0.,-0.947340546,0.320227872));
#7188=AXIS2_PLACEMENT_3D('',#7185,#7186,#7187);
#7189=PLANE('',#7188);
#7190=ORIENTED_EDGE('',*,*,#4312,.F.);
#7191=CARTESIAN_POINT('',(-11.489756044,-24.426080774,6.5));
#7192=DIRECTION('',(-0.,-0.,1.));
#7193=VECTOR('',#7192,1.000000048);
#7194=LINE('',#7191,#7193);
#7195=EDGE_CURVE('',#4297,#1552,#7194,.T.);
#7196=ORIENTED_EDGE('',*,*,#7195,.T.);
#7197=ORIENTED_EDGE('',*,*,#1557,.F.);
#7198=CARTESIAN_POINT('',(-11.489756044,-27.97628181,6.5));
#7199=DIRECTION('',(0.,0.,1.));
#7200=VECTOR('',#7199,1.000000048);
#7201=LINE('',#7198,#7200);
#7202=EDGE_CURVE('',#4307,#1544,#7201,.T.);
#7203=ORIENTED_EDGE('',*,*,#7202,.F.);
#7204=EDGE_LOOP('',(#7190,#7196,#7197,#7203));
#7205=FACE_BOUND('',#7204,.T.);
#7206=ADVANCED_FACE('',(#7205),#7189,.T.);
#7207=CARTESIAN_POINT('',(-11.489756044,-24.426282573,-0.2));
#7208=DIRECTION('',(1.,-0.,-0.));
#7209=DIRECTION('',(-0.,-0.947340546,0.320227872));
#7210=AXIS2_PLACEMENT_3D('',#7207,#7208,#7209);
#7211=PLANE('',#7210);
#7212=ORIENTED_EDGE('',*,*,#1589,.F.);
#7213=CARTESIAN_POINT('',(-11.489756044,-17.426080774,7.500000048));
#7214=DIRECTION('',(0.,0.,-1.));
#7215=VECTOR('',#7214,1.000000048);
#7216=LINE('',#7213,#7215);
#7217=EDGE_CURVE('',#1576,#4371,#7216,.T.);
#7218=ORIENTED_EDGE('',*,*,#7217,.T.);
#7219=ORIENTED_EDGE('',*,*,#4376,.F.);
#7220=CARTESIAN_POINT('',(-11.489756044,-13.876282382,6.5));
#7221=DIRECTION('',(0.,0.,1.));
#7222=VECTOR('',#7221,1.000000048);
#7223=LINE('',#7220,#7222);
#7224=EDGE_CURVE('',#4363,#1584,#7223,.T.);
#7225=ORIENTED_EDGE('',*,*,#7224,.T.);
#7226=EDGE_LOOP('',(#7212,#7218,#7219,#7225));
#7227=FACE_BOUND('',#7226,.T.);
#7228=ADVANCED_FACE('',(#7227),#7211,.T.);
#7229=CARTESIAN_POINT('',(2.610243861,-24.426282573,-0.2));
#7230=DIRECTION('',(-1.,0.,0.));
#7231=DIRECTION('',(0.,0.,-1.));
#7232=AXIS2_PLACEMENT_3D('',#7229,#7230,#7231);
#7233=PLANE('',#7232);
#7234=ORIENTED_EDGE('',*,*,#1541,.F.);
#7235=CARTESIAN_POINT('',(2.610243861,-24.426080774,7.500000048));
#7236=DIRECTION('',(0.,0.,-1.));
#7237=VECTOR('',#7236,1.000000048);
#7238=LINE('',#7235,#7237);
#7239=EDGE_CURVE('',#1528,#4323,#7238,.T.);
#7240=ORIENTED_EDGE('',*,*,#7239,.T.);
#7241=ORIENTED_EDGE('',*,*,#4328,.F.);
#7242=CARTESIAN_POINT('',(2.610243861,-27.97628181,7.500000048));
#7243=DIRECTION('',(0.,0.,-1.));
#7244=VECTOR('',#7243,1.000000048);
#7245=LINE('',#7242,#7244);
#7246=EDGE_CURVE('',#1536,#4315,#7245,.T.);
#7247=ORIENTED_EDGE('',*,*,#7246,.F.);
#7248=EDGE_LOOP('',(#7234,#7240,#7241,#7247));
#7249=FACE_BOUND('',#7248,.T.);
#7250=ADVANCED_FACE('',(#7249),#7233,.T.);
#7251=CARTESIAN_POINT('',(2.610243861,-24.426282573,-0.2));
#7252=DIRECTION('',(-1.,0.,0.));
#7253=DIRECTION('',(0.,0.,-1.));
#7254=AXIS2_PLACEMENT_3D('',#7251,#7252,#7253);
#7255=PLANE('',#7254);
#7256=ORIENTED_EDGE('',*,*,#4360,.F.);
#7257=CARTESIAN_POINT('',(2.610243861,-17.426080774,6.5));
#7258=DIRECTION('',(-0.,-0.,1.));
#7259=VECTOR('',#7258,1.000000048);
#7260=LINE('',#7257,#7259);
#7261=EDGE_CURVE('',#4347,#1600,#7260,.T.);
#7262=ORIENTED_EDGE('',*,*,#7261,.T.);
#7263=ORIENTED_EDGE('',*,*,#1605,.F.);
#7264=CARTESIAN_POINT('',(2.610243861,-13.876282382,6.5));
#7265=DIRECTION('',(0.,0.,1.));
#7266=VECTOR('',#7265,1.000000048);
#7267=LINE('',#7264,#7266);
#7268=EDGE_CURVE('',#4355,#1592,#7267,.T.);
#7269=ORIENTED_EDGE('',*,*,#7268,.F.);
#7270=EDGE_LOOP('',(#7256,#7262,#7263,#7269));
#7271=FACE_BOUND('',#7270,.T.);
#7272=ADVANCED_FACE('',(#7271),#7255,.T.);
#7273=CARTESIAN_POINT('',(-53.358793672,-28.184878993,-1.2));
#7274=DIRECTION('',(0.920504742,0.390731392,0.));
#7275=DIRECTION('',(-0.390731392,0.920504742,0.));
#7276=AXIS2_PLACEMENT_3D('',#7273,#7274,#7275);
#7277=PLANE('',#7276);
#7278=ORIENTED_EDGE('',*,*,#3756,.F.);
#7279=CARTESIAN_POINT('',(-50.623823334,-34.628060208,6.5));
#7280=DIRECTION('',(0.,-0.,1.));
#7281=VECTOR('',#7280,1.000000048);
#7282=LINE('',#7279,#7281);
#7283=EDGE_CURVE('',#3743,#700,#7282,.T.);
#7284=ORIENTED_EDGE('',*,*,#7283,.T.);
#7285=ORIENTED_EDGE('',*,*,#705,.F.);
#7286=CARTESIAN_POINT('',(-49.236577747,-37.896203407,6.5));
#7287=DIRECTION('',(0.,-0.,1.));
#7288=VECTOR('',#7287,1.000000048);
#7289=LINE('',#7286,#7288);
#7290=EDGE_CURVE('',#3751,#692,#7289,.T.);
#7291=ORIENTED_EDGE('',*,*,#7290,.F.);
#7292=EDGE_LOOP('',(#7278,#7284,#7285,#7291));
#7293=FACE_BOUND('',#7292,.T.);
#7294=ADVANCED_FACE('',(#7293),#7277,.T.);
#7295=CARTESIAN_POINT('',(-53.358793672,-28.184878993,-1.2));
#7296=DIRECTION('',(0.920504742,0.390731392,0.));
#7297=DIRECTION('',(-0.390731392,0.920504742,0.));
#7298=AXIS2_PLACEMENT_3D('',#7295,#7296,#7297);
#7299=PLANE('',#7298);
#7300=ORIENTED_EDGE('',*,*,#735,.F.);
#7301=CARTESIAN_POINT('',(-53.35894339,-28.18452628,7.500000048));
#7302=DIRECTION('',(-0.,0.,-1.));
#7303=VECTOR('',#7302,1.000000048);
#7304=LINE('',#7301,#7303);
#7305=EDGE_CURVE('',#724,#3719,#7304,.T.);
#7306=ORIENTED_EDGE('',*,*,#7305,.T.);
#7307=ORIENTED_EDGE('',*,*,#3724,.F.);
#7308=ORIENTED_EDGE('',*,*,#56,.F.);
#7309=EDGE_LOOP('',(#7300,#7306,#7307,#7308));
#7310=FACE_BOUND('',#7309,.T.);
#7311=ADVANCED_FACE('',(#7310),#7299,.T.);
#7312=CARTESIAN_POINT('',(-32.739756044,-6.066282916,-0.2));
#7313=DIRECTION('',(1.,-0.,-0.));
#7314=DIRECTION('',(-0.,-0.947340546,0.320227872));
#7315=AXIS2_PLACEMENT_3D('',#7312,#7313,#7314);
#7316=PLANE('',#7315);
#7317=ORIENTED_EDGE('',*,*,#4116,.F.);
#7318=CARTESIAN_POINT('',(-32.739756044,-6.066081118,6.5));
#7319=DIRECTION('',(-0.,-0.,1.));
#7320=VECTOR('',#7319,1.000000048);
#7321=LINE('',#7318,#7320);
#7322=EDGE_CURVE('',#4101,#1356,#7321,.T.);
#7323=ORIENTED_EDGE('',*,*,#7322,.T.);
#7324=ORIENTED_EDGE('',*,*,#1361,.F.);
#7325=CARTESIAN_POINT('',(-32.739756044,-9.616282153,6.5));
#7326=DIRECTION('',(0.,0.,1.));
#7327=VECTOR('',#7326,1.000000048);
#7328=LINE('',#7325,#7327);
#7329=EDGE_CURVE('',#4111,#1348,#7328,.T.);
#7330=ORIENTED_EDGE('',*,*,#7329,.F.);
#7331=EDGE_LOOP('',(#7317,#7323,#7324,#7330));
#7332=FACE_BOUND('',#7331,.T.);
#7333=ADVANCED_FACE('',(#7332),#7316,.T.);
#7334=CARTESIAN_POINT('',(-32.739756044,-6.066282916,-0.2));
#7335=DIRECTION('',(1.,-0.,-0.));
#7336=DIRECTION('',(-0.,-0.947340546,0.320227872));
#7337=AXIS2_PLACEMENT_3D('',#7334,#7335,#7336);
#7338=PLANE('',#7337);
#7339=ORIENTED_EDGE('',*,*,#1393,.F.);
#7340=CARTESIAN_POINT('',(-32.739756044,0.93391924,7.500000048));
#7341=DIRECTION('',(0.,0.,-1.));
#7342=VECTOR('',#7341,1.000000048);
#7343=LINE('',#7340,#7342);
#7344=EDGE_CURVE('',#1380,#4175,#7343,.T.);
#7345=ORIENTED_EDGE('',*,*,#7344,.T.);
#7346=ORIENTED_EDGE('',*,*,#4180,.F.);
#7347=CARTESIAN_POINT('',(-32.739756044,4.483717513,6.5));
#7348=DIRECTION('',(0.,0.,1.));
#7349=VECTOR('',#7348,1.000000048);
#7350=LINE('',#7347,#7349);
#7351=EDGE_CURVE('',#4167,#1388,#7350,.T.);
#7352=ORIENTED_EDGE('',*,*,#7351,.T.);
#7353=EDGE_LOOP('',(#7339,#7345,#7346,#7352));
#7354=FACE_BOUND('',#7353,.T.);
#7355=ADVANCED_FACE('',(#7354),#7338,.T.);
#7356=CARTESIAN_POINT('',(-18.639755662,-9.616282153,1.000000048));
#7357=DIRECTION('',(-1.,0.,0.));
#7358=DIRECTION('',(0.,0.947340546,-0.320227872));
#7359=AXIS2_PLACEMENT_3D('',#7356,#7357,#7358);
#7360=PLANE('',#7359);
#7361=ORIENTED_EDGE('',*,*,#1345,.F.);
#7362=CARTESIAN_POINT('',(-18.639755662,-6.066081118,7.500000048));
#7363=DIRECTION('',(0.,0.,-1.));
#7364=VECTOR('',#7363,1.000000048);
#7365=LINE('',#7362,#7364);
#7366=EDGE_CURVE('',#1332,#4127,#7365,.T.);
#7367=ORIENTED_EDGE('',*,*,#7366,.T.);
#7368=ORIENTED_EDGE('',*,*,#4132,.F.);
#7369=CARTESIAN_POINT('',(-18.639755662,-9.616282153,7.500000048));
#7370=DIRECTION('',(0.,0.,-1.));
#7371=VECTOR('',#7370,1.000000048);
#7372=LINE('',#7369,#7371);
#7373=EDGE_CURVE('',#1340,#4119,#7372,.T.);
#7374=ORIENTED_EDGE('',*,*,#7373,.F.);
#7375=EDGE_LOOP('',(#7361,#7367,#7368,#7374));
#7376=FACE_BOUND('',#7375,.T.);
#7377=ADVANCED_FACE('',(#7376),#7360,.T.);
#7378=CARTESIAN_POINT('',(-18.639755662,-9.616282153,1.000000048));
#7379=DIRECTION('',(-1.,0.,0.));
#7380=DIRECTION('',(0.,0.947340546,-0.320227872));
#7381=AXIS2_PLACEMENT_3D('',#7378,#7379,#7380);
#7382=PLANE('',#7381);
#7383=ORIENTED_EDGE('',*,*,#4164,.F.);
#7384=CARTESIAN_POINT('',(-18.639755662,0.93391924,6.5));
#7385=DIRECTION('',(-0.,-0.,1.));
#7386=VECTOR('',#7385,1.000000048);
#7387=LINE('',#7384,#7386);
#7388=EDGE_CURVE('',#4151,#1404,#7387,.T.);
#7389=ORIENTED_EDGE('',*,*,#7388,.T.);
#7390=ORIENTED_EDGE('',*,*,#1409,.F.);
#7391=CARTESIAN_POINT('',(-18.639755662,4.483717513,6.5));
#7392=DIRECTION('',(0.,0.,1.));
#7393=VECTOR('',#7392,1.000000048);
#7394=LINE('',#7391,#7393);
#7395=EDGE_CURVE('',#4159,#1396,#7394,.T.);
#7396=ORIENTED_EDGE('',*,*,#7395,.F.);
#7397=EDGE_LOOP('',(#7383,#7389,#7390,#7396));
#7398=FACE_BOUND('',#7397,.T.);
#7399=ADVANCED_FACE('',(#7398),#7382,.T.);
#7400=CARTESIAN_POINT('',(-15.739756044,-3.941282439,-0.2));
#7401=DIRECTION('',(1.,-0.,0.));
#7402=DIRECTION('',(-0.,-0.947340559,0.320227833));
#7403=AXIS2_PLACEMENT_3D('',#7400,#7401,#7402);
#7404=PLANE('',#7403);
#7405=ORIENTED_EDGE('',*,*,#4214,.F.);
#7406=CARTESIAN_POINT('',(-15.739756044,-3.941080641,6.5));
#7407=DIRECTION('',(-0.,-0.,1.));
#7408=VECTOR('',#7407,1.000000048);
#7409=LINE('',#7406,#7408);
#7410=EDGE_CURVE('',#4199,#1454,#7409,.T.);
#7411=ORIENTED_EDGE('',*,*,#7410,.T.);
#7412=ORIENTED_EDGE('',*,*,#1459,.T.);
#7413=CARTESIAN_POINT('',(-15.739756044,-7.491282153,6.5));
#7414=DIRECTION('',(0.,0.,1.));
#7415=VECTOR('',#7414,1.000000048);
#7416=LINE('',#7413,#7415);
#7417=EDGE_CURVE('',#4209,#1446,#7416,.T.);
#7418=ORIENTED_EDGE('',*,*,#7417,.F.);
#7419=EDGE_LOOP('',(#7405,#7411,#7412,#7418));
#7420=FACE_BOUND('',#7419,.T.);
#7421=ADVANCED_FACE('',(#7420),#7404,.T.);
#7422=CARTESIAN_POINT('',(-15.739756044,-3.941282439,-0.2));
#7423=DIRECTION('',(1.,-0.,0.));
#7424=DIRECTION('',(-0.,-0.947340559,0.320227833));
#7425=AXIS2_PLACEMENT_3D('',#7422,#7423,#7424);
#7426=PLANE('',#7425);
#7427=ORIENTED_EDGE('',*,*,#1491,.T.);
#7428=CARTESIAN_POINT('',(-15.739756044,3.05891924,7.500000048));
#7429=DIRECTION('',(0.,0.,-1.));
#7430=VECTOR('',#7429,1.000000048);
#7431=LINE('',#7428,#7430);
#7432=EDGE_CURVE('',#1478,#4273,#7431,.T.);
#7433=ORIENTED_EDGE('',*,*,#7432,.T.);
#7434=ORIENTED_EDGE('',*,*,#4278,.F.);
#7435=CARTESIAN_POINT('',(-15.739756044,6.608717275,6.5));
#7436=DIRECTION('',(0.,0.,1.));
#7437=VECTOR('',#7436,1.000000048);
#7438=LINE('',#7435,#7437);
#7439=EDGE_CURVE('',#4265,#1486,#7438,.T.);
#7440=ORIENTED_EDGE('',*,*,#7439,.T.);
#7441=EDGE_LOOP('',(#7427,#7433,#7434,#7440));
#7442=FACE_BOUND('',#7441,.T.);
#7443=ADVANCED_FACE('',(#7442),#7426,.T.);
#7444=CARTESIAN_POINT('',(-1.639756139,-7.491282153,1.000000048));
#7445=DIRECTION('',(-1.,0.,-0.));
#7446=DIRECTION('',(0.,0.850009882,-0.526766742));
#7447=AXIS2_PLACEMENT_3D('',#7444,#7445,#7446);
#7448=PLANE('',#7447);
#7449=ORIENTED_EDGE('',*,*,#1443,.F.);
#7450=CARTESIAN_POINT('',(-1.639756139,-3.941080641,7.500000048));
#7451=DIRECTION('',(0.,0.,-1.));
#7452=VECTOR('',#7451,1.000000048);
#7453=LINE('',#7450,#7452);
#7454=EDGE_CURVE('',#1430,#4225,#7453,.T.);
#7455=ORIENTED_EDGE('',*,*,#7454,.T.);
#7456=ORIENTED_EDGE('',*,*,#4230,.F.);
#7457=CARTESIAN_POINT('',(-1.639756139,-7.491282153,7.500000048));
#7458=DIRECTION('',(0.,0.,-1.));
#7459=VECTOR('',#7458,1.000000048);
#7460=LINE('',#7457,#7459);
#7461=EDGE_CURVE('',#1438,#4217,#7460,.T.);
#7462=ORIENTED_EDGE('',*,*,#7461,.F.);
#7463=EDGE_LOOP('',(#7449,#7455,#7456,#7462));
#7464=FACE_BOUND('',#7463,.T.);
#7465=ADVANCED_FACE('',(#7464),#7448,.T.);
#7466=CARTESIAN_POINT('',(-1.639756139,-7.491282153,1.000000048));
#7467=DIRECTION('',(-1.,0.,-0.));
#7468=DIRECTION('',(0.,0.850009882,-0.526766742));
#7469=AXIS2_PLACEMENT_3D('',#7466,#7467,#7468);
#7470=PLANE('',#7469);
#7471=ORIENTED_EDGE('',*,*,#4262,.F.);
#7472=CARTESIAN_POINT('',(-1.639756139,3.05891924,6.5));
#7473=DIRECTION('',(-0.,-0.,1.));
#7474=VECTOR('',#7473,1.000000048);
#7475=LINE('',#7472,#7474);
#7476=EDGE_CURVE('',#4249,#1502,#7475,.T.);
#7477=ORIENTED_EDGE('',*,*,#7476,.T.);
#7478=ORIENTED_EDGE('',*,*,#1507,.F.);
#7479=CARTESIAN_POINT('',(-1.639756139,6.608717275,6.5));
#7480=DIRECTION('',(0.,0.,1.));
#7481=VECTOR('',#7480,1.000000048);
#7482=LINE('',#7479,#7481);
#7483=EDGE_CURVE('',#4257,#1494,#7482,.T.);
#7484=ORIENTED_EDGE('',*,*,#7483,.F.);
#7485=EDGE_LOOP('',(#7471,#7477,#7478,#7484));
#7486=FACE_BOUND('',#7485,.T.);
#7487=ADVANCED_FACE('',(#7486),#7470,.T.);
#7488=CARTESIAN_POINT('',(15.360244338,42.733717275,-1.2));
#7489=DIRECTION('',(-1.,0.,0.));
#7490=DIRECTION('',(-0.,-1.,0.));
#7491=AXIS2_PLACEMENT_3D('',#7488,#7489,#7490);
#7492=PLANE('',#7491);
#7493=ORIENTED_EDGE('',*,*,#1051,.F.);
#7494=CARTESIAN_POINT('',(15.360244338,32.183919836,7.500000048));
#7495=DIRECTION('',(0.,0.,-1.));
#7496=VECTOR('',#7495,1.000000048);
#7497=LINE('',#7494,#7496);
#7498=EDGE_CURVE('',#1038,#3833,#7497,.T.);
#7499=ORIENTED_EDGE('',*,*,#7498,.T.);
#7500=ORIENTED_EDGE('',*,*,#3838,.F.);
#7501=CARTESIAN_POINT('',(15.360244338,28.633716893,7.500000048));
#7502=DIRECTION('',(0.,0.,-1.));
#7503=VECTOR('',#7502,1.000000048);
#7504=LINE('',#7501,#7503);
#7505=EDGE_CURVE('',#1046,#3825,#7504,.T.);
#7506=ORIENTED_EDGE('',*,*,#7505,.F.);
#7507=EDGE_LOOP('',(#7493,#7499,#7500,#7506));
#7508=FACE_BOUND('',#7507,.T.);
#7509=ADVANCED_FACE('',(#7508),#7492,.T.);
#7510=CARTESIAN_POINT('',(15.360244338,42.733717275,-1.2));
#7511=DIRECTION('',(-1.,0.,0.));
#7512=DIRECTION('',(-0.,-1.,0.));
#7513=AXIS2_PLACEMENT_3D('',#7510,#7511,#7512);
#7514=PLANE('',#7513);
#7515=ORIENTED_EDGE('',*,*,#3870,.F.);
#7516=CARTESIAN_POINT('',(15.360244338,39.183919836,6.5));
#7517=DIRECTION('',(-0.,-0.,1.));
#7518=VECTOR('',#7517,1.000000048);
#7519=LINE('',#7516,#7518);
#7520=EDGE_CURVE('',#3857,#1110,#7519,.T.);
#7521=ORIENTED_EDGE('',*,*,#7520,.T.);
#7522=ORIENTED_EDGE('',*,*,#1115,.F.);
#7523=CARTESIAN_POINT('',(15.360244338,42.733717275,6.5));
#7524=DIRECTION('',(0.,0.,1.));
#7525=VECTOR('',#7524,1.000000048);
#7526=LINE('',#7523,#7525);
#7527=EDGE_CURVE('',#3865,#1102,#7526,.T.);
#7528=ORIENTED_EDGE('',*,*,#7527,.F.);
#7529=EDGE_LOOP('',(#7515,#7521,#7522,#7528));
#7530=FACE_BOUND('',#7529,.T.);
#7531=ADVANCED_FACE('',(#7530),#7514,.T.);
#7532=CARTESIAN_POINT('',(-37.644556459,-29.119104075,-0.2));
#7533=DIRECTION('',(-0.920504782,-0.390731297,0.000000305));
#7534=DIRECTION('',(0.370155697,-0.872031481,0.320227817));
#7535=AXIS2_PLACEMENT_3D('',#7532,#7533,#7534);
#7536=PLANE('',#7535);
#7537=ORIENTED_EDGE('',*,*,#689,.F.);
#7538=CARTESIAN_POINT('',(-37.644704596,-29.118749068,7.500000048));
#7539=DIRECTION('',(-0.000000281,-0.000000119,-1.));
#7540=VECTOR('',#7539,1.000000048);
#7541=LINE('',#7538,#7540);
#7542=EDGE_CURVE('',#676,#3767,#7541,.T.);
#7543=ORIENTED_EDGE('',*,*,#7542,.T.);
#7544=ORIENTED_EDGE('',*,*,#3772,.F.);
#7545=CARTESIAN_POINT('',(-36.257458227,-32.386895048,7.500000048));
#7546=DIRECTION('',(-0.000000281,-0.000000119,-1.));
#7547=VECTOR('',#7546,1.000000048);
#7548=LINE('',#7545,#7547);
#7549=EDGE_CURVE('',#684,#3759,#7548,.T.);
#7550=ORIENTED_EDGE('',*,*,#7549,.F.);
#7551=EDGE_LOOP('',(#7537,#7543,#7544,#7550));
#7552=FACE_BOUND('',#7551,.T.);
#7553=ADVANCED_FACE('',(#7552),#7536,.T.);
#7554=CARTESIAN_POINT('',(-37.644556459,-29.119104075,-0.2));
#7555=DIRECTION('',(-0.920504782,-0.390731297,0.000000305));
#7556=DIRECTION('',(0.370155697,-0.872031481,0.320227817));
#7557=AXIS2_PLACEMENT_3D('',#7554,#7555,#7556);
#7558=PLANE('',#7557);
#7559=ORIENTED_EDGE('',*,*,#3802,.F.);
#7560=CARTESIAN_POINT('',(-40.379821239,-22.675222111,6.5));
#7561=DIRECTION('',(0.000000281,0.000000119,1.));
#7562=VECTOR('',#7561,1.000000048);
#7563=LINE('',#7560,#7562);
#7564=EDGE_CURVE('',#3791,#652,#7563,.T.);
#7565=ORIENTED_EDGE('',*,*,#7564,.T.);
#7566=ORIENTED_EDGE('',*,*,#657,.F.);
#7567=CARTESIAN_POINT('',(-41.766770184,-19.40777682,6.5));
#7568=DIRECTION('',(0.000000281,0.000000119,1.));
#7569=VECTOR('',#7568,1.000000048);
#7570=LINE('',#7567,#7569);
#7571=EDGE_CURVE('',#3380,#644,#7570,.T.);
#7572=ORIENTED_EDGE('',*,*,#7571,.F.);
#7573=EDGE_LOOP('',(#7559,#7565,#7566,#7572));
#7574=FACE_BOUND('',#7573,.T.);
#7575=ADVANCED_FACE('',(#7574),#7558,.T.);
#7576=CARTESIAN_POINT('',(-1.639756139,40.608717275,-1.2));
#7577=DIRECTION('',(-1.,0.,0.));
#7578=DIRECTION('',(-0.,-1.,0.));
#7579=AXIS2_PLACEMENT_3D('',#7576,#7577,#7578);
#7580=PLANE('',#7579);
#7581=ORIENTED_EDGE('',*,*,#1149,.T.);
#7582=CARTESIAN_POINT('',(-1.639756139,30.058919836,7.500000048));
#7583=DIRECTION('',(0.,0.,-1.));
#7584=VECTOR('',#7583,1.000000048);
#7585=LINE('',#7582,#7584);
#7586=EDGE_CURVE('',#1136,#3931,#7585,.T.);
#7587=ORIENTED_EDGE('',*,*,#7586,.T.);
#7588=ORIENTED_EDGE('',*,*,#3936,.F.);
#7589=CARTESIAN_POINT('',(-1.639756139,26.508716893,6.5));
#7590=DIRECTION('',(0.,0.,1.));
#7591=VECTOR('',#7590,1.000000048);
#7592=LINE('',#7589,#7591);
#7593=EDGE_CURVE('',#3923,#1144,#7592,.T.);
#7594=ORIENTED_EDGE('',*,*,#7593,.T.);
#7595=EDGE_LOOP('',(#7581,#7587,#7588,#7594));
#7596=FACE_BOUND('',#7595,.T.);
#7597=ADVANCED_FACE('',(#7596),#7580,.T.);
#7598=CARTESIAN_POINT('',(-1.639756139,40.608717275,-1.2));
#7599=DIRECTION('',(-1.,0.,0.));
#7600=DIRECTION('',(-0.,-1.,0.));
#7601=AXIS2_PLACEMENT_3D('',#7598,#7599,#7600);
#7602=PLANE('',#7601);
#7603=ORIENTED_EDGE('',*,*,#3968,.F.);
#7604=CARTESIAN_POINT('',(-1.639756139,37.058919836,6.5));
#7605=DIRECTION('',(-0.,-0.,1.));
#7606=VECTOR('',#7605,1.000000048);
#7607=LINE('',#7604,#7606);
#7608=EDGE_CURVE('',#3955,#1208,#7607,.T.);
#7609=ORIENTED_EDGE('',*,*,#7608,.T.);
#7610=ORIENTED_EDGE('',*,*,#1213,.T.);
#7611=CARTESIAN_POINT('',(-1.639756139,40.608717275,6.5));
#7612=DIRECTION('',(0.,0.,1.));
#7613=VECTOR('',#7612,1.000000048);
#7614=LINE('',#7611,#7613);
#7615=EDGE_CURVE('',#3963,#1200,#7614,.T.);
#7616=ORIENTED_EDGE('',*,*,#7615,.F.);
#7617=EDGE_LOOP('',(#7603,#7609,#7610,#7616));
#7618=FACE_BOUND('',#7617,.T.);
#7619=ADVANCED_FACE('',(#7618),#7602,.T.);
#7620=CARTESIAN_POINT('',(1.260243956,28.633716893,-1.2));
#7621=DIRECTION('',(1.,-0.,0.));
#7622=DIRECTION('',(0.,1.,0.));
#7623=AXIS2_PLACEMENT_3D('',#7620,#7621,#7622);
#7624=PLANE('',#7623);
#7625=ORIENTED_EDGE('',*,*,#3822,.F.);
#7626=CARTESIAN_POINT('',(1.260243956,32.183919836,6.5));
#7627=DIRECTION('',(-0.,-0.,1.));
#7628=VECTOR('',#7627,1.000000048);
#7629=LINE('',#7626,#7628);
#7630=EDGE_CURVE('',#3807,#1062,#7629,.T.);
#7631=ORIENTED_EDGE('',*,*,#7630,.T.);
#7632=ORIENTED_EDGE('',*,*,#1067,.T.);
#7633=CARTESIAN_POINT('',(1.260243956,28.633716893,6.5));
#7634=DIRECTION('',(0.,0.,1.));
#7635=VECTOR('',#7634,1.000000048);
#7636=LINE('',#7633,#7635);
#7637=EDGE_CURVE('',#3817,#1054,#7636,.T.);
#7638=ORIENTED_EDGE('',*,*,#7637,.F.);
#7639=EDGE_LOOP('',(#7625,#7631,#7632,#7638));
#7640=FACE_BOUND('',#7639,.T.);
#7641=ADVANCED_FACE('',(#7640),#7624,.T.);
#7642=CARTESIAN_POINT('',(1.260243956,28.633716893,-1.2));
#7643=DIRECTION('',(1.,-0.,0.));
#7644=DIRECTION('',(0.,1.,0.));
#7645=AXIS2_PLACEMENT_3D('',#7642,#7643,#7644);
#7646=PLANE('',#7645);
#7647=ORIENTED_EDGE('',*,*,#1099,.T.);
#7648=CARTESIAN_POINT('',(1.260243956,39.183919836,7.500000048));
#7649=DIRECTION('',(0.,0.,-1.));
#7650=VECTOR('',#7649,1.000000048);
#7651=LINE('',#7648,#7650);
#7652=EDGE_CURVE('',#1086,#3881,#7651,.T.);
#7653=ORIENTED_EDGE('',*,*,#7652,.T.);
#7654=ORIENTED_EDGE('',*,*,#3886,.F.);
#7655=CARTESIAN_POINT('',(1.260243956,42.733717275,7.500000048));
#7656=DIRECTION('',(0.,0.,-1.));
#7657=VECTOR('',#7656,1.000000048);
#7658=LINE('',#7655,#7657);
#7659=EDGE_CURVE('',#1094,#3873,#7658,.T.);
#7660=ORIENTED_EDGE('',*,*,#7659,.F.);
#7661=EDGE_LOOP('',(#7647,#7653,#7654,#7660));
#7662=FACE_BOUND('',#7661,.T.);
#7663=ADVANCED_FACE('',(#7662),#7646,.T.);
#7664=CARTESIAN_POINT('',(-15.739756044,26.508716893,-1.2));
#7665=DIRECTION('',(1.,-0.,0.));
#7666=DIRECTION('',(0.,1.,0.));
#7667=AXIS2_PLACEMENT_3D('',#7664,#7665,#7666);
#7668=PLANE('',#7667);
#7669=ORIENTED_EDGE('',*,*,#3920,.F.);
#7670=CARTESIAN_POINT('',(-15.739756044,30.058919836,6.5));
#7671=DIRECTION('',(-0.,-0.,1.));
#7672=VECTOR('',#7671,1.000000048);
#7673=LINE('',#7670,#7672);
#7674=EDGE_CURVE('',#3905,#1160,#7673,.T.);
#7675=ORIENTED_EDGE('',*,*,#7674,.T.);
#7676=ORIENTED_EDGE('',*,*,#1165,.T.);
#7677=CARTESIAN_POINT('',(-15.739756044,26.508716893,7.500000048));
#7678=DIRECTION('',(0.,0.,-1.));
#7679=VECTOR('',#7678,1.000000048);
#7680=LINE('',#7677,#7679);
#7681=EDGE_CURVE('',#1152,#3915,#7680,.T.);
#7682=ORIENTED_EDGE('',*,*,#7681,.T.);
#7683=EDGE_LOOP('',(#7669,#7675,#7676,#7682));
#7684=FACE_BOUND('',#7683,.T.);
#7685=ADVANCED_FACE('',(#7684),#7668,.T.);
#7686=CARTESIAN_POINT('',(-15.739756044,26.508716893,-1.2));
#7687=DIRECTION('',(1.,-0.,0.));
#7688=DIRECTION('',(0.,1.,0.));
#7689=AXIS2_PLACEMENT_3D('',#7686,#7687,#7688);
#7690=PLANE('',#7689);
#7691=ORIENTED_EDGE('',*,*,#1197,.T.);
#7692=CARTESIAN_POINT('',(-15.739756044,37.058919836,7.500000048));
#7693=DIRECTION('',(0.,0.,-1.));
#7694=VECTOR('',#7693,1.000000048);
#7695=LINE('',#7692,#7694);
#7696=EDGE_CURVE('',#1184,#3979,#7695,.T.);
#7697=ORIENTED_EDGE('',*,*,#7696,.T.);
#7698=ORIENTED_EDGE('',*,*,#3984,.F.);
#7699=CARTESIAN_POINT('',(-15.739756044,40.608717275,7.500000048));
#7700=DIRECTION('',(0.,0.,-1.));
#7701=VECTOR('',#7700,1.000000048);
#7702=LINE('',#7699,#7701);
#7703=EDGE_CURVE('',#1192,#3971,#7702,.T.);
#7704=ORIENTED_EDGE('',*,*,#7703,.F.);
#7705=EDGE_LOOP('',(#7691,#7697,#7698,#7704));
#7706=FACE_BOUND('',#7705,.T.);
#7707=ADVANCED_FACE('',(#7706),#7690,.T.);
#7708=CARTESIAN_POINT('',(-1.639756139,23.608717275,-1.2));
#7709=DIRECTION('',(-1.,0.,0.));
#7710=DIRECTION('',(-0.,-1.,0.));
#7711=AXIS2_PLACEMENT_3D('',#7708,#7709,#7710);
#7712=PLANE('',#7711);
#7713=ORIENTED_EDGE('',*,*,#1247,.F.);
#7714=CARTESIAN_POINT('',(-1.639756139,13.058918882,7.500000048));
#7715=DIRECTION('',(0.,0.,-1.));
#7716=VECTOR('',#7715,1.000000048);
#7717=LINE('',#7714,#7716);
#7718=EDGE_CURVE('',#1234,#4029,#7717,.T.);
#7719=ORIENTED_EDGE('',*,*,#7718,.T.);
#7720=ORIENTED_EDGE('',*,*,#4034,.F.);
#7721=CARTESIAN_POINT('',(-1.639756139,9.50871737,7.500000048));
#7722=DIRECTION('',(0.,0.,-1.));
#7723=VECTOR('',#7722,1.000000048);
#7724=LINE('',#7721,#7723);
#7725=EDGE_CURVE('',#1242,#4021,#7724,.T.);
#7726=ORIENTED_EDGE('',*,*,#7725,.F.);
#7727=EDGE_LOOP('',(#7713,#7719,#7720,#7726));
#7728=FACE_BOUND('',#7727,.T.);
#7729=ADVANCED_FACE('',(#7728),#7712,.T.);
#7730=CARTESIAN_POINT('',(-1.639756139,23.608717275,-1.2));
#7731=DIRECTION('',(-1.,0.,0.));
#7732=DIRECTION('',(-0.,-1.,0.));
#7733=AXIS2_PLACEMENT_3D('',#7730,#7731,#7732);
#7734=PLANE('',#7733);
#7735=ORIENTED_EDGE('',*,*,#4066,.F.);
#7736=CARTESIAN_POINT('',(-1.639756139,20.058919836,6.5));
#7737=DIRECTION('',(-0.,-0.,1.));
#7738=VECTOR('',#7737,1.000000048);
#7739=LINE('',#7736,#7738);
#7740=EDGE_CURVE('',#4053,#1306,#7739,.T.);
#7741=ORIENTED_EDGE('',*,*,#7740,.T.);
#7742=ORIENTED_EDGE('',*,*,#1311,.F.);
#7743=CARTESIAN_POINT('',(-1.639756139,23.608717275,6.5));
#7744=DIRECTION('',(0.,0.,1.));
#7745=VECTOR('',#7744,1.000000048);
#7746=LINE('',#7743,#7745);
#7747=EDGE_CURVE('',#4061,#1298,#7746,.T.);
#7748=ORIENTED_EDGE('',*,*,#7747,.F.);
#7749=EDGE_LOOP('',(#7735,#7741,#7742,#7748));
#7750=FACE_BOUND('',#7749,.T.);
#7751=ADVANCED_FACE('',(#7750),#7734,.T.);
#7752=CARTESIAN_POINT('',(-15.739756044,9.50871737,-1.2));
#7753=DIRECTION('',(1.,-0.,0.));
#7754=DIRECTION('',(0.,1.,0.));
#7755=AXIS2_PLACEMENT_3D('',#7752,#7753,#7754);
#7756=PLANE('',#7755);
#7757=ORIENTED_EDGE('',*,*,#4018,.F.);
#7758=CARTESIAN_POINT('',(-15.739756044,13.058918882,6.5));
#7759=DIRECTION('',(-0.,-0.,1.));
#7760=VECTOR('',#7759,1.000000048);
#7761=LINE('',#7758,#7760);
#7762=EDGE_CURVE('',#4003,#1258,#7761,.T.);
#7763=ORIENTED_EDGE('',*,*,#7762,.T.);
#7764=ORIENTED_EDGE('',*,*,#1263,.F.);
#7765=CARTESIAN_POINT('',(-15.739756044,9.50871737,6.5));
#7766=DIRECTION('',(0.,0.,1.));
#7767=VECTOR('',#7766,1.000000048);
#7768=LINE('',#7765,#7767);
#7769=EDGE_CURVE('',#4013,#1250,#7768,.T.);
#7770=ORIENTED_EDGE('',*,*,#7769,.F.);
#7771=EDGE_LOOP('',(#7757,#7763,#7764,#7770));
#7772=FACE_BOUND('',#7771,.T.);
#7773=ADVANCED_FACE('',(#7772),#7756,.T.);
#7774=CARTESIAN_POINT('',(-15.739756044,9.50871737,-1.2));
#7775=DIRECTION('',(1.,-0.,0.));
#7776=DIRECTION('',(0.,1.,0.));
#7777=AXIS2_PLACEMENT_3D('',#7774,#7775,#7776);
#7778=PLANE('',#7777);
#7779=ORIENTED_EDGE('',*,*,#1295,.F.);
#7780=CARTESIAN_POINT('',(-15.739756044,20.058919836,7.500000048));
#7781=DIRECTION('',(0.,0.,-1.));
#7782=VECTOR('',#7781,1.000000048);
#7783=LINE('',#7780,#7782);
#7784=EDGE_CURVE('',#1282,#4077,#7783,.T.);
#7785=ORIENTED_EDGE('',*,*,#7784,.T.);
#7786=ORIENTED_EDGE('',*,*,#4082,.F.);
#7787=CARTESIAN_POINT('',(-15.739756044,23.608717275,6.5));
#7788=DIRECTION('',(0.,0.,1.));
#7789=VECTOR('',#7788,1.000000048);
#7790=LINE('',#7787,#7789);
#7791=EDGE_CURVE('',#4069,#1290,#7790,.T.);
#7792=ORIENTED_EDGE('',*,*,#7791,.T.);
#7793=EDGE_LOOP('',(#7779,#7785,#7786,#7792));
#7794=FACE_BOUND('',#7793,.T.);
#7795=ADVANCED_FACE('',(#7794),#7778,.T.);
#7796=CARTESIAN_POINT('',(-18.639755662,21.483717275,-1.2));
#7797=DIRECTION('',(-1.,0.,0.));
#7798=DIRECTION('',(-0.,-1.,0.));
#7799=AXIS2_PLACEMENT_3D('',#7796,#7797,#7798);
#7800=PLANE('',#7799);
#7801=ORIENTED_EDGE('',*,*,#809,.F.);
#7802=CARTESIAN_POINT('',(-18.639755662,10.933918882,7.500000048));
#7803=DIRECTION('',(0.,0.,-1.));
#7804=VECTOR('',#7803,1.000000048);
#7805=LINE('',#7802,#7804);
#7806=EDGE_CURVE('',#796,#3180,#7805,.T.);
#7807=ORIENTED_EDGE('',*,*,#7806,.T.);
#7808=ORIENTED_EDGE('',*,*,#3185,.F.);
#7809=CARTESIAN_POINT('',(-18.639755662,7.38371737,7.500000048));
#7810=DIRECTION('',(0.,0.,-1.));
#7811=VECTOR('',#7810,1.000000048);
#7812=LINE('',#7809,#7811);
#7813=EDGE_CURVE('',#804,#3172,#7812,.T.);
#7814=ORIENTED_EDGE('',*,*,#7813,.F.);
#7815=EDGE_LOOP('',(#7801,#7807,#7808,#7814));
#7816=FACE_BOUND('',#7815,.T.);
#7817=ADVANCED_FACE('',(#7816),#7800,.T.);
#7818=CARTESIAN_POINT('',(-18.639755662,21.483717275,-1.2));
#7819=DIRECTION('',(-1.,0.,0.));
#7820=DIRECTION('',(-0.,-1.,0.));
#7821=AXIS2_PLACEMENT_3D('',#7818,#7819,#7820);
#7822=PLANE('',#7821);
#7823=ORIENTED_EDGE('',*,*,#3217,.F.);
#7824=CARTESIAN_POINT('',(-18.639755662,17.933918882,6.5));
#7825=DIRECTION('',(-0.,-0.,1.));
#7826=VECTOR('',#7825,1.000000048);
#7827=LINE('',#7824,#7826);
#7828=EDGE_CURVE('',#3204,#772,#7827,.T.);
#7829=ORIENTED_EDGE('',*,*,#7828,.T.);
#7830=ORIENTED_EDGE('',*,*,#777,.F.);
#7831=CARTESIAN_POINT('',(-18.639755662,21.483717275,7.500000048));
#7832=DIRECTION('',(0.,0.,-1.));
#7833=VECTOR('',#7832,1.000000048);
#7834=LINE('',#7831,#7833);
#7835=EDGE_CURVE('',#764,#3212,#7834,.T.);
#7836=ORIENTED_EDGE('',*,*,#7835,.T.);
#7837=EDGE_LOOP('',(#7823,#7829,#7830,#7836));
#7838=FACE_BOUND('',#7837,.T.);
#7839=ADVANCED_FACE('',(#7838),#7822,.T.);
#7840=CARTESIAN_POINT('',(-32.739756044,7.38371737,-1.2));
#7841=DIRECTION('',(1.,-0.,0.));
#7842=DIRECTION('',(0.,1.,0.));
#7843=AXIS2_PLACEMENT_3D('',#7840,#7841,#7842);
#7844=PLANE('',#7843);
#7845=ORIENTED_EDGE('',*,*,#3144,.F.);
#7846=CARTESIAN_POINT('',(-32.739756044,10.933918882,6.5));
#7847=DIRECTION('',(-0.,-0.,1.));
#7848=VECTOR('',#7847,1.000000048);
#7849=LINE('',#7846,#7848);
#7850=EDGE_CURVE('',#3133,#843,#7849,.T.);
#7851=ORIENTED_EDGE('',*,*,#7850,.T.);
#7852=ORIENTED_EDGE('',*,*,#848,.F.);
#7853=ORIENTED_EDGE('',*,*,#136,.F.);
#7854=EDGE_LOOP('',(#7845,#7851,#7852,#7853));
#7855=FACE_BOUND('',#7854,.T.);
#7856=ADVANCED_FACE('',(#7855),#7844,.T.);
#7857=CARTESIAN_POINT('',(-32.739756044,7.38371737,-1.2));
#7858=DIRECTION('',(1.,-0.,0.));
#7859=DIRECTION('',(0.,1.,0.));
#7860=AXIS2_PLACEMENT_3D('',#7857,#7858,#7859);
#7861=PLANE('',#7860);
#7862=ORIENTED_EDGE('',*,*,#878,.F.);
#7863=CARTESIAN_POINT('',(-32.739756044,17.933918882,7.500000048));
#7864=DIRECTION('',(0.,0.,-1.));
#7865=VECTOR('',#7864,1.000000048);
#7866=LINE('',#7863,#7865);
#7867=EDGE_CURVE('',#867,#3109,#7866,.T.);
#7868=ORIENTED_EDGE('',*,*,#7867,.T.);
#7869=ORIENTED_EDGE('',*,*,#3114,.F.);
#7870=ORIENTED_EDGE('',*,*,#176,.T.);
#7871=EDGE_LOOP('',(#7862,#7868,#7869,#7870));
#7872=FACE_BOUND('',#7871,.T.);
#7873=ADVANCED_FACE('',(#7872),#7861,.T.);
#7874=CARTESIAN_POINT('',(-35.63975757,-5.36628263,1.000000048));
#7875=DIRECTION('',(-1.,0.,0.));
#7876=DIRECTION('',(0.,0.850009904,-0.526766706));
#7877=AXIS2_PLACEMENT_3D('',#7874,#7875,#7876);
#7878=PLANE('',#7877);
#7879=ORIENTED_EDGE('',*,*,#625,.T.);
#7880=CARTESIAN_POINT('',(-35.63975757,-1.81608079,7.500000048));
#7881=DIRECTION('',(0.,0.,-1.));
#7882=VECTOR('',#7881,1.000000048);
#7883=LINE('',#7880,#7882);
#7884=EDGE_CURVE('',#612,#3406,#7883,.T.);
#7885=ORIENTED_EDGE('',*,*,#7884,.T.);
#7886=ORIENTED_EDGE('',*,*,#3411,.F.);
#7887=CARTESIAN_POINT('',(-35.63975757,-5.36628263,7.500000048));
#7888=DIRECTION('',(0.,0.,-1.));
#7889=VECTOR('',#7888,1.000000048);
#7890=LINE('',#7887,#7889);
#7891=EDGE_CURVE('',#620,#3398,#7890,.T.);
#7892=ORIENTED_EDGE('',*,*,#7891,.F.);
#7893=EDGE_LOOP('',(#7879,#7885,#7886,#7892));
#7894=FACE_BOUND('',#7893,.T.);
#7895=ADVANCED_FACE('',(#7894),#7878,.T.);
#7896=CARTESIAN_POINT('',(-35.63975757,-5.36628263,1.000000048));
#7897=DIRECTION('',(-1.,0.,0.));
#7898=DIRECTION('',(0.,0.850009904,-0.526766706));
#7899=AXIS2_PLACEMENT_3D('',#7896,#7897,#7898);
#7900=PLANE('',#7899);
#7901=ORIENTED_EDGE('',*,*,#3443,.F.);
#7902=CARTESIAN_POINT('',(-35.63975757,5.183919359,6.5));
#7903=DIRECTION('',(-0.,-0.,1.));
#7904=VECTOR('',#7903,1.000000048);
#7905=LINE('',#7902,#7904);
#7906=EDGE_CURVE('',#3430,#588,#7905,.T.);
#7907=ORIENTED_EDGE('',*,*,#7906,.T.);
#7908=ORIENTED_EDGE('',*,*,#593,.T.);
#7909=CARTESIAN_POINT('',(-35.63975757,8.733717275,6.5));
#7910=DIRECTION('',(0.,0.,1.));
#7911=VECTOR('',#7910,1.000000048);
#7912=LINE('',#7909,#7911);
#7913=EDGE_CURVE('',#3438,#580,#7912,.T.);
#7914=ORIENTED_EDGE('',*,*,#7913,.F.);
#7915=EDGE_LOOP('',(#7901,#7907,#7908,#7914));
#7916=FACE_BOUND('',#7915,.T.);
#7917=ADVANCED_FACE('',(#7916),#7900,.T.);
#7918=CARTESIAN_POINT('',(-18.639755662,38.483717275,-1.2));
#7919=DIRECTION('',(-1.,0.,0.));
#7920=DIRECTION('',(-0.,-1.,0.));
#7921=AXIS2_PLACEMENT_3D('',#7918,#7919,#7920);
#7922=PLANE('',#7921);
#7923=ORIENTED_EDGE('',*,*,#953,.T.);
#7924=CARTESIAN_POINT('',(-18.639755662,27.933919836,7.500000048));
#7925=DIRECTION('',(0.,0.,-1.));
#7926=VECTOR('',#7925,1.000000048);
#7927=LINE('',#7924,#7926);
#7928=EDGE_CURVE('',#940,#3324,#7927,.T.);
#7929=ORIENTED_EDGE('',*,*,#7928,.T.);
#7930=ORIENTED_EDGE('',*,*,#3329,.F.);
#7931=CARTESIAN_POINT('',(-18.639755662,24.383716893,7.500000048));
#7932=DIRECTION('',(0.,0.,-1.));
#7933=VECTOR('',#7932,1.000000048);
#7934=LINE('',#7931,#7933);
#7935=EDGE_CURVE('',#948,#3316,#7934,.T.);
#7936=ORIENTED_EDGE('',*,*,#7935,.F.);
#7937=EDGE_LOOP('',(#7923,#7929,#7930,#7936));
#7938=FACE_BOUND('',#7937,.T.);
#7939=ADVANCED_FACE('',(#7938),#7922,.T.);
#7940=CARTESIAN_POINT('',(-18.639755662,38.483717275,-1.2));
#7941=DIRECTION('',(-1.,0.,0.));
#7942=DIRECTION('',(-0.,-1.,0.));
#7943=AXIS2_PLACEMENT_3D('',#7940,#7941,#7942);
#7944=PLANE('',#7943);
#7945=ORIENTED_EDGE('',*,*,#3361,.F.);
#7946=CARTESIAN_POINT('',(-18.639755662,34.933919836,6.5));
#7947=DIRECTION('',(-0.,-0.,1.));
#7948=VECTOR('',#7947,1.000000048);
#7949=LINE('',#7946,#7948);
#7950=EDGE_CURVE('',#3348,#916,#7949,.T.);
#7951=ORIENTED_EDGE('',*,*,#7950,.T.);
#7952=ORIENTED_EDGE('',*,*,#921,.T.);
#7953=CARTESIAN_POINT('',(-18.639755662,38.483717275,7.500000048));
#7954=DIRECTION('',(0.,0.,-1.));
#7955=VECTOR('',#7954,1.000000048);
#7956=LINE('',#7953,#7955);
#7957=EDGE_CURVE('',#908,#3356,#7956,.T.);
#7958=ORIENTED_EDGE('',*,*,#7957,.T.);
#7959=EDGE_LOOP('',(#7945,#7951,#7952,#7958));
#7960=FACE_BOUND('',#7959,.T.);
#7961=ADVANCED_FACE('',(#7960),#7944,.T.);
#7962=CARTESIAN_POINT('',(-32.739756044,24.383716893,-1.2));
#7963=DIRECTION('',(1.,-0.,0.));
#7964=DIRECTION('',(0.,1.,0.));
#7965=AXIS2_PLACEMENT_3D('',#7962,#7963,#7964);
#7966=PLANE('',#7965);
#7967=ORIENTED_EDGE('',*,*,#3288,.F.);
#7968=CARTESIAN_POINT('',(-32.739756044,27.933919836,6.5));
#7969=DIRECTION('',(-0.,-0.,1.));
#7970=VECTOR('',#7969,1.000000048);
#7971=LINE('',#7968,#7970);
#7972=EDGE_CURVE('',#3277,#987,#7971,.T.);
#7973=ORIENTED_EDGE('',*,*,#7972,.T.);
#7974=ORIENTED_EDGE('',*,*,#992,.T.);
#7975=ORIENTED_EDGE('',*,*,#256,.F.);
#7976=EDGE_LOOP('',(#7967,#7973,#7974,#7975));
#7977=FACE_BOUND('',#7976,.T.);
#7978=ADVANCED_FACE('',(#7977),#7966,.T.);
#7979=CARTESIAN_POINT('',(-32.739756044,24.383716893,-1.2));
#7980=DIRECTION('',(1.,-0.,0.));
#7981=DIRECTION('',(0.,1.,0.));
#7982=AXIS2_PLACEMENT_3D('',#7979,#7980,#7981);
#7983=PLANE('',#7982);
#7984=ORIENTED_EDGE('',*,*,#1022,.T.);
#7985=CARTESIAN_POINT('',(-32.739756044,34.933919836,7.500000048));
#7986=DIRECTION('',(0.,0.,-1.));
#7987=VECTOR('',#7986,1.000000048);
#7988=LINE('',#7985,#7987);
#7989=EDGE_CURVE('',#1011,#3253,#7988,.T.);
#7990=ORIENTED_EDGE('',*,*,#7989,.T.);
#7991=ORIENTED_EDGE('',*,*,#3258,.F.);
#7992=ORIENTED_EDGE('',*,*,#216,.F.);
#7993=EDGE_LOOP('',(#7984,#7990,#7991,#7992));
#7994=FACE_BOUND('',#7993,.T.);
#7995=ADVANCED_FACE('',(#7994),#7983,.T.);
#7996=CARTESIAN_POINT('',(-55.438409177,-42.86433894,4.3));
#7997=DIRECTION('',(0.920506375,0.390727545,0.));
#7998=DIRECTION('',(-0.38459119,0.906049873,-0.17653114));
#7999=AXIS2_PLACEMENT_3D('',#7996,#7997,#7998);
#8000=PLANE('',#7999);
#8001=CARTESIAN_POINT('',(-63.58214476,-23.678692532,6.5));
#8002=DIRECTION('',(0.,0.,1.));
#8003=VECTOR('',#8002,1.000000048);
#8004=LINE('',#8001,#8003);
#8005=EDGE_CURVE('',#3704,#314,#8004,.T.);
#8006=ORIENTED_EDGE('',*,*,#8005,.F.);
#8007=ORIENTED_EDGE('',*,*,#3709,.T.);
#8008=CARTESIAN_POINT('',(-55.438405838,-42.864346806,6.5));
#8009=DIRECTION('',(0.,0.,1.));
#8010=VECTOR('',#8009,1.000000048);
#8011=LINE('',#8008,#8010);
#8012=EDGE_CURVE('',#3695,#322,#8011,.T.);
#8013=ORIENTED_EDGE('',*,*,#8012,.T.);
#8014=ORIENTED_EDGE('',*,*,#327,.T.);
#8015=EDGE_LOOP('',(#8006,#8007,#8013,#8014));
#8016=FACE_BOUND('',#8015,.T.);
#8017=ADVANCED_FACE('crnxx-right-top-case',(#8016),#8000,.F.);
#8018=CARTESIAN_POINT('',(-16.647896269,-31.10468422,4.3));
#8019=DIRECTION('',(-0.206716495,0.978400885,-0.));
#8020=DIRECTION('',(-0.961359699,-0.203116034,-0.18582628));
#8021=AXIS2_PLACEMENT_3D('',#8018,#8019,#8020);
#8022=PLANE('',#8021);
#8023=CARTESIAN_POINT('',(-33.625411372,-34.691692844,7.500000048));
#8024=DIRECTION('',(-0.,-0.,-1.));
#8025=VECTOR('',#8024,1.000000048);
#8026=LINE('',#8023,#8025);
#8027=EDGE_CURVE('',#339,#3679,#8026,.T.);
#8028=ORIENTED_EDGE('',*,*,#8027,.T.);
#8029=ORIENTED_EDGE('',*,*,#3684,.T.);
#8030=CARTESIAN_POINT('',(-16.750126107,-31.126283336,7.500000048));
#8031=DIRECTION('',(0.,-0.,-1.));
#8032=VECTOR('',#8031,1.000000048);
#8033=LINE('',#8030,#8032);
#8034=EDGE_CURVE('',#347,#3671,#8033,.T.);
#8035=ORIENTED_EDGE('',*,*,#8034,.F.);
#8036=ORIENTED_EDGE('',*,*,#352,.T.);
#8037=EDGE_LOOP('',(#8028,#8029,#8035,#8036));
#8038=FACE_BOUND('',#8037,.T.);
#8039=ADVANCED_FACE('crnxx-right-top-case',(#8038),#8022,.F.);
#8040=CARTESIAN_POINT('',(0.510243956,-31.126283336,4.3));
#8041=DIRECTION('',(0.,1.,-0.));
#8042=DIRECTION('',(-0.982417425,0.,-0.186697622));
#8043=AXIS2_PLACEMENT_3D('',#8040,#8041,#8042);
#8044=PLANE('',#8043);
#8045=ORIENTED_EDGE('',*,*,#3676,.T.);
#8046=CARTESIAN_POINT('',(15.110243956,-31.126283336,6.5));
#8047=DIRECTION('',(0.,0.,1.));
#8048=VECTOR('',#8047,1.000000048);
#8049=LINE('',#8046,#8048);
#8050=EDGE_CURVE('',#3662,#355,#8049,.T.);
#8051=ORIENTED_EDGE('',*,*,#8050,.T.);
#8052=ORIENTED_EDGE('',*,*,#360,.T.);
#8053=ORIENTED_EDGE('',*,*,#8034,.T.);
#8054=EDGE_LOOP('',(#8045,#8051,#8052,#8053));
#8055=FACE_BOUND('',#8054,.T.);
#8056=ADVANCED_FACE('crnxx-right-top-case',(#8055),#8044,.F.);
#8057=CARTESIAN_POINT('',(16.110243956,-7.516282725,4.3));
#8058=DIRECTION('',(-1.,0.,0.));
#8059=DIRECTION('',(-0.,-0.98951605,-0.144422947));
#8060=AXIS2_PLACEMENT_3D('',#8057,#8058,#8059);
#8061=PLANE('',#8060);
#8062=ORIENTED_EDGE('',*,*,#377,.T.);
#8063=CARTESIAN_POINT('',(16.110243956,-30.126283336,7.500000048));
#8064=DIRECTION('',(-0.,-0.,-1.));
#8065=VECTOR('',#8064,1.000000048);
#8066=LINE('',#8063,#8065);
#8067=EDGE_CURVE('',#363,#3654,#8066,.T.);
#8068=ORIENTED_EDGE('',*,*,#8067,.T.);
#8069=ORIENTED_EDGE('',*,*,#3659,.T.);
#8070=CARTESIAN_POINT('',(16.110243956,-27.641282725,6.5));
#8071=DIRECTION('',(-0.,-0.,1.));
#8072=VECTOR('',#8071,1.000000048);
#8073=LINE('',#8070,#8072);
#8074=EDGE_CURVE('',#3645,#372,#8073,.T.);
#8075=ORIENTED_EDGE('',*,*,#8074,.T.);
#8076=EDGE_LOOP('',(#8062,#8068,#8069,#8075));
#8077=FACE_BOUND('',#8076,.T.);
#8078=ADVANCED_FACE('crnxx-right-top-case',(#8077),#8061,.F.);
#8079=CARTESIAN_POINT('',(68.510243956,38.508718801,1.000000048));
#8080=DIRECTION('',(-0.,-1.,0.));
#8081=DIRECTION('',(0.,0.,1.));
#8082=AXIS2_PLACEMENT_3D('',#8079,#8080,#8081);
#8083=PLANE('',#8082);
#8084=ORIENTED_EDGE('',*,*,#462,.T.);
#8085=CARTESIAN_POINT('',(67.510243956,38.508718801,7.500000048));
#8086=DIRECTION('',(0.,0.,-1.));
#8087=VECTOR('',#8086,1.000000048);
#8088=LINE('',#8085,#8087);
#8089=EDGE_CURVE('',#448,#3569,#8088,.T.);
#8090=ORIENTED_EDGE('',*,*,#8089,.T.);
#8091=ORIENTED_EDGE('',*,*,#3574,.T.);
#8092=CARTESIAN_POINT('',(34.510243956,38.508718801,6.5));
#8093=DIRECTION('',(-0.,-0.,1.));
#8094=VECTOR('',#8093,1.000000048);
#8095=LINE('',#8092,#8094);
#8096=EDGE_CURVE('',#3561,#457,#8095,.T.);
#8097=ORIENTED_EDGE('',*,*,#8096,.T.);
#8098=EDGE_LOOP('',(#8084,#8090,#8091,#8097));
#8099=FACE_BOUND('',#8098,.T.);
#8100=ADVANCED_FACE('crnxx-right-top-case',(#8099),#8083,.F.);
#8101=CARTESIAN_POINT('',(-17.889755662,40.633718801,1.000000048));
#8102=DIRECTION('',(-0.,-1.,0.));
#8103=DIRECTION('',(-0.995322813,0.,0.096604854));
#8104=AXIS2_PLACEMENT_3D('',#8101,#8102,#8103);
#8105=PLANE('',#8104);
#8106=ORIENTED_EDGE('',*,*,#3474,.T.);
#8107=CARTESIAN_POINT('',(-63.639462819,40.633718801,6.5));
#8108=DIRECTION('',(0.,-0.,1.));
#8109=VECTOR('',#8108,1.000000048);
#8110=LINE('',#8107,#8109);
#8111=EDGE_CURVE('',#3460,#557,#8110,.T.);
#8112=ORIENTED_EDGE('',*,*,#8111,.T.);
#8113=ORIENTED_EDGE('',*,*,#562,.T.);
#8114=CARTESIAN_POINT('',(-17.889755662,40.633718801,7.500000048));
#8115=DIRECTION('',(-0.,-0.,-1.));
#8116=VECTOR('',#8115,1.000000048);
#8117=LINE('',#8114,#8116);
#8118=EDGE_CURVE('',#549,#3469,#8117,.T.);
#8119=ORIENTED_EDGE('',*,*,#8118,.T.);
#8120=EDGE_LOOP('',(#8106,#8112,#8113,#8119));
#8121=FACE_BOUND('',#8120,.T.);
#8122=ADVANCED_FACE('crnxx-right-top-case',(#8121),#8105,.F.);
#8123=CARTESIAN_POINT('',(68.510243956,38.508718801,4.3));
#8124=DIRECTION('',(-1.,0.,0.));
#8125=DIRECTION('',(0.,0.,-1.));
#8126=AXIS2_PLACEMENT_3D('',#8123,#8124,#8125);
#8127=PLANE('',#8126);
#8128=ORIENTED_EDGE('',*,*,#445,.T.);
#8129=CARTESIAN_POINT('',(68.510243956,-29.891282725,7.500000048));
#8130=DIRECTION('',(-0.,-0.,-1.));
#8131=VECTOR('',#8130,1.000000048);
#8132=LINE('',#8129,#8131);
#8133=EDGE_CURVE('',#431,#3586,#8132,.T.);
#8134=ORIENTED_EDGE('',*,*,#8133,.T.);
#8135=ORIENTED_EDGE('',*,*,#3591,.T.);
#8136=CARTESIAN_POINT('',(68.510243956,37.508718801,6.5));
#8137=DIRECTION('',(-0.,-0.,1.));
#8138=VECTOR('',#8137,1.000000048);
#8139=LINE('',#8136,#8138);
#8140=EDGE_CURVE('',#3577,#440,#8139,.T.);
#8141=ORIENTED_EDGE('',*,*,#8140,.T.);
#8142=EDGE_LOOP('',(#8128,#8134,#8135,#8141));
#8143=FACE_BOUND('',#8142,.T.);
#8144=ADVANCED_FACE('crnxx-right-top-case',(#8143),#8127,.F.);
#8145=CARTESIAN_POINT('',(-17.889755662,40.633718801,4.3));
#8146=DIRECTION('',(1.,-0.,0.));
#8147=DIRECTION('',(0.,0.541401279,-0.840764328));
#8148=AXIS2_PLACEMENT_3D('',#8145,#8146,#8147);
#8149=PLANE('',#8148);
#8150=ORIENTED_EDGE('',*,*,#554,.T.);
#8151=CARTESIAN_POINT('',(-17.889755662,41.758718801,7.500000048));
#8152=DIRECTION('',(0.,0.,-1.));
#8153=VECTOR('',#8152,1.000000048);
#8154=LINE('',#8151,#8153);
#8155=EDGE_CURVE('',#540,#3477,#8154,.T.);
#8156=ORIENTED_EDGE('',*,*,#8155,.T.);
#8157=ORIENTED_EDGE('',*,*,#3482,.T.);
#8158=ORIENTED_EDGE('',*,*,#8118,.F.);
#8159=EDGE_LOOP('',(#8150,#8156,#8157,#8158));
#8160=FACE_BOUND('',#8159,.T.);
#8161=ADVANCED_FACE('crnxx-right-top-case',(#8160),#8149,.F.);
#8162=CARTESIAN_POINT('',(-17.889755662,42.758718801,4.3));
#8163=DIRECTION('',(-0.,-1.,-0.));
#8164=DIRECTION('',(0.981675447,-0.,-0.190560531));
#8165=AXIS2_PLACEMENT_3D('',#8162,#8163,#8164);
#8166=PLANE('',#8165);
#8167=ORIENTED_EDGE('',*,*,#3499,.T.);
#8168=CARTESIAN_POINT('',(-16.889755662,42.758718801,6.5));
#8169=DIRECTION('',(-0.,-0.,1.));
#8170=VECTOR('',#8169,1.000000048);
#8171=LINE('',#8168,#8170);
#8172=EDGE_CURVE('',#3485,#532,#8171,.T.);
#8173=ORIENTED_EDGE('',*,*,#8172,.T.);
#8174=ORIENTED_EDGE('',*,*,#537,.T.);
#8175=CARTESIAN_POINT('',(-0.889756139,42.758718801,7.500000048));
#8176=DIRECTION('',(-0.,-0.,-1.));
#8177=VECTOR('',#8176,1.000000048);
#8178=LINE('',#8175,#8177);
#8179=EDGE_CURVE('',#524,#3494,#8178,.T.);
#8180=ORIENTED_EDGE('',*,*,#8179,.T.);
#8181=EDGE_LOOP('',(#8167,#8173,#8174,#8180));
#8182=FACE_BOUND('',#8181,.T.);
#8183=ADVANCED_FACE('crnxx-right-top-case',(#8182),#8166,.F.);
#8184=CARTESIAN_POINT('',(-0.889756139,42.758718801,4.3));
#8185=DIRECTION('',(1.,-0.,0.));
#8186=DIRECTION('',(0.,0.541401279,-0.840764328));
#8187=AXIS2_PLACEMENT_3D('',#8184,#8185,#8186);
#8188=PLANE('',#8187);
#8189=ORIENTED_EDGE('',*,*,#529,.T.);
#8190=CARTESIAN_POINT('',(-0.889756139,43.883718801,7.500000048));
#8191=DIRECTION('',(0.,0.,-1.));
#8192=VECTOR('',#8191,1.000000048);
#8193=LINE('',#8190,#8192);
#8194=EDGE_CURVE('',#515,#3502,#8193,.T.);
#8195=ORIENTED_EDGE('',*,*,#8194,.T.);
#8196=ORIENTED_EDGE('',*,*,#3507,.T.);
#8197=ORIENTED_EDGE('',*,*,#8179,.F.);
#8198=EDGE_LOOP('',(#8189,#8195,#8196,#8197));
#8199=FACE_BOUND('',#8198,.T.);
#8200=ADVANCED_FACE('crnxx-right-top-case',(#8199),#8188,.F.);
#8201=CARTESIAN_POINT('',(34.510243956,42.758718801,1.000000048));
#8202=DIRECTION('',(-1.,0.,0.));
#8203=DIRECTION('',(-0.,-1.,0.));
#8204=AXIS2_PLACEMENT_3D('',#8201,#8202,#8203);
#8205=PLANE('',#8204);
#8206=ORIENTED_EDGE('',*,*,#3566,.T.);
#8207=CARTESIAN_POINT('',(34.510243956,41.758718801,6.5));
#8208=DIRECTION('',(0.,0.,1.));
#8209=VECTOR('',#8208,1.000000048);
#8210=LINE('',#8207,#8209);
#8211=EDGE_CURVE('',#3552,#465,#8210,.T.);
#8212=ORIENTED_EDGE('',*,*,#8211,.T.);
#8213=ORIENTED_EDGE('',*,*,#470,.T.);
#8214=ORIENTED_EDGE('',*,*,#8096,.F.);
#8215=EDGE_LOOP('',(#8206,#8212,#8213,#8214));
#8216=FACE_BOUND('',#8215,.T.);
#8217=ADVANCED_FACE('crnxx-right-top-case',(#8216),#8205,.F.);
#8218=CARTESIAN_POINT('',(17.510243956,42.758718801,1.000000048));
#8219=DIRECTION('',(-0.,-1.,0.));
#8220=DIRECTION('',(1.,-0.,0.));
#8221=AXIS2_PLACEMENT_3D('',#8218,#8219,#8220);
#8222=PLANE('',#8221);
#8223=ORIENTED_EDGE('',*,*,#487,.T.);
#8224=CARTESIAN_POINT('',(33.510243956,42.758718801,7.500000048));
#8225=DIRECTION('',(-0.,-0.,-1.));
#8226=VECTOR('',#8225,1.000000048);
#8227=LINE('',#8224,#8226);
#8228=EDGE_CURVE('',#473,#3544,#8227,.T.);
#8229=ORIENTED_EDGE('',*,*,#8228,.T.);
#8230=ORIENTED_EDGE('',*,*,#3549,.T.);
#8231=CARTESIAN_POINT('',(17.510243956,42.758718801,6.5));
#8232=DIRECTION('',(-0.,-0.,1.));
#8233=VECTOR('',#8232,1.000000048);
#8234=LINE('',#8231,#8233);
#8235=EDGE_CURVE('',#3536,#482,#8234,.T.);
#8236=ORIENTED_EDGE('',*,*,#8235,.T.);
#8237=EDGE_LOOP('',(#8223,#8229,#8230,#8236));
#8238=FACE_BOUND('',#8237,.T.);
#8239=ADVANCED_FACE('crnxx-right-top-case',(#8238),#8222,.F.);
#8240=CARTESIAN_POINT('',(17.510243956,44.883718801,1.000000048));
#8241=DIRECTION('',(-1.,0.,0.));
#8242=DIRECTION('',(-0.,-1.,0.));
#8243=AXIS2_PLACEMENT_3D('',#8240,#8241,#8242);
#8244=PLANE('',#8243);
#8245=ORIENTED_EDGE('',*,*,#3541,.T.);
#8246=CARTESIAN_POINT('',(17.510243956,43.883718801,6.5));
#8247=DIRECTION('',(0.,0.,1.));
#8248=VECTOR('',#8247,1.000000048);
#8249=LINE('',#8246,#8248);
#8250=EDGE_CURVE('',#3527,#490,#8249,.T.);
#8251=ORIENTED_EDGE('',*,*,#8250,.T.);
#8252=ORIENTED_EDGE('',*,*,#495,.T.);
#8253=ORIENTED_EDGE('',*,*,#8235,.F.);
#8254=EDGE_LOOP('',(#8245,#8251,#8252,#8253));
#8255=FACE_BOUND('',#8254,.T.);
#8256=ADVANCED_FACE('crnxx-right-top-case',(#8255),#8244,.F.);
#8257=CARTESIAN_POINT('',(-0.889756139,44.883718801,1.000000048));
#8258=DIRECTION('',(-0.,-1.,0.));
#8259=DIRECTION('',(1.,-0.,0.));
#8260=AXIS2_PLACEMENT_3D('',#8257,#8258,#8259);
#8261=PLANE('',#8260);
#8262=ORIENTED_EDGE('',*,*,#3524,.T.);
#8263=CARTESIAN_POINT('',(0.110243861,44.883718801,6.5));
#8264=DIRECTION('',(-0.,-0.,1.));
#8265=VECTOR('',#8264,1.000000048);
#8266=LINE('',#8263,#8265);
#8267=EDGE_CURVE('',#3510,#507,#8266,.T.);
#8268=ORIENTED_EDGE('',*,*,#8267,.T.);
#8269=ORIENTED_EDGE('',*,*,#512,.T.);
#8270=CARTESIAN_POINT('',(16.510243956,44.883718801,7.500000048));
#8271=DIRECTION('',(-0.,-0.,-1.));
#8272=VECTOR('',#8271,1.000000048);
#8273=LINE('',#8270,#8272);
#8274=EDGE_CURVE('',#498,#3519,#8273,.T.);
#8275=ORIENTED_EDGE('',*,*,#8274,.T.);
#8276=EDGE_LOOP('',(#8262,#8268,#8269,#8275));
#8277=FACE_BOUND('',#8276,.T.);
#8278=ADVANCED_FACE('crnxx-right-top-case',(#8277),#8261,.F.);
#8279=CARTESIAN_POINT('',(33.110244338,-26.641282725,4.3));
#8280=DIRECTION('',(0.,1.,0.));
#8281=DIRECTION('',(-0.981675448,0.,-0.190560525));
#8282=AXIS2_PLACEMENT_3D('',#8279,#8280,#8281);
#8283=PLANE('',#8282);
#8284=ORIENTED_EDGE('',*,*,#394,.T.);
#8285=CARTESIAN_POINT('',(17.110243956,-26.641282725,7.500000048));
#8286=DIRECTION('',(0.,0.,-1.));
#8287=VECTOR('',#8286,1.000000048);
#8288=LINE('',#8285,#8287);
#8289=EDGE_CURVE('',#380,#3637,#8288,.T.);
#8290=ORIENTED_EDGE('',*,*,#8289,.T.);
#8291=ORIENTED_EDGE('',*,*,#3642,.T.);
#8292=CARTESIAN_POINT('',(32.110244338,-26.641282725,6.5));
#8293=DIRECTION('',(-0.,-0.,1.));
#8294=VECTOR('',#8293,1.000000048);
#8295=LINE('',#8292,#8294);
#8296=EDGE_CURVE('',#3628,#389,#8295,.T.);
#8297=ORIENTED_EDGE('',*,*,#8296,.T.);
#8298=EDGE_LOOP('',(#8284,#8290,#8291,#8297));
#8299=FACE_BOUND('',#8298,.T.);
#8300=ADVANCED_FACE('crnxx-right-top-case',(#8299),#8283,.F.);
#8301=CARTESIAN_POINT('',(33.110244338,-30.891282725,4.3));
#8302=DIRECTION('',(1.,-0.,0.));
#8303=DIRECTION('',(0.,0.789852318,-0.613297085));
#8304=AXIS2_PLACEMENT_3D('',#8301,#8302,#8303);
#8305=PLANE('',#8304);
#8306=ORIENTED_EDGE('',*,*,#411,.T.);
#8307=CARTESIAN_POINT('',(33.110244338,-27.641282725,7.500000048));
#8308=DIRECTION('',(0.,0.,-1.));
#8309=VECTOR('',#8308,1.000000048);
#8310=LINE('',#8307,#8309);
#8311=EDGE_CURVE('',#397,#3620,#8310,.T.);
#8312=ORIENTED_EDGE('',*,*,#8311,.T.);
#8313=ORIENTED_EDGE('',*,*,#3625,.T.);
#8314=CARTESIAN_POINT('',(33.110244338,-29.891282725,6.5));
#8315=DIRECTION('',(0.,0.,1.));
#8316=VECTOR('',#8315,1.000000048);
#8317=LINE('',#8314,#8316);
#8318=EDGE_CURVE('',#3611,#406,#8317,.T.);
#8319=ORIENTED_EDGE('',*,*,#8318,.T.);
#8320=EDGE_LOOP('',(#8306,#8312,#8313,#8319));
#8321=FACE_BOUND('',#8320,.T.);
#8322=ADVANCED_FACE('crnxx-right-top-case',(#8321),#8305,.F.);
#8323=CARTESIAN_POINT('',(68.510243956,-30.891282725,4.3));
#8324=DIRECTION('',(0.,1.,0.));
#8325=DIRECTION('',(-0.995683099,0.,-0.092817916));
#8326=AXIS2_PLACEMENT_3D('',#8323,#8324,#8325);
#8327=PLANE('',#8326);
#8328=ORIENTED_EDGE('',*,*,#428,.T.);
#8329=CARTESIAN_POINT('',(34.110244338,-30.891282725,7.500000048));
#8330=DIRECTION('',(-0.,-0.,-1.));
#8331=VECTOR('',#8330,1.000000048);
#8332=LINE('',#8329,#8331);
#8333=EDGE_CURVE('',#414,#3603,#8332,.T.);
#8334=ORIENTED_EDGE('',*,*,#8333,.T.);
#8335=ORIENTED_EDGE('',*,*,#3608,.T.);
#8336=CARTESIAN_POINT('',(67.510243956,-30.891282725,6.5));
#8337=DIRECTION('',(0.,0.,1.));
#8338=VECTOR('',#8337,1.000000048);
#8339=LINE('',#8336,#8338);
#8340=EDGE_CURVE('',#3594,#423,#8339,.T.);
#8341=ORIENTED_EDGE('',*,*,#8340,.T.);
#8342=EDGE_LOOP('',(#8328,#8334,#8335,#8341));
#8343=FACE_BOUND('',#8342,.T.);
#8344=ADVANCED_FACE('crnxx-right-top-case',(#8343),#8327,.F.);
#8345=CARTESIAN_POINT('',(-33.536210131,-34.653829374,4.3));
#8346=DIRECTION('',(-0.390729293,0.920505633,0.));
#8347=DIRECTION('',(0.,0.,-1.));
#8348=AXIS2_PLACEMENT_3D('',#8345,#8346,#8347);
#8349=PLANE('',#8348);
#8350=ORIENTED_EDGE('',*,*,#344,.T.);
#8351=CARTESIAN_POINT('',(-54.12717017,-43.394124894,7.500000048));
#8352=DIRECTION('',(-0.,-0.,-1.));
#8353=VECTOR('',#8352,1.000000048);
#8354=LINE('',#8351,#8353);
#8355=EDGE_CURVE('',#330,#3687,#8354,.T.);
#8356=ORIENTED_EDGE('',*,*,#8355,.T.);
#8357=ORIENTED_EDGE('',*,*,#3692,.T.);
#8358=ORIENTED_EDGE('',*,*,#8027,.F.);
#8359=EDGE_LOOP('',(#8350,#8356,#8357,#8358));
#8360=FACE_BOUND('',#8359,.T.);
#8361=ADVANCED_FACE('crnxx-right-top-case',(#8360),#8349,.F.);
#8362=CARTESIAN_POINT('',(32.360244338,9.50871737,1.000000048));
#8363=DIRECTION('',(0.,1.,0.));
#8364=DIRECTION('',(0.,0.,-1.));
#8365=AXIS2_PLACEMENT_3D('',#8362,#8363,#8364);
#8366=PLANE('',#8365);
#8367=ORIENTED_EDGE('',*,*,#4810,.F.);
#8368=ORIENTED_EDGE('',*,*,#6058,.T.);
#8369=ORIENTED_EDGE('',*,*,#2039,.T.);
#8370=ORIENTED_EDGE('',*,*,#6322,.T.);
#8371=EDGE_LOOP('',(#8367,#8368,#8369,#8370));
#8372=FACE_BOUND('',#8371,.T.);
#8373=ADVANCED_FACE('crnxx-right-top-case',(#8372),#8366,.T.);
#8374=CARTESIAN_POINT('',(18.260243956,6.608717275,-1.2));
#8375=DIRECTION('',(-0.,-1.,0.));
#8376=DIRECTION('',(1.,-0.,0.));
#8377=AXIS2_PLACEMENT_3D('',#8374,#8375,#8376);
#8378=PLANE('',#8377);
#8379=ORIENTED_EDGE('',*,*,#4956,.F.);
#8380=ORIENTED_EDGE('',*,*,#6036,.F.);
#8381=ORIENTED_EDGE('',*,*,#2185,.T.);
#8382=ORIENTED_EDGE('',*,*,#6300,.T.);
#8383=EDGE_LOOP('',(#8379,#8380,#8381,#8382));
#8384=FACE_BOUND('',#8383,.T.);
#8385=ADVANCED_FACE('crnxx-right-top-case',(#8384),#8378,.T.);
#8386=CARTESIAN_POINT('',(1.260243956,25.733717275,-1.2));
#8387=DIRECTION('',(-0.,-1.,0.));
#8388=DIRECTION('',(1.,-0.,0.));
#8389=AXIS2_PLACEMENT_3D('',#8386,#8387,#8388);
#8390=PLANE('',#8389);
#8391=ORIENTED_EDGE('',*,*,#5054,.F.);
#8392=ORIENTED_EDGE('',*,*,#6124,.F.);
#8393=ORIENTED_EDGE('',*,*,#2283,.T.);
#8394=ORIENTED_EDGE('',*,*,#7092,.T.);
#8395=EDGE_LOOP('',(#8391,#8392,#8393,#8394));
#8396=FACE_BOUND('',#8395,.T.);
#8397=ADVANCED_FACE('crnxx-right-top-case',(#8396),#8390,.T.);
#8398=CARTESIAN_POINT('',(15.360244338,11.633717847,1.000000048));
#8399=DIRECTION('',(0.,1.,0.));
#8400=DIRECTION('',(0.,0.,-1.));
#8401=AXIS2_PLACEMENT_3D('',#8398,#8399,#8400);
#8402=PLANE('',#8401);
#8403=ORIENTED_EDGE('',*,*,#5006,.F.);
#8404=ORIENTED_EDGE('',*,*,#7070,.T.);
#8405=ORIENTED_EDGE('',*,*,#2235,.T.);
#8406=ORIENTED_EDGE('',*,*,#6102,.F.);
#8407=EDGE_LOOP('',(#8403,#8404,#8405,#8406));
#8408=FACE_BOUND('',#8407,.T.);
#8409=ADVANCED_FACE('crnxx-right-top-case',(#8408),#8402,.T.);
#8410=CARTESIAN_POINT('',(1.260243956,8.733717275,-1.2));
#8411=DIRECTION('',(-0.,-1.,0.));
#8412=DIRECTION('',(1.,-0.,0.));
#8413=AXIS2_PLACEMENT_3D('',#8410,#8411,#8412);
#8414=PLANE('',#8413);
#8415=ORIENTED_EDGE('',*,*,#4760,.F.);
#8416=ORIENTED_EDGE('',*,*,#6256,.F.);
#8417=ORIENTED_EDGE('',*,*,#1989,.T.);
#8418=ORIENTED_EDGE('',*,*,#6960,.T.);
#8419=EDGE_LOOP('',(#8415,#8416,#8417,#8418));
#8420=FACE_BOUND('',#8419,.T.);
#8421=ADVANCED_FACE('crnxx-right-top-case',(#8420),#8414,.T.);
#8422=CARTESIAN_POINT('',(-54.745890077,-24.917087245,1.000000048));
#8423=DIRECTION('',(0.390731182,-0.920504831,-0.));
#8424=DIRECTION('',(0.909500574,0.386060152,-0.154163114));
#8425=AXIS2_PLACEMENT_3D('',#8422,#8423,#8424);
#8426=PLANE('',#8425);
#8427=ORIENTED_EDGE('',*,*,#649,.F.);
#8428=CARTESIAN_POINT('',(-49.638730526,-22.749226281,7.500000048));
#8429=DIRECTION('',(0.,0.,-1.));
#8430=VECTOR('',#8429,1.000000048);
#8431=LINE('',#8428,#8430);
#8432=EDGE_CURVE('',#636,#3382,#8431,.T.);
#8433=ORIENTED_EDGE('',*,*,#8432,.T.);
#8434=ORIENTED_EDGE('',*,*,#3387,.F.);
#8435=ORIENTED_EDGE('',*,*,#7571,.T.);
#8436=EDGE_LOOP('',(#8427,#8433,#8434,#8435));
#8437=FACE_BOUND('',#8436,.T.);
#8438=ADVANCED_FACE('crnxx-right-top-case',(#8437),#8426,.T.);
#8439=CARTESIAN_POINT('',(-35.63975757,-5.36628263,1.000000048));
#8440=DIRECTION('',(0.,1.,-0.));
#8441=DIRECTION('',(-0.988045408,0.,-0.154163133));
#8442=AXIS2_PLACEMENT_3D('',#8439,#8440,#8441);
#8443=PLANE('',#8442);
#8444=ORIENTED_EDGE('',*,*,#3403,.F.);
#8445=CARTESIAN_POINT('',(-49.638730526,-5.36628263,6.5));
#8446=DIRECTION('',(0.,0.,1.));
#8447=VECTOR('',#8446,1.000000048);
#8448=LINE('',#8445,#8447);
#8449=EDGE_CURVE('',#3390,#628,#8448,.T.);
#8450=ORIENTED_EDGE('',*,*,#8449,.T.);
#8451=ORIENTED_EDGE('',*,*,#633,.F.);
#8452=ORIENTED_EDGE('',*,*,#7891,.T.);
#8453=EDGE_LOOP('',(#8444,#8450,#8451,#8452));
#8454=FACE_BOUND('',#8453,.T.);
#8455=ADVANCED_FACE('crnxx-right-top-case',(#8454),#8443,.T.);
#8456=CARTESIAN_POINT('',(-19.267477449,-28.438609767,1.000000048));
#8457=DIRECTION('',(-0.206716424,0.978400899,-0.));
#8458=DIRECTION('',(-0.966704517,-0.204245214,-0.154163123));
#8459=AXIS2_PLACEMENT_3D('',#8456,#8457,#8458);
#8460=PLANE('',#8459);
#8461=ORIENTED_EDGE('',*,*,#4418,.F.);
#8462=ORIENTED_EDGE('',*,*,#7114,.T.);
#8463=ORIENTED_EDGE('',*,*,#1647,.F.);
#8464=ORIENTED_EDGE('',*,*,#7158,.T.);
#8465=EDGE_LOOP('',(#8461,#8462,#8463,#8464));
#8466=FACE_BOUND('',#8465,.T.);
#8467=ADVANCED_FACE('crnxx-right-top-case',(#8466),#8460,.T.);
#8468=CARTESIAN_POINT('',(2.610243861,-27.97628181,1.000000048));
#8469=DIRECTION('',(0.,1.,0.));
#8470=DIRECTION('',(-0.98804541,0.,-0.154163118));
#8471=AXIS2_PLACEMENT_3D('',#8468,#8469,#8470);
#8472=PLANE('',#8471);
#8473=ORIENTED_EDGE('',*,*,#4320,.F.);
#8474=ORIENTED_EDGE('',*,*,#7202,.T.);
#8475=ORIENTED_EDGE('',*,*,#1549,.F.);
#8476=ORIENTED_EDGE('',*,*,#7246,.T.);
#8477=EDGE_LOOP('',(#8473,#8474,#8475,#8476));
#8478=FACE_BOUND('',#8477,.T.);
#8479=ADVANCED_FACE('crnxx-right-top-case',(#8478),#8472,.T.);
#8480=CARTESIAN_POINT('',(32.360244338,26.508716893,1.000000048));
#8481=DIRECTION('',(0.,1.,0.));
#8482=DIRECTION('',(-0.988045411,0.,-0.154163113));
#8483=AXIS2_PLACEMENT_3D('',#8480,#8481,#8482);
#8484=PLANE('',#8483);
#8485=ORIENTED_EDGE('',*,*,#4614,.F.);
#8486=ORIENTED_EDGE('',*,*,#7026,.T.);
#8487=ORIENTED_EDGE('',*,*,#1843,.F.);
#8488=ORIENTED_EDGE('',*,*,#6982,.T.);
#8489=EDGE_LOOP('',(#8485,#8486,#8487,#8488));
#8490=FACE_BOUND('',#8489,.T.);
#8491=ADVANCED_FACE('crnxx-right-top-case',(#8490),#8484,.T.);
#8492=CARTESIAN_POINT('',(18.260243956,23.608717275,1.000000048));
#8493=DIRECTION('',(-0.,-1.,0.));
#8494=DIRECTION('',(0.988045411,-0.,-0.154163113));
#8495=AXIS2_PLACEMENT_3D('',#8492,#8493,#8494);
#8496=PLANE('',#8495);
#8497=ORIENTED_EDGE('',*,*,#4858,.F.);
#8498=ORIENTED_EDGE('',*,*,#6344,.T.);
#8499=ORIENTED_EDGE('',*,*,#2087,.F.);
#8500=ORIENTED_EDGE('',*,*,#6080,.F.);
#8501=EDGE_LOOP('',(#8497,#8498,#8499,#8500));
#8502=FACE_BOUND('',#8501,.T.);
#8503=ADVANCED_FACE('crnxx-right-top-case',(#8502),#8496,.T.);
#8504=CARTESIAN_POINT('',(-35.977632936,-17.557859111,1.000000048));
#8505=DIRECTION('',(0.206716424,-0.978400899,-0.));
#8506=DIRECTION('',(0.966704517,0.204245214,-0.154163123));
#8507=AXIS2_PLACEMENT_3D('',#8504,#8505,#8506);
#8508=PLANE('',#8507);
#8509=ORIENTED_EDGE('',*,*,#4466,.F.);
#8510=ORIENTED_EDGE('',*,*,#7180,.T.);
#8511=ORIENTED_EDGE('',*,*,#1695,.F.);
#8512=ORIENTED_EDGE('',*,*,#7136,.F.);
#8513=EDGE_LOOP('',(#8509,#8510,#8511,#8512));
#8514=FACE_BOUND('',#8513,.T.);
#8515=ADVANCED_FACE('crnxx-right-top-case',(#8514),#8508,.T.);
#8516=CARTESIAN_POINT('',(-36.257460054,-32.386895823,1.000000048));
#8517=DIRECTION('',(-0.390731068,0.920504879,-0.));
#8518=DIRECTION('',(-0.909500621,-0.386060038,-0.154163122));
#8519=AXIS2_PLACEMENT_3D('',#8516,#8517,#8518);
#8520=PLANE('',#8519);
#8521=ORIENTED_EDGE('',*,*,#3764,.F.);
#8522=ORIENTED_EDGE('',*,*,#7290,.T.);
#8523=ORIENTED_EDGE('',*,*,#697,.F.);
#8524=ORIENTED_EDGE('',*,*,#7549,.T.);
#8525=EDGE_LOOP('',(#8521,#8522,#8523,#8524));
#8526=FACE_BOUND('',#8525,.T.);
#8527=ADVANCED_FACE('crnxx-right-top-case',(#8526),#8520,.T.);
#8528=CARTESIAN_POINT('',(-18.639755662,-9.616282153,1.000000048));
#8529=DIRECTION('',(0.,1.,0.));
#8530=DIRECTION('',(-0.988045411,0.,-0.154163113));
#8531=AXIS2_PLACEMENT_3D('',#8528,#8529,#8530);
#8532=PLANE('',#8531);
#8533=ORIENTED_EDGE('',*,*,#4124,.F.);
#8534=ORIENTED_EDGE('',*,*,#7329,.T.);
#8535=ORIENTED_EDGE('',*,*,#1353,.F.);
#8536=ORIENTED_EDGE('',*,*,#7373,.T.);
#8537=EDGE_LOOP('',(#8533,#8534,#8535,#8536));
#8538=FACE_BOUND('',#8537,.T.);
#8539=ADVANCED_FACE('crnxx-right-top-case',(#8538),#8532,.T.);
#8540=CARTESIAN_POINT('',(66.36024243,-11.741282153,1.000000048));
#8541=DIRECTION('',(0.,1.,0.));
#8542=DIRECTION('',(0.,0.,-1.));
#8543=AXIS2_PLACEMENT_3D('',#8540,#8541,#8542);
#8544=PLANE('',#8543);
#8545=ORIENTED_EDGE('',*,*,#5104,.F.);
#8546=ORIENTED_EDGE('',*,*,#6498,.F.);
#8547=ORIENTED_EDGE('',*,*,#2333,.T.);
#8548=ORIENTED_EDGE('',*,*,#6366,.F.);
#8549=EDGE_LOOP('',(#8545,#8546,#8547,#8548));
#8550=FACE_BOUND('',#8549,.T.);
#8551=ADVANCED_FACE('crnxx-right-top-case',(#8550),#8544,.T.);
#8552=CARTESIAN_POINT('',(66.36024243,-14.641282725,-1.2));
#8553=DIRECTION('',(-0.,-1.,0.));
#8554=DIRECTION('',(0.,0.,1.));
#8555=AXIS2_PLACEMENT_3D('',#8552,#8553,#8554);
#8556=PLANE('',#8555);
#8557=ORIENTED_EDGE('',*,*,#4564,.F.);
#8558=ORIENTED_EDGE('',*,*,#6432,.F.);
#8559=ORIENTED_EDGE('',*,*,#1793,.T.);
#8560=ORIENTED_EDGE('',*,*,#6652,.T.);
#8561=EDGE_LOOP('',(#8557,#8558,#8559,#8560));
#8562=FACE_BOUND('',#8561,.T.);
#8563=ADVANCED_FACE('crnxx-right-top-case',(#8562),#8556,.T.);
#8564=CARTESIAN_POINT('',(-11.489756044,-13.876282382,-1.2));
#8565=DIRECTION('',(-0.,-1.,0.));
#8566=DIRECTION('',(1.,-0.,0.));
#8567=AXIS2_PLACEMENT_3D('',#8564,#8565,#8566);
#8568=PLANE('',#8567);
#8569=ORIENTED_EDGE('',*,*,#4368,.F.);
#8570=ORIENTED_EDGE('',*,*,#7268,.T.);
#8571=ORIENTED_EDGE('',*,*,#1597,.T.);
#8572=ORIENTED_EDGE('',*,*,#7224,.F.);
#8573=EDGE_LOOP('',(#8569,#8570,#8571,#8572));
#8574=FACE_BOUND('',#8573,.T.);
#8575=ADVANCED_FACE('crnxx-right-top-case',(#8574),#8568,.T.);
#8576=CARTESIAN_POINT('',(49.36024243,-11.741282153,1.000000048));
#8577=DIRECTION('',(0.,1.,0.));
#8578=DIRECTION('',(0.,0.,-1.));
#8579=AXIS2_PLACEMENT_3D('',#8576,#8577,#8578);
#8580=PLANE('',#8579);
#8581=ORIENTED_EDGE('',*,*,#5594,.F.);
#8582=ORIENTED_EDGE('',*,*,#5970,.T.);
#8583=ORIENTED_EDGE('',*,*,#2823,.T.);
#8584=ORIENTED_EDGE('',*,*,#6454,.F.);
#8585=EDGE_LOOP('',(#8581,#8582,#8583,#8584));
#8586=FACE_BOUND('',#8585,.T.);
#8587=ADVANCED_FACE('crnxx-right-top-case',(#8586),#8580,.T.);
#8588=CARTESIAN_POINT('',(-1.639756139,-7.491282153,1.000000048));
#8589=DIRECTION('',(0.,1.,0.));
#8590=DIRECTION('',(-0.98804541,0.,-0.154163118));
#8591=AXIS2_PLACEMENT_3D('',#8588,#8589,#8590);
#8592=PLANE('',#8591);
#8593=ORIENTED_EDGE('',*,*,#4222,.F.);
#8594=ORIENTED_EDGE('',*,*,#7417,.T.);
#8595=ORIENTED_EDGE('',*,*,#1451,.F.);
#8596=ORIENTED_EDGE('',*,*,#7461,.T.);
#8597=EDGE_LOOP('',(#8593,#8594,#8595,#8596));
#8598=FACE_BOUND('',#8597,.T.);
#8599=ADVANCED_FACE('crnxx-right-top-case',(#8598),#8592,.T.);
#8600=CARTESIAN_POINT('',(35.260243956,-14.641282725,-1.2));
#8601=DIRECTION('',(-0.,-1.,0.));
#8602=DIRECTION('',(1.,-0.,0.));
#8603=AXIS2_PLACEMENT_3D('',#8600,#8601,#8602);
#8604=PLANE('',#8603);
#8605=ORIENTED_EDGE('',*,*,#5740,.F.);
#8606=ORIENTED_EDGE('',*,*,#6564,.F.);
#8607=ORIENTED_EDGE('',*,*,#2969,.T.);
#8608=ORIENTED_EDGE('',*,*,#6916,.T.);
#8609=EDGE_LOOP('',(#8605,#8606,#8607,#8608));
#8610=FACE_BOUND('',#8609,.T.);
#8611=ADVANCED_FACE('crnxx-right-top-case',(#8610),#8604,.T.);
#8612=CARTESIAN_POINT('',(66.36024243,-28.741283107,1.000000048));
#8613=DIRECTION('',(0.,1.,0.));
#8614=DIRECTION('',(0.,0.,-1.));
#8615=AXIS2_PLACEMENT_3D('',#8612,#8613,#8614);
#8616=PLANE('',#8615);
#8617=ORIENTED_EDGE('',*,*,#4516,.F.);
#8618=ORIENTED_EDGE('',*,*,#6630,.F.);
#8619=ORIENTED_EDGE('',*,*,#1745,.T.);
#8620=ORIENTED_EDGE('',*,*,#6410,.F.);
#8621=EDGE_LOOP('',(#8617,#8618,#8619,#8620));
#8622=FACE_BOUND('',#8621,.T.);
#8623=ADVANCED_FACE('crnxx-right-top-case',(#8622),#8616,.T.);
#8624=CARTESIAN_POINT('',(49.36024243,-28.741283107,1.000000048));
#8625=DIRECTION('',(0.,1.,0.));
#8626=DIRECTION('',(0.,0.,-1.));
#8627=AXIS2_PLACEMENT_3D('',#8624,#8625,#8626);
#8628=PLANE('',#8627);
#8629=ORIENTED_EDGE('',*,*,#5692,.F.);
#8630=ORIENTED_EDGE('',*,*,#6894,.T.);
#8631=ORIENTED_EDGE('',*,*,#2921,.T.);
#8632=ORIENTED_EDGE('',*,*,#6542,.F.);
#8633=EDGE_LOOP('',(#8629,#8630,#8631,#8632));
#8634=FACE_BOUND('',#8633,.T.);
#8635=ADVANCED_FACE('crnxx-right-top-case',(#8634),#8628,.T.);
#8636=CARTESIAN_POINT('',(32.360244338,-7.491282153,1.000000048));
#8637=DIRECTION('',(0.,1.,0.));
#8638=DIRECTION('',(0.,0.,-1.));
#8639=AXIS2_PLACEMENT_3D('',#8636,#8637,#8638);
#8640=PLANE('',#8639);
#8641=ORIENTED_EDGE('',*,*,#4908,.F.);
#8642=ORIENTED_EDGE('',*,*,#6278,.T.);
#8643=ORIENTED_EDGE('',*,*,#2137,.T.);
#8644=ORIENTED_EDGE('',*,*,#6014,.F.);
#8645=EDGE_LOOP('',(#8641,#8642,#8643,#8644));
#8646=FACE_BOUND('',#8645,.T.);
#8647=ADVANCED_FACE('crnxx-right-top-case',(#8646),#8640,.T.);
#8648=CARTESIAN_POINT('',(18.260243956,-10.391282725,-1.2));
#8649=DIRECTION('',(-0.,-1.,0.));
#8650=DIRECTION('',(1.,-0.,0.));
#8651=AXIS2_PLACEMENT_3D('',#8648,#8649,#8650);
#8652=PLANE('',#8651);
#8653=ORIENTED_EDGE('',*,*,#5838,.F.);
#8654=ORIENTED_EDGE('',*,*,#6740,.F.);
#8655=ORIENTED_EDGE('',*,*,#3067,.T.);
#8656=ORIENTED_EDGE('',*,*,#6828,.T.);
#8657=EDGE_LOOP('',(#8653,#8654,#8655,#8656));
#8658=FACE_BOUND('',#8657,.T.);
#8659=ADVANCED_FACE('crnxx-right-top-case',(#8658),#8652,.T.);
#8660=CARTESIAN_POINT('',(32.360244338,-24.491283107,1.000000048));
#8661=DIRECTION('',(0.,1.,0.));
#8662=DIRECTION('',(0.,0.,-1.));
#8663=AXIS2_PLACEMENT_3D('',#8660,#8661,#8662);
#8664=PLANE('',#8663);
#8665=ORIENTED_EDGE('',*,*,#5790,.F.);
#8666=ORIENTED_EDGE('',*,*,#6806,.T.);
#8667=ORIENTED_EDGE('',*,*,#3019,.T.);
#8668=ORIENTED_EDGE('',*,*,#6718,.F.);
#8669=EDGE_LOOP('',(#8665,#8666,#8667,#8668));
#8670=FACE_BOUND('',#8669,.T.);
#8671=ADVANCED_FACE('crnxx-right-top-case',(#8670),#8664,.T.);
#8672=CARTESIAN_POINT('',(15.360244338,-5.36628263,1.000000048));
#8673=DIRECTION('',(0.,1.,0.));
#8674=DIRECTION('',(0.,0.,-1.));
#8675=AXIS2_PLACEMENT_3D('',#8672,#8673,#8674);
#8676=PLANE('',#8675);
#8677=ORIENTED_EDGE('',*,*,#4712,.F.);
#8678=ORIENTED_EDGE('',*,*,#6938,.F.);
#8679=ORIENTED_EDGE('',*,*,#1941,.T.);
#8680=ORIENTED_EDGE('',*,*,#6234,.F.);
#8681=EDGE_LOOP('',(#8677,#8678,#8679,#8680));
#8682=FACE_BOUND('',#8681,.T.);
#8683=ADVANCED_FACE('crnxx-right-top-case',(#8682),#8676,.T.);
#8684=CARTESIAN_POINT('',(15.360244338,28.633716893,1.000000048));
#8685=DIRECTION('',(0.,1.,0.));
#8686=DIRECTION('',(-0.988045411,0.,-0.154163113));
#8687=AXIS2_PLACEMENT_3D('',#8684,#8685,#8686);
#8688=PLANE('',#8687);
#8689=ORIENTED_EDGE('',*,*,#3830,.F.);
#8690=ORIENTED_EDGE('',*,*,#7637,.T.);
#8691=ORIENTED_EDGE('',*,*,#1059,.F.);
#8692=ORIENTED_EDGE('',*,*,#7505,.T.);
#8693=EDGE_LOOP('',(#8689,#8690,#8691,#8692));
#8694=FACE_BOUND('',#8693,.T.);
#8695=ADVANCED_FACE('crnxx-right-top-case',(#8694),#8688,.T.);
#8696=CARTESIAN_POINT('',(1.260243956,42.733717275,1.000000048));
#8697=DIRECTION('',(-0.,-1.,0.));
#8698=DIRECTION('',(0.988045411,-0.,-0.154163113));
#8699=AXIS2_PLACEMENT_3D('',#8696,#8697,#8698);
#8700=PLANE('',#8699);
#8701=ORIENTED_EDGE('',*,*,#3878,.F.);
#8702=ORIENTED_EDGE('',*,*,#7527,.T.);
#8703=ORIENTED_EDGE('',*,*,#1107,.F.);
#8704=ORIENTED_EDGE('',*,*,#7659,.T.);
#8705=EDGE_LOOP('',(#8701,#8702,#8703,#8704));
#8706=FACE_BOUND('',#8705,.T.);
#8707=ADVANCED_FACE('crnxx-right-top-case',(#8706),#8700,.T.);
#8708=CARTESIAN_POINT('',(18.260243956,40.608717275,1.000000048));
#8709=DIRECTION('',(-0.,-1.,0.));
#8710=DIRECTION('',(0.988045411,-0.,-0.154163113));
#8711=AXIS2_PLACEMENT_3D('',#8708,#8709,#8710);
#8712=PLANE('',#8711);
#8713=ORIENTED_EDGE('',*,*,#4662,.F.);
#8714=ORIENTED_EDGE('',*,*,#7004,.F.);
#8715=ORIENTED_EDGE('',*,*,#1891,.F.);
#8716=ORIENTED_EDGE('',*,*,#7048,.F.);
#8717=EDGE_LOOP('',(#8713,#8714,#8715,#8716));
#8718=FACE_BOUND('',#8717,.T.);
#8719=ADVANCED_FACE('crnxx-right-top-case',(#8718),#8712,.T.);
#8720=CARTESIAN_POINT('',(49.36024243,5.25871737,1.000000048));
#8721=DIRECTION('',(0.,1.,-0.));
#8722=DIRECTION('',(-0.988045408,0.,-0.154163133));
#8723=AXIS2_PLACEMENT_3D('',#8720,#8721,#8722);
#8724=PLANE('',#8723);
#8725=ORIENTED_EDGE('',*,*,#5496,.F.);
#8726=ORIENTED_EDGE('',*,*,#5926,.F.);
#8727=ORIENTED_EDGE('',*,*,#2725,.F.);
#8728=ORIENTED_EDGE('',*,*,#6674,.T.);
#8729=EDGE_LOOP('',(#8725,#8726,#8727,#8728));
#8730=FACE_BOUND('',#8729,.T.);
#8731=ADVANCED_FACE('crnxx-right-top-case',(#8730),#8724,.T.);
#8732=CARTESIAN_POINT('',(35.260243956,2.358717424,1.000000048));
#8733=DIRECTION('',(-0.,-1.,-0.));
#8734=DIRECTION('',(0.988045408,-0.,-0.154163133));
#8735=AXIS2_PLACEMENT_3D('',#8732,#8733,#8734);
#8736=PLANE('',#8735);
#8737=ORIENTED_EDGE('',*,*,#5642,.F.);
#8738=ORIENTED_EDGE('',*,*,#6476,.T.);
#8739=ORIENTED_EDGE('',*,*,#2871,.F.);
#8740=ORIENTED_EDGE('',*,*,#5992,.F.);
#8741=EDGE_LOOP('',(#8737,#8738,#8739,#8740));
#8742=FACE_BOUND('',#8741,.T.);
#8743=ADVANCED_FACE('crnxx-right-top-case',(#8742),#8736,.T.);
#8744=CARTESIAN_POINT('',(66.36024243,5.25871737,1.000000048));
#8745=DIRECTION('',(0.,1.,-0.));
#8746=DIRECTION('',(-0.988045408,0.,-0.154163133));
#8747=AXIS2_PLACEMENT_3D('',#8744,#8745,#8746);
#8748=PLANE('',#8747);
#8749=ORIENTED_EDGE('',*,*,#5202,.F.);
#8750=ORIENTED_EDGE('',*,*,#6762,.T.);
#8751=ORIENTED_EDGE('',*,*,#2431,.F.);
#8752=ORIENTED_EDGE('',*,*,#5882,.T.);
#8753=EDGE_LOOP('',(#8749,#8750,#8751,#8752));
#8754=FACE_BOUND('',#8753,.T.);
#8755=ADVANCED_FACE('crnxx-right-top-case',(#8754),#8748,.T.);
#8756=CARTESIAN_POINT('',(52.260243956,2.358717424,-1.2));
#8757=DIRECTION('',(-0.,-1.,0.));
#8758=DIRECTION('',(1.,-0.,0.));
#8759=AXIS2_PLACEMENT_3D('',#8756,#8757,#8758);
#8760=PLANE('',#8759);
#8761=ORIENTED_EDGE('',*,*,#5152,.F.);
#8762=ORIENTED_EDGE('',*,*,#6388,.T.);
#8763=ORIENTED_EDGE('',*,*,#2381,.F.);
#8764=ORIENTED_EDGE('',*,*,#6520,.F.);
#8765=EDGE_LOOP('',(#8761,#8762,#8763,#8764));
#8766=FACE_BOUND('',#8765,.T.);
#8767=ADVANCED_FACE('crnxx-right-top-case',(#8766),#8760,.T.);
#8768=CARTESIAN_POINT('',(66.36024243,36.358717275,-1.2));
#8769=DIRECTION('',(-0.,-1.,0.));
#8770=DIRECTION('',(0.,0.,1.));
#8771=AXIS2_PLACEMENT_3D('',#8768,#8769,#8770);
#8772=PLANE('',#8771);
#8773=ORIENTED_EDGE('',*,*,#5348,.F.);
#8774=ORIENTED_EDGE('',*,*,#6168,.F.);
#8775=ORIENTED_EDGE('',*,*,#2577,.T.);
#8776=ORIENTED_EDGE('',*,*,#6608,.T.);
#8777=EDGE_LOOP('',(#8773,#8774,#8775,#8776));
#8778=FACE_BOUND('',#8777,.T.);
#8779=ADVANCED_FACE('crnxx-right-top-case',(#8778),#8772,.T.);
#8780=CARTESIAN_POINT('',(-49.739756044,8.733717275,-1.2));
#8781=DIRECTION('',(-0.,-1.,0.));
#8782=DIRECTION('',(1.,-0.,0.));
#8783=AXIS2_PLACEMENT_3D('',#8780,#8781,#8782);
#8784=PLANE('',#8783);
#8785=ORIENTED_EDGE('',*,*,#88,.F.);
#8786=ORIENTED_EDGE('',*,*,#3449,.F.);
#8787=ORIENTED_EDGE('',*,*,#7913,.T.);
#8788=ORIENTED_EDGE('',*,*,#585,.T.);
#8789=EDGE_LOOP('',(#8785,#8786,#8787,#8788));
#8790=FACE_BOUND('',#8789,.T.);
#8791=ADVANCED_FACE('crnxx-right-top-case',(#8790),#8784,.T.);
#8792=CARTESIAN_POINT('',(35.260243956,36.358717275,-1.2));
#8793=DIRECTION('',(-0.,-1.,0.));
#8794=DIRECTION('',(1.,-0.,0.));
#8795=AXIS2_PLACEMENT_3D('',#8792,#8793,#8794);
#8796=PLANE('',#8795);
#8797=ORIENTED_EDGE('',*,*,#5446,.F.);
#8798=ORIENTED_EDGE('',*,*,#6212,.F.);
#8799=ORIENTED_EDGE('',*,*,#2675,.T.);
#8800=ORIENTED_EDGE('',*,*,#6872,.F.);
#8801=EDGE_LOOP('',(#8797,#8798,#8799,#8800));
#8802=FACE_BOUND('',#8801,.T.);
#8803=ADVANCED_FACE('crnxx-right-top-case',(#8802),#8796,.T.);
#8804=CARTESIAN_POINT('',(35.260243956,19.358717275,1.000000048));
#8805=DIRECTION('',(-0.,-1.,-0.));
#8806=DIRECTION('',(0.988045408,-0.,-0.154163133));
#8807=AXIS2_PLACEMENT_3D('',#8804,#8805,#8806);
#8808=PLANE('',#8807);
#8809=ORIENTED_EDGE('',*,*,#5544,.F.);
#8810=ORIENTED_EDGE('',*,*,#6696,.T.);
#8811=ORIENTED_EDGE('',*,*,#2773,.F.);
#8812=ORIENTED_EDGE('',*,*,#5948,.F.);
#8813=EDGE_LOOP('',(#8809,#8810,#8811,#8812));
#8814=FACE_BOUND('',#8813,.T.);
#8815=ADVANCED_FACE('crnxx-right-top-case',(#8814),#8808,.T.);
#8816=CARTESIAN_POINT('',(49.36024243,22.258716893,1.000000048));
#8817=DIRECTION('',(0.,1.,-0.));
#8818=DIRECTION('',(-0.988045408,0.,-0.154163133));
#8819=AXIS2_PLACEMENT_3D('',#8816,#8817,#8818);
#8820=PLANE('',#8819);
#8821=ORIENTED_EDGE('',*,*,#5398,.F.);
#8822=ORIENTED_EDGE('',*,*,#6850,.F.);
#8823=ORIENTED_EDGE('',*,*,#2627,.F.);
#8824=ORIENTED_EDGE('',*,*,#6190,.T.);
#8825=EDGE_LOOP('',(#8821,#8822,#8823,#8824));
#8826=FACE_BOUND('',#8825,.T.);
#8827=ADVANCED_FACE('crnxx-right-top-case',(#8826),#8820,.T.);
#8828=CARTESIAN_POINT('',(-1.639756139,40.608717275,-1.2));
#8829=DIRECTION('',(-0.,-1.,0.));
#8830=DIRECTION('',(0.,0.,1.));
#8831=AXIS2_PLACEMENT_3D('',#8828,#8829,#8830);
#8832=PLANE('',#8831);
#8833=ORIENTED_EDGE('',*,*,#3976,.F.);
#8834=ORIENTED_EDGE('',*,*,#7615,.T.);
#8835=ORIENTED_EDGE('',*,*,#1205,.T.);
#8836=ORIENTED_EDGE('',*,*,#7703,.T.);
#8837=EDGE_LOOP('',(#8833,#8834,#8835,#8836));
#8838=FACE_BOUND('',#8837,.T.);
#8839=ADVANCED_FACE('crnxx-right-top-case',(#8838),#8832,.T.);
#8840=CARTESIAN_POINT('',(-32.739756044,4.483717513,-1.2));
#8841=DIRECTION('',(-0.,-1.,0.));
#8842=DIRECTION('',(1.,-0.,0.));
#8843=AXIS2_PLACEMENT_3D('',#8840,#8841,#8842);
#8844=PLANE('',#8843);
#8845=ORIENTED_EDGE('',*,*,#4172,.F.);
#8846=ORIENTED_EDGE('',*,*,#7395,.T.);
#8847=ORIENTED_EDGE('',*,*,#1401,.F.);
#8848=ORIENTED_EDGE('',*,*,#7351,.F.);
#8849=EDGE_LOOP('',(#8845,#8846,#8847,#8848));
#8850=FACE_BOUND('',#8849,.T.);
#8851=ADVANCED_FACE('crnxx-right-top-case',(#8850),#8844,.T.);
#8852=CARTESIAN_POINT('',(-18.639755662,7.38371737,1.000000048));
#8853=DIRECTION('',(0.,1.,0.));
#8854=DIRECTION('',(-0.988045411,0.,-0.154163113));
#8855=AXIS2_PLACEMENT_3D('',#8852,#8853,#8854);
#8856=PLANE('',#8855);
#8857=CARTESIAN_POINT('',(-22.190264462,7.38371737,7.500000048));
#8858=DIRECTION('',(0.,0.,-1.));
#8859=VECTOR('',#8858,1.000000048);
#8860=LINE('',#8857,#8859);
#8861=EDGE_CURVE('',#812,#3164,#8860,.T.);
#8862=ORIENTED_EDGE('',*,*,#8861,.F.);
#8863=ORIENTED_EDGE('',*,*,#817,.F.);
#8864=ORIENTED_EDGE('',*,*,#7813,.T.);
#8865=ORIENTED_EDGE('',*,*,#3177,.F.);
#8866=EDGE_LOOP('',(#8862,#8863,#8864,#8865));
#8867=FACE_BOUND('',#8866,.T.);
#8868=ADVANCED_FACE('crnxx-right-top-case',(#8867),#8856,.T.);
#8869=CARTESIAN_POINT('',(52.260243956,19.358717275,-1.2));
#8870=DIRECTION('',(-0.,-1.,0.));
#8871=DIRECTION('',(1.,-0.,0.));
#8872=AXIS2_PLACEMENT_3D('',#8869,#8870,#8871);
#8873=PLANE('',#8872);
#8874=ORIENTED_EDGE('',*,*,#5250,.F.);
#8875=ORIENTED_EDGE('',*,*,#5904,.T.);
#8876=ORIENTED_EDGE('',*,*,#2479,.F.);
#8877=ORIENTED_EDGE('',*,*,#6784,.F.);
#8878=EDGE_LOOP('',(#8874,#8875,#8876,#8877));
#8879=FACE_BOUND('',#8878,.T.);
#8880=ADVANCED_FACE('crnxx-right-top-case',(#8879),#8873,.T.);
#8881=CARTESIAN_POINT('',(-18.639755662,38.483717275,-1.2));
#8882=DIRECTION('',(-0.,-1.,0.));
#8883=DIRECTION('',(0.,0.,1.));
#8884=AXIS2_PLACEMENT_3D('',#8881,#8882,#8883);
#8885=PLANE('',#8884);
#8886=CARTESIAN_POINT('',(-22.190264462,38.483717275,6.5));
#8887=DIRECTION('',(0.,0.,1.));
#8888=VECTOR('',#8887,1.000000048);
#8889=LINE('',#8886,#8888);
#8890=EDGE_CURVE('',#3364,#900,#8889,.T.);
#8891=ORIENTED_EDGE('',*,*,#8890,.F.);
#8892=ORIENTED_EDGE('',*,*,#3369,.F.);
#8893=ORIENTED_EDGE('',*,*,#7957,.F.);
#8894=ORIENTED_EDGE('',*,*,#913,.T.);
#8895=EDGE_LOOP('',(#8891,#8892,#8893,#8894));
#8896=FACE_BOUND('',#8895,.T.);
#8897=ADVANCED_FACE('crnxx-right-top-case',(#8896),#8885,.T.);
#8898=CARTESIAN_POINT('',(-18.639755662,24.383716893,1.000000048));
#8899=DIRECTION('',(0.,1.,0.));
#8900=DIRECTION('',(-0.988045411,0.,-0.154163113));
#8901=AXIS2_PLACEMENT_3D('',#8898,#8899,#8900);
#8902=PLANE('',#8901);
#8903=CARTESIAN_POINT('',(-22.190264462,24.383716893,7.500000048));
#8904=DIRECTION('',(0.,0.,-1.));
#8905=VECTOR('',#8904,1.000000048);
#8906=LINE('',#8903,#8905);
#8907=EDGE_CURVE('',#956,#3308,#8906,.T.);
#8908=ORIENTED_EDGE('',*,*,#8907,.F.);
#8909=ORIENTED_EDGE('',*,*,#961,.F.);
#8910=ORIENTED_EDGE('',*,*,#7935,.T.);
#8911=ORIENTED_EDGE('',*,*,#3321,.F.);
#8912=EDGE_LOOP('',(#8908,#8909,#8910,#8911));
#8913=FACE_BOUND('',#8912,.T.);
#8914=ADVANCED_FACE('crnxx-right-top-case',(#8913),#8902,.T.);
#8915=CARTESIAN_POINT('',(-32.739756044,21.483717275,-1.2));
#8916=DIRECTION('',(-0.,-1.,0.));
#8917=DIRECTION('',(1.,-0.,0.));
#8918=AXIS2_PLACEMENT_3D('',#8915,#8916,#8917);
#8919=PLANE('',#8918);
#8920=CARTESIAN_POINT('',(-22.190264462,21.483717275,6.5));
#8921=DIRECTION('',(0.,0.,1.));
#8922=VECTOR('',#8921,1.000000048);
#8923=LINE('',#8920,#8922);
#8924=EDGE_CURVE('',#3220,#756,#8923,.T.);
#8925=ORIENTED_EDGE('',*,*,#8924,.F.);
#8926=ORIENTED_EDGE('',*,*,#3225,.F.);
#8927=ORIENTED_EDGE('',*,*,#7835,.F.);
#8928=ORIENTED_EDGE('',*,*,#769,.F.);
#8929=EDGE_LOOP('',(#8925,#8926,#8927,#8928));
#8930=FACE_BOUND('',#8929,.T.);
#8931=ADVANCED_FACE('crnxx-right-top-case',(#8930),#8919,.T.);
#8932=CARTESIAN_POINT('',(66.36024243,22.258716893,1.000000048));
#8933=DIRECTION('',(0.,1.,-0.));
#8934=DIRECTION('',(-0.988045408,0.,-0.154163133));
#8935=AXIS2_PLACEMENT_3D('',#8932,#8933,#8934);
#8936=PLANE('',#8935);
#8937=ORIENTED_EDGE('',*,*,#5300,.F.);
#8938=ORIENTED_EDGE('',*,*,#6586,.T.);
#8939=ORIENTED_EDGE('',*,*,#2529,.F.);
#8940=ORIENTED_EDGE('',*,*,#6146,.F.);
#8941=EDGE_LOOP('',(#8937,#8938,#8939,#8940));
#8942=FACE_BOUND('',#8941,.T.);
#8943=ADVANCED_FACE('crnxx-right-top-case',(#8942),#8936,.T.);
#8944=CARTESIAN_POINT('',(-15.739756044,6.608717275,-1.2));
#8945=DIRECTION('',(-0.,-1.,0.));
#8946=DIRECTION('',(1.,-0.,0.));
#8947=AXIS2_PLACEMENT_3D('',#8944,#8945,#8946);
#8948=PLANE('',#8947);
#8949=ORIENTED_EDGE('',*,*,#4270,.F.);
#8950=ORIENTED_EDGE('',*,*,#7483,.T.);
#8951=ORIENTED_EDGE('',*,*,#1499,.F.);
#8952=ORIENTED_EDGE('',*,*,#7439,.F.);
#8953=EDGE_LOOP('',(#8949,#8950,#8951,#8952));
#8954=FACE_BOUND('',#8953,.T.);
#8955=ADVANCED_FACE('crnxx-right-top-case',(#8954),#8948,.T.);
#8956=CARTESIAN_POINT('',(-1.639756139,9.50871737,1.000000048));
#8957=DIRECTION('',(0.,1.,0.));
#8958=DIRECTION('',(-0.98804541,0.,-0.154163118));
#8959=AXIS2_PLACEMENT_3D('',#8956,#8957,#8958);
#8960=PLANE('',#8959);
#8961=ORIENTED_EDGE('',*,*,#4026,.F.);
#8962=ORIENTED_EDGE('',*,*,#7769,.T.);
#8963=ORIENTED_EDGE('',*,*,#1255,.F.);
#8964=ORIENTED_EDGE('',*,*,#7725,.T.);
#8965=EDGE_LOOP('',(#8961,#8962,#8963,#8964));
#8966=FACE_BOUND('',#8965,.T.);
#8967=ADVANCED_FACE('crnxx-right-top-case',(#8966),#8960,.T.);
#8968=CARTESIAN_POINT('',(-1.639756139,26.508716893,1.000000048));
#8969=DIRECTION('',(0.,1.,0.));
#8970=DIRECTION('',(-0.98804541,0.,-0.154163118));
#8971=AXIS2_PLACEMENT_3D('',#8968,#8969,#8970);
#8972=PLANE('',#8971);
#8973=ORIENTED_EDGE('',*,*,#3928,.F.);
#8974=ORIENTED_EDGE('',*,*,#7681,.F.);
#8975=ORIENTED_EDGE('',*,*,#1157,.F.);
#8976=ORIENTED_EDGE('',*,*,#7593,.F.);
#8977=EDGE_LOOP('',(#8973,#8974,#8975,#8976));
#8978=FACE_BOUND('',#8977,.T.);
#8979=ADVANCED_FACE('crnxx-right-top-case',(#8978),#8972,.T.);
#8980=CARTESIAN_POINT('',(-15.739756044,23.608717275,-1.2));
#8981=DIRECTION('',(-0.,-1.,0.));
#8982=DIRECTION('',(1.,-0.,0.));
#8983=AXIS2_PLACEMENT_3D('',#8980,#8981,#8982);
#8984=PLANE('',#8983);
#8985=ORIENTED_EDGE('',*,*,#4074,.F.);
#8986=ORIENTED_EDGE('',*,*,#7747,.T.);
#8987=ORIENTED_EDGE('',*,*,#1303,.F.);
#8988=ORIENTED_EDGE('',*,*,#7791,.F.);
#8989=EDGE_LOOP('',(#8985,#8986,#8987,#8988));
#8990=FACE_BOUND('',#8989,.T.);
#8991=ADVANCED_FACE('crnxx-right-top-case',(#8990),#8984,.T.);
#8992=CARTESIAN_POINT('',(-17.940264462,34.933919836,-3.488015198));
#8993=DIRECTION('',(-1.,0.,0.));
#8994=DIRECTION('',(0.,0.,1.));
#8995=AXIS2_PLACEMENT_3D('',#8992,#8993,#8994);
#8996=PLANE('',#8995);
#8997=ORIENTED_EDGE('',*,*,#3345,.T.);
#8998=CARTESIAN_POINT('',(-17.940264462,27.933919836,6.5));
#8999=DIRECTION('',(0.,-0.,1.));
#9000=VECTOR('',#8999,1.000000048);
#9001=LINE('',#8998,#9000);
#9002=EDGE_CURVE('',#3332,#932,#9001,.T.);
#9003=ORIENTED_EDGE('',*,*,#9002,.T.);
#9004=ORIENTED_EDGE('',*,*,#937,.F.);
#9005=CARTESIAN_POINT('',(-17.940264462,34.933919836,6.5));
#9006=DIRECTION('',(0.,-0.,1.));
#9007=VECTOR('',#9006,1.000000048);
#9008=LINE('',#9005,#9007);
#9009=EDGE_CURVE('',#3340,#924,#9008,.T.);
#9010=ORIENTED_EDGE('',*,*,#9009,.F.);
#9011=EDGE_LOOP('',(#8997,#9003,#9004,#9010));
#9012=FACE_BOUND('',#9011,.T.);
#9013=ADVANCED_FACE('',(#9012),#8996,.T.);
#9014=CARTESIAN_POINT('',(-33.440264462,34.933919836,-3.488015198));
#9015=DIRECTION('',(0.,-1.,-0.));
#9016=DIRECTION('',(0.,0.,-1.));
#9017=AXIS2_PLACEMENT_3D('',#9014,#9015,#9016);
#9018=PLANE('',#9017);
#9019=ORIENTED_EDGE('',*,*,#3353,.T.);
#9020=ORIENTED_EDGE('',*,*,#9009,.T.);
#9021=ORIENTED_EDGE('',*,*,#929,.F.);
#9022=ORIENTED_EDGE('',*,*,#7950,.F.);
#9023=EDGE_LOOP('',(#9019,#9020,#9021,#9022));
#9024=FACE_BOUND('',#9023,.T.);
#9025=ADVANCED_FACE('',(#9024),#9018,.T.);
#9026=CARTESIAN_POINT('',(-17.940264462,27.933919836,-3.488015198));
#9027=DIRECTION('',(0.,1.,0.));
#9028=DIRECTION('',(0.,-0.,1.));
#9029=AXIS2_PLACEMENT_3D('',#9026,#9027,#9028);
#9030=PLANE('',#9029);
#9031=ORIENTED_EDGE('',*,*,#945,.F.);
#9032=ORIENTED_EDGE('',*,*,#9002,.F.);
#9033=ORIENTED_EDGE('',*,*,#3337,.T.);
#9034=ORIENTED_EDGE('',*,*,#7928,.F.);
#9035=EDGE_LOOP('',(#9031,#9032,#9033,#9034));
#9036=FACE_BOUND('',#9035,.T.);
#9037=ADVANCED_FACE('',(#9036),#9030,.T.);
#9038=CARTESIAN_POINT('',(-33.440264462,27.933919836,-3.488015198));
#9039=DIRECTION('',(1.,0.,0.));
#9040=DIRECTION('',(0.,0.,-1.));
#9041=AXIS2_PLACEMENT_3D('',#9038,#9039,#9040);
#9042=PLANE('',#9041);
#9043=ORIENTED_EDGE('',*,*,#3274,.T.);
#9044=CARTESIAN_POINT('',(-33.440264462,34.933919836,6.5));
#9045=DIRECTION('',(0.,-0.,1.));
#9046=VECTOR('',#9045,1.000000048);
#9047=LINE('',#9044,#9046);
#9048=EDGE_CURVE('',#3261,#1003,#9047,.T.);
#9049=ORIENTED_EDGE('',*,*,#9048,.T.);
#9050=ORIENTED_EDGE('',*,*,#1008,.F.);
#9051=CARTESIAN_POINT('',(-33.440264462,27.933919836,6.5));
#9052=DIRECTION('',(0.,-0.,1.));
#9053=VECTOR('',#9052,1.000000048);
#9054=LINE('',#9051,#9053);
#9055=EDGE_CURVE('',#3269,#995,#9054,.T.);
#9056=ORIENTED_EDGE('',*,*,#9055,.F.);
#9057=EDGE_LOOP('',(#9043,#9049,#9050,#9056));
#9058=FACE_BOUND('',#9057,.T.);
#9059=ADVANCED_FACE('',(#9058),#9042,.T.);
#9060=CARTESIAN_POINT('',(-33.440264462,34.933919836,-3.488015198));
#9061=DIRECTION('',(0.,-1.,-0.));
#9062=DIRECTION('',(0.,0.,-1.));
#9063=AXIS2_PLACEMENT_3D('',#9060,#9061,#9062);
#9064=PLANE('',#9063);
#9065=ORIENTED_EDGE('',*,*,#1016,.F.);
#9066=ORIENTED_EDGE('',*,*,#9048,.F.);
#9067=ORIENTED_EDGE('',*,*,#3266,.T.);
#9068=ORIENTED_EDGE('',*,*,#7989,.F.);
#9069=EDGE_LOOP('',(#9065,#9066,#9067,#9068));
#9070=FACE_BOUND('',#9069,.T.);
#9071=ADVANCED_FACE('',(#9070),#9064,.T.);
#9072=CARTESIAN_POINT('',(-17.940264462,27.933919836,-3.488015198));
#9073=DIRECTION('',(0.,1.,0.));
#9074=DIRECTION('',(0.,-0.,1.));
#9075=AXIS2_PLACEMENT_3D('',#9072,#9073,#9074);
#9076=PLANE('',#9075);
#9077=ORIENTED_EDGE('',*,*,#3282,.T.);
#9078=ORIENTED_EDGE('',*,*,#9055,.T.);
#9079=ORIENTED_EDGE('',*,*,#1000,.F.);
#9080=ORIENTED_EDGE('',*,*,#7972,.F.);
#9081=EDGE_LOOP('',(#9077,#9078,#9079,#9080));
#9082=FACE_BOUND('',#9081,.T.);
#9083=ADVANCED_FACE('',(#9082),#9076,.T.);
#9084=CARTESIAN_POINT('',(-34.940264462,5.183919359,-3.488015198));
#9085=DIRECTION('',(-1.,0.,0.));
#9086=DIRECTION('',(0.,0.,1.));
#9087=AXIS2_PLACEMENT_3D('',#9084,#9085,#9086);
#9088=PLANE('',#9087);
#9089=ORIENTED_EDGE('',*,*,#3427,.T.);
#9090=CARTESIAN_POINT('',(-34.940264462,-1.81608079,6.5));
#9091=DIRECTION('',(0.,-0.,1.));
#9092=VECTOR('',#9091,1.000000048);
#9093=LINE('',#9090,#9092);
#9094=EDGE_CURVE('',#3414,#604,#9093,.T.);
#9095=ORIENTED_EDGE('',*,*,#9094,.T.);
#9096=ORIENTED_EDGE('',*,*,#609,.F.);
#9097=CARTESIAN_POINT('',(-34.940264462,5.183919359,6.5));
#9098=DIRECTION('',(0.,-0.,1.));
#9099=VECTOR('',#9098,1.000000048);
#9100=LINE('',#9097,#9099);
#9101=EDGE_CURVE('',#3422,#596,#9100,.T.);
#9102=ORIENTED_EDGE('',*,*,#9101,.F.);
#9103=EDGE_LOOP('',(#9089,#9095,#9096,#9102));
#9104=FACE_BOUND('',#9103,.T.);
#9105=ADVANCED_FACE('',(#9104),#9088,.T.);
#9106=CARTESIAN_POINT('',(-50.440264462,5.183919359,-3.488015198));
#9107=DIRECTION('',(0.,-1.,-0.));
#9108=DIRECTION('',(0.,0.,-1.));
#9109=AXIS2_PLACEMENT_3D('',#9106,#9107,#9108);
#9110=PLANE('',#9109);
#9111=ORIENTED_EDGE('',*,*,#3435,.T.);
#9112=ORIENTED_EDGE('',*,*,#9101,.T.);
#9113=ORIENTED_EDGE('',*,*,#601,.F.);
#9114=ORIENTED_EDGE('',*,*,#7906,.F.);
#9115=EDGE_LOOP('',(#9111,#9112,#9113,#9114));
#9116=FACE_BOUND('',#9115,.T.);
#9117=ADVANCED_FACE('',(#9116),#9110,.T.);
#9118=CARTESIAN_POINT('',(-34.940264462,-1.81608079,-3.488015198));
#9119=DIRECTION('',(0.,1.,0.));
#9120=DIRECTION('',(0.,-0.,1.));
#9121=AXIS2_PLACEMENT_3D('',#9118,#9119,#9120);
#9122=PLANE('',#9121);
#9123=ORIENTED_EDGE('',*,*,#617,.F.);
#9124=ORIENTED_EDGE('',*,*,#9094,.F.);
#9125=ORIENTED_EDGE('',*,*,#3419,.T.);
#9126=ORIENTED_EDGE('',*,*,#7884,.F.);
#9127=EDGE_LOOP('',(#9123,#9124,#9125,#9126));
#9128=FACE_BOUND('',#9127,.T.);
#9129=ADVANCED_FACE('',(#9128),#9122,.T.);
#9130=CARTESIAN_POINT('',(-33.440264462,17.933918882,-10.369031555));
#9131=DIRECTION('',(0.,-1.,-0.));
#9132=DIRECTION('',(0.,0.,-1.));
#9133=AXIS2_PLACEMENT_3D('',#9130,#9131,#9132);
#9134=PLANE('',#9133);
#9135=ORIENTED_EDGE('',*,*,#3122,.T.);
#9136=ORIENTED_EDGE('',*,*,#7867,.F.);
#9137=ORIENTED_EDGE('',*,*,#872,.F.);
#9138=CARTESIAN_POINT('',(-33.440264462,17.933918882,6.5));
#9139=DIRECTION('',(0.,-0.,1.));
#9140=VECTOR('',#9139,1.000000048);
#9141=LINE('',#9138,#9140);
#9142=EDGE_CURVE('',#3117,#859,#9141,.T.);
#9143=ORIENTED_EDGE('',*,*,#9142,.F.);
#9144=EDGE_LOOP('',(#9135,#9136,#9137,#9143));
#9145=FACE_BOUND('',#9144,.T.);
#9146=ADVANCED_FACE('',(#9145),#9134,.T.);
#9147=CARTESIAN_POINT('',(-17.940264462,10.933918882,-10.369031555));
#9148=DIRECTION('',(0.,1.,0.));
#9149=DIRECTION('',(0.,-0.,1.));
#9150=AXIS2_PLACEMENT_3D('',#9147,#9148,#9149);
#9151=PLANE('',#9150);
#9152=ORIENTED_EDGE('',*,*,#3138,.T.);
#9153=CARTESIAN_POINT('',(-33.440264462,10.933918882,6.5));
#9154=DIRECTION('',(0.,-0.,1.));
#9155=VECTOR('',#9154,1.000000048);
#9156=LINE('',#9153,#9155);
#9157=EDGE_CURVE('',#3125,#851,#9156,.T.);
#9158=ORIENTED_EDGE('',*,*,#9157,.T.);
#9159=ORIENTED_EDGE('',*,*,#856,.F.);
#9160=ORIENTED_EDGE('',*,*,#7850,.F.);
#9161=EDGE_LOOP('',(#9152,#9158,#9159,#9160));
#9162=FACE_BOUND('',#9161,.T.);
#9163=ADVANCED_FACE('',(#9162),#9151,.T.);
#9164=CARTESIAN_POINT('',(-33.440264462,10.933918882,-10.369031555));
#9165=DIRECTION('',(1.,0.,0.));
#9166=DIRECTION('',(0.,0.,-1.));
#9167=AXIS2_PLACEMENT_3D('',#9164,#9165,#9166);
#9168=PLANE('',#9167);
#9169=ORIENTED_EDGE('',*,*,#3130,.T.);
#9170=ORIENTED_EDGE('',*,*,#9142,.T.);
#9171=ORIENTED_EDGE('',*,*,#864,.F.);
#9172=ORIENTED_EDGE('',*,*,#9157,.F.);
#9173=EDGE_LOOP('',(#9169,#9170,#9171,#9172));
#9174=FACE_BOUND('',#9173,.T.);
#9175=ADVANCED_FACE('',(#9174),#9168,.T.);
#9176=CARTESIAN_POINT('',(-17.940264462,17.933918882,-10.369031555));
#9177=DIRECTION('',(-1.,0.,0.));
#9178=DIRECTION('',(0.,0.,1.));
#9179=AXIS2_PLACEMENT_3D('',#9176,#9177,#9178);
#9180=PLANE('',#9179);
#9181=ORIENTED_EDGE('',*,*,#3201,.T.);
#9182=CARTESIAN_POINT('',(-17.940264462,10.933918882,6.5));
#9183=DIRECTION('',(0.,-0.,1.));
#9184=VECTOR('',#9183,1.000000048);
#9185=LINE('',#9182,#9184);
#9186=EDGE_CURVE('',#3188,#788,#9185,.T.);
#9187=ORIENTED_EDGE('',*,*,#9186,.T.);
#9188=ORIENTED_EDGE('',*,*,#793,.F.);
#9189=CARTESIAN_POINT('',(-17.940264462,17.933918882,6.5));
#9190=DIRECTION('',(0.,-0.,1.));
#9191=VECTOR('',#9190,1.000000048);
#9192=LINE('',#9189,#9191);
#9193=EDGE_CURVE('',#3196,#780,#9192,.T.);
#9194=ORIENTED_EDGE('',*,*,#9193,.F.);
#9195=EDGE_LOOP('',(#9181,#9187,#9188,#9194));
#9196=FACE_BOUND('',#9195,.T.);
#9197=ADVANCED_FACE('',(#9196),#9180,.T.);
#9198=CARTESIAN_POINT('',(-17.940264462,10.933918882,-10.369031555));
#9199=DIRECTION('',(0.,1.,0.));
#9200=DIRECTION('',(0.,-0.,1.));
#9201=AXIS2_PLACEMENT_3D('',#9198,#9199,#9200);
#9202=PLANE('',#9201);
#9203=ORIENTED_EDGE('',*,*,#3193,.T.);
#9204=ORIENTED_EDGE('',*,*,#7806,.F.);
#9205=ORIENTED_EDGE('',*,*,#801,.F.);
#9206=ORIENTED_EDGE('',*,*,#9186,.F.);
#9207=EDGE_LOOP('',(#9203,#9204,#9205,#9206));
#9208=FACE_BOUND('',#9207,.T.);
#9209=ADVANCED_FACE('',(#9208),#9202,.T.);
#9210=CARTESIAN_POINT('',(-33.440264462,17.933918882,-10.369031555));
#9211=DIRECTION('',(0.,-1.,-0.));
#9212=DIRECTION('',(0.,0.,-1.));
#9213=AXIS2_PLACEMENT_3D('',#9210,#9211,#9212);
#9214=PLANE('',#9213);
#9215=ORIENTED_EDGE('',*,*,#3209,.T.);
#9216=ORIENTED_EDGE('',*,*,#9193,.T.);
#9217=ORIENTED_EDGE('',*,*,#785,.F.);
#9218=ORIENTED_EDGE('',*,*,#7828,.F.);
#9219=EDGE_LOOP('',(#9215,#9216,#9217,#9218));
#9220=FACE_BOUND('',#9219,.T.);
#9221=ADVANCED_FACE('',(#9220),#9214,.T.);
#9222=CARTESIAN_POINT('',(-16.440264462,20.058919836,-10.369031555));
#9223=DIRECTION('',(0.,-1.,-0.));
#9224=DIRECTION('',(0.,0.,-1.));
#9225=AXIS2_PLACEMENT_3D('',#9222,#9223,#9224);
#9226=PLANE('',#9225);
#9227=ORIENTED_EDGE('',*,*,#4090,.T.);
#9228=ORIENTED_EDGE('',*,*,#7784,.F.);
#9229=ORIENTED_EDGE('',*,*,#1287,.F.);
#9230=CARTESIAN_POINT('',(-16.440264462,20.058919836,6.5));
#9231=DIRECTION('',(0.,-0.,1.));
#9232=VECTOR('',#9231,1.000000048);
#9233=LINE('',#9230,#9232);
#9234=EDGE_CURVE('',#4085,#1274,#9233,.T.);
#9235=ORIENTED_EDGE('',*,*,#9234,.F.);
#9236=EDGE_LOOP('',(#9227,#9228,#9229,#9235));
#9237=FACE_BOUND('',#9236,.T.);
#9238=ADVANCED_FACE('',(#9237),#9226,.T.);
#9239=CARTESIAN_POINT('',(-0.940263747,13.058918882,-10.369031555));
#9240=DIRECTION('',(0.,1.,0.));
#9241=DIRECTION('',(0.,-0.,1.));
#9242=AXIS2_PLACEMENT_3D('',#9239,#9240,#9241);
#9243=PLANE('',#9242);
#9244=ORIENTED_EDGE('',*,*,#4010,.T.);
#9245=CARTESIAN_POINT('',(-16.440264462,13.058918882,6.5));
#9246=DIRECTION('',(0.,-0.,1.));
#9247=VECTOR('',#9246,1.000000048);
#9248=LINE('',#9245,#9247);
#9249=EDGE_CURVE('',#4005,#1266,#9248,.T.);
#9250=ORIENTED_EDGE('',*,*,#9249,.T.);
#9251=ORIENTED_EDGE('',*,*,#1271,.F.);
#9252=ORIENTED_EDGE('',*,*,#7762,.F.);
#9253=EDGE_LOOP('',(#9244,#9250,#9251,#9252));
#9254=FACE_BOUND('',#9253,.T.);
#9255=ADVANCED_FACE('',(#9254),#9243,.T.);
#9256=CARTESIAN_POINT('',(-16.440264462,13.058918882,-10.369031555));
#9257=DIRECTION('',(1.,0.,0.));
#9258=DIRECTION('',(0.,0.,-1.));
#9259=AXIS2_PLACEMENT_3D('',#9256,#9257,#9258);
#9260=PLANE('',#9259);
#9261=ORIENTED_EDGE('',*,*,#4096,.T.);
#9262=ORIENTED_EDGE('',*,*,#9234,.T.);
#9263=ORIENTED_EDGE('',*,*,#1279,.F.);
#9264=ORIENTED_EDGE('',*,*,#9249,.F.);
#9265=EDGE_LOOP('',(#9261,#9262,#9263,#9264));
#9266=FACE_BOUND('',#9265,.T.);
#9267=ADVANCED_FACE('',(#9266),#9260,.T.);
#9268=CARTESIAN_POINT('',(-0.940263747,20.058919836,-10.369031555));
#9269=DIRECTION('',(-1.,0.,0.));
#9270=DIRECTION('',(0.,0.,1.));
#9271=AXIS2_PLACEMENT_3D('',#9268,#9269,#9270);
#9272=PLANE('',#9271);
#9273=ORIENTED_EDGE('',*,*,#4050,.T.);
#9274=CARTESIAN_POINT('',(-0.940263747,13.058918882,6.5));
#9275=DIRECTION('',(0.,-0.,1.));
#9276=VECTOR('',#9275,1.000000048);
#9277=LINE('',#9274,#9276);
#9278=EDGE_CURVE('',#4037,#1226,#9277,.T.);
#9279=ORIENTED_EDGE('',*,*,#9278,.T.);
#9280=ORIENTED_EDGE('',*,*,#1231,.F.);
#9281=CARTESIAN_POINT('',(-0.940263747,20.058919836,6.5));
#9282=DIRECTION('',(0.,-0.,1.));
#9283=VECTOR('',#9282,1.000000048);
#9284=LINE('',#9281,#9283);
#9285=EDGE_CURVE('',#4045,#1224,#9284,.T.);
#9286=ORIENTED_EDGE('',*,*,#9285,.F.);
#9287=EDGE_LOOP('',(#9273,#9279,#9280,#9286));
#9288=FACE_BOUND('',#9287,.T.);
#9289=ADVANCED_FACE('',(#9288),#9272,.T.);
#9290=CARTESIAN_POINT('',(-0.940263747,13.058918882,-10.369031555));
#9291=DIRECTION('',(0.,1.,0.));
#9292=DIRECTION('',(0.,-0.,1.));
#9293=AXIS2_PLACEMENT_3D('',#9290,#9291,#9292);
#9294=PLANE('',#9293);
#9295=ORIENTED_EDGE('',*,*,#4042,.T.);
#9296=ORIENTED_EDGE('',*,*,#7718,.F.);
#9297=ORIENTED_EDGE('',*,*,#1239,.F.);
#9298=ORIENTED_EDGE('',*,*,#9278,.F.);
#9299=EDGE_LOOP('',(#9295,#9296,#9297,#9298));
#9300=FACE_BOUND('',#9299,.T.);
#9301=ADVANCED_FACE('',(#9300),#9294,.T.);
#9302=CARTESIAN_POINT('',(-16.440264462,20.058919836,-10.369031555));
#9303=DIRECTION('',(0.,-1.,-0.));
#9304=DIRECTION('',(0.,0.,-1.));
#9305=AXIS2_PLACEMENT_3D('',#9302,#9303,#9304);
#9306=PLANE('',#9305);
#9307=ORIENTED_EDGE('',*,*,#4058,.T.);
#9308=ORIENTED_EDGE('',*,*,#9285,.T.);
#9309=ORIENTED_EDGE('',*,*,#1317,.F.);
#9310=ORIENTED_EDGE('',*,*,#7740,.F.);
#9311=EDGE_LOOP('',(#9307,#9308,#9309,#9310));
#9312=FACE_BOUND('',#9311,.T.);
#9313=ADVANCED_FACE('',(#9312),#9306,.T.);
#9314=CARTESIAN_POINT('',(-16.440264462,37.058919836,-10.369031555));
#9315=DIRECTION('',(0.,-1.,-0.));
#9316=DIRECTION('',(0.,0.,-1.));
#9317=AXIS2_PLACEMENT_3D('',#9314,#9315,#9316);
#9318=PLANE('',#9317);
#9319=ORIENTED_EDGE('',*,*,#3992,.T.);
#9320=ORIENTED_EDGE('',*,*,#7696,.F.);
#9321=ORIENTED_EDGE('',*,*,#1189,.F.);
#9322=CARTESIAN_POINT('',(-16.440264462,37.058919836,6.5));
#9323=DIRECTION('',(0.,-0.,1.));
#9324=VECTOR('',#9323,1.000000048);
#9325=LINE('',#9322,#9324);
#9326=EDGE_CURVE('',#3987,#1176,#9325,.T.);
#9327=ORIENTED_EDGE('',*,*,#9326,.F.);
#9328=EDGE_LOOP('',(#9319,#9320,#9321,#9327));
#9329=FACE_BOUND('',#9328,.T.);
#9330=ADVANCED_FACE('',(#9329),#9318,.T.);
#9331=CARTESIAN_POINT('',(-0.940263747,30.058919836,-10.369031555));
#9332=DIRECTION('',(0.,1.,0.));
#9333=DIRECTION('',(0.,-0.,1.));
#9334=AXIS2_PLACEMENT_3D('',#9331,#9332,#9333);
#9335=PLANE('',#9334);
#9336=ORIENTED_EDGE('',*,*,#3912,.T.);
#9337=CARTESIAN_POINT('',(-16.440264462,30.058919836,6.5));
#9338=DIRECTION('',(0.,-0.,1.));
#9339=VECTOR('',#9338,1.000000048);
#9340=LINE('',#9337,#9339);
#9341=EDGE_CURVE('',#3907,#1168,#9340,.T.);
#9342=ORIENTED_EDGE('',*,*,#9341,.T.);
#9343=ORIENTED_EDGE('',*,*,#1173,.F.);
#9344=ORIENTED_EDGE('',*,*,#7674,.F.);
#9345=EDGE_LOOP('',(#9336,#9342,#9343,#9344));
#9346=FACE_BOUND('',#9345,.T.);
#9347=ADVANCED_FACE('',(#9346),#9335,.T.);
#9348=CARTESIAN_POINT('',(-16.440264462,30.058919836,-10.369031555));
#9349=DIRECTION('',(1.,0.,0.));
#9350=DIRECTION('',(0.,0.,-1.));
#9351=AXIS2_PLACEMENT_3D('',#9348,#9349,#9350);
#9352=PLANE('',#9351);
#9353=ORIENTED_EDGE('',*,*,#3998,.T.);
#9354=ORIENTED_EDGE('',*,*,#9326,.T.);
#9355=ORIENTED_EDGE('',*,*,#1181,.F.);
#9356=ORIENTED_EDGE('',*,*,#9341,.F.);
#9357=EDGE_LOOP('',(#9353,#9354,#9355,#9356));
#9358=FACE_BOUND('',#9357,.T.);
#9359=ADVANCED_FACE('',(#9358),#9352,.T.);
#9360=CARTESIAN_POINT('',(0.559736253,39.183919836,-10.369031555));
#9361=DIRECTION('',(0.,-1.,-0.));
#9362=DIRECTION('',(0.,0.,-1.));
#9363=AXIS2_PLACEMENT_3D('',#9360,#9361,#9362);
#9364=PLANE('',#9363);
#9365=ORIENTED_EDGE('',*,*,#3894,.T.);
#9366=ORIENTED_EDGE('',*,*,#7652,.F.);
#9367=ORIENTED_EDGE('',*,*,#1091,.F.);
#9368=CARTESIAN_POINT('',(0.559736253,39.183919836,6.5));
#9369=DIRECTION('',(0.,-0.,1.));
#9370=VECTOR('',#9369,1.000000048);
#9371=LINE('',#9368,#9370);
#9372=EDGE_CURVE('',#3889,#1078,#9371,.T.);
#9373=ORIENTED_EDGE('',*,*,#9372,.F.);
#9374=EDGE_LOOP('',(#9365,#9366,#9367,#9373));
#9375=FACE_BOUND('',#9374,.T.);
#9376=ADVANCED_FACE('',(#9375),#9364,.T.);
#9377=CARTESIAN_POINT('',(16.059736491,32.183919836,-10.369031555));
#9378=DIRECTION('',(0.,1.,0.));
#9379=DIRECTION('',(0.,-0.,1.));
#9380=AXIS2_PLACEMENT_3D('',#9377,#9378,#9379);
#9381=PLANE('',#9380);
#9382=ORIENTED_EDGE('',*,*,#3814,.T.);
#9383=CARTESIAN_POINT('',(0.559736253,32.183919836,6.5));
#9384=DIRECTION('',(0.,-0.,1.));
#9385=VECTOR('',#9384,1.000000048);
#9386=LINE('',#9383,#9385);
#9387=EDGE_CURVE('',#3809,#1070,#9386,.T.);
#9388=ORIENTED_EDGE('',*,*,#9387,.T.);
#9389=ORIENTED_EDGE('',*,*,#1075,.F.);
#9390=ORIENTED_EDGE('',*,*,#7630,.F.);
#9391=EDGE_LOOP('',(#9382,#9388,#9389,#9390));
#9392=FACE_BOUND('',#9391,.T.);
#9393=ADVANCED_FACE('',(#9392),#9381,.T.);
#9394=CARTESIAN_POINT('',(0.559736253,32.183919836,-10.369031555));
#9395=DIRECTION('',(1.,0.,0.));
#9396=DIRECTION('',(0.,0.,-1.));
#9397=AXIS2_PLACEMENT_3D('',#9394,#9395,#9396);
#9398=PLANE('',#9397);
#9399=ORIENTED_EDGE('',*,*,#3900,.T.);
#9400=ORIENTED_EDGE('',*,*,#9372,.T.);
#9401=ORIENTED_EDGE('',*,*,#1083,.F.);
#9402=ORIENTED_EDGE('',*,*,#9387,.F.);
#9403=EDGE_LOOP('',(#9399,#9400,#9401,#9402));
#9404=FACE_BOUND('',#9403,.T.);
#9405=ADVANCED_FACE('',(#9404),#9398,.T.);
#9406=CARTESIAN_POINT('',(-0.940263747,37.058919836,-10.369031555));
#9407=DIRECTION('',(-1.,0.,0.));
#9408=DIRECTION('',(0.,0.,1.));
#9409=AXIS2_PLACEMENT_3D('',#9406,#9407,#9408);
#9410=PLANE('',#9409);
#9411=ORIENTED_EDGE('',*,*,#3952,.T.);
#9412=CARTESIAN_POINT('',(-0.940263747,30.058919836,6.5));
#9413=DIRECTION('',(0.,-0.,1.));
#9414=VECTOR('',#9413,1.000000048);
#9415=LINE('',#9412,#9414);
#9416=EDGE_CURVE('',#3939,#1128,#9415,.T.);
#9417=ORIENTED_EDGE('',*,*,#9416,.T.);
#9418=ORIENTED_EDGE('',*,*,#1133,.F.);
#9419=CARTESIAN_POINT('',(-0.940263747,37.058919836,6.5));
#9420=DIRECTION('',(0.,-0.,1.));
#9421=VECTOR('',#9420,1.000000048);
#9422=LINE('',#9419,#9421);
#9423=EDGE_CURVE('',#3947,#1126,#9422,.T.);
#9424=ORIENTED_EDGE('',*,*,#9423,.F.);
#9425=EDGE_LOOP('',(#9411,#9417,#9418,#9424));
#9426=FACE_BOUND('',#9425,.T.);
#9427=ADVANCED_FACE('',(#9426),#9410,.T.);
#9428=CARTESIAN_POINT('',(-0.940263747,30.058919836,-10.369031555));
#9429=DIRECTION('',(0.,1.,0.));
#9430=DIRECTION('',(0.,-0.,1.));
#9431=AXIS2_PLACEMENT_3D('',#9428,#9429,#9430);
#9432=PLANE('',#9431);
#9433=ORIENTED_EDGE('',*,*,#3944,.T.);
#9434=ORIENTED_EDGE('',*,*,#7586,.F.);
#9435=ORIENTED_EDGE('',*,*,#1141,.F.);
#9436=ORIENTED_EDGE('',*,*,#9416,.F.);
#9437=EDGE_LOOP('',(#9433,#9434,#9435,#9436));
#9438=FACE_BOUND('',#9437,.T.);
#9439=ADVANCED_FACE('',(#9438),#9432,.T.);
#9440=CARTESIAN_POINT('',(-16.440264462,37.058919836,-10.369031555));
#9441=DIRECTION('',(0.,-1.,-0.));
#9442=DIRECTION('',(0.,0.,-1.));
#9443=AXIS2_PLACEMENT_3D('',#9440,#9441,#9442);
#9444=PLANE('',#9443);
#9445=ORIENTED_EDGE('',*,*,#3960,.T.);
#9446=ORIENTED_EDGE('',*,*,#9423,.T.);
#9447=ORIENTED_EDGE('',*,*,#1219,.F.);
#9448=ORIENTED_EDGE('',*,*,#7608,.F.);
#9449=EDGE_LOOP('',(#9445,#9446,#9447,#9448));
#9450=FACE_BOUND('',#9449,.T.);
#9451=ADVANCED_FACE('',(#9450),#9444,.T.);
#9452=CARTESIAN_POINT('',(-37.000712155,-28.84539039,-10.369031555));
#9453=DIRECTION('',(-0.390731255,0.9205048,0.));
#9454=DIRECTION('',(-0.9205048,-0.390731255,0.));
#9455=AXIS2_PLACEMENT_3D('',#9452,#9453,#9454);
#9456=PLANE('',#9455);
#9457=ORIENTED_EDGE('',*,*,#3780,.T.);
#9458=ORIENTED_EDGE('',*,*,#7542,.F.);
#9459=ORIENTED_EDGE('',*,*,#681,.F.);
#9460=CARTESIAN_POINT('',(-37.000712155,-28.84539039,6.5));
#9461=DIRECTION('',(0.,-0.,1.));
#9462=VECTOR('',#9461,1.000000048);
#9463=LINE('',#9460,#9462);
#9464=EDGE_CURVE('',#3775,#668,#9463,.T.);
#9465=ORIENTED_EDGE('',*,*,#9464,.F.);
#9466=EDGE_LOOP('',(#9457,#9458,#9459,#9465));
#9467=FACE_BOUND('',#9466,.T.);
#9468=ADVANCED_FACE('',(#9467),#9456,.T.);
#9469=CARTESIAN_POINT('',(-54.003653287,-28.458189081,-10.369031555));
#9470=DIRECTION('',(0.390730749,-0.920505015,-0.));
#9471=DIRECTION('',(0.920505015,0.390730749,0.));
#9472=AXIS2_PLACEMENT_3D('',#9469,#9470,#9471);
#9473=PLANE('',#9472);
#9474=ORIENTED_EDGE('',*,*,#3796,.T.);
#9475=CARTESIAN_POINT('',(-39.73582446,-22.40186201,6.5));
#9476=DIRECTION('',(0.,-0.,1.));
#9477=VECTOR('',#9476,1.000000048);
#9478=LINE('',#9475,#9477);
#9479=EDGE_CURVE('',#3783,#660,#9478,.T.);
#9480=ORIENTED_EDGE('',*,*,#9479,.T.);
#9481=ORIENTED_EDGE('',*,*,#665,.F.);
#9482=ORIENTED_EDGE('',*,*,#7564,.F.);
#9483=EDGE_LOOP('',(#9474,#9480,#9481,#9482));
#9484=FACE_BOUND('',#9483,.T.);
#9485=ADVANCED_FACE('',(#9484),#9473,.T.);
#9486=CARTESIAN_POINT('',(-39.73582446,-22.40186201,-10.369031555));
#9487=DIRECTION('',(-0.920505019,-0.390730739,-0.));
#9488=DIRECTION('',(0.390730739,-0.920505019,0.));
#9489=AXIS2_PLACEMENT_3D('',#9486,#9487,#9488);
#9490=PLANE('',#9489);
#9491=ORIENTED_EDGE('',*,*,#3788,.T.);
#9492=ORIENTED_EDGE('',*,*,#9464,.T.);
#9493=ORIENTED_EDGE('',*,*,#673,.F.);
#9494=ORIENTED_EDGE('',*,*,#9479,.F.);
#9495=EDGE_LOOP('',(#9491,#9492,#9493,#9494));
#9496=FACE_BOUND('',#9495,.T.);
#9497=ADVANCED_FACE('',(#9496),#9490,.T.);
#9498=CARTESIAN_POINT('',(16.059736491,39.183919836,-10.369031555));
#9499=DIRECTION('',(-1.,0.,0.));
#9500=DIRECTION('',(0.,0.,1.));
#9501=AXIS2_PLACEMENT_3D('',#9498,#9499,#9500);
#9502=PLANE('',#9501);
#9503=ORIENTED_EDGE('',*,*,#3854,.T.);
#9504=CARTESIAN_POINT('',(16.059736491,32.183919836,6.5));
#9505=DIRECTION('',(0.,-0.,1.));
#9506=VECTOR('',#9505,1.000000048);
#9507=LINE('',#9504,#9506);
#9508=EDGE_CURVE('',#3841,#1030,#9507,.T.);
#9509=ORIENTED_EDGE('',*,*,#9508,.T.);
#9510=ORIENTED_EDGE('',*,*,#1035,.F.);
#9511=CARTESIAN_POINT('',(16.059736491,39.183919836,6.5));
#9512=DIRECTION('',(0.,-0.,1.));
#9513=VECTOR('',#9512,1.000000048);
#9514=LINE('',#9511,#9513);
#9515=EDGE_CURVE('',#3849,#1028,#9514,.T.);
#9516=ORIENTED_EDGE('',*,*,#9515,.F.);
#9517=EDGE_LOOP('',(#9503,#9509,#9510,#9516));
#9518=FACE_BOUND('',#9517,.T.);
#9519=ADVANCED_FACE('',(#9518),#9502,.T.);
#9520=CARTESIAN_POINT('',(16.059736491,32.183919836,-10.369031555));
#9521=DIRECTION('',(0.,1.,0.));
#9522=DIRECTION('',(0.,-0.,1.));
#9523=AXIS2_PLACEMENT_3D('',#9520,#9521,#9522);
#9524=PLANE('',#9523);
#9525=ORIENTED_EDGE('',*,*,#3846,.T.);
#9526=ORIENTED_EDGE('',*,*,#7498,.F.);
#9527=ORIENTED_EDGE('',*,*,#1043,.F.);
#9528=ORIENTED_EDGE('',*,*,#9508,.F.);
#9529=EDGE_LOOP('',(#9525,#9526,#9527,#9528));
#9530=FACE_BOUND('',#9529,.T.);
#9531=ADVANCED_FACE('',(#9530),#9524,.T.);
#9532=CARTESIAN_POINT('',(0.559736253,39.183919836,-10.369031555));
#9533=DIRECTION('',(0.,-1.,-0.));
#9534=DIRECTION('',(0.,0.,-1.));
#9535=AXIS2_PLACEMENT_3D('',#9532,#9533,#9534);
#9536=PLANE('',#9535);
#9537=ORIENTED_EDGE('',*,*,#3862,.T.);
#9538=ORIENTED_EDGE('',*,*,#9515,.T.);
#9539=ORIENTED_EDGE('',*,*,#1121,.F.);
#9540=ORIENTED_EDGE('',*,*,#7520,.F.);
#9541=EDGE_LOOP('',(#9537,#9538,#9539,#9540));
#9542=FACE_BOUND('',#9541,.T.);
#9543=ADVANCED_FACE('',(#9542),#9536,.T.);
#9544=CARTESIAN_POINT('',(-0.940263747,-3.941080641,-10.369031555));
#9545=DIRECTION('',(0.,1.,0.));
#9546=DIRECTION('',(0.,-0.,1.));
#9547=AXIS2_PLACEMENT_3D('',#9544,#9545,#9546);
#9548=PLANE('',#9547);
#9549=ORIENTED_EDGE('',*,*,#4238,.T.);
#9550=ORIENTED_EDGE('',*,*,#7454,.F.);
#9551=ORIENTED_EDGE('',*,*,#1435,.F.);
#9552=CARTESIAN_POINT('',(-0.940263747,-3.941080641,6.5));
#9553=DIRECTION('',(0.,-0.,1.));
#9554=VECTOR('',#9553,1.000000048);
#9555=LINE('',#9552,#9554);
#9556=EDGE_CURVE('',#4233,#1422,#9555,.T.);
#9557=ORIENTED_EDGE('',*,*,#9556,.F.);
#9558=EDGE_LOOP('',(#9549,#9550,#9551,#9557));
#9559=FACE_BOUND('',#9558,.T.);
#9560=ADVANCED_FACE('',(#9559),#9548,.T.);
#9561=CARTESIAN_POINT('',(-16.440264462,3.05891924,-10.369031555));
#9562=DIRECTION('',(0.,-1.,-0.));
#9563=DIRECTION('',(0.,0.,-1.));
#9564=AXIS2_PLACEMENT_3D('',#9561,#9562,#9563);
#9565=PLANE('',#9564);
#9566=ORIENTED_EDGE('',*,*,#4254,.T.);
#9567=CARTESIAN_POINT('',(-0.940263747,3.05891924,6.5));
#9568=DIRECTION('',(0.,-0.,1.));
#9569=VECTOR('',#9568,1.000000048);
#9570=LINE('',#9567,#9569);
#9571=EDGE_CURVE('',#4241,#1420,#9570,.T.);
#9572=ORIENTED_EDGE('',*,*,#9571,.T.);
#9573=ORIENTED_EDGE('',*,*,#1513,.F.);
#9574=ORIENTED_EDGE('',*,*,#7476,.F.);
#9575=EDGE_LOOP('',(#9566,#9572,#9573,#9574));
#9576=FACE_BOUND('',#9575,.T.);
#9577=ADVANCED_FACE('',(#9576),#9565,.T.);
#9578=CARTESIAN_POINT('',(-0.940263747,3.05891924,-10.369031555));
#9579=DIRECTION('',(-1.,0.,0.));
#9580=DIRECTION('',(0.,0.,1.));
#9581=AXIS2_PLACEMENT_3D('',#9578,#9579,#9580);
#9582=PLANE('',#9581);
#9583=ORIENTED_EDGE('',*,*,#4246,.T.);
#9584=ORIENTED_EDGE('',*,*,#9556,.T.);
#9585=ORIENTED_EDGE('',*,*,#1427,.F.);
#9586=ORIENTED_EDGE('',*,*,#9571,.F.);
#9587=EDGE_LOOP('',(#9583,#9584,#9585,#9586));
#9588=FACE_BOUND('',#9587,.T.);
#9589=ADVANCED_FACE('',(#9588),#9582,.T.);
#9590=CARTESIAN_POINT('',(-16.440264462,-3.941080641,-10.369031555));
#9591=DIRECTION('',(1.,0.,0.));
#9592=DIRECTION('',(0.,0.,-1.));
#9593=AXIS2_PLACEMENT_3D('',#9590,#9591,#9592);
#9594=PLANE('',#9593);
#9595=ORIENTED_EDGE('',*,*,#4292,.T.);
#9596=CARTESIAN_POINT('',(-16.440264462,3.05891924,6.5));
#9597=DIRECTION('',(0.,-0.,1.));
#9598=VECTOR('',#9597,1.000000048);
#9599=LINE('',#9596,#9598);
#9600=EDGE_CURVE('',#4281,#1470,#9599,.T.);
#9601=ORIENTED_EDGE('',*,*,#9600,.T.);
#9602=ORIENTED_EDGE('',*,*,#1475,.F.);
#9603=CARTESIAN_POINT('',(-16.440264462,-3.941080641,6.5));
#9604=DIRECTION('',(0.,-0.,1.));
#9605=VECTOR('',#9604,1.000000048);
#9606=LINE('',#9603,#9605);
#9607=EDGE_CURVE('',#4201,#1462,#9606,.T.);
#9608=ORIENTED_EDGE('',*,*,#9607,.F.);
#9609=EDGE_LOOP('',(#9595,#9601,#9602,#9608));
#9610=FACE_BOUND('',#9609,.T.);
#9611=ADVANCED_FACE('',(#9610),#9594,.T.);
#9612=CARTESIAN_POINT('',(-0.940263747,-3.941080641,-10.369031555));
#9613=DIRECTION('',(0.,1.,0.));
#9614=DIRECTION('',(0.,-0.,1.));
#9615=AXIS2_PLACEMENT_3D('',#9612,#9613,#9614);
#9616=PLANE('',#9615);
#9617=ORIENTED_EDGE('',*,*,#4206,.T.);
#9618=ORIENTED_EDGE('',*,*,#9607,.T.);
#9619=ORIENTED_EDGE('',*,*,#1467,.F.);
#9620=ORIENTED_EDGE('',*,*,#7410,.F.);
#9621=EDGE_LOOP('',(#9617,#9618,#9619,#9620));
#9622=FACE_BOUND('',#9621,.T.);
#9623=ADVANCED_FACE('',(#9622),#9616,.T.);
#9624=CARTESIAN_POINT('',(-16.440264462,3.05891924,-10.369031555));
#9625=DIRECTION('',(0.,-1.,-0.));
#9626=DIRECTION('',(0.,0.,-1.));
#9627=AXIS2_PLACEMENT_3D('',#9624,#9625,#9626);
#9628=PLANE('',#9627);
#9629=ORIENTED_EDGE('',*,*,#4286,.T.);
#9630=ORIENTED_EDGE('',*,*,#7432,.F.);
#9631=ORIENTED_EDGE('',*,*,#1483,.F.);
#9632=ORIENTED_EDGE('',*,*,#9600,.F.);
#9633=EDGE_LOOP('',(#9629,#9630,#9631,#9632));
#9634=FACE_BOUND('',#9633,.T.);
#9635=ADVANCED_FACE('',(#9634),#9628,.T.);
#9636=CARTESIAN_POINT('',(-17.940264462,-6.066081118,-10.369031555));
#9637=DIRECTION('',(0.,1.,0.));
#9638=DIRECTION('',(0.,-0.,1.));
#9639=AXIS2_PLACEMENT_3D('',#9636,#9637,#9638);
#9640=PLANE('',#9639);
#9641=ORIENTED_EDGE('',*,*,#4140,.T.);
#9642=ORIENTED_EDGE('',*,*,#7366,.F.);
#9643=ORIENTED_EDGE('',*,*,#1337,.F.);
#9644=CARTESIAN_POINT('',(-17.940264462,-6.066081118,6.5));
#9645=DIRECTION('',(0.,-0.,1.));
#9646=VECTOR('',#9645,1.000000048);
#9647=LINE('',#9644,#9646);
#9648=EDGE_CURVE('',#4135,#1324,#9647,.T.);
#9649=ORIENTED_EDGE('',*,*,#9648,.F.);
#9650=EDGE_LOOP('',(#9641,#9642,#9643,#9649));
#9651=FACE_BOUND('',#9650,.T.);
#9652=ADVANCED_FACE('',(#9651),#9640,.T.);
#9653=CARTESIAN_POINT('',(-33.440264462,0.93391924,-10.369031555));
#9654=DIRECTION('',(0.,-1.,-0.));
#9655=DIRECTION('',(0.,0.,-1.));
#9656=AXIS2_PLACEMENT_3D('',#9653,#9654,#9655);
#9657=PLANE('',#9656);
#9658=ORIENTED_EDGE('',*,*,#4156,.T.);
#9659=CARTESIAN_POINT('',(-17.940264462,0.93391924,6.5));
#9660=DIRECTION('',(0.,-0.,1.));
#9661=VECTOR('',#9660,1.000000048);
#9662=LINE('',#9659,#9661);
#9663=EDGE_CURVE('',#4143,#1322,#9662,.T.);
#9664=ORIENTED_EDGE('',*,*,#9663,.T.);
#9665=ORIENTED_EDGE('',*,*,#1415,.F.);
#9666=ORIENTED_EDGE('',*,*,#7388,.F.);
#9667=EDGE_LOOP('',(#9658,#9664,#9665,#9666));
#9668=FACE_BOUND('',#9667,.T.);
#9669=ADVANCED_FACE('',(#9668),#9657,.T.);
#9670=CARTESIAN_POINT('',(-17.940264462,0.93391924,-10.369031555));
#9671=DIRECTION('',(-1.,0.,0.));
#9672=DIRECTION('',(0.,0.,1.));
#9673=AXIS2_PLACEMENT_3D('',#9670,#9671,#9672);
#9674=PLANE('',#9673);
#9675=ORIENTED_EDGE('',*,*,#4148,.T.);
#9676=ORIENTED_EDGE('',*,*,#9648,.T.);
#9677=ORIENTED_EDGE('',*,*,#1329,.F.);
#9678=ORIENTED_EDGE('',*,*,#9663,.F.);
#9679=EDGE_LOOP('',(#9675,#9676,#9677,#9678));
#9680=FACE_BOUND('',#9679,.T.);
#9681=ADVANCED_FACE('',(#9680),#9674,.T.);
#9682=CARTESIAN_POINT('',(-33.440264462,-6.066081118,-10.369031555));
#9683=DIRECTION('',(1.,0.,0.));
#9684=DIRECTION('',(0.,0.,-1.));
#9685=AXIS2_PLACEMENT_3D('',#9682,#9683,#9684);
#9686=PLANE('',#9685);
#9687=ORIENTED_EDGE('',*,*,#4194,.T.);
#9688=CARTESIAN_POINT('',(-33.440264462,0.93391924,6.5));
#9689=DIRECTION('',(0.,-0.,1.));
#9690=VECTOR('',#9689,1.000000048);
#9691=LINE('',#9688,#9690);
#9692=EDGE_CURVE('',#4183,#1372,#9691,.T.);
#9693=ORIENTED_EDGE('',*,*,#9692,.T.);
#9694=ORIENTED_EDGE('',*,*,#1377,.F.);
#9695=CARTESIAN_POINT('',(-33.440264462,-6.066081118,6.5));
#9696=DIRECTION('',(0.,-0.,1.));
#9697=VECTOR('',#9696,1.000000048);
#9698=LINE('',#9695,#9697);
#9699=EDGE_CURVE('',#4103,#1364,#9698,.T.);
#9700=ORIENTED_EDGE('',*,*,#9699,.F.);
#9701=EDGE_LOOP('',(#9687,#9693,#9694,#9700));
#9702=FACE_BOUND('',#9701,.T.);
#9703=ADVANCED_FACE('',(#9702),#9686,.T.);
#9704=CARTESIAN_POINT('',(-17.940264462,-6.066081118,-10.369031555));
#9705=DIRECTION('',(0.,1.,0.));
#9706=DIRECTION('',(0.,-0.,1.));
#9707=AXIS2_PLACEMENT_3D('',#9704,#9705,#9706);
#9708=PLANE('',#9707);
#9709=ORIENTED_EDGE('',*,*,#4108,.T.);
#9710=ORIENTED_EDGE('',*,*,#9699,.T.);
#9711=ORIENTED_EDGE('',*,*,#1369,.F.);
#9712=ORIENTED_EDGE('',*,*,#7322,.F.);
#9713=EDGE_LOOP('',(#9709,#9710,#9711,#9712));
#9714=FACE_BOUND('',#9713,.T.);
#9715=ADVANCED_FACE('',(#9714),#9708,.T.);
#9716=CARTESIAN_POINT('',(-33.440264462,0.93391924,-10.369031555));
#9717=DIRECTION('',(0.,-1.,-0.));
#9718=DIRECTION('',(0.,0.,-1.));
#9719=AXIS2_PLACEMENT_3D('',#9716,#9717,#9718);
#9720=PLANE('',#9719);
#9721=ORIENTED_EDGE('',*,*,#4188,.T.);
#9722=ORIENTED_EDGE('',*,*,#7344,.F.);
#9723=ORIENTED_EDGE('',*,*,#1385,.F.);
#9724=ORIENTED_EDGE('',*,*,#9692,.F.);
#9725=EDGE_LOOP('',(#9721,#9722,#9723,#9724));
#9726=FACE_BOUND('',#9725,.T.);
#9727=ADVANCED_FACE('',(#9726),#9720,.T.);
#9728=CARTESIAN_POINT('',(-51.268534421,-34.901723932,-10.369031555));
#9729=DIRECTION('',(0.920504823,0.3907312,0.));
#9730=DIRECTION('',(-0.3907312,0.920504823,-0.));
#9731=AXIS2_PLACEMENT_3D('',#9728,#9729,#9730);
#9732=PLANE('',#9731);
#9733=ORIENTED_EDGE('',*,*,#3740,.T.);
#9734=CARTESIAN_POINT('',(-54.003653287,-28.458189081,6.5));
#9735=DIRECTION('',(0.,-0.,1.));
#9736=VECTOR('',#9735,1.000000048);
#9737=LINE('',#9734,#9736);
#9738=EDGE_CURVE('',#3727,#716,#9737,.T.);
#9739=ORIENTED_EDGE('',*,*,#9738,.T.);
#9740=ORIENTED_EDGE('',*,*,#721,.F.);
#9741=CARTESIAN_POINT('',(-51.268534421,-34.901723932,6.5));
#9742=DIRECTION('',(0.,-0.,1.));
#9743=VECTOR('',#9742,1.000000048);
#9744=LINE('',#9741,#9743);
#9745=EDGE_CURVE('',#3735,#708,#9744,.T.);
#9746=ORIENTED_EDGE('',*,*,#9745,.F.);
#9747=EDGE_LOOP('',(#9733,#9739,#9740,#9746));
#9748=FACE_BOUND('',#9747,.T.);
#9749=ADVANCED_FACE('',(#9748),#9732,.T.);
#9750=CARTESIAN_POINT('',(-37.000712155,-28.84539039,-10.369031555));
#9751=DIRECTION('',(-0.390731255,0.9205048,0.));
#9752=DIRECTION('',(-0.9205048,-0.390731255,0.));
#9753=AXIS2_PLACEMENT_3D('',#9750,#9751,#9752);
#9754=PLANE('',#9753);
#9755=ORIENTED_EDGE('',*,*,#3748,.T.);
#9756=ORIENTED_EDGE('',*,*,#9745,.T.);
#9757=ORIENTED_EDGE('',*,*,#713,.F.);
#9758=ORIENTED_EDGE('',*,*,#7283,.F.);
#9759=EDGE_LOOP('',(#9755,#9756,#9757,#9758));
#9760=FACE_BOUND('',#9759,.T.);
#9761=ADVANCED_FACE('',(#9760),#9754,.T.);
#9762=CARTESIAN_POINT('',(-54.003653287,-28.458189081,-10.369031555));
#9763=DIRECTION('',(0.390730749,-0.920505015,-0.));
#9764=DIRECTION('',(0.920505015,0.390730749,0.));
#9765=AXIS2_PLACEMENT_3D('',#9762,#9763,#9764);
#9766=PLANE('',#9765);
#9767=ORIENTED_EDGE('',*,*,#3732,.T.);
#9768=ORIENTED_EDGE('',*,*,#7305,.F.);
#9769=ORIENTED_EDGE('',*,*,#729,.F.);
#9770=ORIENTED_EDGE('',*,*,#9738,.F.);
#9771=EDGE_LOOP('',(#9767,#9768,#9769,#9770));
#9772=FACE_BOUND('',#9771,.T.);
#9773=ADVANCED_FACE('',(#9772),#9766,.T.);
#9774=CARTESIAN_POINT('',(3.309736253,-24.426080774,-10.369031555));
#9775=DIRECTION('',(0.,1.,0.));
#9776=DIRECTION('',(0.,-0.,1.));
#9777=AXIS2_PLACEMENT_3D('',#9774,#9775,#9776);
#9778=PLANE('',#9777);
#9779=ORIENTED_EDGE('',*,*,#4336,.T.);
#9780=ORIENTED_EDGE('',*,*,#7239,.F.);
#9781=ORIENTED_EDGE('',*,*,#1533,.F.);
#9782=CARTESIAN_POINT('',(3.309736253,-24.426080774,6.5));
#9783=DIRECTION('',(0.,-0.,1.));
#9784=VECTOR('',#9783,1.000000048);
#9785=LINE('',#9782,#9784);
#9786=EDGE_CURVE('',#4331,#1520,#9785,.T.);
#9787=ORIENTED_EDGE('',*,*,#9786,.F.);
#9788=EDGE_LOOP('',(#9779,#9780,#9781,#9787));
#9789=FACE_BOUND('',#9788,.T.);
#9790=ADVANCED_FACE('',(#9789),#9778,.T.);
#9791=CARTESIAN_POINT('',(-12.190264462,-17.426080774,-10.369031555));
#9792=DIRECTION('',(0.,-1.,-0.));
#9793=DIRECTION('',(0.,0.,-1.));
#9794=AXIS2_PLACEMENT_3D('',#9791,#9792,#9793);
#9795=PLANE('',#9794);
#9796=ORIENTED_EDGE('',*,*,#4352,.T.);
#9797=CARTESIAN_POINT('',(3.309736253,-17.426080774,6.5));
#9798=DIRECTION('',(0.,-0.,1.));
#9799=VECTOR('',#9798,1.000000048);
#9800=LINE('',#9797,#9799);
#9801=EDGE_CURVE('',#4339,#1518,#9800,.T.);
#9802=ORIENTED_EDGE('',*,*,#9801,.T.);
#9803=ORIENTED_EDGE('',*,*,#1611,.F.);
#9804=ORIENTED_EDGE('',*,*,#7261,.F.);
#9805=EDGE_LOOP('',(#9796,#9802,#9803,#9804));
#9806=FACE_BOUND('',#9805,.T.);
#9807=ADVANCED_FACE('',(#9806),#9795,.T.);
#9808=CARTESIAN_POINT('',(3.309736253,-17.426080774,-10.369031555));
#9809=DIRECTION('',(-1.,0.,0.));
#9810=DIRECTION('',(0.,0.,1.));
#9811=AXIS2_PLACEMENT_3D('',#9808,#9809,#9810);
#9812=PLANE('',#9811);
#9813=ORIENTED_EDGE('',*,*,#4344,.T.);
#9814=ORIENTED_EDGE('',*,*,#9786,.T.);
#9815=ORIENTED_EDGE('',*,*,#1525,.F.);
#9816=ORIENTED_EDGE('',*,*,#9801,.F.);
#9817=EDGE_LOOP('',(#9813,#9814,#9815,#9816));
#9818=FACE_BOUND('',#9817,.T.);
#9819=ADVANCED_FACE('',(#9818),#9812,.T.);
#9820=CARTESIAN_POINT('',(-12.190264462,-24.426080774,-10.369031555));
#9821=DIRECTION('',(1.,0.,0.));
#9822=DIRECTION('',(0.,0.,-1.));
#9823=AXIS2_PLACEMENT_3D('',#9820,#9821,#9822);
#9824=PLANE('',#9823);
#9825=ORIENTED_EDGE('',*,*,#4390,.T.);
#9826=CARTESIAN_POINT('',(-12.190264462,-17.426080774,6.5));
#9827=DIRECTION('',(0.,-0.,1.));
#9828=VECTOR('',#9827,1.000000048);
#9829=LINE('',#9826,#9828);
#9830=EDGE_CURVE('',#4379,#1568,#9829,.T.);
#9831=ORIENTED_EDGE('',*,*,#9830,.T.);
#9832=ORIENTED_EDGE('',*,*,#1573,.F.);
#9833=CARTESIAN_POINT('',(-12.190264462,-24.426080774,6.5));
#9834=DIRECTION('',(0.,-0.,1.));
#9835=VECTOR('',#9834,1.000000048);
#9836=LINE('',#9833,#9835);
#9837=EDGE_CURVE('',#4299,#1560,#9836,.T.);
#9838=ORIENTED_EDGE('',*,*,#9837,.F.);
#9839=EDGE_LOOP('',(#9825,#9831,#9832,#9838));
#9840=FACE_BOUND('',#9839,.T.);
#9841=ADVANCED_FACE('',(#9840),#9824,.T.);
#9842=CARTESIAN_POINT('',(3.309736253,-24.426080774,-10.369031555));
#9843=DIRECTION('',(0.,1.,0.));
#9844=DIRECTION('',(0.,-0.,1.));
#9845=AXIS2_PLACEMENT_3D('',#9842,#9843,#9844);
#9846=PLANE('',#9845);
#9847=ORIENTED_EDGE('',*,*,#4304,.T.);
#9848=ORIENTED_EDGE('',*,*,#9837,.T.);
#9849=ORIENTED_EDGE('',*,*,#1565,.F.);
#9850=ORIENTED_EDGE('',*,*,#7195,.F.);
#9851=EDGE_LOOP('',(#9847,#9848,#9849,#9850));
#9852=FACE_BOUND('',#9851,.T.);
#9853=ADVANCED_FACE('',(#9852),#9846,.T.);
#9854=CARTESIAN_POINT('',(-12.190264462,-17.426080774,-10.369031555));
#9855=DIRECTION('',(0.,-1.,-0.));
#9856=DIRECTION('',(0.,0.,-1.));
#9857=AXIS2_PLACEMENT_3D('',#9854,#9855,#9856);
#9858=PLANE('',#9857);
#9859=ORIENTED_EDGE('',*,*,#4384,.T.);
#9860=ORIENTED_EDGE('',*,*,#7217,.F.);
#9861=ORIENTED_EDGE('',*,*,#1581,.F.);
#9862=ORIENTED_EDGE('',*,*,#9830,.F.);
#9863=EDGE_LOOP('',(#9859,#9860,#9861,#9862));
#9864=FACE_BOUND('',#9863,.T.);
#9865=ADVANCED_FACE('',(#9864),#9858,.T.);
#9866=CARTESIAN_POINT('',(-19.316955316,-24.820384551,-10.369031555));
#9867=DIRECTION('',(-0.206716491,0.978400885,0.));
#9868=DIRECTION('',(-0.978400885,-0.206716491,0.));
#9869=AXIS2_PLACEMENT_3D('',#9866,#9867,#9868);
#9870=PLANE('',#9869);
#9871=ORIENTED_EDGE('',*,*,#4434,.T.);
#9872=ORIENTED_EDGE('',*,*,#7151,.F.);
#9873=ORIENTED_EDGE('',*,*,#1631,.F.);
#9874=CARTESIAN_POINT('',(-19.316955316,-24.820384551,6.5));
#9875=DIRECTION('',(0.,-0.,1.));
#9876=VECTOR('',#9875,1.000000048);
#9877=LINE('',#9874,#9876);
#9878=EDGE_CURVE('',#4429,#1618,#9877,.T.);
#9879=ORIENTED_EDGE('',*,*,#9878,.F.);
#9880=EDGE_LOOP('',(#9871,#9872,#9873,#9879));
#9881=FACE_BOUND('',#9880,.T.);
#9882=ADVANCED_FACE('',(#9881),#9870,.T.);
#9883=CARTESIAN_POINT('',(-35.929178952,-21.175682139,-10.369031555));
#9884=DIRECTION('',(0.206716466,-0.978400891,-0.));
#9885=DIRECTION('',(0.978400891,0.206716466,0.));
#9886=AXIS2_PLACEMENT_3D('',#9883,#9884,#9885);
#9887=PLANE('',#9886);
#9888=ORIENTED_EDGE('',*,*,#4450,.T.);
#9889=CARTESIAN_POINT('',(-20.763964414,-17.971576761,6.5));
#9890=DIRECTION('',(0.,-0.,1.));
#9891=VECTOR('',#9890,1.000000048);
#9892=LINE('',#9889,#9891);
#9893=EDGE_CURVE('',#4437,#1616,#9892,.T.);
#9894=ORIENTED_EDGE('',*,*,#9893,.T.);
#9895=ORIENTED_EDGE('',*,*,#1709,.F.);
#9896=ORIENTED_EDGE('',*,*,#7173,.F.);
#9897=EDGE_LOOP('',(#9888,#9894,#9895,#9896));
#9898=FACE_BOUND('',#9897,.T.);
#9899=ADVANCED_FACE('',(#9898),#9887,.T.);
#9900=CARTESIAN_POINT('',(-20.763964414,-17.971576761,-10.369031555));
#9901=DIRECTION('',(-0.978401078,-0.206715578,-0.));
#9902=DIRECTION('',(0.206715578,-0.978401078,-0.));
#9903=AXIS2_PLACEMENT_3D('',#9900,#9901,#9902);
#9904=PLANE('',#9903);
#9905=ORIENTED_EDGE('',*,*,#4442,.T.);
#9906=ORIENTED_EDGE('',*,*,#9878,.T.);
#9907=ORIENTED_EDGE('',*,*,#1623,.F.);
#9908=ORIENTED_EDGE('',*,*,#9893,.F.);
#9909=EDGE_LOOP('',(#9905,#9906,#9907,#9908));
#9910=FACE_BOUND('',#9909,.T.);
#9911=ADVANCED_FACE('',(#9910),#9904,.T.);
#9912=CARTESIAN_POINT('',(-34.482161282,-28.02448852,-10.369031555));
#9913=DIRECTION('',(0.978400822,0.206716791,0.));
#9914=DIRECTION('',(-0.206716791,0.978400822,0.));
#9915=AXIS2_PLACEMENT_3D('',#9912,#9913,#9914);
#9916=PLANE('',#9915);
#9917=ORIENTED_EDGE('',*,*,#4488,.T.);
#9918=CARTESIAN_POINT('',(-35.929178952,-21.175682139,6.5));
#9919=DIRECTION('',(0.,-0.,1.));
#9920=VECTOR('',#9919,1.000000048);
#9921=LINE('',#9918,#9920);
#9922=EDGE_CURVE('',#4477,#1666,#9921,.T.);
#9923=ORIENTED_EDGE('',*,*,#9922,.T.);
#9924=ORIENTED_EDGE('',*,*,#1671,.F.);
#9925=CARTESIAN_POINT('',(-34.482161282,-28.02448852,6.5));
#9926=DIRECTION('',(0.,-0.,1.));
#9927=VECTOR('',#9926,1.000000048);
#9928=LINE('',#9925,#9927);
#9929=EDGE_CURVE('',#4397,#1658,#9928,.T.);
#9930=ORIENTED_EDGE('',*,*,#9929,.F.);
#9931=EDGE_LOOP('',(#9917,#9923,#9924,#9930));
#9932=FACE_BOUND('',#9931,.T.);
#9933=ADVANCED_FACE('',(#9932),#9916,.T.);
#9934=CARTESIAN_POINT('',(-19.316955316,-24.820384551,-10.369031555));
#9935=DIRECTION('',(-0.206716491,0.978400885,0.));
#9936=DIRECTION('',(-0.978400885,-0.206716491,0.));
#9937=AXIS2_PLACEMENT_3D('',#9934,#9935,#9936);
#9938=PLANE('',#9937);
#9939=ORIENTED_EDGE('',*,*,#4402,.T.);
#9940=ORIENTED_EDGE('',*,*,#9929,.T.);
#9941=ORIENTED_EDGE('',*,*,#1663,.F.);
#9942=ORIENTED_EDGE('',*,*,#7107,.F.);
#9943=EDGE_LOOP('',(#9939,#9940,#9941,#9942));
#9944=FACE_BOUND('',#9943,.T.);
#9945=ADVANCED_FACE('',(#9944),#9938,.T.);
#9946=CARTESIAN_POINT('',(-35.929178952,-21.175682139,-10.369031555));
#9947=DIRECTION('',(0.206716466,-0.978400891,-0.));
#9948=DIRECTION('',(0.978400891,0.206716466,0.));
#9949=AXIS2_PLACEMENT_3D('',#9946,#9947,#9948);
#9950=PLANE('',#9949);
#9951=ORIENTED_EDGE('',*,*,#4482,.T.);
#9952=ORIENTED_EDGE('',*,*,#7129,.F.);
#9953=ORIENTED_EDGE('',*,*,#1679,.F.);
#9954=ORIENTED_EDGE('',*,*,#9922,.F.);
#9955=EDGE_LOOP('',(#9951,#9952,#9953,#9954));
#9956=FACE_BOUND('',#9955,.T.);
#9957=ADVANCED_FACE('',(#9956),#9950,.T.);
#9958=CARTESIAN_POINT('',(0.559736253,22.183919836,-17.298109062));
#9959=DIRECTION('',(0.,-1.,-0.));
#9960=DIRECTION('',(0.,0.,-1.));
#9961=AXIS2_PLACEMENT_3D('',#9958,#9959,#9960);
#9962=PLANE('',#9961);
#9963=ORIENTED_EDGE('',*,*,#5070,.T.);
#9964=ORIENTED_EDGE('',*,*,#7085,.F.);
#9965=ORIENTED_EDGE('',*,*,#2267,.F.);
#9966=CARTESIAN_POINT('',(0.559736253,22.183919836,6.5));
#9967=DIRECTION('',(0.,-0.,1.));
#9968=VECTOR('',#9967,1.000000048);
#9969=LINE('',#9966,#9968);
#9970=EDGE_CURVE('',#5065,#2254,#9969,.T.);
#9971=ORIENTED_EDGE('',*,*,#9970,.F.);
#9972=EDGE_LOOP('',(#9963,#9964,#9965,#9971));
#9973=FACE_BOUND('',#9972,.T.);
#9974=ADVANCED_FACE('',(#9973),#9962,.T.);
#9975=CARTESIAN_POINT('',(16.059736491,15.183918882,-17.298109062));
#9976=DIRECTION('',(0.,1.,0.));
#9977=DIRECTION('',(0.,-0.,1.));
#9978=AXIS2_PLACEMENT_3D('',#9975,#9976,#9977);
#9979=PLANE('',#9978);
#9980=ORIENTED_EDGE('',*,*,#4990,.T.);
#9981=CARTESIAN_POINT('',(0.559736253,15.183918882,6.5));
#9982=DIRECTION('',(0.,-0.,1.));
#9983=VECTOR('',#9982,1.000000048);
#9984=LINE('',#9981,#9983);
#9985=EDGE_CURVE('',#4985,#2246,#9984,.T.);
#9986=ORIENTED_EDGE('',*,*,#9985,.T.);
#9987=ORIENTED_EDGE('',*,*,#2251,.F.);
#9988=ORIENTED_EDGE('',*,*,#7063,.F.);
#9989=EDGE_LOOP('',(#9980,#9986,#9987,#9988));
#9990=FACE_BOUND('',#9989,.T.);
#9991=ADVANCED_FACE('',(#9990),#9979,.T.);
#9992=CARTESIAN_POINT('',(0.559736253,15.183918882,-17.298109062));
#9993=DIRECTION('',(1.,0.,0.));
#9994=DIRECTION('',(0.,0.,-1.));
#9995=AXIS2_PLACEMENT_3D('',#9992,#9993,#9994);
#9996=PLANE('',#9995);
#9997=ORIENTED_EDGE('',*,*,#5076,.T.);
#9998=ORIENTED_EDGE('',*,*,#9970,.T.);
#9999=ORIENTED_EDGE('',*,*,#2259,.F.);
#10000=ORIENTED_EDGE('',*,*,#9985,.F.);
#10001=EDGE_LOOP('',(#9997,#9998,#9999,#10000));
#10002=FACE_BOUND('',#10001,.T.);
#10003=ADVANCED_FACE('',(#10002),#9996,.T.);
#10004=CARTESIAN_POINT('',(17.559736491,37.058919836,-17.298109062));
#10005=DIRECTION('',(0.,-1.,-0.));
#10006=DIRECTION('',(0.,0.,-1.));
#10007=AXIS2_PLACEMENT_3D('',#10004,#10005,#10006);
#10008=PLANE('',#10007);
#10009=ORIENTED_EDGE('',*,*,#4678,.T.);
#10010=ORIENTED_EDGE('',*,*,#7041,.F.);
#10011=ORIENTED_EDGE('',*,*,#1875,.F.);
#10012=CARTESIAN_POINT('',(17.559736491,37.058919836,6.5));
#10013=DIRECTION('',(0.,-0.,1.));
#10014=VECTOR('',#10013,1.000000048);
#10015=LINE('',#10012,#10014);
#10016=EDGE_CURVE('',#4673,#1862,#10015,.T.);
#10017=ORIENTED_EDGE('',*,*,#10016,.F.);
#10018=EDGE_LOOP('',(#10009,#10010,#10011,#10017));
#10019=FACE_BOUND('',#10018,.T.);
#10020=ADVANCED_FACE('',(#10019),#10008,.T.);
#10021=CARTESIAN_POINT('',(33.059735538,30.058919836,-17.298109062));
#10022=DIRECTION('',(0.,1.,0.));
#10023=DIRECTION('',(0.,-0.,1.));
#10024=AXIS2_PLACEMENT_3D('',#10021,#10022,#10023);
#10025=PLANE('',#10024);
#10026=ORIENTED_EDGE('',*,*,#4598,.T.);
#10027=CARTESIAN_POINT('',(17.559736491,30.058919836,6.5));
#10028=DIRECTION('',(0.,-0.,1.));
#10029=VECTOR('',#10028,1.000000048);
#10030=LINE('',#10027,#10029);
#10031=EDGE_CURVE('',#4593,#1854,#10030,.T.);
#10032=ORIENTED_EDGE('',*,*,#10031,.T.);
#10033=ORIENTED_EDGE('',*,*,#1859,.F.);
#10034=ORIENTED_EDGE('',*,*,#7019,.F.);
#10035=EDGE_LOOP('',(#10026,#10032,#10033,#10034));
#10036=FACE_BOUND('',#10035,.T.);
#10037=ADVANCED_FACE('',(#10036),#10025,.T.);
#10038=CARTESIAN_POINT('',(17.559736491,30.058919836,-17.298109062));
#10039=DIRECTION('',(1.,0.,0.));
#10040=DIRECTION('',(0.,0.,-1.));
#10041=AXIS2_PLACEMENT_3D('',#10038,#10039,#10040);
#10042=PLANE('',#10041);
#10043=ORIENTED_EDGE('',*,*,#4684,.T.);
#10044=ORIENTED_EDGE('',*,*,#10016,.T.);
#10045=ORIENTED_EDGE('',*,*,#1867,.F.);
#10046=ORIENTED_EDGE('',*,*,#10031,.F.);
#10047=EDGE_LOOP('',(#10043,#10044,#10045,#10046));
#10048=FACE_BOUND('',#10047,.T.);
#10049=ADVANCED_FACE('',(#10048),#10042,.T.);
#10050=CARTESIAN_POINT('',(33.059735538,37.058919836,-17.298109062));
#10051=DIRECTION('',(-1.,0.,0.));
#10052=DIRECTION('',(0.,0.,1.));
#10053=AXIS2_PLACEMENT_3D('',#10050,#10051,#10052);
#10054=PLANE('',#10053);
#10055=ORIENTED_EDGE('',*,*,#4638,.T.);
#10056=CARTESIAN_POINT('',(33.059735538,30.058919836,6.5));
#10057=DIRECTION('',(0.,-0.,1.));
#10058=VECTOR('',#10057,1.000000048);
#10059=LINE('',#10056,#10058);
#10060=EDGE_CURVE('',#4625,#1814,#10059,.T.);
#10061=ORIENTED_EDGE('',*,*,#10060,.T.);
#10062=ORIENTED_EDGE('',*,*,#1819,.F.);
#10063=CARTESIAN_POINT('',(33.059735538,37.058919836,6.5));
#10064=DIRECTION('',(0.,-0.,1.));
#10065=VECTOR('',#10064,1.000000048);
#10066=LINE('',#10063,#10065);
#10067=EDGE_CURVE('',#4633,#1812,#10066,.T.);
#10068=ORIENTED_EDGE('',*,*,#10067,.F.);
#10069=EDGE_LOOP('',(#10055,#10061,#10062,#10068));
#10070=FACE_BOUND('',#10069,.T.);
#10071=ADVANCED_FACE('',(#10070),#10054,.T.);
#10072=CARTESIAN_POINT('',(33.059735538,30.058919836,-17.298109062));
#10073=DIRECTION('',(0.,1.,0.));
#10074=DIRECTION('',(0.,-0.,1.));
#10075=AXIS2_PLACEMENT_3D('',#10072,#10073,#10074);
#10076=PLANE('',#10075);
#10077=ORIENTED_EDGE('',*,*,#4630,.T.);
#10078=ORIENTED_EDGE('',*,*,#6975,.F.);
#10079=ORIENTED_EDGE('',*,*,#1827,.F.);
#10080=ORIENTED_EDGE('',*,*,#10060,.F.);
#10081=EDGE_LOOP('',(#10077,#10078,#10079,#10080));
#10082=FACE_BOUND('',#10081,.T.);
#10083=ADVANCED_FACE('',(#10082),#10076,.T.);
#10084=CARTESIAN_POINT('',(17.559736491,37.058919836,-17.298109062));
#10085=DIRECTION('',(0.,-1.,-0.));
#10086=DIRECTION('',(0.,0.,-1.));
#10087=AXIS2_PLACEMENT_3D('',#10084,#10085,#10086);
#10088=PLANE('',#10087);
#10089=ORIENTED_EDGE('',*,*,#4646,.T.);
#10090=ORIENTED_EDGE('',*,*,#10067,.T.);
#10091=ORIENTED_EDGE('',*,*,#1905,.F.);
#10092=ORIENTED_EDGE('',*,*,#6997,.F.);
#10093=EDGE_LOOP('',(#10089,#10090,#10091,#10092));
#10094=FACE_BOUND('',#10093,.T.);
#10095=ADVANCED_FACE('',(#10094),#10088,.T.);
#10096=CARTESIAN_POINT('',(0.559736253,5.183919121,-17.298109062));
#10097=DIRECTION('',(0.,-1.,-0.));
#10098=DIRECTION('',(0.,0.,-1.));
#10099=AXIS2_PLACEMENT_3D('',#10096,#10097,#10098);
#10100=PLANE('',#10099);
#10101=ORIENTED_EDGE('',*,*,#4776,.T.);
#10102=ORIENTED_EDGE('',*,*,#6953,.F.);
#10103=ORIENTED_EDGE('',*,*,#1973,.F.);
#10104=CARTESIAN_POINT('',(0.559736253,5.183919121,6.5));
#10105=DIRECTION('',(0.,-0.,1.));
#10106=VECTOR('',#10105,1.000000048);
#10107=LINE('',#10104,#10106);
#10108=EDGE_CURVE('',#4771,#1960,#10107,.T.);
#10109=ORIENTED_EDGE('',*,*,#10108,.F.);
#10110=EDGE_LOOP('',(#10101,#10102,#10103,#10109));
#10111=FACE_BOUND('',#10110,.T.);
#10112=ADVANCED_FACE('',(#10111),#10100,.T.);
#10113=CARTESIAN_POINT('',(16.059736491,-1.816080879,-17.298109062));
#10114=DIRECTION('',(0.,1.,0.));
#10115=DIRECTION('',(0.,-0.,1.));
#10116=AXIS2_PLACEMENT_3D('',#10113,#10114,#10115);
#10117=PLANE('',#10116);
#10118=ORIENTED_EDGE('',*,*,#4696,.T.);
#10119=CARTESIAN_POINT('',(0.559736253,-1.816080879,6.5));
#10120=DIRECTION('',(0.,-0.,1.));
#10121=VECTOR('',#10120,1.000000048);
#10122=LINE('',#10119,#10121);
#10123=EDGE_CURVE('',#4691,#1952,#10122,.T.);
#10124=ORIENTED_EDGE('',*,*,#10123,.T.);
#10125=ORIENTED_EDGE('',*,*,#1957,.F.);
#10126=ORIENTED_EDGE('',*,*,#6931,.F.);
#10127=EDGE_LOOP('',(#10118,#10124,#10125,#10126));
#10128=FACE_BOUND('',#10127,.T.);
#10129=ADVANCED_FACE('',(#10128),#10117,.T.);
#10130=CARTESIAN_POINT('',(0.559736253,-1.816080879,-17.298109062));
#10131=DIRECTION('',(1.,0.,0.));
#10132=DIRECTION('',(0.,0.,-1.));
#10133=AXIS2_PLACEMENT_3D('',#10130,#10131,#10132);
#10134=PLANE('',#10133);
#10135=ORIENTED_EDGE('',*,*,#4782,.T.);
#10136=ORIENTED_EDGE('',*,*,#10108,.T.);
#10137=ORIENTED_EDGE('',*,*,#1965,.F.);
#10138=ORIENTED_EDGE('',*,*,#10123,.F.);
#10139=EDGE_LOOP('',(#10135,#10136,#10137,#10138));
#10140=FACE_BOUND('',#10139,.T.);
#10141=ADVANCED_FACE('',(#10140),#10134,.T.);
#10142=CARTESIAN_POINT('',(34.559735538,-18.191080164,-17.298109062));
#10143=DIRECTION('',(0.,-1.,-0.));
#10144=DIRECTION('',(0.,0.,-1.));
#10145=AXIS2_PLACEMENT_3D('',#10142,#10143,#10144);
#10146=PLANE('',#10145);
#10147=ORIENTED_EDGE('',*,*,#5756,.T.);
#10148=ORIENTED_EDGE('',*,*,#6909,.F.);
#10149=ORIENTED_EDGE('',*,*,#2953,.F.);
#10150=CARTESIAN_POINT('',(34.559735538,-18.191080164,6.5));
#10151=DIRECTION('',(0.,-0.,1.));
#10152=VECTOR('',#10151,1.000000048);
#10153=LINE('',#10150,#10152);
#10154=EDGE_CURVE('',#5751,#2940,#10153,.T.);
#10155=ORIENTED_EDGE('',*,*,#10154,.F.);
#10156=EDGE_LOOP('',(#10147,#10148,#10149,#10155));
#10157=FACE_BOUND('',#10156,.T.);
#10158=ADVANCED_FACE('',(#10157),#10146,.T.);
#10159=CARTESIAN_POINT('',(50.059735538,-25.191080164,-17.298109062));
#10160=DIRECTION('',(0.,1.,0.));
#10161=DIRECTION('',(0.,-0.,1.));
#10162=AXIS2_PLACEMENT_3D('',#10159,#10160,#10161);
#10163=PLANE('',#10162);
#10164=ORIENTED_EDGE('',*,*,#5676,.T.);
#10165=CARTESIAN_POINT('',(34.559735538,-25.191080164,6.5));
#10166=DIRECTION('',(0.,-0.,1.));
#10167=VECTOR('',#10166,1.000000048);
#10168=LINE('',#10165,#10167);
#10169=EDGE_CURVE('',#5671,#2932,#10168,.T.);
#10170=ORIENTED_EDGE('',*,*,#10169,.T.);
#10171=ORIENTED_EDGE('',*,*,#2937,.F.);
#10172=ORIENTED_EDGE('',*,*,#6887,.F.);
#10173=EDGE_LOOP('',(#10164,#10170,#10171,#10172));
#10174=FACE_BOUND('',#10173,.T.);
#10175=ADVANCED_FACE('',(#10174),#10163,.T.);
#10176=CARTESIAN_POINT('',(34.559735538,-25.191080164,-17.298109062));
#10177=DIRECTION('',(1.,0.,0.));
#10178=DIRECTION('',(0.,0.,-1.));
#10179=AXIS2_PLACEMENT_3D('',#10176,#10177,#10178);
#10180=PLANE('',#10179);
#10181=ORIENTED_EDGE('',*,*,#5762,.T.);
#10182=ORIENTED_EDGE('',*,*,#10154,.T.);
#10183=ORIENTED_EDGE('',*,*,#2945,.F.);
#10184=ORIENTED_EDGE('',*,*,#10169,.F.);
#10185=EDGE_LOOP('',(#10181,#10182,#10183,#10184));
#10186=FACE_BOUND('',#10185,.T.);
#10187=ADVANCED_FACE('',(#10186),#10180,.T.);
#10188=CARTESIAN_POINT('',(34.559735538,32.808919836,-17.298109062));
#10189=DIRECTION('',(0.,-1.,-0.));
#10190=DIRECTION('',(0.,0.,-1.));
#10191=AXIS2_PLACEMENT_3D('',#10188,#10189,#10190);
#10192=PLANE('',#10191);
#10193=ORIENTED_EDGE('',*,*,#5462,.T.);
#10194=ORIENTED_EDGE('',*,*,#6865,.F.);
#10195=ORIENTED_EDGE('',*,*,#2659,.F.);
#10196=CARTESIAN_POINT('',(34.559735538,32.808919836,6.5));
#10197=DIRECTION('',(0.,-0.,1.));
#10198=VECTOR('',#10197,1.000000048);
#10199=LINE('',#10196,#10198);
#10200=EDGE_CURVE('',#5457,#2646,#10199,.T.);
#10201=ORIENTED_EDGE('',*,*,#10200,.F.);
#10202=EDGE_LOOP('',(#10193,#10194,#10195,#10201));
#10203=FACE_BOUND('',#10202,.T.);
#10204=ADVANCED_FACE('',(#10203),#10192,.T.);
#10205=CARTESIAN_POINT('',(50.059735538,25.808919836,-17.298109062));
#10206=DIRECTION('',(0.,1.,0.));
#10207=DIRECTION('',(0.,-0.,1.));
#10208=AXIS2_PLACEMENT_3D('',#10205,#10206,#10207);
#10209=PLANE('',#10208);
#10210=ORIENTED_EDGE('',*,*,#5382,.T.);
#10211=CARTESIAN_POINT('',(34.559735538,25.808919836,6.5));
#10212=DIRECTION('',(0.,-0.,1.));
#10213=VECTOR('',#10212,1.000000048);
#10214=LINE('',#10211,#10213);
#10215=EDGE_CURVE('',#5377,#2638,#10214,.T.);
#10216=ORIENTED_EDGE('',*,*,#10215,.T.);
#10217=ORIENTED_EDGE('',*,*,#2643,.F.);
#10218=ORIENTED_EDGE('',*,*,#6843,.F.);
#10219=EDGE_LOOP('',(#10210,#10216,#10217,#10218));
#10220=FACE_BOUND('',#10219,.T.);
#10221=ADVANCED_FACE('',(#10220),#10209,.T.);
#10222=CARTESIAN_POINT('',(34.559735538,25.808919836,-17.298109062));
#10223=DIRECTION('',(1.,0.,0.));
#10224=DIRECTION('',(0.,0.,-1.));
#10225=AXIS2_PLACEMENT_3D('',#10222,#10223,#10224);
#10226=PLANE('',#10225);
#10227=ORIENTED_EDGE('',*,*,#5468,.T.);
#10228=ORIENTED_EDGE('',*,*,#10200,.T.);
#10229=ORIENTED_EDGE('',*,*,#2651,.F.);
#10230=ORIENTED_EDGE('',*,*,#10215,.F.);
#10231=EDGE_LOOP('',(#10227,#10228,#10229,#10230));
#10232=FACE_BOUND('',#10231,.T.);
#10233=ADVANCED_FACE('',(#10232),#10226,.T.);
#10234=CARTESIAN_POINT('',(17.559736491,-13.941080164,-17.298109062));
#10235=DIRECTION('',(0.,-1.,-0.));
#10236=DIRECTION('',(0.,0.,-1.));
#10237=AXIS2_PLACEMENT_3D('',#10234,#10235,#10236);
#10238=PLANE('',#10237);
#10239=ORIENTED_EDGE('',*,*,#5854,.T.);
#10240=ORIENTED_EDGE('',*,*,#6821,.F.);
#10241=ORIENTED_EDGE('',*,*,#3051,.F.);
#10242=CARTESIAN_POINT('',(17.559736491,-13.941080164,6.5));
#10243=DIRECTION('',(0.,-0.,1.));
#10244=VECTOR('',#10243,1.000000048);
#10245=LINE('',#10242,#10244);
#10246=EDGE_CURVE('',#5849,#3038,#10245,.T.);
#10247=ORIENTED_EDGE('',*,*,#10246,.F.);
#10248=EDGE_LOOP('',(#10239,#10240,#10241,#10247));
#10249=FACE_BOUND('',#10248,.T.);
#10250=ADVANCED_FACE('',(#10249),#10238,.T.);
#10251=CARTESIAN_POINT('',(33.059735538,-20.941080164,-17.298109062));
#10252=DIRECTION('',(0.,1.,0.));
#10253=DIRECTION('',(0.,-0.,1.));
#10254=AXIS2_PLACEMENT_3D('',#10251,#10252,#10253);
#10255=PLANE('',#10254);
#10256=ORIENTED_EDGE('',*,*,#5774,.T.);
#10257=CARTESIAN_POINT('',(17.559736491,-20.941080164,6.5));
#10258=DIRECTION('',(0.,-0.,1.));
#10259=VECTOR('',#10258,1.000000048);
#10260=LINE('',#10257,#10259);
#10261=EDGE_CURVE('',#5769,#3030,#10260,.T.);
#10262=ORIENTED_EDGE('',*,*,#10261,.T.);
#10263=ORIENTED_EDGE('',*,*,#3035,.F.);
#10264=ORIENTED_EDGE('',*,*,#6799,.F.);
#10265=EDGE_LOOP('',(#10256,#10262,#10263,#10264));
#10266=FACE_BOUND('',#10265,.T.);
#10267=ADVANCED_FACE('',(#10266),#10255,.T.);
#10268=CARTESIAN_POINT('',(17.559736491,-20.941080164,-17.298109062));
#10269=DIRECTION('',(1.,0.,0.));
#10270=DIRECTION('',(0.,0.,-1.));
#10271=AXIS2_PLACEMENT_3D('',#10268,#10269,#10270);
#10272=PLANE('',#10271);
#10273=ORIENTED_EDGE('',*,*,#5860,.T.);
#10274=ORIENTED_EDGE('',*,*,#10246,.T.);
#10275=ORIENTED_EDGE('',*,*,#3043,.F.);
#10276=ORIENTED_EDGE('',*,*,#10261,.F.);
#10277=EDGE_LOOP('',(#10273,#10274,#10275,#10276));
#10278=FACE_BOUND('',#10277,.T.);
#10279=ADVANCED_FACE('',(#10278),#10272,.T.);
#10280=CARTESIAN_POINT('',(51.559735538,15.808918882,-17.298109062));
#10281=DIRECTION('',(0.,-1.,-0.));
#10282=DIRECTION('',(0.,0.,-1.));
#10283=AXIS2_PLACEMENT_3D('',#10280,#10281,#10282);
#10284=PLANE('',#10283);
#10285=ORIENTED_EDGE('',*,*,#5266,.T.);
#10286=ORIENTED_EDGE('',*,*,#6777,.F.);
#10287=ORIENTED_EDGE('',*,*,#2463,.F.);
#10288=CARTESIAN_POINT('',(51.559735538,15.808918882,6.5));
#10289=DIRECTION('',(0.,-0.,1.));
#10290=VECTOR('',#10289,1.000000048);
#10291=LINE('',#10288,#10290);
#10292=EDGE_CURVE('',#5261,#2450,#10291,.T.);
#10293=ORIENTED_EDGE('',*,*,#10292,.F.);
#10294=EDGE_LOOP('',(#10285,#10286,#10287,#10293));
#10295=FACE_BOUND('',#10294,.T.);
#10296=ADVANCED_FACE('',(#10295),#10284,.T.);
#10297=CARTESIAN_POINT('',(67.059739352,8.808919359,-17.298109062));
#10298=DIRECTION('',(0.,1.,0.));
#10299=DIRECTION('',(0.,-0.,1.));
#10300=AXIS2_PLACEMENT_3D('',#10297,#10298,#10299);
#10301=PLANE('',#10300);
#10302=ORIENTED_EDGE('',*,*,#5186,.T.);
#10303=CARTESIAN_POINT('',(51.559735538,8.808919359,6.5));
#10304=DIRECTION('',(0.,-0.,1.));
#10305=VECTOR('',#10304,1.000000048);
#10306=LINE('',#10303,#10305);
#10307=EDGE_CURVE('',#5181,#2442,#10306,.T.);
#10308=ORIENTED_EDGE('',*,*,#10307,.T.);
#10309=ORIENTED_EDGE('',*,*,#2447,.F.);
#10310=ORIENTED_EDGE('',*,*,#6755,.F.);
#10311=EDGE_LOOP('',(#10302,#10308,#10309,#10310));
#10312=FACE_BOUND('',#10311,.T.);
#10313=ADVANCED_FACE('',(#10312),#10301,.T.);
#10314=CARTESIAN_POINT('',(51.559735538,8.808919359,-17.298109062));
#10315=DIRECTION('',(1.,0.,0.));
#10316=DIRECTION('',(0.,0.,-1.));
#10317=AXIS2_PLACEMENT_3D('',#10314,#10315,#10316);
#10318=PLANE('',#10317);
#10319=ORIENTED_EDGE('',*,*,#5272,.T.);
#10320=ORIENTED_EDGE('',*,*,#10292,.T.);
#10321=ORIENTED_EDGE('',*,*,#2455,.F.);
#10322=ORIENTED_EDGE('',*,*,#10307,.F.);
#10323=EDGE_LOOP('',(#10319,#10320,#10321,#10322));
#10324=FACE_BOUND('',#10323,.T.);
#10325=ADVANCED_FACE('',(#10324),#10318,.T.);
#10326=CARTESIAN_POINT('',(33.059735538,-13.941080164,-17.298109062));
#10327=DIRECTION('',(-1.,0.,0.));
#10328=DIRECTION('',(0.,0.,1.));
#10329=AXIS2_PLACEMENT_3D('',#10326,#10327,#10328);
#10330=PLANE('',#10329);
#10331=ORIENTED_EDGE('',*,*,#5814,.T.);
#10332=CARTESIAN_POINT('',(33.059735538,-20.941080164,6.5));
#10333=DIRECTION('',(0.,-0.,1.));
#10334=VECTOR('',#10333,1.000000048);
#10335=LINE('',#10332,#10334);
#10336=EDGE_CURVE('',#5801,#2990,#10335,.T.);
#10337=ORIENTED_EDGE('',*,*,#10336,.T.);
#10338=ORIENTED_EDGE('',*,*,#2995,.F.);
#10339=CARTESIAN_POINT('',(33.059735538,-13.941080164,6.5));
#10340=DIRECTION('',(0.,-0.,1.));
#10341=VECTOR('',#10340,1.000000048);
#10342=LINE('',#10339,#10341);
#10343=EDGE_CURVE('',#5809,#2988,#10342,.T.);
#10344=ORIENTED_EDGE('',*,*,#10343,.F.);
#10345=EDGE_LOOP('',(#10331,#10337,#10338,#10344));
#10346=FACE_BOUND('',#10345,.T.);
#10347=ADVANCED_FACE('',(#10346),#10330,.T.);
#10348=CARTESIAN_POINT('',(33.059735538,-20.941080164,-17.298109062));
#10349=DIRECTION('',(0.,1.,0.));
#10350=DIRECTION('',(0.,-0.,1.));
#10351=AXIS2_PLACEMENT_3D('',#10348,#10349,#10350);
#10352=PLANE('',#10351);
#10353=ORIENTED_EDGE('',*,*,#5806,.T.);
#10354=ORIENTED_EDGE('',*,*,#6711,.F.);
#10355=ORIENTED_EDGE('',*,*,#3003,.F.);
#10356=ORIENTED_EDGE('',*,*,#10336,.F.);
#10357=EDGE_LOOP('',(#10353,#10354,#10355,#10356));
#10358=FACE_BOUND('',#10357,.T.);
#10359=ADVANCED_FACE('',(#10358),#10352,.T.);
#10360=CARTESIAN_POINT('',(17.559736491,-13.941080164,-17.298109062));
#10361=DIRECTION('',(0.,-1.,-0.));
#10362=DIRECTION('',(0.,0.,-1.));
#10363=AXIS2_PLACEMENT_3D('',#10360,#10361,#10362);
#10364=PLANE('',#10363);
#10365=ORIENTED_EDGE('',*,*,#5822,.T.);
#10366=ORIENTED_EDGE('',*,*,#10343,.T.);
#10367=ORIENTED_EDGE('',*,*,#3081,.F.);
#10368=ORIENTED_EDGE('',*,*,#6733,.F.);
#10369=EDGE_LOOP('',(#10365,#10366,#10367,#10368));
#10370=FACE_BOUND('',#10369,.T.);
#10371=ADVANCED_FACE('',(#10370),#10364,.T.);
#10372=CARTESIAN_POINT('',(50.059735538,8.808919359,-17.298109062));
#10373=DIRECTION('',(0.,1.,0.));
#10374=DIRECTION('',(0.,-0.,1.));
#10375=AXIS2_PLACEMENT_3D('',#10372,#10373,#10374);
#10376=PLANE('',#10375);
#10377=ORIENTED_EDGE('',*,*,#5512,.T.);
#10378=ORIENTED_EDGE('',*,*,#6667,.F.);
#10379=ORIENTED_EDGE('',*,*,#2709,.F.);
#10380=CARTESIAN_POINT('',(50.059735538,8.808919359,6.5));
#10381=DIRECTION('',(0.,-0.,1.));
#10382=VECTOR('',#10381,1.000000048);
#10383=LINE('',#10380,#10382);
#10384=EDGE_CURVE('',#5507,#2696,#10383,.T.);
#10385=ORIENTED_EDGE('',*,*,#10384,.F.);
#10386=EDGE_LOOP('',(#10377,#10378,#10379,#10385));
#10387=FACE_BOUND('',#10386,.T.);
#10388=ADVANCED_FACE('',(#10387),#10376,.T.);
#10389=CARTESIAN_POINT('',(34.559735538,15.808918882,-17.298109062));
#10390=DIRECTION('',(0.,-1.,-0.));
#10391=DIRECTION('',(0.,0.,-1.));
#10392=AXIS2_PLACEMENT_3D('',#10389,#10390,#10391);
#10393=PLANE('',#10392);
#10394=ORIENTED_EDGE('',*,*,#5528,.T.);
#10395=CARTESIAN_POINT('',(50.059735538,15.808918882,6.5));
#10396=DIRECTION('',(0.,-0.,1.));
#10397=VECTOR('',#10396,1.000000048);
#10398=LINE('',#10395,#10397);
#10399=EDGE_CURVE('',#5515,#2694,#10398,.T.);
#10400=ORIENTED_EDGE('',*,*,#10399,.T.);
#10401=ORIENTED_EDGE('',*,*,#2787,.F.);
#10402=ORIENTED_EDGE('',*,*,#6689,.F.);
#10403=EDGE_LOOP('',(#10394,#10400,#10401,#10402));
#10404=FACE_BOUND('',#10403,.T.);
#10405=ADVANCED_FACE('',(#10404),#10393,.T.);
#10406=CARTESIAN_POINT('',(50.059735538,15.808918882,-17.298109062));
#10407=DIRECTION('',(-1.,0.,0.));
#10408=DIRECTION('',(0.,0.,1.));
#10409=AXIS2_PLACEMENT_3D('',#10406,#10407,#10408);
#10410=PLANE('',#10409);
#10411=ORIENTED_EDGE('',*,*,#5520,.T.);
#10412=ORIENTED_EDGE('',*,*,#10384,.T.);
#10413=ORIENTED_EDGE('',*,*,#2701,.F.);
#10414=ORIENTED_EDGE('',*,*,#10399,.F.);
#10415=EDGE_LOOP('',(#10411,#10412,#10413,#10414));
#10416=FACE_BOUND('',#10415,.T.);
#10417=ADVANCED_FACE('',(#10416),#10410,.T.);
#10418=CARTESIAN_POINT('',(51.559735538,-18.191080164,-17.298109062));
#10419=DIRECTION('',(0.,-1.,-0.));
#10420=DIRECTION('',(0.,0.,-1.));
#10421=AXIS2_PLACEMENT_3D('',#10418,#10419,#10420);
#10422=PLANE('',#10421);
#10423=ORIENTED_EDGE('',*,*,#4580,.T.);
#10424=ORIENTED_EDGE('',*,*,#6645,.F.);
#10425=ORIENTED_EDGE('',*,*,#1777,.F.);
#10426=CARTESIAN_POINT('',(51.559735538,-18.191080164,6.5));
#10427=DIRECTION('',(0.,-0.,1.));
#10428=VECTOR('',#10427,1.000000048);
#10429=LINE('',#10426,#10428);
#10430=EDGE_CURVE('',#4575,#1764,#10429,.T.);
#10431=ORIENTED_EDGE('',*,*,#10430,.F.);
#10432=EDGE_LOOP('',(#10423,#10424,#10425,#10431));
#10433=FACE_BOUND('',#10432,.T.);
#10434=ADVANCED_FACE('',(#10433),#10422,.T.);
#10435=CARTESIAN_POINT('',(67.059739352,-25.191080164,-17.298109062));
#10436=DIRECTION('',(0.,1.,0.));
#10437=DIRECTION('',(0.,-0.,1.));
#10438=AXIS2_PLACEMENT_3D('',#10435,#10436,#10437);
#10439=PLANE('',#10438);
#10440=ORIENTED_EDGE('',*,*,#4500,.T.);
#10441=CARTESIAN_POINT('',(51.559735538,-25.191080164,6.5));
#10442=DIRECTION('',(0.,-0.,1.));
#10443=VECTOR('',#10442,1.000000048);
#10444=LINE('',#10441,#10443);
#10445=EDGE_CURVE('',#4495,#1756,#10444,.T.);
#10446=ORIENTED_EDGE('',*,*,#10445,.T.);
#10447=ORIENTED_EDGE('',*,*,#1761,.F.);
#10448=ORIENTED_EDGE('',*,*,#6623,.F.);
#10449=EDGE_LOOP('',(#10440,#10446,#10447,#10448));
#10450=FACE_BOUND('',#10449,.T.);
#10451=ADVANCED_FACE('',(#10450),#10439,.T.);
#10452=CARTESIAN_POINT('',(51.559735538,-25.191080164,-17.298109062));
#10453=DIRECTION('',(1.,0.,0.));
#10454=DIRECTION('',(0.,0.,-1.));
#10455=AXIS2_PLACEMENT_3D('',#10452,#10453,#10454);
#10456=PLANE('',#10455);
#10457=ORIENTED_EDGE('',*,*,#4586,.T.);
#10458=ORIENTED_EDGE('',*,*,#10430,.T.);
#10459=ORIENTED_EDGE('',*,*,#1769,.F.);
#10460=ORIENTED_EDGE('',*,*,#10445,.F.);
#10461=EDGE_LOOP('',(#10457,#10458,#10459,#10460));
#10462=FACE_BOUND('',#10461,.T.);
#10463=ADVANCED_FACE('',(#10462),#10456,.T.);
#10464=CARTESIAN_POINT('',(51.559735538,32.808919836,-17.298109062));
#10465=DIRECTION('',(0.,-1.,-0.));
#10466=DIRECTION('',(0.,0.,-1.));
#10467=AXIS2_PLACEMENT_3D('',#10464,#10465,#10466);
#10468=PLANE('',#10467);
#10469=ORIENTED_EDGE('',*,*,#5364,.T.);
#10470=ORIENTED_EDGE('',*,*,#6601,.F.);
#10471=ORIENTED_EDGE('',*,*,#2561,.F.);
#10472=CARTESIAN_POINT('',(51.559735538,32.808919836,6.5));
#10473=DIRECTION('',(0.,-0.,1.));
#10474=VECTOR('',#10473,1.000000048);
#10475=LINE('',#10472,#10474);
#10476=EDGE_CURVE('',#5359,#2548,#10475,.T.);
#10477=ORIENTED_EDGE('',*,*,#10476,.F.);
#10478=EDGE_LOOP('',(#10469,#10470,#10471,#10477));
#10479=FACE_BOUND('',#10478,.T.);
#10480=ADVANCED_FACE('',(#10479),#10468,.T.);
#10481=CARTESIAN_POINT('',(67.059739352,25.808919836,-17.298109062));
#10482=DIRECTION('',(0.,1.,0.));
#10483=DIRECTION('',(0.,-0.,1.));
#10484=AXIS2_PLACEMENT_3D('',#10481,#10482,#10483);
#10485=PLANE('',#10484);
#10486=ORIENTED_EDGE('',*,*,#5284,.T.);
#10487=CARTESIAN_POINT('',(51.559735538,25.808919836,6.5));
#10488=DIRECTION('',(0.,-0.,1.));
#10489=VECTOR('',#10488,1.000000048);
#10490=LINE('',#10487,#10489);
#10491=EDGE_CURVE('',#5279,#2540,#10490,.T.);
#10492=ORIENTED_EDGE('',*,*,#10491,.T.);
#10493=ORIENTED_EDGE('',*,*,#2545,.F.);
#10494=ORIENTED_EDGE('',*,*,#6579,.F.);
#10495=EDGE_LOOP('',(#10486,#10492,#10493,#10494));
#10496=FACE_BOUND('',#10495,.T.);
#10497=ADVANCED_FACE('',(#10496),#10485,.T.);
#10498=CARTESIAN_POINT('',(51.559735538,25.808919836,-17.298109062));
#10499=DIRECTION('',(1.,0.,0.));
#10500=DIRECTION('',(0.,0.,-1.));
#10501=AXIS2_PLACEMENT_3D('',#10498,#10499,#10500);
#10502=PLANE('',#10501);
#10503=ORIENTED_EDGE('',*,*,#5370,.T.);
#10504=ORIENTED_EDGE('',*,*,#10476,.T.);
#10505=ORIENTED_EDGE('',*,*,#2553,.F.);
#10506=ORIENTED_EDGE('',*,*,#10491,.F.);
#10507=EDGE_LOOP('',(#10503,#10504,#10505,#10506));
#10508=FACE_BOUND('',#10507,.T.);
#10509=ADVANCED_FACE('',(#10508),#10502,.T.);
#10510=CARTESIAN_POINT('',(50.059735538,-18.191080164,-17.298109062));
#10511=DIRECTION('',(-1.,0.,0.));
#10512=DIRECTION('',(0.,0.,1.));
#10513=AXIS2_PLACEMENT_3D('',#10510,#10511,#10512);
#10514=PLANE('',#10513);
#10515=ORIENTED_EDGE('',*,*,#5716,.T.);
#10516=CARTESIAN_POINT('',(50.059735538,-25.191080164,6.5));
#10517=DIRECTION('',(0.,-0.,1.));
#10518=VECTOR('',#10517,1.000000048);
#10519=LINE('',#10516,#10518);
#10520=EDGE_CURVE('',#5703,#2892,#10519,.T.);
#10521=ORIENTED_EDGE('',*,*,#10520,.T.);
#10522=ORIENTED_EDGE('',*,*,#2897,.F.);
#10523=CARTESIAN_POINT('',(50.059735538,-18.191080164,6.5));
#10524=DIRECTION('',(0.,-0.,1.));
#10525=VECTOR('',#10524,1.000000048);
#10526=LINE('',#10523,#10525);
#10527=EDGE_CURVE('',#5711,#2890,#10526,.T.);
#10528=ORIENTED_EDGE('',*,*,#10527,.F.);
#10529=EDGE_LOOP('',(#10515,#10521,#10522,#10528));
#10530=FACE_BOUND('',#10529,.T.);
#10531=ADVANCED_FACE('',(#10530),#10514,.T.);
#10532=CARTESIAN_POINT('',(50.059735538,-25.191080164,-17.298109062));
#10533=DIRECTION('',(0.,1.,0.));
#10534=DIRECTION('',(0.,-0.,1.));
#10535=AXIS2_PLACEMENT_3D('',#10532,#10533,#10534);
#10536=PLANE('',#10535);
#10537=ORIENTED_EDGE('',*,*,#5708,.T.);
#10538=ORIENTED_EDGE('',*,*,#6535,.F.);
#10539=ORIENTED_EDGE('',*,*,#2905,.F.);
#10540=ORIENTED_EDGE('',*,*,#10520,.F.);
#10541=EDGE_LOOP('',(#10537,#10538,#10539,#10540));
#10542=FACE_BOUND('',#10541,.T.);
#10543=ADVANCED_FACE('',(#10542),#10536,.T.);
#10544=CARTESIAN_POINT('',(34.559735538,-18.191080164,-17.298109062));
#10545=DIRECTION('',(0.,-1.,-0.));
#10546=DIRECTION('',(0.,0.,-1.));
#10547=AXIS2_PLACEMENT_3D('',#10544,#10545,#10546);
#10548=PLANE('',#10547);
#10549=ORIENTED_EDGE('',*,*,#5724,.T.);
#10550=ORIENTED_EDGE('',*,*,#10527,.T.);
#10551=ORIENTED_EDGE('',*,*,#2983,.F.);
#10552=ORIENTED_EDGE('',*,*,#6557,.F.);
#10553=EDGE_LOOP('',(#10549,#10550,#10551,#10552));
#10554=FACE_BOUND('',#10553,.T.);
#10555=ADVANCED_FACE('',(#10554),#10548,.T.);
#10556=CARTESIAN_POINT('',(51.559735538,-1.191080879,-17.298109062));
#10557=DIRECTION('',(0.,-1.,-0.));
#10558=DIRECTION('',(0.,0.,-1.));
#10559=AXIS2_PLACEMENT_3D('',#10556,#10557,#10558);
#10560=PLANE('',#10559);
#10561=ORIENTED_EDGE('',*,*,#5168,.T.);
#10562=ORIENTED_EDGE('',*,*,#6513,.F.);
#10563=ORIENTED_EDGE('',*,*,#2365,.F.);
#10564=CARTESIAN_POINT('',(51.559735538,-1.191080879,6.5));
#10565=DIRECTION('',(0.,-0.,1.));
#10566=VECTOR('',#10565,1.000000048);
#10567=LINE('',#10564,#10566);
#10568=EDGE_CURVE('',#5163,#2352,#10567,.T.);
#10569=ORIENTED_EDGE('',*,*,#10568,.F.);
#10570=EDGE_LOOP('',(#10561,#10562,#10563,#10569));
#10571=FACE_BOUND('',#10570,.T.);
#10572=ADVANCED_FACE('',(#10571),#10560,.T.);
#10573=CARTESIAN_POINT('',(67.059739352,-8.191081118,-17.298109062));
#10574=DIRECTION('',(0.,1.,0.));
#10575=DIRECTION('',(0.,-0.,1.));
#10576=AXIS2_PLACEMENT_3D('',#10573,#10574,#10575);
#10577=PLANE('',#10576);
#10578=ORIENTED_EDGE('',*,*,#5088,.T.);
#10579=CARTESIAN_POINT('',(51.559735538,-8.191081118,6.5));
#10580=DIRECTION('',(0.,-0.,1.));
#10581=VECTOR('',#10580,1.000000048);
#10582=LINE('',#10579,#10581);
#10583=EDGE_CURVE('',#5083,#2344,#10582,.T.);
#10584=ORIENTED_EDGE('',*,*,#10583,.T.);
#10585=ORIENTED_EDGE('',*,*,#2349,.F.);
#10586=ORIENTED_EDGE('',*,*,#6491,.F.);
#10587=EDGE_LOOP('',(#10578,#10584,#10585,#10586));
#10588=FACE_BOUND('',#10587,.T.);
#10589=ADVANCED_FACE('',(#10588),#10577,.T.);
#10590=CARTESIAN_POINT('',(51.559735538,-8.191081118,-17.298109062));
#10591=DIRECTION('',(1.,0.,0.));
#10592=DIRECTION('',(0.,0.,-1.));
#10593=AXIS2_PLACEMENT_3D('',#10590,#10591,#10592);
#10594=PLANE('',#10593);
#10595=ORIENTED_EDGE('',*,*,#5174,.T.);
#10596=ORIENTED_EDGE('',*,*,#10568,.T.);
#10597=ORIENTED_EDGE('',*,*,#2357,.F.);
#10598=ORIENTED_EDGE('',*,*,#10583,.F.);
#10599=EDGE_LOOP('',(#10595,#10596,#10597,#10598));
#10600=FACE_BOUND('',#10599,.T.);
#10601=ADVANCED_FACE('',(#10600),#10594,.T.);
#10602=CARTESIAN_POINT('',(50.059735538,-8.191081118,-17.298109062));
#10603=DIRECTION('',(0.,1.,0.));
#10604=DIRECTION('',(0.,-0.,1.));
#10605=AXIS2_PLACEMENT_3D('',#10602,#10603,#10604);
#10606=PLANE('',#10605);
#10607=ORIENTED_EDGE('',*,*,#5610,.T.);
#10608=ORIENTED_EDGE('',*,*,#6447,.F.);
#10609=ORIENTED_EDGE('',*,*,#2807,.F.);
#10610=CARTESIAN_POINT('',(50.059735538,-8.191081118,6.5));
#10611=DIRECTION('',(0.,-0.,1.));
#10612=VECTOR('',#10611,1.000000048);
#10613=LINE('',#10610,#10612);
#10614=EDGE_CURVE('',#5605,#2794,#10613,.T.);
#10615=ORIENTED_EDGE('',*,*,#10614,.F.);
#10616=EDGE_LOOP('',(#10607,#10608,#10609,#10615));
#10617=FACE_BOUND('',#10616,.T.);
#10618=ADVANCED_FACE('',(#10617),#10606,.T.);
#10619=CARTESIAN_POINT('',(34.559735538,-1.191080879,-17.298109062));
#10620=DIRECTION('',(0.,-1.,-0.));
#10621=DIRECTION('',(0.,0.,-1.));
#10622=AXIS2_PLACEMENT_3D('',#10619,#10620,#10621);
#10623=PLANE('',#10622);
#10624=ORIENTED_EDGE('',*,*,#5626,.T.);
#10625=CARTESIAN_POINT('',(50.059735538,-1.191080879,6.5));
#10626=DIRECTION('',(0.,-0.,1.));
#10627=VECTOR('',#10626,1.000000048);
#10628=LINE('',#10625,#10627);
#10629=EDGE_CURVE('',#5613,#2792,#10628,.T.);
#10630=ORIENTED_EDGE('',*,*,#10629,.T.);
#10631=ORIENTED_EDGE('',*,*,#2885,.F.);
#10632=ORIENTED_EDGE('',*,*,#6469,.F.);
#10633=EDGE_LOOP('',(#10624,#10630,#10631,#10632));
#10634=FACE_BOUND('',#10633,.T.);
#10635=ADVANCED_FACE('',(#10634),#10623,.T.);
#10636=CARTESIAN_POINT('',(50.059735538,-1.191080879,-17.298109062));
#10637=DIRECTION('',(-1.,0.,0.));
#10638=DIRECTION('',(0.,0.,1.));
#10639=AXIS2_PLACEMENT_3D('',#10636,#10637,#10638);
#10640=PLANE('',#10639);
#10641=ORIENTED_EDGE('',*,*,#5618,.T.);
#10642=ORIENTED_EDGE('',*,*,#10614,.T.);
#10643=ORIENTED_EDGE('',*,*,#2799,.F.);
#10644=ORIENTED_EDGE('',*,*,#10629,.F.);
#10645=EDGE_LOOP('',(#10641,#10642,#10643,#10644));
#10646=FACE_BOUND('',#10645,.T.);
#10647=ADVANCED_FACE('',(#10646),#10640,.T.);
#10648=CARTESIAN_POINT('',(67.059739352,-18.191080164,-17.298109062));
#10649=DIRECTION('',(-1.,0.,0.));
#10650=DIRECTION('',(0.,0.,1.));
#10651=AXIS2_PLACEMENT_3D('',#10648,#10649,#10650);
#10652=PLANE('',#10651);
#10653=ORIENTED_EDGE('',*,*,#4540,.T.);
#10654=CARTESIAN_POINT('',(67.059739352,-25.191080164,6.5));
#10655=DIRECTION('',(0.,-0.,1.));
#10656=VECTOR('',#10655,1.000000048);
#10657=LINE('',#10654,#10656);
#10658=EDGE_CURVE('',#4527,#1716,#10657,.T.);
#10659=ORIENTED_EDGE('',*,*,#10658,.T.);
#10660=ORIENTED_EDGE('',*,*,#1721,.F.);
#10661=CARTESIAN_POINT('',(67.059739352,-18.191080164,6.5));
#10662=DIRECTION('',(0.,-0.,1.));
#10663=VECTOR('',#10662,1.000000048);
#10664=LINE('',#10661,#10663);
#10665=EDGE_CURVE('',#4535,#1714,#10664,.T.);
#10666=ORIENTED_EDGE('',*,*,#10665,.F.);
#10667=EDGE_LOOP('',(#10653,#10659,#10660,#10666));
#10668=FACE_BOUND('',#10667,.T.);
#10669=ADVANCED_FACE('',(#10668),#10652,.T.);
#10670=CARTESIAN_POINT('',(67.059739352,-25.191080164,-17.298109062));
#10671=DIRECTION('',(0.,1.,0.));
#10672=DIRECTION('',(0.,-0.,1.));
#10673=AXIS2_PLACEMENT_3D('',#10670,#10671,#10672);
#10674=PLANE('',#10673);
#10675=ORIENTED_EDGE('',*,*,#4532,.T.);
#10676=ORIENTED_EDGE('',*,*,#6403,.F.);
#10677=ORIENTED_EDGE('',*,*,#1729,.F.);
#10678=ORIENTED_EDGE('',*,*,#10658,.F.);
#10679=EDGE_LOOP('',(#10675,#10676,#10677,#10678));
#10680=FACE_BOUND('',#10679,.T.);
#10681=ADVANCED_FACE('',(#10680),#10674,.T.);
#10682=CARTESIAN_POINT('',(51.559735538,-18.191080164,-17.298109062));
#10683=DIRECTION('',(0.,-1.,-0.));
#10684=DIRECTION('',(0.,0.,-1.));
#10685=AXIS2_PLACEMENT_3D('',#10682,#10683,#10684);
#10686=PLANE('',#10685);
#10687=ORIENTED_EDGE('',*,*,#4548,.T.);
#10688=ORIENTED_EDGE('',*,*,#10665,.T.);
#10689=ORIENTED_EDGE('',*,*,#1807,.F.);
#10690=ORIENTED_EDGE('',*,*,#6425,.F.);
#10691=EDGE_LOOP('',(#10687,#10688,#10689,#10690));
#10692=FACE_BOUND('',#10691,.T.);
#10693=ADVANCED_FACE('',(#10692),#10686,.T.);
#10694=CARTESIAN_POINT('',(67.059739352,-1.191080879,-17.298109062));
#10695=DIRECTION('',(-1.,0.,0.));
#10696=DIRECTION('',(0.,0.,1.));
#10697=AXIS2_PLACEMENT_3D('',#10694,#10695,#10696);
#10698=PLANE('',#10697);
#10699=ORIENTED_EDGE('',*,*,#5128,.T.);
#10700=CARTESIAN_POINT('',(67.059739352,-8.191081118,6.5));
#10701=DIRECTION('',(0.,-0.,1.));
#10702=VECTOR('',#10701,1.000000048);
#10703=LINE('',#10700,#10702);
#10704=EDGE_CURVE('',#5115,#2304,#10703,.T.);
#10705=ORIENTED_EDGE('',*,*,#10704,.T.);
#10706=ORIENTED_EDGE('',*,*,#2309,.F.);
#10707=CARTESIAN_POINT('',(67.059739352,-1.191080879,6.5));
#10708=DIRECTION('',(0.,-0.,1.));
#10709=VECTOR('',#10708,1.000000048);
#10710=LINE('',#10707,#10709);
#10711=EDGE_CURVE('',#5123,#2302,#10710,.T.);
#10712=ORIENTED_EDGE('',*,*,#10711,.F.);
#10713=EDGE_LOOP('',(#10699,#10705,#10706,#10712));
#10714=FACE_BOUND('',#10713,.T.);
#10715=ADVANCED_FACE('',(#10714),#10698,.T.);
#10716=CARTESIAN_POINT('',(67.059739352,-8.191081118,-17.298109062));
#10717=DIRECTION('',(0.,1.,0.));
#10718=DIRECTION('',(0.,-0.,1.));
#10719=AXIS2_PLACEMENT_3D('',#10716,#10717,#10718);
#10720=PLANE('',#10719);
#10721=ORIENTED_EDGE('',*,*,#5120,.T.);
#10722=ORIENTED_EDGE('',*,*,#6359,.F.);
#10723=ORIENTED_EDGE('',*,*,#2317,.F.);
#10724=ORIENTED_EDGE('',*,*,#10704,.F.);
#10725=EDGE_LOOP('',(#10721,#10722,#10723,#10724));
#10726=FACE_BOUND('',#10725,.T.);
#10727=ADVANCED_FACE('',(#10726),#10720,.T.);
#10728=CARTESIAN_POINT('',(51.559735538,-1.191080879,-17.298109062));
#10729=DIRECTION('',(0.,-1.,-0.));
#10730=DIRECTION('',(0.,0.,-1.));
#10731=AXIS2_PLACEMENT_3D('',#10728,#10729,#10730);
#10732=PLANE('',#10731);
#10733=ORIENTED_EDGE('',*,*,#5136,.T.);
#10734=ORIENTED_EDGE('',*,*,#10711,.T.);
#10735=ORIENTED_EDGE('',*,*,#2395,.F.);
#10736=ORIENTED_EDGE('',*,*,#6381,.F.);
#10737=EDGE_LOOP('',(#10733,#10734,#10735,#10736));
#10738=FACE_BOUND('',#10737,.T.);
#10739=ADVANCED_FACE('',(#10738),#10732,.T.);
#10740=CARTESIAN_POINT('',(33.059735538,13.058918882,-17.298109062));
#10741=DIRECTION('',(0.,1.,0.));
#10742=DIRECTION('',(0.,-0.,1.));
#10743=AXIS2_PLACEMENT_3D('',#10740,#10741,#10742);
#10744=PLANE('',#10743);
#10745=ORIENTED_EDGE('',*,*,#4826,.T.);
#10746=ORIENTED_EDGE('',*,*,#6315,.F.);
#10747=ORIENTED_EDGE('',*,*,#2023,.F.);
#10748=CARTESIAN_POINT('',(33.059735538,13.058918882,6.5));
#10749=DIRECTION('',(0.,-0.,1.));
#10750=VECTOR('',#10749,1.000000048);
#10751=LINE('',#10748,#10750);
#10752=EDGE_CURVE('',#4821,#2010,#10751,.T.);
#10753=ORIENTED_EDGE('',*,*,#10752,.F.);
#10754=EDGE_LOOP('',(#10745,#10746,#10747,#10753));
#10755=FACE_BOUND('',#10754,.T.);
#10756=ADVANCED_FACE('',(#10755),#10744,.T.);
#10757=CARTESIAN_POINT('',(17.559736491,20.058919836,-17.298109062));
#10758=DIRECTION('',(0.,-1.,-0.));
#10759=DIRECTION('',(0.,0.,-1.));
#10760=AXIS2_PLACEMENT_3D('',#10757,#10758,#10759);
#10761=PLANE('',#10760);
#10762=ORIENTED_EDGE('',*,*,#4842,.T.);
#10763=CARTESIAN_POINT('',(33.059735538,20.058919836,6.5));
#10764=DIRECTION('',(0.,-0.,1.));
#10765=VECTOR('',#10764,1.000000048);
#10766=LINE('',#10763,#10765);
#10767=EDGE_CURVE('',#4829,#2008,#10766,.T.);
#10768=ORIENTED_EDGE('',*,*,#10767,.T.);
#10769=ORIENTED_EDGE('',*,*,#2101,.F.);
#10770=ORIENTED_EDGE('',*,*,#6337,.F.);
#10771=EDGE_LOOP('',(#10762,#10768,#10769,#10770));
#10772=FACE_BOUND('',#10771,.T.);
#10773=ADVANCED_FACE('',(#10772),#10761,.T.);
#10774=CARTESIAN_POINT('',(33.059735538,20.058919836,-17.298109062));
#10775=DIRECTION('',(-1.,0.,0.));
#10776=DIRECTION('',(0.,0.,1.));
#10777=AXIS2_PLACEMENT_3D('',#10774,#10775,#10776);
#10778=PLANE('',#10777);
#10779=ORIENTED_EDGE('',*,*,#4834,.T.);
#10780=ORIENTED_EDGE('',*,*,#10752,.T.);
#10781=ORIENTED_EDGE('',*,*,#2015,.F.);
#10782=ORIENTED_EDGE('',*,*,#10767,.F.);
#10783=EDGE_LOOP('',(#10779,#10780,#10781,#10782));
#10784=FACE_BOUND('',#10783,.T.);
#10785=ADVANCED_FACE('',(#10784),#10778,.T.);
#10786=CARTESIAN_POINT('',(17.559736491,3.05891924,-17.298109062));
#10787=DIRECTION('',(0.,-1.,-0.));
#10788=DIRECTION('',(0.,0.,-1.));
#10789=AXIS2_PLACEMENT_3D('',#10786,#10787,#10788);
#10790=PLANE('',#10789);
#10791=ORIENTED_EDGE('',*,*,#4972,.T.);
#10792=ORIENTED_EDGE('',*,*,#6293,.F.);
#10793=ORIENTED_EDGE('',*,*,#2169,.F.);
#10794=CARTESIAN_POINT('',(17.559736491,3.05891924,6.5));
#10795=DIRECTION('',(0.,-0.,1.));
#10796=VECTOR('',#10795,1.000000048);
#10797=LINE('',#10794,#10796);
#10798=EDGE_CURVE('',#4967,#2156,#10797,.T.);
#10799=ORIENTED_EDGE('',*,*,#10798,.F.);
#10800=EDGE_LOOP('',(#10791,#10792,#10793,#10799));
#10801=FACE_BOUND('',#10800,.T.);
#10802=ADVANCED_FACE('',(#10801),#10790,.T.);
#10803=CARTESIAN_POINT('',(33.059735538,-3.941080641,-17.298109062));
#10804=DIRECTION('',(0.,1.,0.));
#10805=DIRECTION('',(0.,-0.,1.));
#10806=AXIS2_PLACEMENT_3D('',#10803,#10804,#10805);
#10807=PLANE('',#10806);
#10808=ORIENTED_EDGE('',*,*,#4892,.T.);
#10809=CARTESIAN_POINT('',(17.559736491,-3.941080641,6.5));
#10810=DIRECTION('',(0.,-0.,1.));
#10811=VECTOR('',#10810,1.000000048);
#10812=LINE('',#10809,#10811);
#10813=EDGE_CURVE('',#4887,#2148,#10812,.T.);
#10814=ORIENTED_EDGE('',*,*,#10813,.T.);
#10815=ORIENTED_EDGE('',*,*,#2153,.F.);
#10816=ORIENTED_EDGE('',*,*,#6271,.F.);
#10817=EDGE_LOOP('',(#10808,#10814,#10815,#10816));
#10818=FACE_BOUND('',#10817,.T.);
#10819=ADVANCED_FACE('',(#10818),#10807,.T.);
#10820=CARTESIAN_POINT('',(17.559736491,-3.941080641,-17.298109062));
#10821=DIRECTION('',(1.,0.,0.));
#10822=DIRECTION('',(0.,0.,-1.));
#10823=AXIS2_PLACEMENT_3D('',#10820,#10821,#10822);
#10824=PLANE('',#10823);
#10825=ORIENTED_EDGE('',*,*,#4978,.T.);
#10826=ORIENTED_EDGE('',*,*,#10798,.T.);
#10827=ORIENTED_EDGE('',*,*,#2161,.F.);
#10828=ORIENTED_EDGE('',*,*,#10813,.F.);
#10829=EDGE_LOOP('',(#10825,#10826,#10827,#10828));
#10830=FACE_BOUND('',#10829,.T.);
#10831=ADVANCED_FACE('',(#10830),#10824,.T.);
#10832=CARTESIAN_POINT('',(16.059736491,5.183919121,-17.298109062));
#10833=DIRECTION('',(-1.,0.,0.));
#10834=DIRECTION('',(0.,0.,1.));
#10835=AXIS2_PLACEMENT_3D('',#10832,#10833,#10834);
#10836=PLANE('',#10835);
#10837=ORIENTED_EDGE('',*,*,#4736,.T.);
#10838=CARTESIAN_POINT('',(16.059736491,-1.816080879,6.5));
#10839=DIRECTION('',(0.,-0.,1.));
#10840=VECTOR('',#10839,1.000000048);
#10841=LINE('',#10838,#10840);
#10842=EDGE_CURVE('',#4723,#1912,#10841,.T.);
#10843=ORIENTED_EDGE('',*,*,#10842,.T.);
#10844=ORIENTED_EDGE('',*,*,#1917,.F.);
#10845=CARTESIAN_POINT('',(16.059736491,5.183919121,6.5));
#10846=DIRECTION('',(0.,-0.,1.));
#10847=VECTOR('',#10846,1.000000048);
#10848=LINE('',#10845,#10847);
#10849=EDGE_CURVE('',#4731,#1910,#10848,.T.);
#10850=ORIENTED_EDGE('',*,*,#10849,.F.);
#10851=EDGE_LOOP('',(#10837,#10843,#10844,#10850));
#10852=FACE_BOUND('',#10851,.T.);
#10853=ADVANCED_FACE('',(#10852),#10836,.T.);
#10854=CARTESIAN_POINT('',(16.059736491,-1.816080879,-17.298109062));
#10855=DIRECTION('',(0.,1.,0.));
#10856=DIRECTION('',(0.,-0.,1.));
#10857=AXIS2_PLACEMENT_3D('',#10854,#10855,#10856);
#10858=PLANE('',#10857);
#10859=ORIENTED_EDGE('',*,*,#4728,.T.);
#10860=ORIENTED_EDGE('',*,*,#6227,.F.);
#10861=ORIENTED_EDGE('',*,*,#1925,.F.);
#10862=ORIENTED_EDGE('',*,*,#10842,.F.);
#10863=EDGE_LOOP('',(#10859,#10860,#10861,#10862));
#10864=FACE_BOUND('',#10863,.T.);
#10865=ADVANCED_FACE('',(#10864),#10858,.T.);
#10866=CARTESIAN_POINT('',(0.559736253,5.183919121,-17.298109062));
#10867=DIRECTION('',(0.,-1.,-0.));
#10868=DIRECTION('',(0.,0.,-1.));
#10869=AXIS2_PLACEMENT_3D('',#10866,#10867,#10868);
#10870=PLANE('',#10869);
#10871=ORIENTED_EDGE('',*,*,#4744,.T.);
#10872=ORIENTED_EDGE('',*,*,#10849,.T.);
#10873=ORIENTED_EDGE('',*,*,#2003,.F.);
#10874=ORIENTED_EDGE('',*,*,#6249,.F.);
#10875=EDGE_LOOP('',(#10871,#10872,#10873,#10874));
#10876=FACE_BOUND('',#10875,.T.);
#10877=ADVANCED_FACE('',(#10876),#10870,.T.);
#10878=CARTESIAN_POINT('',(50.059735538,32.808919836,-17.298109062));
#10879=DIRECTION('',(-1.,0.,0.));
#10880=DIRECTION('',(0.,0.,1.));
#10881=AXIS2_PLACEMENT_3D('',#10878,#10879,#10880);
#10882=PLANE('',#10881);
#10883=ORIENTED_EDGE('',*,*,#5422,.T.);
#10884=CARTESIAN_POINT('',(50.059735538,25.808919836,6.5));
#10885=DIRECTION('',(0.,-0.,1.));
#10886=VECTOR('',#10885,1.000000048);
#10887=LINE('',#10884,#10886);
#10888=EDGE_CURVE('',#5409,#2598,#10887,.T.);
#10889=ORIENTED_EDGE('',*,*,#10888,.T.);
#10890=ORIENTED_EDGE('',*,*,#2603,.F.);
#10891=CARTESIAN_POINT('',(50.059735538,32.808919836,6.5));
#10892=DIRECTION('',(0.,-0.,1.));
#10893=VECTOR('',#10892,1.000000048);
#10894=LINE('',#10891,#10893);
#10895=EDGE_CURVE('',#5417,#2596,#10894,.T.);
#10896=ORIENTED_EDGE('',*,*,#10895,.F.);
#10897=EDGE_LOOP('',(#10883,#10889,#10890,#10896));
#10898=FACE_BOUND('',#10897,.T.);
#10899=ADVANCED_FACE('',(#10898),#10882,.T.);
#10900=CARTESIAN_POINT('',(50.059735538,25.808919836,-17.298109062));
#10901=DIRECTION('',(0.,1.,0.));
#10902=DIRECTION('',(0.,-0.,1.));
#10903=AXIS2_PLACEMENT_3D('',#10900,#10901,#10902);
#10904=PLANE('',#10903);
#10905=ORIENTED_EDGE('',*,*,#5414,.T.);
#10906=ORIENTED_EDGE('',*,*,#6183,.F.);
#10907=ORIENTED_EDGE('',*,*,#2611,.F.);
#10908=ORIENTED_EDGE('',*,*,#10888,.F.);
#10909=EDGE_LOOP('',(#10905,#10906,#10907,#10908));
#10910=FACE_BOUND('',#10909,.T.);
#10911=ADVANCED_FACE('',(#10910),#10904,.T.);
#10912=CARTESIAN_POINT('',(34.559735538,32.808919836,-17.298109062));
#10913=DIRECTION('',(0.,-1.,-0.));
#10914=DIRECTION('',(0.,0.,-1.));
#10915=AXIS2_PLACEMENT_3D('',#10912,#10913,#10914);
#10916=PLANE('',#10915);
#10917=ORIENTED_EDGE('',*,*,#5430,.T.);
#10918=ORIENTED_EDGE('',*,*,#10895,.T.);
#10919=ORIENTED_EDGE('',*,*,#2689,.F.);
#10920=ORIENTED_EDGE('',*,*,#6205,.F.);
#10921=EDGE_LOOP('',(#10917,#10918,#10919,#10920));
#10922=FACE_BOUND('',#10921,.T.);
#10923=ADVANCED_FACE('',(#10922),#10916,.T.);
#10924=CARTESIAN_POINT('',(67.059739352,32.808919836,-17.298109062));
#10925=DIRECTION('',(-1.,0.,0.));
#10926=DIRECTION('',(0.,0.,1.));
#10927=AXIS2_PLACEMENT_3D('',#10924,#10925,#10926);
#10928=PLANE('',#10927);
#10929=ORIENTED_EDGE('',*,*,#5324,.T.);
#10930=CARTESIAN_POINT('',(67.059739352,25.808919836,6.5));
#10931=DIRECTION('',(0.,-0.,1.));
#10932=VECTOR('',#10931,1.000000048);
#10933=LINE('',#10930,#10932);
#10934=EDGE_CURVE('',#5311,#2500,#10933,.T.);
#10935=ORIENTED_EDGE('',*,*,#10934,.T.);
#10936=ORIENTED_EDGE('',*,*,#2505,.F.);
#10937=CARTESIAN_POINT('',(67.059739352,32.808919836,6.5));
#10938=DIRECTION('',(0.,-0.,1.));
#10939=VECTOR('',#10938,1.000000048);
#10940=LINE('',#10937,#10939);
#10941=EDGE_CURVE('',#5319,#2498,#10940,.T.);
#10942=ORIENTED_EDGE('',*,*,#10941,.F.);
#10943=EDGE_LOOP('',(#10929,#10935,#10936,#10942));
#10944=FACE_BOUND('',#10943,.T.);
#10945=ADVANCED_FACE('',(#10944),#10928,.T.);
#10946=CARTESIAN_POINT('',(67.059739352,25.808919836,-17.298109062));
#10947=DIRECTION('',(0.,1.,0.));
#10948=DIRECTION('',(0.,-0.,1.));
#10949=AXIS2_PLACEMENT_3D('',#10946,#10947,#10948);
#10950=PLANE('',#10949);
#10951=ORIENTED_EDGE('',*,*,#5316,.T.);
#10952=ORIENTED_EDGE('',*,*,#6139,.F.);
#10953=ORIENTED_EDGE('',*,*,#2513,.F.);
#10954=ORIENTED_EDGE('',*,*,#10934,.F.);
#10955=EDGE_LOOP('',(#10951,#10952,#10953,#10954));
#10956=FACE_BOUND('',#10955,.T.);
#10957=ADVANCED_FACE('',(#10956),#10950,.T.);
#10958=CARTESIAN_POINT('',(51.559735538,32.808919836,-17.298109062));
#10959=DIRECTION('',(0.,-1.,-0.));
#10960=DIRECTION('',(0.,0.,-1.));
#10961=AXIS2_PLACEMENT_3D('',#10958,#10959,#10960);
#10962=PLANE('',#10961);
#10963=ORIENTED_EDGE('',*,*,#5332,.T.);
#10964=ORIENTED_EDGE('',*,*,#10941,.T.);
#10965=ORIENTED_EDGE('',*,*,#2591,.F.);
#10966=ORIENTED_EDGE('',*,*,#6161,.F.);
#10967=EDGE_LOOP('',(#10963,#10964,#10965,#10966));
#10968=FACE_BOUND('',#10967,.T.);
#10969=ADVANCED_FACE('',(#10968),#10962,.T.);
#10970=CARTESIAN_POINT('',(16.059736491,22.183919836,-17.298109062));
#10971=DIRECTION('',(-1.,0.,0.));
#10972=DIRECTION('',(0.,0.,1.));
#10973=AXIS2_PLACEMENT_3D('',#10970,#10971,#10972);
#10974=PLANE('',#10973);
#10975=ORIENTED_EDGE('',*,*,#5030,.T.);
#10976=CARTESIAN_POINT('',(16.059736491,15.183918882,6.5));
#10977=DIRECTION('',(0.,-0.,1.));
#10978=VECTOR('',#10977,1.000000048);
#10979=LINE('',#10976,#10978);
#10980=EDGE_CURVE('',#5017,#2206,#10979,.T.);
#10981=ORIENTED_EDGE('',*,*,#10980,.T.);
#10982=ORIENTED_EDGE('',*,*,#2211,.F.);
#10983=CARTESIAN_POINT('',(16.059736491,22.183919836,6.5));
#10984=DIRECTION('',(0.,-0.,1.));
#10985=VECTOR('',#10984,1.000000048);
#10986=LINE('',#10983,#10985);
#10987=EDGE_CURVE('',#5025,#2204,#10986,.T.);
#10988=ORIENTED_EDGE('',*,*,#10987,.F.);
#10989=EDGE_LOOP('',(#10975,#10981,#10982,#10988));
#10990=FACE_BOUND('',#10989,.T.);
#10991=ADVANCED_FACE('',(#10990),#10974,.T.);
#10992=CARTESIAN_POINT('',(16.059736491,15.183918882,-17.298109062));
#10993=DIRECTION('',(0.,1.,0.));
#10994=DIRECTION('',(0.,-0.,1.));
#10995=AXIS2_PLACEMENT_3D('',#10992,#10993,#10994);
#10996=PLANE('',#10995);
#10997=ORIENTED_EDGE('',*,*,#5022,.T.);
#10998=ORIENTED_EDGE('',*,*,#6095,.F.);
#10999=ORIENTED_EDGE('',*,*,#2219,.F.);
#11000=ORIENTED_EDGE('',*,*,#10980,.F.);
#11001=EDGE_LOOP('',(#10997,#10998,#10999,#11000));
#11002=FACE_BOUND('',#11001,.T.);
#11003=ADVANCED_FACE('',(#11002),#10996,.T.);
#11004=CARTESIAN_POINT('',(0.559736253,22.183919836,-17.298109062));
#11005=DIRECTION('',(0.,-1.,-0.));
#11006=DIRECTION('',(0.,0.,-1.));
#11007=AXIS2_PLACEMENT_3D('',#11004,#11005,#11006);
#11008=PLANE('',#11007);
#11009=ORIENTED_EDGE('',*,*,#5038,.T.);
#11010=ORIENTED_EDGE('',*,*,#10987,.T.);
#11011=ORIENTED_EDGE('',*,*,#2297,.F.);
#11012=ORIENTED_EDGE('',*,*,#6117,.F.);
#11013=EDGE_LOOP('',(#11009,#11010,#11011,#11012));
#11014=FACE_BOUND('',#11013,.T.);
#11015=ADVANCED_FACE('',(#11014),#11008,.T.);
#11016=CARTESIAN_POINT('',(17.559736491,13.058918882,-17.298109062));
#11017=DIRECTION('',(1.,0.,0.));
#11018=DIRECTION('',(0.,0.,-1.));
#11019=AXIS2_PLACEMENT_3D('',#11016,#11017,#11018);
#11020=PLANE('',#11019);
#11021=ORIENTED_EDGE('',*,*,#4880,.T.);
#11022=CARTESIAN_POINT('',(17.559736491,20.058919836,6.5));
#11023=DIRECTION('',(0.,-0.,1.));
#11024=VECTOR('',#11023,1.000000048);
#11025=LINE('',#11022,#11024);
#11026=EDGE_CURVE('',#4869,#2058,#11025,.T.);
#11027=ORIENTED_EDGE('',*,*,#11026,.T.);
#11028=ORIENTED_EDGE('',*,*,#2063,.F.);
#11029=CARTESIAN_POINT('',(17.559736491,13.058918882,6.5));
#11030=DIRECTION('',(0.,-0.,1.));
#11031=VECTOR('',#11030,1.000000048);
#11032=LINE('',#11029,#11031);
#11033=EDGE_CURVE('',#4789,#2050,#11032,.T.);
#11034=ORIENTED_EDGE('',*,*,#11033,.F.);
#11035=EDGE_LOOP('',(#11021,#11027,#11028,#11034));
#11036=FACE_BOUND('',#11035,.T.);
#11037=ADVANCED_FACE('',(#11036),#11020,.T.);
#11038=CARTESIAN_POINT('',(33.059735538,13.058918882,-17.298109062));
#11039=DIRECTION('',(0.,1.,0.));
#11040=DIRECTION('',(0.,-0.,1.));
#11041=AXIS2_PLACEMENT_3D('',#11038,#11039,#11040);
#11042=PLANE('',#11041);
#11043=ORIENTED_EDGE('',*,*,#4794,.T.);
#11044=ORIENTED_EDGE('',*,*,#11033,.T.);
#11045=ORIENTED_EDGE('',*,*,#2055,.F.);
#11046=ORIENTED_EDGE('',*,*,#6051,.F.);
#11047=EDGE_LOOP('',(#11043,#11044,#11045,#11046));
#11048=FACE_BOUND('',#11047,.T.);
#11049=ADVANCED_FACE('',(#11048),#11042,.T.);
#11050=CARTESIAN_POINT('',(17.559736491,20.058919836,-17.298109062));
#11051=DIRECTION('',(0.,-1.,-0.));
#11052=DIRECTION('',(0.,0.,-1.));
#11053=AXIS2_PLACEMENT_3D('',#11050,#11051,#11052);
#11054=PLANE('',#11053);
#11055=ORIENTED_EDGE('',*,*,#4874,.T.);
#11056=ORIENTED_EDGE('',*,*,#6073,.F.);
#11057=ORIENTED_EDGE('',*,*,#2071,.F.);
#11058=ORIENTED_EDGE('',*,*,#11026,.F.);
#11059=EDGE_LOOP('',(#11055,#11056,#11057,#11058));
#11060=FACE_BOUND('',#11059,.T.);
#11061=ADVANCED_FACE('',(#11060),#11054,.T.);
#11062=CARTESIAN_POINT('',(33.059735538,3.05891924,-17.298109062));
#11063=DIRECTION('',(-1.,0.,0.));
#11064=DIRECTION('',(0.,0.,1.));
#11065=AXIS2_PLACEMENT_3D('',#11062,#11063,#11064);
#11066=PLANE('',#11065);
#11067=ORIENTED_EDGE('',*,*,#4932,.T.);
#11068=CARTESIAN_POINT('',(33.059735538,-3.941080641,6.5));
#11069=DIRECTION('',(0.,-0.,1.));
#11070=VECTOR('',#11069,1.000000048);
#11071=LINE('',#11068,#11070);
#11072=EDGE_CURVE('',#4919,#2108,#11071,.T.);
#11073=ORIENTED_EDGE('',*,*,#11072,.T.);
#11074=ORIENTED_EDGE('',*,*,#2113,.F.);
#11075=CARTESIAN_POINT('',(33.059735538,3.05891924,6.5));
#11076=DIRECTION('',(0.,-0.,1.));
#11077=VECTOR('',#11076,1.000000048);
#11078=LINE('',#11075,#11077);
#11079=EDGE_CURVE('',#4927,#2106,#11078,.T.);
#11080=ORIENTED_EDGE('',*,*,#11079,.F.);
#11081=EDGE_LOOP('',(#11067,#11073,#11074,#11080));
#11082=FACE_BOUND('',#11081,.T.);
#11083=ADVANCED_FACE('',(#11082),#11066,.T.);
#11084=CARTESIAN_POINT('',(33.059735538,-3.941080641,-17.298109062));
#11085=DIRECTION('',(0.,1.,0.));
#11086=DIRECTION('',(0.,-0.,1.));
#11087=AXIS2_PLACEMENT_3D('',#11084,#11085,#11086);
#11088=PLANE('',#11087);
#11089=ORIENTED_EDGE('',*,*,#4924,.T.);
#11090=ORIENTED_EDGE('',*,*,#6007,.F.);
#11091=ORIENTED_EDGE('',*,*,#2121,.F.);
#11092=ORIENTED_EDGE('',*,*,#11072,.F.);
#11093=EDGE_LOOP('',(#11089,#11090,#11091,#11092));
#11094=FACE_BOUND('',#11093,.T.);
#11095=ADVANCED_FACE('',(#11094),#11088,.T.);
#11096=CARTESIAN_POINT('',(17.559736491,3.05891924,-17.298109062));
#11097=DIRECTION('',(0.,-1.,-0.));
#11098=DIRECTION('',(0.,0.,-1.));
#11099=AXIS2_PLACEMENT_3D('',#11096,#11097,#11098);
#11100=PLANE('',#11099);
#11101=ORIENTED_EDGE('',*,*,#4940,.T.);
#11102=ORIENTED_EDGE('',*,*,#11079,.T.);
#11103=ORIENTED_EDGE('',*,*,#2199,.F.);
#11104=ORIENTED_EDGE('',*,*,#6029,.F.);
#11105=EDGE_LOOP('',(#11101,#11102,#11103,#11104));
#11106=FACE_BOUND('',#11105,.T.);
#11107=ADVANCED_FACE('',(#11106),#11100,.T.);
#11108=CARTESIAN_POINT('',(34.559735538,-8.191081118,-17.298109062));
#11109=DIRECTION('',(1.,0.,0.));
#11110=DIRECTION('',(0.,0.,-1.));
#11111=AXIS2_PLACEMENT_3D('',#11108,#11109,#11110);
#11112=PLANE('',#11111);
#11113=ORIENTED_EDGE('',*,*,#5664,.T.);
#11114=CARTESIAN_POINT('',(34.559735538,-1.191080879,6.5));
#11115=DIRECTION('',(0.,-0.,1.));
#11116=VECTOR('',#11115,1.000000048);
#11117=LINE('',#11114,#11116);
#11118=EDGE_CURVE('',#5653,#2842,#11117,.T.);
#11119=ORIENTED_EDGE('',*,*,#11118,.T.);
#11120=ORIENTED_EDGE('',*,*,#2847,.F.);
#11121=CARTESIAN_POINT('',(34.559735538,-8.191081118,6.5));
#11122=DIRECTION('',(0.,-0.,1.));
#11123=VECTOR('',#11122,1.000000048);
#11124=LINE('',#11121,#11123);
#11125=EDGE_CURVE('',#5573,#2834,#11124,.T.);
#11126=ORIENTED_EDGE('',*,*,#11125,.F.);
#11127=EDGE_LOOP('',(#11113,#11119,#11120,#11126));
#11128=FACE_BOUND('',#11127,.T.);
#11129=ADVANCED_FACE('',(#11128),#11112,.T.);
#11130=CARTESIAN_POINT('',(50.059735538,-8.191081118,-17.298109062));
#11131=DIRECTION('',(0.,1.,0.));
#11132=DIRECTION('',(0.,-0.,1.));
#11133=AXIS2_PLACEMENT_3D('',#11130,#11131,#11132);
#11134=PLANE('',#11133);
#11135=ORIENTED_EDGE('',*,*,#5578,.T.);
#11136=ORIENTED_EDGE('',*,*,#11125,.T.);
#11137=ORIENTED_EDGE('',*,*,#2839,.F.);
#11138=ORIENTED_EDGE('',*,*,#5963,.F.);
#11139=EDGE_LOOP('',(#11135,#11136,#11137,#11138));
#11140=FACE_BOUND('',#11139,.T.);
#11141=ADVANCED_FACE('',(#11140),#11134,.T.);
#11142=CARTESIAN_POINT('',(34.559735538,-1.191080879,-17.298109062));
#11143=DIRECTION('',(0.,-1.,-0.));
#11144=DIRECTION('',(0.,0.,-1.));
#11145=AXIS2_PLACEMENT_3D('',#11142,#11143,#11144);
#11146=PLANE('',#11145);
#11147=ORIENTED_EDGE('',*,*,#5658,.T.);
#11148=ORIENTED_EDGE('',*,*,#5985,.F.);
#11149=ORIENTED_EDGE('',*,*,#2855,.F.);
#11150=ORIENTED_EDGE('',*,*,#11118,.F.);
#11151=EDGE_LOOP('',(#11147,#11148,#11149,#11150));
#11152=FACE_BOUND('',#11151,.T.);
#11153=ADVANCED_FACE('',(#11152),#11146,.T.);
#11154=CARTESIAN_POINT('',(34.559735538,8.808919359,-17.298109062));
#11155=DIRECTION('',(1.,0.,0.));
#11156=DIRECTION('',(0.,0.,-1.));
#11157=AXIS2_PLACEMENT_3D('',#11154,#11155,#11156);
#11158=PLANE('',#11157);
#11159=ORIENTED_EDGE('',*,*,#5566,.T.);
#11160=CARTESIAN_POINT('',(34.559735538,15.808918882,6.5));
#11161=DIRECTION('',(0.,-0.,1.));
#11162=VECTOR('',#11161,1.000000048);
#11163=LINE('',#11160,#11162);
#11164=EDGE_CURVE('',#5555,#2744,#11163,.T.);
#11165=ORIENTED_EDGE('',*,*,#11164,.T.);
#11166=ORIENTED_EDGE('',*,*,#2749,.F.);
#11167=CARTESIAN_POINT('',(34.559735538,8.808919359,6.5));
#11168=DIRECTION('',(0.,-0.,1.));
#11169=VECTOR('',#11168,1.000000048);
#11170=LINE('',#11167,#11169);
#11171=EDGE_CURVE('',#5475,#2736,#11170,.T.);
#11172=ORIENTED_EDGE('',*,*,#11171,.F.);
#11173=EDGE_LOOP('',(#11159,#11165,#11166,#11172));
#11174=FACE_BOUND('',#11173,.T.);
#11175=ADVANCED_FACE('',(#11174),#11158,.T.);
#11176=CARTESIAN_POINT('',(50.059735538,8.808919359,-17.298109062));
#11177=DIRECTION('',(0.,1.,0.));
#11178=DIRECTION('',(0.,-0.,1.));
#11179=AXIS2_PLACEMENT_3D('',#11176,#11177,#11178);
#11180=PLANE('',#11179);
#11181=ORIENTED_EDGE('',*,*,#5480,.T.);
#11182=ORIENTED_EDGE('',*,*,#11171,.T.);
#11183=ORIENTED_EDGE('',*,*,#2741,.F.);
#11184=ORIENTED_EDGE('',*,*,#5919,.F.);
#11185=EDGE_LOOP('',(#11181,#11182,#11183,#11184));
#11186=FACE_BOUND('',#11185,.T.);
#11187=ADVANCED_FACE('',(#11186),#11180,.T.);
#11188=CARTESIAN_POINT('',(34.559735538,15.808918882,-17.298109062));
#11189=DIRECTION('',(0.,-1.,-0.));
#11190=DIRECTION('',(0.,0.,-1.));
#11191=AXIS2_PLACEMENT_3D('',#11188,#11189,#11190);
#11192=PLANE('',#11191);
#11193=ORIENTED_EDGE('',*,*,#5560,.T.);
#11194=ORIENTED_EDGE('',*,*,#5941,.F.);
#11195=ORIENTED_EDGE('',*,*,#2757,.F.);
#11196=ORIENTED_EDGE('',*,*,#11164,.F.);
#11197=EDGE_LOOP('',(#11193,#11194,#11195,#11196));
#11198=FACE_BOUND('',#11197,.T.);
#11199=ADVANCED_FACE('',(#11198),#11192,.T.);
#11200=CARTESIAN_POINT('',(67.059739352,15.808918882,-17.298109062));
#11201=DIRECTION('',(-1.,0.,0.));
#11202=DIRECTION('',(0.,0.,1.));
#11203=AXIS2_PLACEMENT_3D('',#11200,#11201,#11202);
#11204=PLANE('',#11203);
#11205=ORIENTED_EDGE('',*,*,#5226,.T.);
#11206=CARTESIAN_POINT('',(67.059739352,8.808919359,6.5));
#11207=DIRECTION('',(0.,-0.,1.));
#11208=VECTOR('',#11207,1.000000048);
#11209=LINE('',#11206,#11208);
#11210=EDGE_CURVE('',#5213,#2402,#11209,.T.);
#11211=ORIENTED_EDGE('',*,*,#11210,.T.);
#11212=ORIENTED_EDGE('',*,*,#2407,.F.);
#11213=CARTESIAN_POINT('',(67.059739352,15.808918882,6.5));
#11214=DIRECTION('',(0.,-0.,1.));
#11215=VECTOR('',#11214,1.000000048);
#11216=LINE('',#11213,#11215);
#11217=EDGE_CURVE('',#5221,#2400,#11216,.T.);
#11218=ORIENTED_EDGE('',*,*,#11217,.F.);
#11219=EDGE_LOOP('',(#11205,#11211,#11212,#11218));
#11220=FACE_BOUND('',#11219,.T.);
#11221=ADVANCED_FACE('',(#11220),#11204,.T.);
#11222=CARTESIAN_POINT('',(67.059739352,8.808919359,-17.298109062));
#11223=DIRECTION('',(0.,1.,0.));
#11224=DIRECTION('',(0.,-0.,1.));
#11225=AXIS2_PLACEMENT_3D('',#11222,#11223,#11224);
#11226=PLANE('',#11225);
#11227=ORIENTED_EDGE('',*,*,#5218,.T.);
#11228=ORIENTED_EDGE('',*,*,#5875,.F.);
#11229=ORIENTED_EDGE('',*,*,#2415,.F.);
#11230=ORIENTED_EDGE('',*,*,#11210,.F.);
#11231=EDGE_LOOP('',(#11227,#11228,#11229,#11230));
#11232=FACE_BOUND('',#11231,.T.);
#11233=ADVANCED_FACE('',(#11232),#11226,.T.);
#11234=CARTESIAN_POINT('',(51.559735538,15.808918882,-17.298109062));
#11235=DIRECTION('',(0.,-1.,-0.));
#11236=DIRECTION('',(0.,0.,-1.));
#11237=AXIS2_PLACEMENT_3D('',#11234,#11235,#11236);
#11238=PLANE('',#11237);
#11239=ORIENTED_EDGE('',*,*,#5234,.T.);
#11240=ORIENTED_EDGE('',*,*,#11217,.T.);
#11241=ORIENTED_EDGE('',*,*,#2493,.F.);
#11242=ORIENTED_EDGE('',*,*,#5897,.F.);
#11243=EDGE_LOOP('',(#11239,#11240,#11241,#11242));
#11244=FACE_BOUND('',#11243,.T.);
#11245=ADVANCED_FACE('',(#11244),#11238,.T.);
#11246=CARTESIAN_POINT('',(0.110243861,43.883718801,4.3));
#11247=DIRECTION('',(0.,0.,-1.));
#11248=DIRECTION('',(-1.,0.,0.));
#11249=AXIS2_PLACEMENT_3D('',#11246,#11247,#11248);
#11250=CYLINDRICAL_SURFACE('',#11249,1.);
#11251=ORIENTED_EDGE('',*,*,#521,.F.);
#11252=ORIENTED_EDGE('',*,*,#8267,.F.);
#11253=ORIENTED_EDGE('',*,*,#3516,.F.);
#11254=ORIENTED_EDGE('',*,*,#8194,.F.);
#11255=EDGE_LOOP('',(#11251,#11252,#11253,#11254));
#11256=FACE_BOUND('',#11255,.T.);
#11257=ADVANCED_FACE('',(#11256),#11250,.T.);
#11258=CARTESIAN_POINT('',(16.510243956,43.883718801,1.000000048));
#11259=DIRECTION('',(0.,0.,1.));
#11260=DIRECTION('',(1.,0.,-0.));
#11261=AXIS2_PLACEMENT_3D('',#11258,#11259,#11260);
#11262=CYLINDRICAL_SURFACE('',#11261,1.);
#11263=ORIENTED_EDGE('',*,*,#3533,.F.);
#11264=ORIENTED_EDGE('',*,*,#8274,.F.);
#11265=ORIENTED_EDGE('',*,*,#504,.F.);
#11266=ORIENTED_EDGE('',*,*,#8250,.F.);
#11267=EDGE_LOOP('',(#11263,#11264,#11265,#11266));
#11268=FACE_BOUND('',#11267,.T.);
#11269=ADVANCED_FACE('',(#11268),#11262,.T.);
#11270=CARTESIAN_POINT('',(33.510243956,41.758718801,1.000000048));
#11271=DIRECTION('',(0.,0.,1.));
#11272=DIRECTION('',(1.,0.,-0.));
#11273=AXIS2_PLACEMENT_3D('',#11270,#11271,#11272);
#11274=CYLINDRICAL_SURFACE('',#11273,1.);
#11275=ORIENTED_EDGE('',*,*,#3558,.F.);
#11276=ORIENTED_EDGE('',*,*,#8228,.F.);
#11277=ORIENTED_EDGE('',*,*,#479,.F.);
#11278=ORIENTED_EDGE('',*,*,#8211,.F.);
#11279=EDGE_LOOP('',(#11275,#11276,#11277,#11278));
#11280=FACE_BOUND('',#11279,.T.);
#11281=ADVANCED_FACE('',(#11280),#11274,.T.);
#11282=CARTESIAN_POINT('',(67.510243956,37.508718801,1.000000048));
#11283=DIRECTION('',(0.,0.,-1.));
#11284=DIRECTION('',(-1.,0.,0.));
#11285=AXIS2_PLACEMENT_3D('',#11282,#11283,#11284);
#11286=CYLINDRICAL_SURFACE('',#11285,1.);
#11287=ORIENTED_EDGE('',*,*,#454,.F.);
#11288=ORIENTED_EDGE('',*,*,#8140,.F.);
#11289=ORIENTED_EDGE('',*,*,#3583,.F.);
#11290=ORIENTED_EDGE('',*,*,#8089,.F.);
#11291=EDGE_LOOP('',(#11287,#11288,#11289,#11290));
#11292=FACE_BOUND('',#11291,.T.);
#11293=ADVANCED_FACE('',(#11292),#11286,.T.);
#11294=CARTESIAN_POINT('',(67.510243956,-29.891282725,4.3));
#11295=DIRECTION('',(0.,0.,1.));
#11296=DIRECTION('',(1.,0.,-0.));
#11297=AXIS2_PLACEMENT_3D('',#11294,#11295,#11296);
#11298=CYLINDRICAL_SURFACE('',#11297,1.);
#11299=ORIENTED_EDGE('',*,*,#3600,.F.);
#11300=ORIENTED_EDGE('',*,*,#8133,.F.);
#11301=ORIENTED_EDGE('',*,*,#437,.F.);
#11302=ORIENTED_EDGE('',*,*,#8340,.F.);
#11303=EDGE_LOOP('',(#11299,#11300,#11301,#11302));
#11304=FACE_BOUND('',#11303,.T.);
#11305=ADVANCED_FACE('',(#11304),#11298,.T.);
#11306=CARTESIAN_POINT('',(34.110244338,-29.891282725,4.3));
#11307=DIRECTION('',(0.,0.,1.));
#11308=DIRECTION('',(1.,0.,-0.));
#11309=AXIS2_PLACEMENT_3D('',#11306,#11307,#11308);
#11310=CYLINDRICAL_SURFACE('',#11309,1.);
#11311=ORIENTED_EDGE('',*,*,#3617,.F.);
#11312=ORIENTED_EDGE('',*,*,#8333,.F.);
#11313=ORIENTED_EDGE('',*,*,#420,.F.);
#11314=ORIENTED_EDGE('',*,*,#8318,.F.);
#11315=EDGE_LOOP('',(#11311,#11312,#11313,#11314));
#11316=FACE_BOUND('',#11315,.T.);
#11317=ADVANCED_FACE('',(#11316),#11310,.T.);
#11318=CARTESIAN_POINT('',(32.110244338,-27.641282725,4.3));
#11319=DIRECTION('',(0.,0.,1.));
#11320=DIRECTION('',(1.,0.,-0.));
#11321=AXIS2_PLACEMENT_3D('',#11318,#11319,#11320);
#11322=CYLINDRICAL_SURFACE('',#11321,1.);
#11323=ORIENTED_EDGE('',*,*,#403,.F.);
#11324=ORIENTED_EDGE('',*,*,#8296,.F.);
#11325=ORIENTED_EDGE('',*,*,#3634,.F.);
#11326=ORIENTED_EDGE('',*,*,#8311,.F.);
#11327=EDGE_LOOP('',(#11323,#11324,#11325,#11326));
#11328=FACE_BOUND('',#11327,.T.);
#11329=ADVANCED_FACE('',(#11328),#11322,.F.);
#11330=CARTESIAN_POINT('',(17.110243956,-27.641282725,4.3));
#11331=DIRECTION('',(0.,0.,1.));
#11332=DIRECTION('',(1.,0.,-0.));
#11333=AXIS2_PLACEMENT_3D('',#11330,#11331,#11332);
#11334=CYLINDRICAL_SURFACE('',#11333,1.);
#11335=ORIENTED_EDGE('',*,*,#386,.F.);
#11336=ORIENTED_EDGE('',*,*,#8074,.F.);
#11337=ORIENTED_EDGE('',*,*,#3651,.F.);
#11338=ORIENTED_EDGE('',*,*,#8289,.F.);
#11339=EDGE_LOOP('',(#11335,#11336,#11337,#11338));
#11340=FACE_BOUND('',#11339,.T.);
#11341=ADVANCED_FACE('',(#11340),#11334,.F.);
#11342=CARTESIAN_POINT('',(15.110243956,-30.126283336,4.3));
#11343=DIRECTION('',(0.,0.,1.));
#11344=DIRECTION('',(1.,0.,-0.));
#11345=AXIS2_PLACEMENT_3D('',#11342,#11343,#11344);
#11346=CYLINDRICAL_SURFACE('',#11345,1.);
#11347=ORIENTED_EDGE('',*,*,#3668,.F.);
#11348=ORIENTED_EDGE('',*,*,#8067,.F.);
#11349=ORIENTED_EDGE('',*,*,#369,.F.);
#11350=ORIENTED_EDGE('',*,*,#8050,.F.);
#11351=EDGE_LOOP('',(#11347,#11348,#11349,#11350));
#11352=FACE_BOUND('',#11351,.T.);
#11353=ADVANCED_FACE('',(#11352),#11346,.T.);
#11354=CARTESIAN_POINT('',(-54.517899463,-42.473619262,4.3));
#11355=DIRECTION('',(0.,0.,1.));
#11356=DIRECTION('',(1.,0.,-0.));
#11357=AXIS2_PLACEMENT_3D('',#11354,#11355,#11356);
#11358=CYLINDRICAL_SURFACE('',#11357,1.);
#11359=ORIENTED_EDGE('',*,*,#3701,.F.);
#11360=ORIENTED_EDGE('',*,*,#8355,.F.);
#11361=ORIENTED_EDGE('',*,*,#336,.F.);
#11362=ORIENTED_EDGE('',*,*,#8012,.F.);
#11363=EDGE_LOOP('',(#11359,#11360,#11361,#11362));
#11364=FACE_BOUND('',#11363,.T.);
#11365=ADVANCED_FACE('',(#11364),#11358,.T.);
#11366=CARTESIAN_POINT('',(-63.639462819,39.633718801,1.000000048));
#11367=DIRECTION('',(0.,-0.,1.));
#11368=DIRECTION('',(1.,0.,-0.));
#11369=AXIS2_PLACEMENT_3D('',#11366,#11367,#11368);
#11370=CYLINDRICAL_SURFACE('',#11369,1.);
#11371=ORIENTED_EDGE('',*,*,#3466,.F.);
#11372=ORIENTED_EDGE('',*,*,#302,.F.);
#11373=ORIENTED_EDGE('',*,*,#569,.F.);
#11374=ORIENTED_EDGE('',*,*,#8111,.F.);
#11375=EDGE_LOOP('',(#11371,#11372,#11373,#11374));
#11376=FACE_BOUND('',#11375,.T.);
#11377=ADVANCED_FACE('',(#11376),#11370,.T.);
#11378=CARTESIAN_POINT('',(-16.889755662,41.758718801,4.3));
#11379=DIRECTION('',(0.,0.,-1.));
#11380=DIRECTION('',(-1.,0.,0.));
#11381=AXIS2_PLACEMENT_3D('',#11378,#11379,#11380);
#11382=CYLINDRICAL_SURFACE('',#11381,1.);
#11383=ORIENTED_EDGE('',*,*,#546,.F.);
#11384=ORIENTED_EDGE('',*,*,#8172,.F.);
#11385=ORIENTED_EDGE('',*,*,#3491,.F.);
#11386=ORIENTED_EDGE('',*,*,#8155,.F.);
#11387=EDGE_LOOP('',(#11383,#11384,#11385,#11386));
#11388=FACE_BOUND('',#11387,.T.);
#11389=ADVANCED_FACE('',(#11388),#11382,.T.);
#11390=CARTESIAN_POINT('',(-22.190264462,31.433919836,0.815178453));
#11391=DIRECTION('',(1.,0.,0.));
#11392=DIRECTION('',(0.,0.,1.));
#11393=AXIS2_PLACEMENT_3D('',#11390,#11391,#11392);
#11394=PLANE('',#11393);
#11395=ORIENTED_EDGE('',*,*,#969,.T.);
#11396=ORIENTED_EDGE('',*,*,#8907,.T.);
#11397=ORIENTED_EDGE('',*,*,#3313,.F.);
#11398=CARTESIAN_POINT('',(-22.190264462,23.683919836,6.5));
#11399=DIRECTION('',(0.,0.,1.));
#11400=VECTOR('',#11399,1.000000048);
#11401=LINE('',#11398,#11400);
#11402=EDGE_CURVE('',#3300,#964,#11401,.T.);
#11403=ORIENTED_EDGE('',*,*,#11402,.T.);
#11404=EDGE_LOOP('',(#11395,#11396,#11397,#11403));
#11405=FACE_BOUND('',#11404,.T.);
#11406=ADVANCED_FACE('',(#11405),#11394,.F.);
#11407=CARTESIAN_POINT('',(-29.190264462,31.433919836,0.815178453));
#11408=DIRECTION('',(-1.,-0.,0.));
#11409=DIRECTION('',(0.,0.,-1.));
#11410=AXIS2_PLACEMENT_3D('',#11407,#11408,#11409);
#11411=PLANE('',#11410);
#11412=ORIENTED_EDGE('',*,*,#983,.T.);
#11413=CARTESIAN_POINT('',(-29.190264462,23.683919836,6.5));
#11414=DIRECTION('',(0.,0.,1.));
#11415=VECTOR('',#11414,1.000000048);
#11416=LINE('',#11413,#11415);
#11417=EDGE_CURVE('',#3292,#972,#11416,.T.);
#11418=ORIENTED_EDGE('',*,*,#11417,.F.);
#11419=ORIENTED_EDGE('',*,*,#3297,.F.);
#11420=ORIENTED_EDGE('',*,*,#240,.T.);
#11421=EDGE_LOOP('',(#11412,#11418,#11419,#11420));
#11422=FACE_BOUND('',#11421,.T.);
#11423=ADVANCED_FACE('',(#11422),#11411,.F.);
#11424=CARTESIAN_POINT('',(-25.690264462,23.683919836,0.815178453));
#11425=DIRECTION('',(0.,-1.,0.));
#11426=DIRECTION('',(0.,0.,-1.));
#11427=AXIS2_PLACEMENT_3D('',#11424,#11425,#11426);
#11428=PLANE('',#11427);
#11429=ORIENTED_EDGE('',*,*,#977,.T.);
#11430=ORIENTED_EDGE('',*,*,#11402,.F.);
#11431=ORIENTED_EDGE('',*,*,#3305,.F.);
#11432=ORIENTED_EDGE('',*,*,#11417,.T.);
#11433=EDGE_LOOP('',(#11429,#11430,#11431,#11432));
#11434=FACE_BOUND('',#11433,.T.);
#11435=ADVANCED_FACE('',(#11434),#11428,.F.);
#11436=CARTESIAN_POINT('',(-25.690264462,39.183919836,0.815178453));
#11437=DIRECTION('',(-0.,1.,0.));
#11438=DIRECTION('',(0.,0.,1.));
#11439=AXIS2_PLACEMENT_3D('',#11436,#11437,#11438);
#11440=PLANE('',#11439);
#11441=ORIENTED_EDGE('',*,*,#897,.T.);
#11442=CARTESIAN_POINT('',(-29.190264462,39.183919836,6.5));
#11443=DIRECTION('',(0.,0.,1.));
#11444=VECTOR('',#11443,1.000000048);
#11445=LINE('',#11442,#11444);
#11446=EDGE_CURVE('',#3238,#884,#11445,.T.);
#11447=ORIENTED_EDGE('',*,*,#11446,.F.);
#11448=ORIENTED_EDGE('',*,*,#3243,.F.);
#11449=CARTESIAN_POINT('',(-22.190264462,39.183919836,6.5));
#11450=DIRECTION('',(0.,0.,1.));
#11451=VECTOR('',#11450,1.000000048);
#11452=LINE('',#11449,#11451);
#11453=EDGE_CURVE('',#3236,#892,#11452,.T.);
#11454=ORIENTED_EDGE('',*,*,#11453,.T.);
#11455=EDGE_LOOP('',(#11441,#11447,#11448,#11454));
#11456=FACE_BOUND('',#11455,.T.);
#11457=ADVANCED_FACE('',(#11456),#11440,.F.);
#11458=CARTESIAN_POINT('',(-29.190264462,31.433919836,0.815178453));
#11459=DIRECTION('',(-1.,-0.,0.));
#11460=DIRECTION('',(0.,0.,-1.));
#11461=AXIS2_PLACEMENT_3D('',#11458,#11459,#11460);
#11462=PLANE('',#11461);
#11463=ORIENTED_EDGE('',*,*,#889,.T.);
#11464=ORIENTED_EDGE('',*,*,#200,.T.);
#11465=ORIENTED_EDGE('',*,*,#3249,.F.);
#11466=ORIENTED_EDGE('',*,*,#11446,.T.);
#11467=EDGE_LOOP('',(#11463,#11464,#11465,#11466));
#11468=FACE_BOUND('',#11467,.T.);
#11469=ADVANCED_FACE('',(#11468),#11462,.F.);
#11470=CARTESIAN_POINT('',(-22.190264462,31.433919836,0.815178453));
#11471=DIRECTION('',(1.,0.,0.));
#11472=DIRECTION('',(0.,0.,1.));
#11473=AXIS2_PLACEMENT_3D('',#11470,#11471,#11472);
#11474=PLANE('',#11473);
#11475=ORIENTED_EDGE('',*,*,#905,.T.);
#11476=ORIENTED_EDGE('',*,*,#11453,.F.);
#11477=ORIENTED_EDGE('',*,*,#3375,.F.);
#11478=ORIENTED_EDGE('',*,*,#8890,.T.);
#11479=EDGE_LOOP('',(#11475,#11476,#11477,#11478));
#11480=FACE_BOUND('',#11479,.T.);
#11481=ADVANCED_FACE('',(#11480),#11474,.F.);
#11482=CARTESIAN_POINT('',(-29.190264462,14.433918882,3.127750312));
#11483=DIRECTION('',(-1.,-0.,0.));
#11484=DIRECTION('',(0.,0.,-1.));
#11485=AXIS2_PLACEMENT_3D('',#11482,#11483,#11484);
#11486=PLANE('',#11485);
#11487=ORIENTED_EDGE('',*,*,#745,.T.);
#11488=ORIENTED_EDGE('',*,*,#160,.T.);
#11489=ORIENTED_EDGE('',*,*,#3105,.F.);
#11490=CARTESIAN_POINT('',(-29.190264462,22.183918882,6.5));
#11491=DIRECTION('',(0.,0.,1.));
#11492=VECTOR('',#11491,1.000000048);
#11493=LINE('',#11490,#11492);
#11494=EDGE_CURVE('',#3094,#740,#11493,.T.);
#11495=ORIENTED_EDGE('',*,*,#11494,.T.);
#11496=EDGE_LOOP('',(#11487,#11488,#11489,#11495));
#11497=FACE_BOUND('',#11496,.T.);
#11498=ADVANCED_FACE('',(#11497),#11486,.F.);
#11499=CARTESIAN_POINT('',(-22.190264462,14.433918882,3.127750312));
#11500=DIRECTION('',(1.,0.,0.));
#11501=DIRECTION('',(0.,0.,1.));
#11502=AXIS2_PLACEMENT_3D('',#11499,#11500,#11501);
#11503=PLANE('',#11502);
#11504=ORIENTED_EDGE('',*,*,#761,.T.);
#11505=CARTESIAN_POINT('',(-22.190264462,22.183918882,6.5));
#11506=DIRECTION('',(0.,0.,1.));
#11507=VECTOR('',#11506,1.000000048);
#11508=LINE('',#11505,#11507);
#11509=EDGE_CURVE('',#3092,#748,#11508,.T.);
#11510=ORIENTED_EDGE('',*,*,#11509,.F.);
#11511=ORIENTED_EDGE('',*,*,#3231,.F.);
#11512=ORIENTED_EDGE('',*,*,#8924,.T.);
#11513=EDGE_LOOP('',(#11504,#11510,#11511,#11512));
#11514=FACE_BOUND('',#11513,.T.);
#11515=ADVANCED_FACE('',(#11514),#11503,.F.);
#11516=CARTESIAN_POINT('',(-25.690264462,22.183918882,3.127750312));
#11517=DIRECTION('',(-0.,1.,0.));
#11518=DIRECTION('',(0.,0.,1.));
#11519=AXIS2_PLACEMENT_3D('',#11516,#11517,#11518);
#11520=PLANE('',#11519);
#11521=ORIENTED_EDGE('',*,*,#753,.T.);
#11522=ORIENTED_EDGE('',*,*,#11494,.F.);
#11523=ORIENTED_EDGE('',*,*,#3099,.F.);
#11524=ORIENTED_EDGE('',*,*,#11509,.T.);
#11525=EDGE_LOOP('',(#11521,#11522,#11523,#11524));
#11526=FACE_BOUND('',#11525,.T.);
#11527=ADVANCED_FACE('',(#11526),#11520,.F.);
#11528=CARTESIAN_POINT('',(-25.690264462,6.683918882,3.127750312));
#11529=DIRECTION('',(0.,-1.,0.));
#11530=DIRECTION('',(0.,0.,-1.));
#11531=AXIS2_PLACEMENT_3D('',#11528,#11529,#11530);
#11532=PLANE('',#11531);
#11533=ORIENTED_EDGE('',*,*,#833,.T.);
#11534=CARTESIAN_POINT('',(-22.190264462,6.683918882,6.5));
#11535=DIRECTION('',(0.,0.,1.));
#11536=VECTOR('',#11535,1.000000048);
#11537=LINE('',#11534,#11536);
#11538=EDGE_CURVE('',#3156,#820,#11537,.T.);
#11539=ORIENTED_EDGE('',*,*,#11538,.F.);
#11540=ORIENTED_EDGE('',*,*,#3161,.F.);
#11541=CARTESIAN_POINT('',(-29.190264462,6.683918882,6.5));
#11542=DIRECTION('',(0.,0.,1.));
#11543=VECTOR('',#11542,1.000000048);
#11544=LINE('',#11541,#11543);
#11545=EDGE_CURVE('',#3148,#828,#11544,.T.);
#11546=ORIENTED_EDGE('',*,*,#11545,.T.);
#11547=EDGE_LOOP('',(#11533,#11539,#11540,#11546));
#11548=FACE_BOUND('',#11547,.T.);
#11549=ADVANCED_FACE('',(#11548),#11532,.F.);
#11550=CARTESIAN_POINT('',(-29.190264462,14.433918882,3.127750312));
#11551=DIRECTION('',(-1.,-0.,0.));
#11552=DIRECTION('',(0.,0.,-1.));
#11553=AXIS2_PLACEMENT_3D('',#11550,#11551,#11552);
#11554=PLANE('',#11553);
#11555=ORIENTED_EDGE('',*,*,#839,.T.);
#11556=ORIENTED_EDGE('',*,*,#11545,.F.);
#11557=ORIENTED_EDGE('',*,*,#3153,.F.);
#11558=ORIENTED_EDGE('',*,*,#120,.T.);
#11559=EDGE_LOOP('',(#11555,#11556,#11557,#11558));
#11560=FACE_BOUND('',#11559,.T.);
#11561=ADVANCED_FACE('',(#11560),#11554,.F.);
#11562=CARTESIAN_POINT('',(-22.190264462,14.433918882,3.127750312));
#11563=DIRECTION('',(1.,0.,0.));
#11564=DIRECTION('',(0.,0.,1.));
#11565=AXIS2_PLACEMENT_3D('',#11562,#11563,#11564);
#11566=PLANE('',#11565);
#11567=ORIENTED_EDGE('',*,*,#825,.T.);
#11568=ORIENTED_EDGE('',*,*,#8861,.T.);
#11569=ORIENTED_EDGE('',*,*,#3169,.F.);
#11570=ORIENTED_EDGE('',*,*,#11538,.T.);
#11571=EDGE_LOOP('',(#11567,#11568,#11569,#11570));
#11572=FACE_BOUND('',#11571,.T.);
#11573=ADVANCED_FACE('',(#11572),#11566,.F.);
#11574=CARTESIAN_POINT('',(-64.338730526,-23.678692532,7.500000048));
#11575=DIRECTION('',(0.,-1.,0.));
#11576=DIRECTION('',(0.,0.,-1.));
#11577=AXIS2_PLACEMENT_3D('',#11574,#11575,#11576);
#11578=PLANE('',#11577);
#11579=ORIENTED_EDGE('',*,*,#3715,.F.);
#11580=ORIENTED_EDGE('',*,*,#8005,.T.);
#11581=ORIENTED_EDGE('',*,*,#319,.F.);
#11582=ORIENTED_EDGE('',*,*,#40,.T.);
#11583=EDGE_LOOP('',(#11579,#11580,#11581,#11582));
#11584=FACE_BOUND('',#11583,.T.);
#11585=ADVANCED_FACE('',(#11584),#11578,.F.);
#11586=CARTESIAN_POINT('',(-49.638730526,9.021307468,7.500000048));
#11587=DIRECTION('',(1.,0.,0.));
#11588=DIRECTION('',(0.,0.,-1.));
#11589=AXIS2_PLACEMENT_3D('',#11586,#11587,#11588);
#11590=PLANE('',#11589);
#11591=ORIENTED_EDGE('',*,*,#8432,.F.);
#11592=ORIENTED_EDGE('',*,*,#641,.F.);
#11593=ORIENTED_EDGE('',*,*,#8449,.F.);
#11594=ORIENTED_EDGE('',*,*,#3395,.F.);
#11595=EDGE_LOOP('',(#11591,#11592,#11593,#11594));
#11596=FACE_BOUND('',#11595,.T.);
#11597=ADVANCED_FACE('',(#11596),#11590,.F.);
#11598=CARTESIAN_POINT('',(-64.338730526,36.721307468,7.500000048));
#11599=DIRECTION('',(0.,1.,0.));
#11600=DIRECTION('',(0.,0.,1.));
#11601=AXIS2_PLACEMENT_3D('',#11598,#11599,#11600);
#11602=PLANE('',#11601);
#11603=ORIENTED_EDGE('',*,*,#3456,.F.);
#11604=ORIENTED_EDGE('',*,*,#102,.F.);
#11605=ORIENTED_EDGE('',*,*,#576,.F.);
#11606=ORIENTED_EDGE('',*,*,#288,.F.);
#11607=EDGE_LOOP('',(#11603,#11604,#11605,#11606));
#11608=FACE_BOUND('',#11607,.T.);
#11609=ADVANCED_FACE('',(#11608),#11602,.F.);
#11610=CLOSED_SHELL('',(#66,#106,#146,#186,#226,#266,#306,#3085,#5864,#5886,#5908,#5930,#5952,#5974,#5996,#6018,#6040,#6062,#6084,#6106,#6128,#6150,#6172,#6194,#6216,#6238,
#6260,#6282,#6304,#6326,#6348,#6370,#6392,#6414,#6436,#6458,#6480,#6502,#6524,#6546,#6568,#6590,#6612,#6634,#6656,#6678,#6700,#6722,#6744,#6766,#6788,
#6810,#6832,#6854,#6876,#6898,#6920,#6942,#6964,#6986,#7008,#7030,#7052,#7074,#7096,#7118,#7140,#7162,#7184,#7206,#7228,#7250,#7272,#7294,#7311,#7333,
#7355,#7377,#7399,#7421,#7443,#7465,#7487,#7509,#7531,#7553,#7575,#7597,#7619,#7641,#7663,#7685,#7707,#7729,#7751,#7773,#7795,#7817,#7839,#7856,#7873,
#7895,#7917,#7939,#7961,#7978,#7995,#8017,#8039,#8056,#8078,#8100,#8122,#8144,#8161,#8183,#8200,#8217,#8239,#8256,#8278,#8300,#8322,#8344,#8361,#8373,
#8385,#8397,#8409,#8421,#8438,#8455,#8467,#8479,#8491,#8503,#8515,#8527,#8539,#8551,#8563,#8575,#8587,#8599,#8611,#8623,#8635,#8647,#8659,#8671,#8683,
#8695,#8707,#8719,#8731,#8743,#8755,#8767,#8779,#8791,#8803,#8815,#8827,#8839,#8851,#8868,#8880,#8897,#8914,#8931,#8943,#8955,#8967,#8979,#8991,#9013,
#9025,#9037,#9059,#9071,#9083,#9105,#9117,#9129,#9146,#9163,#9175,#9197,#9209,#9221,#9238,#9255,#9267,#9289,#9301,#9313,#9330,#9347,#9359,#9376,#9393,
#9405,#9427,#9439,#9451,#9468,#9485,#9497,#9519,#9531,#9543,#9560,#9577,#9589,#9611,#9623,#9635,#9652,#9669,#9681,#9703,#9715,#9727,#9749,#9761,#9773,
#9790,#9807,#9819,#9841,#9853,#9865,#9882,#9899,#9911,#9933,#9945,#9957,#9974,#9991,#10003,#10020,#10037,#10049,#10071,#10083,#10095,#10112,#10129,#10141,#10158,
#10175,#10187,#10204,#10221,#10233,#10250,#10267,#10279,#10296,#10313,#10325,#10347,#10359,#10371,#10388,#10405,#10417,#10434,#10451,#10463,#10480,#10497,#10509,#10531,#10543,
#10555,#10572,#10589,#10601,#10618,#10635,#10647,#10669,#10681,#10693,#10715,#10727,#10739,#10756,#10773,#10785,#10802,#10819,#10831,#10853,#10865,#10877,#10899,#10911,#10923,
#10945,#10957,#10969,#10991,#11003,#11015,#11037,#11049,#11061,#11083,#11095,#11107,#11129,#11141,#11153,#11175,#11187,#11199,#11221,#11233,#11245,#11257,#11269,#11281,#11293,
#11305,#11317,#11329,#11341,#11353,#11365,#11377,#11389,#11406,#11423,#11435,#11457,#11469,#11481,#11498,#11515,#11527,#11549,#11561,#11573,#11585,#11597,#11609));
#11611=MANIFOLD_SOLID_BREP('\X2\30C830C330D730D730EC30FC30C8\X0\_\X2\30D530A930FC30E0\X0\',#11610);
#26=STYLED_ITEM('',(),#11611);
#16=SHAPE_REPRESENTATION('root',(#15),#10);
#17=ADVANCED_BREP_SHAPE_REPRESENTATION('root',(#11611),#10);
#11619=SHAPE_REPRESENTATION_RELATIONSHIP('','',#16,#17);
#11620=APPLICATION_CONTEXT('configuration controlled 3D design of mechanical parts and assemblies');
#11621=APPLICATION_PROTOCOL_DEFINITION('international standard','configuration_control_3d_design_ed2_mim',2004,#11620);
#11622=PRODUCT_CONTEXT('',#11620,'mechanical');
#11623=PRODUCT_DEFINITION_CONTEXT('part definition',#11620,'design');
#24=PRODUCT('root','root','',(#11622));
#11624=PRODUCT_RELATED_PRODUCT_CATEGORY('part','',(#24));
#11625=PRODUCT_DEFINITION_FORMATION_WITH_SPECIFIED_SOURCE('','',#24,.NOT_KNOWN.);
#25=PRODUCT_DEFINITION('design','',#11625,#11623);
#23=PRODUCT_DEFINITION_SHAPE('','',#25);
#11626=SHAPE_DEFINITION_REPRESENTATION(#23,#16);
#11=DRAUGHTING_MODEL('',(),#10);
#1=MECHANICAL_DESIGN_GEOMETRIC_PRESENTATION_REPRESENTATION('',(#26),#10);
ENDSEC;
END-ISO-10303-21;
