ISO-10303-21;
HEADER;

/* File generated by HOOPS Exchange Version 24.2.0 */

FILE_DESCRIPTION(('HOOPS Exchange Step'),'2;1');

FILE_NAME('/Users/zoesu_takanori/Desktop/Corchibi2-case/R-pcb.stp',
'2026-06-29T23:10:17+09:00',
('zoesu_takanori'),
('Unknown organisation'),
'HOOPS Exchange 2024.2',
'HOOPS Exchange',
'Unknown authorisation');

FILE_SCHEMA( ('AP203_CONFIGURATION_CONTROLLED_3D_DESIGN_OF_MECHANICAL_PARTS_AND_ASSEMBLIES_MIM_LF') );

ENDSEC;

DATA;
#3=(NAMED_UNIT(*)PLANE_ANGLE_UNIT()SI_UNIT($,.RADIAN.));
#4=PLANE_ANGLE_MEASURE_WITH_UNIT(PLANE_ANGLE_MEASURE(0.0174532925),#3);
#5=(CONVERSION_BASED_UNIT('DEGREE',#4)NAMED_UNIT(#6)PLANE_ANGLE_UNIT());
#6=DIMENSIONAL_EXPONENTS(0.,0.,0.,0.,0.,0.,0.);
#7=(NAMED_UNIT(*)SI_UNIT($,.STERADIAN.)SOLID_ANGLE_UNIT());
#8=(LENGTH_UNIT()NAMED_UNIT(*)SI_UNIT(.MILLI.,.METRE.));
#9=UNCERTAINTY_MEASURE_WITH_UNIT(LENGTH_MEASURE(1.000000E-05),#8,'DISTANCE_ACCURACY_VALUE','Maximum Tolerance applied to model');
#10=(GEOMETRIC_REPRESENTATION_CONTEXT(3)GLOBAL_UNCERTAINTY_ASSIGNED_CONTEXT((#9))GLOBAL_UNIT_ASSIGNED_CONTEXT((#8,#5,#7))REPRESENTATION_CONTEXT('','root'));
#12=CARTESIAN_POINT('',(0.,0.,0.));
#13=DIRECTION('',(0.,0.,1.));
#14=DIRECTION('',(1.,0.,0.));
#15=AXIS2_PLACEMENT_3D('TS3D_PRODUCT_CSYS',#12,#13,#14);
#27=CARTESIAN_POINT('',(17.009118631,44.740967,4.895));
#28=DIRECTION('',(0.707106781,0.707106781,0.));
#29=DIRECTION('',(0.707106781,-0.707106781,0.));
#30=AXIS2_PLACEMENT_3D('',#27,#28,#29);
#31=PLANE('',#30);
#32=CARTESIAN_POINT('',(17.009118631,44.740967,4.895));
#33=VERTEX_POINT('',#32);
#34=CARTESIAN_POINT('',(17.009118631,44.740967,6.496359641));
#35=VERTEX_POINT('',#34);
#36=CARTESIAN_POINT('',(17.009118631,44.740967,4.895));
#37=DIRECTION('',(-0.,-0.,1.));
#38=VECTOR('',#37,1.601359641);
#39=LINE('',#36,#38);
#40=EDGE_CURVE('',#33,#35,#39,.T.);
#41=ORIENTED_EDGE('',*,*,#40,.T.);
#42=CARTESIAN_POINT('',(17.375143631,44.374942,6.496359641));
#43=VERTEX_POINT('',#42);
#44=CARTESIAN_POINT('',(17.009118631,44.740967,6.496359641));
#45=DIRECTION('',(0.707106781,-0.707106781,0.));
#46=VECTOR('',#45,0.517637519);
#47=LINE('',#44,#46);
#48=EDGE_CURVE('',#35,#43,#47,.T.);
#49=ORIENTED_EDGE('',*,*,#48,.T.);
#50=CARTESIAN_POINT('',(17.375143631,44.374942,4.895));
#51=VERTEX_POINT('',#50);
#52=CARTESIAN_POINT('',(17.375143631,44.374942,4.895));
#53=DIRECTION('',(-0.,-0.,1.));
#54=VECTOR('',#53,1.601359641);
#55=LINE('',#52,#54);
#56=EDGE_CURVE('',#51,#43,#55,.T.);
#57=ORIENTED_EDGE('',*,*,#56,.F.);
#58=CARTESIAN_POINT('',(17.009118631,44.740967,4.895));
#59=DIRECTION('',(0.707106781,-0.707106781,0.));
#60=VECTOR('',#59,0.517637519);
#61=LINE('',#58,#60);
#62=EDGE_CURVE('',#33,#51,#61,.T.);
#63=ORIENTED_EDGE('',*,*,#62,.F.);
#64=EDGE_LOOP('',(#41,#49,#57,#63));
#65=FACE_BOUND('',#64,.T.);
#66=ADVANCED_FACE('',(#65),#31,.T.);
#67=CARTESIAN_POINT('',(16.509118631,44.874942,4.895));
#68=DIRECTION('',(0.258819773,0.965925631,0.));
#69=DIRECTION('',(0.965925631,-0.258819773,0.));
#70=AXIS2_PLACEMENT_3D('',#67,#68,#69);
#71=PLANE('',#70);
#72=CARTESIAN_POINT('',(16.509118631,44.874942,4.895));
#73=VERTEX_POINT('',#72);
#74=CARTESIAN_POINT('',(16.509118631,44.874942,6.496359641));
#75=VERTEX_POINT('',#74);
#76=CARTESIAN_POINT('',(16.509118631,44.874942,4.895));
#77=DIRECTION('',(-0.,-0.,1.));
#78=VECTOR('',#77,1.601359641);
#79=LINE('',#76,#78);
#80=EDGE_CURVE('',#73,#75,#79,.T.);
#81=ORIENTED_EDGE('',*,*,#80,.T.);
#82=CARTESIAN_POINT('',(16.509118631,44.874942,6.496359641));
#83=DIRECTION('',(0.965925631,-0.258819773,0.));
#84=VECTOR('',#83,0.517638195);
#85=LINE('',#82,#84);
#86=EDGE_CURVE('',#75,#35,#85,.T.);
#87=ORIENTED_EDGE('',*,*,#86,.T.);
#88=ORIENTED_EDGE('',*,*,#40,.F.);
#89=CARTESIAN_POINT('',(16.509118631,44.874942,4.895));
#90=DIRECTION('',(0.965925631,-0.258819773,0.));
#91=VECTOR('',#90,0.517638195);
#92=LINE('',#89,#91);
#93=EDGE_CURVE('',#73,#33,#92,.T.);
#94=ORIENTED_EDGE('',*,*,#93,.F.);
#95=EDGE_LOOP('',(#81,#87,#88,#94));
#96=FACE_BOUND('',#95,.T.);
#97=ADVANCED_FACE('',(#96),#71,.T.);
#98=CARTESIAN_POINT('',(17.375143631,44.374942,4.895));
#99=DIRECTION('',(0.965925631,0.258819773,0.));
#100=DIRECTION('',(0.258819773,-0.965925631,0.));
#101=AXIS2_PLACEMENT_3D('',#98,#99,#100);
#102=PLANE('',#101);
#103=ORIENTED_EDGE('',*,*,#56,.T.);
#104=CARTESIAN_POINT('',(17.509118631,43.874942,6.496359641));
#105=VERTEX_POINT('',#104);
#106=CARTESIAN_POINT('',(17.375143631,44.374942,6.496359641));
#107=DIRECTION('',(0.258819773,-0.965925631,0.));
#108=VECTOR('',#107,0.517638195);
#109=LINE('',#106,#108);
#110=EDGE_CURVE('',#43,#105,#109,.T.);
#111=ORIENTED_EDGE('',*,*,#110,.T.);
#112=CARTESIAN_POINT('',(17.509118631,43.874942,4.895));
#113=VERTEX_POINT('',#112);
#114=CARTESIAN_POINT('',(17.509118631,43.874942,4.895));
#115=DIRECTION('',(-0.,-0.,1.));
#116=VECTOR('',#115,1.601359641);
#117=LINE('',#114,#116);
#118=EDGE_CURVE('',#113,#105,#117,.T.);
#119=ORIENTED_EDGE('',*,*,#118,.F.);
#120=CARTESIAN_POINT('',(17.375143631,44.374942,4.895));
#121=DIRECTION('',(0.258819773,-0.965925631,0.));
#122=VECTOR('',#121,0.517638195);
#123=LINE('',#120,#122);
#124=EDGE_CURVE('',#51,#113,#123,.T.);
#125=ORIENTED_EDGE('',*,*,#124,.F.);
#126=EDGE_LOOP('',(#103,#111,#119,#125));
#127=FACE_BOUND('',#126,.T.);
#128=ADVANCED_FACE('',(#127),#102,.T.);
#129=CARTESIAN_POINT('',(1.934117631,0.7,4.895));
#130=DIRECTION('',(0.,0.,1.));
#131=DIRECTION('',(1.,0.,0.));
#132=AXIS2_PLACEMENT_3D('',#129,#130,#131);
#133=PLANE('',#132);
#134=ORIENTED_EDGE('',*,*,#124,.T.);
#135=CARTESIAN_POINT('',(17.509118631,42.749942,4.895));
#136=VERTEX_POINT('',#135);
#137=CARTESIAN_POINT('',(17.509118631,43.874942,4.895));
#138=DIRECTION('',(-0.,-1.,-0.));
#139=VECTOR('',#138,1.125);
#140=LINE('',#137,#139);
#141=EDGE_CURVE('',#113,#136,#140,.T.);
#142=ORIENTED_EDGE('',*,*,#141,.T.);
#143=CARTESIAN_POINT('',(33.509118631,42.749942,4.895));
#144=VERTEX_POINT('',#143);
#145=CARTESIAN_POINT('',(17.509118631,42.749942,4.895));
#146=DIRECTION('',(1.,0.,-0.));
#147=VECTOR('',#146,16.);
#148=LINE('',#145,#147);
#149=EDGE_CURVE('',#136,#144,#148,.T.);
#150=ORIENTED_EDGE('',*,*,#149,.T.);
#151=CARTESIAN_POINT('',(34.009118631,42.615967,4.895));
#152=VERTEX_POINT('',#151);
#153=CARTESIAN_POINT('',(33.509118631,42.749942,4.895));
#154=DIRECTION('',(0.965925631,-0.258819773,0.));
#155=VECTOR('',#154,0.517638195);
#156=LINE('',#153,#155);
#157=EDGE_CURVE('',#144,#152,#156,.T.);
#158=ORIENTED_EDGE('',*,*,#157,.T.);
#159=CARTESIAN_POINT('',(34.375143631,42.249942,4.895));
#160=VERTEX_POINT('',#159);
#161=CARTESIAN_POINT('',(34.009118631,42.615967,4.895));
#162=DIRECTION('',(0.707106781,-0.707106781,0.));
#163=VECTOR('',#162,0.517637519);
#164=LINE('',#161,#163);
#165=EDGE_CURVE('',#152,#160,#164,.T.);
#166=ORIENTED_EDGE('',*,*,#165,.T.);
#167=CARTESIAN_POINT('',(34.509118631,41.749942,4.895));
#168=VERTEX_POINT('',#167);
#169=CARTESIAN_POINT('',(34.375143631,42.249942,4.895));
#170=DIRECTION('',(0.258819773,-0.965925631,0.));
#171=VECTOR('',#170,0.517638195);
#172=LINE('',#169,#171);
#173=EDGE_CURVE('',#160,#168,#172,.T.);
#174=ORIENTED_EDGE('',*,*,#173,.T.);
#175=CARTESIAN_POINT('',(34.509118631,38.499942,4.895));
#176=VERTEX_POINT('',#175);
#177=CARTESIAN_POINT('',(34.509118631,41.749942,4.895));
#178=DIRECTION('',(-0.,-1.,-0.));
#179=VECTOR('',#178,3.25);
#180=LINE('',#177,#179);
#181=EDGE_CURVE('',#168,#176,#180,.T.);
#182=ORIENTED_EDGE('',*,*,#181,.T.);
#183=CARTESIAN_POINT('',(67.509118631,38.499942,4.895));
#184=VERTEX_POINT('',#183);
#185=CARTESIAN_POINT('',(34.509118631,38.499942,4.895));
#186=DIRECTION('',(1.,0.,-0.));
#187=VECTOR('',#186,33.);
#188=LINE('',#185,#187);
#189=EDGE_CURVE('',#176,#184,#188,.T.);
#190=ORIENTED_EDGE('',*,*,#189,.T.);
#191=CARTESIAN_POINT('',(68.009118631,38.365967,4.895));
#192=VERTEX_POINT('',#191);
#193=CARTESIAN_POINT('',(67.509118631,38.499942,4.895));
#194=DIRECTION('',(0.965925631,-0.258819773,0.));
#195=VECTOR('',#194,0.517638195);
#196=LINE('',#193,#195);
#197=EDGE_CURVE('',#184,#192,#196,.T.);
#198=ORIENTED_EDGE('',*,*,#197,.T.);
#199=CARTESIAN_POINT('',(68.375143631,37.999942,4.895));
#200=VERTEX_POINT('',#199);
#201=CARTESIAN_POINT('',(68.009118631,38.365967,4.895));
#202=DIRECTION('',(0.707106781,-0.707106781,0.));
#203=VECTOR('',#202,0.517637519);
#204=LINE('',#201,#203);
#205=EDGE_CURVE('',#192,#200,#204,.T.);
#206=ORIENTED_EDGE('',*,*,#205,.T.);
#207=CARTESIAN_POINT('',(68.509118631,37.499942,4.895));
#208=VERTEX_POINT('',#207);
#209=CARTESIAN_POINT('',(68.375143631,37.999942,4.895));
#210=DIRECTION('',(0.258819773,-0.965925631,0.));
#211=VECTOR('',#210,0.517638195);
#212=LINE('',#209,#211);
#213=EDGE_CURVE('',#200,#208,#212,.T.);
#214=ORIENTED_EDGE('',*,*,#213,.T.);
#215=CARTESIAN_POINT('',(68.509118631,-29.90006,4.895));
#216=VERTEX_POINT('',#215);
#217=CARTESIAN_POINT('',(68.509118631,37.499942,4.895));
#218=DIRECTION('',(-0.,-1.,-0.));
#219=VECTOR('',#218,67.400002);
#220=LINE('',#217,#219);
#221=EDGE_CURVE('',#208,#216,#220,.T.);
#222=ORIENTED_EDGE('',*,*,#221,.T.);
#223=CARTESIAN_POINT('',(68.375143631,-30.40006,4.895));
#224=VERTEX_POINT('',#223);
#225=CARTESIAN_POINT('',(68.509118631,-29.90006,4.895));
#226=DIRECTION('',(-0.258819773,-0.965925631,0.));
#227=VECTOR('',#226,0.517638195);
#228=LINE('',#225,#227);
#229=EDGE_CURVE('',#216,#224,#228,.T.);
#230=ORIENTED_EDGE('',*,*,#229,.T.);
#231=CARTESIAN_POINT('',(68.009118631,-30.766085,4.895));
#232=VERTEX_POINT('',#231);
#233=CARTESIAN_POINT('',(68.375143631,-30.40006,4.895));
#234=DIRECTION('',(-0.707106781,-0.707106781,0.));
#235=VECTOR('',#234,0.517637519);
#236=LINE('',#233,#235);
#237=EDGE_CURVE('',#224,#232,#236,.T.);
#238=ORIENTED_EDGE('',*,*,#237,.T.);
#239=CARTESIAN_POINT('',(67.509118631,-30.90006,4.895));
#240=VERTEX_POINT('',#239);
#241=CARTESIAN_POINT('',(68.009118631,-30.766085,4.895));
#242=DIRECTION('',(-0.965925631,-0.258819773,0.));
#243=VECTOR('',#242,0.517638195);
#244=LINE('',#241,#243);
#245=EDGE_CURVE('',#232,#240,#244,.T.);
#246=ORIENTED_EDGE('',*,*,#245,.T.);
#247=CARTESIAN_POINT('',(34.109118631,-30.90006,4.895));
#248=VERTEX_POINT('',#247);
#249=CARTESIAN_POINT('',(67.509118631,-30.90006,4.895));
#250=DIRECTION('',(-1.,-0.,0.));
#251=VECTOR('',#250,33.4);
#252=LINE('',#249,#251);
#253=EDGE_CURVE('',#240,#248,#252,.T.);
#254=ORIENTED_EDGE('',*,*,#253,.T.);
#255=CARTESIAN_POINT('',(33.609118631,-30.766085,4.895));
#256=VERTEX_POINT('',#255);
#257=CARTESIAN_POINT('',(34.109118631,-30.90006,4.895));
#258=DIRECTION('',(-0.965925631,0.258819773,0.));
#259=VECTOR('',#258,0.517638195);
#260=LINE('',#257,#259);
#261=EDGE_CURVE('',#248,#256,#260,.T.);
#262=ORIENTED_EDGE('',*,*,#261,.T.);
#263=CARTESIAN_POINT('',(33.243093631,-30.40006,4.895));
#264=VERTEX_POINT('',#263);
#265=CARTESIAN_POINT('',(33.609118631,-30.766085,4.895));
#266=DIRECTION('',(-0.707106781,0.707106781,0.));
#267=VECTOR('',#266,0.517637519);
#268=LINE('',#265,#267);
#269=EDGE_CURVE('',#256,#264,#268,.T.);
#270=ORIENTED_EDGE('',*,*,#269,.T.);
#271=CARTESIAN_POINT('',(33.109118631,-29.90006,4.895));
#272=VERTEX_POINT('',#271);
#273=CARTESIAN_POINT('',(33.243093631,-30.40006,4.895));
#274=DIRECTION('',(-0.258819773,0.965925631,0.));
#275=VECTOR('',#274,0.517638195);
#276=LINE('',#273,#275);
#277=EDGE_CURVE('',#264,#272,#276,.T.);
#278=ORIENTED_EDGE('',*,*,#277,.T.);
#279=CARTESIAN_POINT('',(33.109118631,-27.65006,4.895));
#280=VERTEX_POINT('',#279);
#281=CARTESIAN_POINT('',(33.109118631,-29.90006,4.895));
#282=DIRECTION('',(0.,1.,0.));
#283=VECTOR('',#282,2.25);
#284=LINE('',#281,#283);
#285=EDGE_CURVE('',#272,#280,#284,.T.);
#286=ORIENTED_EDGE('',*,*,#285,.T.);
#287=CARTESIAN_POINT('',(32.975144631,-27.15006,4.895));
#288=VERTEX_POINT('',#287);
#289=CARTESIAN_POINT('',(33.109118631,-27.65006,4.895));
#290=DIRECTION('',(-0.25881797,0.965926114,0.));
#291=VECTOR('',#290,0.517637936);
#292=LINE('',#289,#291);
#293=EDGE_CURVE('',#280,#288,#292,.T.);
#294=ORIENTED_EDGE('',*,*,#293,.T.);
#295=CARTESIAN_POINT('',(32.609118631,-26.784034,4.895));
#296=VERTEX_POINT('',#295);
#297=CARTESIAN_POINT('',(32.975144631,-27.15006,4.895));
#298=DIRECTION('',(-0.707106781,0.707106781,0.));
#299=VECTOR('',#298,0.517638933);
#300=LINE('',#297,#299);
#301=EDGE_CURVE('',#288,#296,#300,.T.);
#302=ORIENTED_EDGE('',*,*,#301,.T.);
#303=CARTESIAN_POINT('',(32.109118631,-26.65006,4.895));
#304=VERTEX_POINT('',#303);
#305=CARTESIAN_POINT('',(32.609118631,-26.784034,4.895));
#306=DIRECTION('',(-0.965926114,0.25881797,0.));
#307=VECTOR('',#306,0.517637936);
#308=LINE('',#305,#307);
#309=EDGE_CURVE('',#296,#304,#308,.T.);
#310=ORIENTED_EDGE('',*,*,#309,.T.);
#311=CARTESIAN_POINT('',(17.109118631,-26.65006,4.895));
#312=VERTEX_POINT('',#311);
#313=CARTESIAN_POINT('',(32.109118631,-26.65006,4.895));
#314=DIRECTION('',(-1.,-0.,0.));
#315=VECTOR('',#314,15.);
#316=LINE('',#313,#315);
#317=EDGE_CURVE('',#304,#312,#316,.T.);
#318=ORIENTED_EDGE('',*,*,#317,.T.);
#319=CARTESIAN_POINT('',(16.609118631,-26.784034,4.895));
#320=VERTEX_POINT('',#319);
#321=CARTESIAN_POINT('',(17.109118631,-26.65006,4.895));
#322=DIRECTION('',(-0.965926114,-0.25881797,0.));
#323=VECTOR('',#322,0.517637936);
#324=LINE('',#321,#323);
#325=EDGE_CURVE('',#312,#320,#324,.T.);
#326=ORIENTED_EDGE('',*,*,#325,.T.);
#327=CARTESIAN_POINT('',(16.243093631,-27.15006,4.895));
#328=VERTEX_POINT('',#327);
#329=CARTESIAN_POINT('',(16.609118631,-26.784034,4.895));
#330=DIRECTION('',(-0.707105815,-0.707107747,0.));
#331=VECTOR('',#330,0.517638226);
#332=LINE('',#329,#331);
#333=EDGE_CURVE('',#320,#328,#332,.T.);
#334=ORIENTED_EDGE('',*,*,#333,.T.);
#335=CARTESIAN_POINT('',(16.109118631,-27.65006,4.895));
#336=VERTEX_POINT('',#335);
#337=CARTESIAN_POINT('',(16.243093631,-27.15006,4.895));
#338=DIRECTION('',(-0.258819773,-0.965925631,0.));
#339=VECTOR('',#338,0.517638195);
#340=LINE('',#337,#339);
#341=EDGE_CURVE('',#328,#336,#340,.T.);
#342=ORIENTED_EDGE('',*,*,#341,.T.);
#343=CARTESIAN_POINT('',(16.109118631,-30.13506,4.895));
#344=VERTEX_POINT('',#343);
#345=CARTESIAN_POINT('',(16.109118631,-27.65006,4.895));
#346=DIRECTION('',(-0.,-1.,-0.));
#347=VECTOR('',#346,2.485);
#348=LINE('',#345,#347);
#349=EDGE_CURVE('',#336,#344,#348,.T.);
#350=ORIENTED_EDGE('',*,*,#349,.T.);
#351=CARTESIAN_POINT('',(15.975143631,-30.63506,4.895));
#352=VERTEX_POINT('',#351);
#353=CARTESIAN_POINT('',(16.109118631,-30.13506,4.895));
#354=DIRECTION('',(-0.258819773,-0.965925631,0.));
#355=VECTOR('',#354,0.517638195);
#356=LINE('',#353,#355);
#357=EDGE_CURVE('',#344,#352,#356,.T.);
#358=ORIENTED_EDGE('',*,*,#357,.T.);
#359=CARTESIAN_POINT('',(15.609118631,-31.001086,4.895));
#360=VERTEX_POINT('',#359);
#361=CARTESIAN_POINT('',(15.975143631,-30.63506,4.895));
#362=DIRECTION('',(-0.707105815,-0.707107747,0.));
#363=VECTOR('',#362,0.517638226);
#364=LINE('',#361,#363);
#365=EDGE_CURVE('',#352,#360,#364,.T.);
#366=ORIENTED_EDGE('',*,*,#365,.T.);
#367=CARTESIAN_POINT('',(15.109118631,-31.13506,4.895));
#368=VERTEX_POINT('',#367);
#369=CARTESIAN_POINT('',(15.609118631,-31.001086,4.895));
#370=DIRECTION('',(-0.965926114,-0.25881797,0.));
#371=VECTOR('',#370,0.517637936);
#372=LINE('',#369,#371);
#373=EDGE_CURVE('',#360,#368,#372,.T.);
#374=ORIENTED_EDGE('',*,*,#373,.T.);
#375=CARTESIAN_POINT('',(-16.751251369,-31.13506,4.895));
#376=VERTEX_POINT('',#375);
#377=CARTESIAN_POINT('',(15.109118631,-31.13506,4.895));
#378=DIRECTION('',(-1.,-0.,0.));
#379=VECTOR('',#378,31.86037);
#380=LINE('',#377,#379);
#381=EDGE_CURVE('',#368,#376,#380,.T.);
#382=ORIENTED_EDGE('',*,*,#381,.T.);
#383=CARTESIAN_POINT('',(-33.626536369,-34.70047,4.895));
#384=VERTEX_POINT('',#383);
#385=CARTESIAN_POINT('',(-16.751251369,-31.13506,4.895));
#386=DIRECTION('',(-0.978400878,-0.206716525,0.));
#387=VECTOR('',#386,17.247822828);
#388=LINE('',#385,#387);
#389=EDGE_CURVE('',#376,#384,#388,.T.);
#390=ORIENTED_EDGE('',*,*,#389,.T.);
#391=CARTESIAN_POINT('',(-54.128295369,-43.402902,4.895));
#392=VERTEX_POINT('',#391);
#393=CARTESIAN_POINT('',(-33.626536369,-34.70047,4.895));
#394=DIRECTION('',(-0.920505635,-0.390729288,0.));
#395=VECTOR('',#394,22.27227974);
#396=LINE('',#393,#395);
#397=EDGE_CURVE('',#384,#392,#396,.T.);
#398=ORIENTED_EDGE('',*,*,#397,.T.);
#399=CARTESIAN_POINT('',(-54.640896369,-43.474942,4.895));
#400=VERTEX_POINT('',#399);
#401=CARTESIAN_POINT('',(-54.128295369,-43.402902,4.895));
#402=DIRECTION('',(-0.990268434,-0.139170501,0.));
#403=VECTOR('',#402,0.517638432);
#404=LINE('',#401,#403);
#405=EDGE_CURVE('',#392,#400,#404,.T.);
#406=ORIENTED_EDGE('',*,*,#405,.T.);
#407=CARTESIAN_POINT('',(-55.120842369,-43.28103,4.895));
#408=VERTEX_POINT('',#407);
#409=CARTESIAN_POINT('',(-54.640896369,-43.474942,4.895));
#410=DIRECTION('',(-0.92718303,0.374608635,0.));
#411=VECTOR('',#410,0.517638896);
#412=LINE('',#409,#411);
#413=EDGE_CURVE('',#400,#408,#412,.T.);
#414=ORIENTED_EDGE('',*,*,#413,.T.);
#415=CARTESIAN_POINT('',(-55.439531369,-42.873124,4.895));
#416=VERTEX_POINT('',#415);
#417=CARTESIAN_POINT('',(-55.120842369,-43.28103,4.895));
#418=DIRECTION('',(-0.615658962,0.788012717,0.));
#419=VECTOR('',#418,0.517638854);
#420=LINE('',#417,#419);
#421=EDGE_CURVE('',#408,#416,#420,.T.);
#422=ORIENTED_EDGE('',*,*,#421,.T.);
#423=CARTESIAN_POINT('',(-64.640881369,-21.195863,4.895));
#424=VERTEX_POINT('',#423);
#425=CARTESIAN_POINT('',(-55.439531369,-42.873124,4.895));
#426=DIRECTION('',(-0.390727481,0.920506402,0.));
#427=VECTOR('',#426,23.549277829);
#428=LINE('',#425,#427);
#429=EDGE_CURVE('',#416,#424,#428,.T.);
#430=ORIENTED_EDGE('',*,*,#429,.T.);
#431=CARTESIAN_POINT('',(-51.340881369,-21.195863,4.895));
#432=VERTEX_POINT('',#431);
#433=CARTESIAN_POINT('',(-64.640881369,-21.195863,4.895));
#434=DIRECTION('',(1.,0.,-0.));
#435=VECTOR('',#434,13.3);
#436=LINE('',#433,#435);
#437=EDGE_CURVE('',#424,#432,#436,.T.);
#438=ORIENTED_EDGE('',*,*,#437,.T.);
#439=CARTESIAN_POINT('',(-51.340881369,34.604137,4.895));
#440=VERTEX_POINT('',#439);
#441=CARTESIAN_POINT('',(-51.340881369,-21.195863,4.895));
#442=DIRECTION('',(0.,1.,0.));
#443=VECTOR('',#442,55.8);
#444=LINE('',#441,#443);
#445=EDGE_CURVE('',#432,#440,#444,.T.);
#446=ORIENTED_EDGE('',*,*,#445,.T.);
#447=CARTESIAN_POINT('',(-64.640883369,34.604137,4.895));
#448=VERTEX_POINT('',#447);
#449=CARTESIAN_POINT('',(-51.340881369,34.604137,4.895));
#450=DIRECTION('',(-1.,-0.,0.));
#451=VECTOR('',#450,13.300002);
#452=LINE('',#449,#451);
#453=EDGE_CURVE('',#440,#448,#452,.T.);
#454=ORIENTED_EDGE('',*,*,#453,.T.);
#455=CARTESIAN_POINT('',(-64.640883369,39.624942,4.895));
#456=VERTEX_POINT('',#455);
#457=CARTESIAN_POINT('',(-64.640883369,34.604137,4.895));
#458=DIRECTION('',(0.,1.,0.));
#459=VECTOR('',#458,5.020805);
#460=LINE('',#457,#459);
#461=EDGE_CURVE('',#448,#456,#460,.T.);
#462=ORIENTED_EDGE('',*,*,#461,.T.);
#463=CARTESIAN_POINT('',(-64.506908369,40.124942,4.895));
#464=VERTEX_POINT('',#463);
#465=CARTESIAN_POINT('',(-64.640883369,39.624942,4.895));
#466=DIRECTION('',(0.258819773,0.965925631,0.));
#467=VECTOR('',#466,0.517638195);
#468=LINE('',#465,#467);
#469=EDGE_CURVE('',#456,#464,#468,.T.);
#470=ORIENTED_EDGE('',*,*,#469,.T.);
#471=CARTESIAN_POINT('',(-64.140883369,40.490967,4.895));
#472=VERTEX_POINT('',#471);
#473=CARTESIAN_POINT('',(-64.506908369,40.124942,4.895));
#474=DIRECTION('',(0.707106781,0.707106781,0.));
#475=VECTOR('',#474,0.517637519);
#476=LINE('',#473,#475);
#477=EDGE_CURVE('',#464,#472,#476,.T.);
#478=ORIENTED_EDGE('',*,*,#477,.T.);
#479=CARTESIAN_POINT('',(-63.640883369,40.624942,4.895));
#480=VERTEX_POINT('',#479);
#481=CARTESIAN_POINT('',(-64.140883369,40.490967,4.895));
#482=DIRECTION('',(0.965925631,0.258819773,0.));
#483=VECTOR('',#482,0.517638195);
#484=LINE('',#481,#483);
#485=EDGE_CURVE('',#472,#480,#484,.T.);
#486=ORIENTED_EDGE('',*,*,#485,.T.);
#487=CARTESIAN_POINT('',(-17.890881369,40.624942,4.895));
#488=VERTEX_POINT('',#487);
#489=CARTESIAN_POINT('',(-63.640883369,40.624942,4.895));
#490=DIRECTION('',(1.,0.,-0.));
#491=VECTOR('',#490,45.750002);
#492=LINE('',#489,#491);
#493=EDGE_CURVE('',#480,#488,#492,.T.);
#494=ORIENTED_EDGE('',*,*,#493,.T.);
#495=CARTESIAN_POINT('',(-17.890881369,41.749942,4.895));
#496=VERTEX_POINT('',#495);
#497=CARTESIAN_POINT('',(-17.890881369,40.624942,4.895));
#498=DIRECTION('',(0.,1.,0.));
#499=VECTOR('',#498,1.125);
#500=LINE('',#497,#499);
#501=EDGE_CURVE('',#488,#496,#500,.T.);
#502=ORIENTED_EDGE('',*,*,#501,.T.);
#503=CARTESIAN_POINT('',(-17.756906369,42.249942,4.895));
#504=VERTEX_POINT('',#503);
#505=CARTESIAN_POINT('',(-17.890881369,41.749942,4.895));
#506=DIRECTION('',(0.258819773,0.965925631,0.));
#507=VECTOR('',#506,0.517638195);
#508=LINE('',#505,#507);
#509=EDGE_CURVE('',#496,#504,#508,.T.);
#510=ORIENTED_EDGE('',*,*,#509,.T.);
#511=CARTESIAN_POINT('',(-17.390881369,42.615967,4.895));
#512=VERTEX_POINT('',#511);
#513=CARTESIAN_POINT('',(-17.756906369,42.249942,4.895));
#514=DIRECTION('',(0.707106781,0.707106781,0.));
#515=VECTOR('',#514,0.517637519);
#516=LINE('',#513,#515);
#517=EDGE_CURVE('',#504,#512,#516,.T.);
#518=ORIENTED_EDGE('',*,*,#517,.T.);
#519=CARTESIAN_POINT('',(-16.890881369,42.749942,4.895));
#520=VERTEX_POINT('',#519);
#521=CARTESIAN_POINT('',(-17.390881369,42.615967,4.895));
#522=DIRECTION('',(0.965925631,0.258819773,0.));
#523=VECTOR('',#522,0.517638195);
#524=LINE('',#521,#523);
#525=EDGE_CURVE('',#512,#520,#524,.T.);
#526=ORIENTED_EDGE('',*,*,#525,.T.);
#527=CARTESIAN_POINT('',(-0.890881369,42.749942,4.895));
#528=VERTEX_POINT('',#527);
#529=CARTESIAN_POINT('',(-16.890881369,42.749942,4.895));
#530=DIRECTION('',(1.,0.,-0.));
#531=VECTOR('',#530,16.);
#532=LINE('',#529,#531);
#533=EDGE_CURVE('',#520,#528,#532,.T.);
#534=ORIENTED_EDGE('',*,*,#533,.T.);
#535=CARTESIAN_POINT('',(-0.890881369,43.874942,4.895));
#536=VERTEX_POINT('',#535);
#537=CARTESIAN_POINT('',(-0.890881369,42.749942,4.895));
#538=DIRECTION('',(0.,1.,0.));
#539=VECTOR('',#538,1.125);
#540=LINE('',#537,#539);
#541=EDGE_CURVE('',#528,#536,#540,.T.);
#542=ORIENTED_EDGE('',*,*,#541,.T.);
#543=CARTESIAN_POINT('',(-0.756907369,44.374942,4.895));
#544=VERTEX_POINT('',#543);
#545=CARTESIAN_POINT('',(-0.890881369,43.874942,4.895));
#546=DIRECTION('',(0.25881797,0.965926114,0.));
#547=VECTOR('',#546,0.517637936);
#548=LINE('',#545,#547);
#549=EDGE_CURVE('',#536,#544,#548,.T.);
#550=ORIENTED_EDGE('',*,*,#549,.T.);
#551=CARTESIAN_POINT('',(-0.390881369,44.740967,4.895));
#552=VERTEX_POINT('',#551);
#553=CARTESIAN_POINT('',(-0.756907369,44.374942,4.895));
#554=DIRECTION('',(0.707107747,0.707105815,0.));
#555=VECTOR('',#554,0.517638226);
#556=LINE('',#553,#555);
#557=EDGE_CURVE('',#544,#552,#556,.T.);
#558=ORIENTED_EDGE('',*,*,#557,.T.);
#559=CARTESIAN_POINT('',(0.109118631,44.874942,4.895));
#560=VERTEX_POINT('',#559);
#561=CARTESIAN_POINT('',(-0.390881369,44.740967,4.895));
#562=DIRECTION('',(0.965925631,0.258819773,0.));
#563=VECTOR('',#562,0.517638195);
#564=LINE('',#561,#563);
#565=EDGE_CURVE('',#552,#560,#564,.T.);
#566=ORIENTED_EDGE('',*,*,#565,.T.);
#567=CARTESIAN_POINT('',(0.109118631,44.874942,4.895));
#568=DIRECTION('',(1.,0.,-0.));
#569=VECTOR('',#568,16.4);
#570=LINE('',#567,#569);
#571=EDGE_CURVE('',#560,#73,#570,.T.);
#572=ORIENTED_EDGE('',*,*,#571,.T.);
#573=ORIENTED_EDGE('',*,*,#93,.T.);
#574=ORIENTED_EDGE('',*,*,#62,.T.);
#575=EDGE_LOOP('',(#134,#142,#150,#158,#166,#174,#182,#190,#198,#206,#214,#222,#230,#238,#246,#254,#262,#270,#278,#286,#294,#302,#310,#318,#326,#334,
#342,#350,#358,#366,#374,#382,#390,#398,#406,#414,#422,#430,#438,#446,#454,#462,#470,#478,#486,#494,#502,#510,#518,#526,#534,
#542,#550,#558,#566,#572,#573,#574));
#576=FACE_BOUND('',#575,.T.);
#577=CARTESIAN_POINT('',(-47.910272369,-36.157651,4.895));
#578=VERTEX_POINT('',#577);
#579=CARTESIAN_POINT('',(-47.910272369,-35.657651,4.895));
#580=DIRECTION('',(0.,0.,-1.));
#581=DIRECTION('',(0.,-1.,0.));
#582=AXIS2_PLACEMENT_3D('',#579,#580,#581);
#583=CIRCLE('',#582,0.5);
#584=EDGE_CURVE('',#578,#578,#583,.T.);
#585=ORIENTED_EDGE('',*,*,#584,.F.);
#586=EDGE_LOOP('',(#585));
#587=FACE_BOUND('',#586,.T.);
#588=CARTESIAN_POINT('',(-48.620734369,-35.046956,4.895));
#589=VERTEX_POINT('',#588);
#590=CARTESIAN_POINT('',(-48.620734369,-34.546956,4.895));
#591=DIRECTION('',(0.,0.,-1.));
#592=DIRECTION('',(0.,-1.,0.));
#593=AXIS2_PLACEMENT_3D('',#590,#591,#592);
#594=CIRCLE('',#593,0.5);
#595=EDGE_CURVE('',#589,#589,#594,.T.);
#596=ORIENTED_EDGE('',*,*,#595,.F.);
#597=EDGE_LOOP('',(#596));
#598=FACE_BOUND('',#597,.T.);
#599=CARTESIAN_POINT('',(-50.519546369,-31.64024,4.895));
#600=VERTEX_POINT('',#599);
#601=CARTESIAN_POINT('',(-50.519546369,-30.79024,4.895));
#602=DIRECTION('',(0.,0.,-1.));
#603=DIRECTION('',(0.,-1.,0.));
#604=AXIS2_PLACEMENT_3D('',#601,#602,#603);
#605=CIRCLE('',#604,0.85);
#606=EDGE_CURVE('',#600,#600,#605,.T.);
#607=ORIENTED_EDGE('',*,*,#606,.F.);
#608=EDGE_LOOP('',(#607));
#609=FACE_BOUND('',#608,.T.);
#610=CARTESIAN_POINT('',(-45.456769369,-31.141219,4.895));
#611=VERTEX_POINT('',#610);
#612=CARTESIAN_POINT('',(-45.456769369,-28.641219,4.895));
#613=DIRECTION('',(0.,0.,-1.));
#614=DIRECTION('',(0.,-1.,0.));
#615=AXIS2_PLACEMENT_3D('',#612,#613,#614);
#616=CIRCLE('',#615,2.5);
#617=EDGE_CURVE('',#611,#611,#616,.T.);
#618=ORIENTED_EDGE('',*,*,#617,.F.);
#619=EDGE_LOOP('',(#618));
#620=FACE_BOUND('',#619,.T.);
#621=CARTESIAN_POINT('',(-40.393993369,-27.342197,4.895));
#622=VERTEX_POINT('',#621);
#623=CARTESIAN_POINT('',(-40.393993369,-26.492197,4.895));
#624=DIRECTION('',(0.,0.,-1.));
#625=DIRECTION('',(0.,-1.,0.));
#626=AXIS2_PLACEMENT_3D('',#623,#624,#625);
#627=CIRCLE('',#626,0.85);
#628=EDGE_CURVE('',#622,#622,#627,.T.);
#629=ORIENTED_EDGE('',*,*,#628,.F.);
#630=EDGE_LOOP('',(#629));
#631=FACE_BOUND('',#630,.T.);
#632=CARTESIAN_POINT('',(-31.328615369,-29.926172,4.895));
#633=VERTEX_POINT('',#632);
#634=CARTESIAN_POINT('',(-31.328615369,-29.426172,4.895));
#635=DIRECTION('',(0.,0.,-1.));
#636=DIRECTION('',(0.,-1.,0.));
#637=AXIS2_PLACEMENT_3D('',#634,#635,#636);
#638=CIRCLE('',#637,0.5);
#639=EDGE_CURVE('',#633,#633,#638,.T.);
#640=ORIENTED_EDGE('',*,*,#639,.F.);
#641=EDGE_LOOP('',(#640));
#642=FACE_BOUND('',#641,.T.);
#643=CARTESIAN_POINT('',(-31.814093369,-28.70032,4.895));
#644=VERTEX_POINT('',#643);
#645=CARTESIAN_POINT('',(-31.814093369,-28.20032,4.895));
#646=DIRECTION('',(0.,0.,-1.));
#647=DIRECTION('',(0.,-1.,0.));
#648=AXIS2_PLACEMENT_3D('',#645,#646,#647);
#649=CIRCLE('',#648,0.5);
#650=EDGE_CURVE('',#644,#644,#649,.T.);
#651=ORIENTED_EDGE('',*,*,#650,.F.);
#652=EDGE_LOOP('',(#651));
#653=FACE_BOUND('',#652,.T.);
#654=CARTESIAN_POINT('',(-47.762083369,-24.71024,4.895));
#655=VERTEX_POINT('',#654);
#656=CARTESIAN_POINT('',(-47.762083369,-23.21024,4.895));
#657=DIRECTION('',(0.,0.,-1.));
#658=DIRECTION('',(0.,-1.,0.));
#659=AXIS2_PLACEMENT_3D('',#656,#657,#658);
#660=CIRCLE('',#659,1.5);
#661=EDGE_CURVE('',#655,#655,#660,.T.);
#662=ORIENTED_EDGE('',*,*,#661,.F.);
#663=EDGE_LOOP('',(#662));
#664=FACE_BOUND('',#663,.T.);
#665=CARTESIAN_POINT('',(-42.299950369,-24.781695,4.895));
#666=VERTEX_POINT('',#665);
#667=CARTESIAN_POINT('',(-42.299950369,-23.281695,4.895));
#668=DIRECTION('',(0.,0.,-1.));
#669=DIRECTION('',(0.,-1.,0.));
#670=AXIS2_PLACEMENT_3D('',#667,#668,#669);
#671=CIRCLE('',#670,1.5);
#672=EDGE_CURVE('',#666,#666,#671,.T.);
#673=ORIENTED_EDGE('',*,*,#672,.F.);
#674=EDGE_LOOP('',(#673));
#675=FACE_BOUND('',#674,.T.);
#676=CARTESIAN_POINT('',(-32.961203369,-25.000318,4.895));
#677=VERTEX_POINT('',#676);
#678=CARTESIAN_POINT('',(-32.961203369,-24.150318,4.895));
#679=DIRECTION('',(-0.,0.,-1.));
#680=DIRECTION('',(-0.,-1.,0.));
#681=AXIS2_PLACEMENT_3D('',#678,#679,#680);
#682=CIRCLE('',#681,0.85);
#683=EDGE_CURVE('',#677,#677,#682,.T.);
#684=ORIENTED_EDGE('',*,*,#683,.F.);
#685=EDGE_LOOP('',(#684));
#686=FACE_BOUND('',#685,.T.);
#687=CARTESIAN_POINT('',(-27.581392369,-25.506801,4.895));
#688=VERTEX_POINT('',#687);
#689=CARTESIAN_POINT('',(-27.581392369,-23.006801,4.895));
#690=DIRECTION('',(0.,0.,-1.));
#691=DIRECTION('',(0.,-1.,0.));
#692=AXIS2_PLACEMENT_3D('',#689,#690,#691);
#693=CIRCLE('',#692,2.5);
#694=EDGE_CURVE('',#688,#688,#693,.T.);
#695=ORIENTED_EDGE('',*,*,#694,.F.);
#696=EDGE_LOOP('',(#695));
#697=FACE_BOUND('',#696,.T.);
#698=CARTESIAN_POINT('',(-22.201580369,-22.713287,4.895));
#699=VERTEX_POINT('',#698);
#700=CARTESIAN_POINT('',(-22.201580369,-21.863287,4.895));
#701=DIRECTION('',(-0.,0.,-1.));
#702=DIRECTION('',(-0.,-1.,0.));
#703=AXIS2_PLACEMENT_3D('',#700,#701,#702);
#704=CIRCLE('',#703,0.85);
#705=EDGE_CURVE('',#699,#699,#704,.T.);
#706=ORIENTED_EDGE('',*,*,#705,.F.);
#707=EDGE_LOOP('',(#706));
#708=FACE_BOUND('',#707,.T.);
#709=CARTESIAN_POINT('',(-28.808071369,-18.73573,4.895));
#710=VERTEX_POINT('',#709);
#711=CARTESIAN_POINT('',(-28.808071369,-17.23573,4.895));
#712=DIRECTION('',(0.,0.,-1.));
#713=DIRECTION('',(0.,-1.,0.));
#714=AXIS2_PLACEMENT_3D('',#711,#712,#713);
#715=CIRCLE('',#714,1.5);
#716=EDGE_CURVE('',#710,#710,#715,.T.);
#717=ORIENTED_EDGE('',*,*,#716,.F.);
#718=EDGE_LOOP('',(#717));
#719=FACE_BOUND('',#718,.T.);
#720=CARTESIAN_POINT('',(-23.459927369,-19.848097,4.895));
#721=VERTEX_POINT('',#720);
#722=CARTESIAN_POINT('',(-23.459927369,-18.348097,4.895));
#723=DIRECTION('',(0.,0.,-1.));
#724=DIRECTION('',(0.,-1.,0.));
#725=AXIS2_PLACEMENT_3D('',#722,#723,#724);
#726=CIRCLE('',#725,1.5);
#727=EDGE_CURVE('',#721,#721,#726,.T.);
#728=ORIENTED_EDGE('',*,*,#727,.F.);
#729=EDGE_LOOP('',(#728));
#730=FACE_BOUND('',#729,.T.);
#731=CARTESIAN_POINT('',(-9.390881369,-26.93506,4.895));
#732=VERTEX_POINT('',#731);
#733=CARTESIAN_POINT('',(-9.390881369,-26.43506,4.895));
#734=DIRECTION('',(0.,0.,-1.));
#735=DIRECTION('',(0.,-1.,0.));
#736=AXIS2_PLACEMENT_3D('',#733,#734,#735);
#737=CIRCLE('',#736,0.5);
#738=EDGE_CURVE('',#732,#732,#737,.T.);
#739=ORIENTED_EDGE('',*,*,#738,.F.);
#740=EDGE_LOOP('',(#739));
#741=FACE_BOUND('',#740,.T.);
#742=CARTESIAN_POINT('',(-9.610881369,-25.63506,4.895));
#743=VERTEX_POINT('',#742);
#744=CARTESIAN_POINT('',(-9.610881369,-25.13506,4.895));
#745=DIRECTION('',(0.,0.,-1.));
#746=DIRECTION('',(0.,-1.,0.));
#747=AXIS2_PLACEMENT_3D('',#744,#745,#746);
#748=CIRCLE('',#747,0.5);
#749=EDGE_CURVE('',#743,#743,#748,.T.);
#750=ORIENTED_EDGE('',*,*,#749,.F.);
#751=EDGE_LOOP('',(#750));
#752=FACE_BOUND('',#751,.T.);
#753=CARTESIAN_POINT('',(-9.890881369,-21.78506,4.895));
#754=VERTEX_POINT('',#753);
#755=CARTESIAN_POINT('',(-9.890881369,-20.93506,4.895));
#756=DIRECTION('',(0.,0.,-1.));
#757=DIRECTION('',(0.,-1.,0.));
#758=AXIS2_PLACEMENT_3D('',#755,#756,#757);
#759=CIRCLE('',#758,0.85);
#760=EDGE_CURVE('',#754,#754,#759,.T.);
#761=ORIENTED_EDGE('',*,*,#760,.F.);
#762=EDGE_LOOP('',(#761));
#763=FACE_BOUND('',#762,.T.);
#764=CARTESIAN_POINT('',(-4.390881369,-23.43506,4.895));
#765=VERTEX_POINT('',#764);
#766=CARTESIAN_POINT('',(-4.390881369,-20.93506,4.895));
#767=DIRECTION('',(0.,0.,-1.));
#768=DIRECTION('',(0.,-1.,0.));
#769=AXIS2_PLACEMENT_3D('',#766,#767,#768);
#770=CIRCLE('',#769,2.5);
#771=EDGE_CURVE('',#765,#765,#770,.T.);
#772=ORIENTED_EDGE('',*,*,#771,.F.);
#773=EDGE_LOOP('',(#772));
#774=FACE_BOUND('',#773,.T.);
#775=CARTESIAN_POINT('',(1.109118631,-21.78506,4.895));
#776=VERTEX_POINT('',#775);
#777=CARTESIAN_POINT('',(1.109118631,-20.93506,4.895));
#778=DIRECTION('',(0.,0.,-1.));
#779=DIRECTION('',(0.,-1.,0.));
#780=AXIS2_PLACEMENT_3D('',#777,#778,#779);
#781=CIRCLE('',#780,0.85);
#782=EDGE_CURVE('',#776,#776,#781,.T.);
#783=ORIENTED_EDGE('',*,*,#782,.F.);
#784=EDGE_LOOP('',(#783));
#785=FACE_BOUND('',#784,.T.);
#786=CARTESIAN_POINT('',(0.609118631,-18.73506,4.895));
#787=VERTEX_POINT('',#786);
#788=CARTESIAN_POINT('',(0.609118631,-17.23506,4.895));
#789=DIRECTION('',(0.,0.,-1.));
#790=DIRECTION('',(0.,-1.,0.));
#791=AXIS2_PLACEMENT_3D('',#788,#789,#790);
#792=CIRCLE('',#791,1.5);
#793=EDGE_CURVE('',#787,#787,#792,.T.);
#794=ORIENTED_EDGE('',*,*,#793,.F.);
#795=EDGE_LOOP('',(#794));
#796=FACE_BOUND('',#795,.T.);
#797=CARTESIAN_POINT('',(-30.640881369,-8.57506,4.895));
#798=VERTEX_POINT('',#797);
#799=CARTESIAN_POINT('',(-30.640881369,-8.07506,4.895));
#800=DIRECTION('',(0.,0.,-1.));
#801=DIRECTION('',(0.,-1.,0.));
#802=AXIS2_PLACEMENT_3D('',#799,#800,#801);
#803=CIRCLE('',#802,0.5);
#804=EDGE_CURVE('',#798,#798,#803,.T.);
#805=ORIENTED_EDGE('',*,*,#804,.F.);
#806=EDGE_LOOP('',(#805));
#807=FACE_BOUND('',#806,.T.);
#808=CARTESIAN_POINT('',(-30.860881369,-7.27506,4.895));
#809=VERTEX_POINT('',#808);
#810=CARTESIAN_POINT('',(-30.860881369,-6.77506,4.895));
#811=DIRECTION('',(0.,0.,-1.));
#812=DIRECTION('',(0.,-1.,0.));
#813=AXIS2_PLACEMENT_3D('',#810,#811,#812);
#814=CIRCLE('',#813,0.5);
#815=EDGE_CURVE('',#809,#809,#814,.T.);
#816=ORIENTED_EDGE('',*,*,#815,.F.);
#817=EDGE_LOOP('',(#816));
#818=FACE_BOUND('',#817,.T.);
#819=CARTESIAN_POINT('',(-47.860881369,-3.02506,4.895));
#820=VERTEX_POINT('',#819);
#821=CARTESIAN_POINT('',(-47.860881369,-2.52506,4.895));
#822=DIRECTION('',(0.,0.,-1.));
#823=DIRECTION('',(0.,-1.,0.));
#824=AXIS2_PLACEMENT_3D('',#821,#822,#823);
#825=CIRCLE('',#824,0.5);
#826=EDGE_CURVE('',#820,#820,#825,.T.);
#827=ORIENTED_EDGE('',*,*,#826,.F.);
#828=EDGE_LOOP('',(#827));
#829=FACE_BOUND('',#828,.T.);
#830=CARTESIAN_POINT('',(-47.640881369,-4.32506,4.895));
#831=VERTEX_POINT('',#830);
#832=CARTESIAN_POINT('',(-47.640881369,-3.82506,4.895));
#833=DIRECTION('',(0.,0.,-1.));
#834=DIRECTION('',(0.,-1.,0.));
#835=AXIS2_PLACEMENT_3D('',#832,#833,#834);
#836=CIRCLE('',#835,0.5);
#837=EDGE_CURVE('',#831,#831,#836,.T.);
#838=ORIENTED_EDGE('',*,*,#837,.F.);
#839=EDGE_LOOP('',(#838));
#840=FACE_BOUND('',#839,.T.);
#841=CARTESIAN_POINT('',(-45.144481369,-2.31866,4.895));
#842=VERTEX_POINT('',#841);
#843=CARTESIAN_POINT('',(-45.137281369,-2.31866,4.895));
#844=VERTEX_POINT('',#843);
#845=CARTESIAN_POINT('',(-45.144481369,-2.31866,4.895));
#846=DIRECTION('',(1.,0.,-0.));
#847=VECTOR('',#846,0.0072);
#848=LINE('',#845,#847);
#849=EDGE_CURVE('',#842,#844,#848,.T.);
#850=ORIENTED_EDGE('',*,*,#849,.F.);
#851=CARTESIAN_POINT('',(-45.144481369,-3.13146,4.895));
#852=VERTEX_POINT('',#851);
#853=CARTESIAN_POINT('',(-45.144481369,-2.72506,4.895));
#854=DIRECTION('',(0.,0.,-1.));
#855=DIRECTION('',(0.,1.,0.));
#856=AXIS2_PLACEMENT_3D('',#853,#854,#855);
#857=CIRCLE('',#856,0.4064);
#858=EDGE_CURVE('',#852,#842,#857,.T.);
#859=ORIENTED_EDGE('',*,*,#858,.F.);
#860=CARTESIAN_POINT('',(-45.137281369,-3.13146,4.895));
#861=VERTEX_POINT('',#860);
#862=CARTESIAN_POINT('',(-45.137281369,-3.13146,4.895));
#863=DIRECTION('',(-1.,-0.,0.));
#864=VECTOR('',#863,0.0072);
#865=LINE('',#862,#864);
#866=EDGE_CURVE('',#861,#852,#865,.T.);
#867=ORIENTED_EDGE('',*,*,#866,.F.);
#868=CARTESIAN_POINT('',(-45.137281369,-2.72506,4.895));
#869=DIRECTION('',(0.,0.,-1.));
#870=DIRECTION('',(0.,-1.,0.));
#871=AXIS2_PLACEMENT_3D('',#868,#869,#870);
#872=CIRCLE('',#871,0.4064);
#873=EDGE_CURVE('',#844,#861,#872,.T.);
#874=ORIENTED_EDGE('',*,*,#873,.F.);
#875=EDGE_LOOP('',(#850,#859,#867,#874));
#876=FACE_BOUND('',#875,.T.);
#877=CARTESIAN_POINT('',(-42.644481369,-2.31866,4.895));
#878=VERTEX_POINT('',#877);
#879=CARTESIAN_POINT('',(-42.637281369,-2.31866,4.895));
#880=VERTEX_POINT('',#879);
#881=CARTESIAN_POINT('',(-42.644481369,-2.31866,4.895));
#882=DIRECTION('',(1.,0.,-0.));
#883=VECTOR('',#882,0.0072);
#884=LINE('',#881,#883);
#885=EDGE_CURVE('',#878,#880,#884,.T.);
#886=ORIENTED_EDGE('',*,*,#885,.F.);
#887=CARTESIAN_POINT('',(-42.644481369,-3.13146,4.895));
#888=VERTEX_POINT('',#887);
#889=CARTESIAN_POINT('',(-42.644481369,-2.72506,4.895));
#890=DIRECTION('',(0.,0.,-1.));
#891=DIRECTION('',(0.,1.,0.));
#892=AXIS2_PLACEMENT_3D('',#889,#890,#891);
#893=CIRCLE('',#892,0.4064);
#894=EDGE_CURVE('',#888,#878,#893,.T.);
#895=ORIENTED_EDGE('',*,*,#894,.F.);
#896=CARTESIAN_POINT('',(-42.637281369,-3.13146,4.895));
#897=VERTEX_POINT('',#896);
#898=CARTESIAN_POINT('',(-42.637281369,-3.13146,4.895));
#899=DIRECTION('',(-1.,-0.,0.));
#900=VECTOR('',#899,0.0072);
#901=LINE('',#898,#900);
#902=EDGE_CURVE('',#897,#888,#901,.T.);
#903=ORIENTED_EDGE('',*,*,#902,.F.);
#904=CARTESIAN_POINT('',(-42.637281369,-2.72506,4.895));
#905=DIRECTION('',(0.,0.,-1.));
#906=DIRECTION('',(0.,-1.,0.));
#907=AXIS2_PLACEMENT_3D('',#904,#905,#906);
#908=CIRCLE('',#907,0.4064);
#909=EDGE_CURVE('',#880,#897,#908,.T.);
#910=ORIENTED_EDGE('',*,*,#909,.F.);
#911=EDGE_LOOP('',(#886,#895,#903,#910));
#912=FACE_BOUND('',#911,.T.);
#913=CARTESIAN_POINT('',(-40.144481369,-2.31866,4.895));
#914=VERTEX_POINT('',#913);
#915=CARTESIAN_POINT('',(-40.137281369,-2.31866,4.895));
#916=VERTEX_POINT('',#915);
#917=CARTESIAN_POINT('',(-40.144481369,-2.31866,4.895));
#918=DIRECTION('',(1.,0.,-0.));
#919=VECTOR('',#918,0.0072);
#920=LINE('',#917,#919);
#921=EDGE_CURVE('',#914,#916,#920,.T.);
#922=ORIENTED_EDGE('',*,*,#921,.F.);
#923=CARTESIAN_POINT('',(-40.144481369,-3.13146,4.895));
#924=VERTEX_POINT('',#923);
#925=CARTESIAN_POINT('',(-40.144481369,-2.72506,4.895));
#926=DIRECTION('',(0.,0.,-1.));
#927=DIRECTION('',(0.,1.,0.));
#928=AXIS2_PLACEMENT_3D('',#925,#926,#927);
#929=CIRCLE('',#928,0.4064);
#930=EDGE_CURVE('',#924,#914,#929,.T.);
#931=ORIENTED_EDGE('',*,*,#930,.F.);
#932=CARTESIAN_POINT('',(-40.137281369,-3.13146,4.895));
#933=VERTEX_POINT('',#932);
#934=CARTESIAN_POINT('',(-40.137281369,-3.13146,4.895));
#935=DIRECTION('',(-1.,-0.,0.));
#936=VECTOR('',#935,0.0072);
#937=LINE('',#934,#936);
#938=EDGE_CURVE('',#933,#924,#937,.T.);
#939=ORIENTED_EDGE('',*,*,#938,.F.);
#940=CARTESIAN_POINT('',(-40.137281369,-2.72506,4.895));
#941=DIRECTION('',(0.,0.,-1.));
#942=DIRECTION('',(0.,-1.,0.));
#943=AXIS2_PLACEMENT_3D('',#940,#941,#942);
#944=CIRCLE('',#943,0.4064);
#945=EDGE_CURVE('',#916,#933,#944,.T.);
#946=ORIENTED_EDGE('',*,*,#945,.F.);
#947=EDGE_LOOP('',(#922,#931,#939,#946));
#948=FACE_BOUND('',#947,.T.);
#949=CARTESIAN_POINT('',(-48.140881369,0.82494,4.895));
#950=VERTEX_POINT('',#949);
#951=CARTESIAN_POINT('',(-48.140881369,1.67494,4.895));
#952=DIRECTION('',(0.,0.,-1.));
#953=DIRECTION('',(0.,-1.,0.));
#954=AXIS2_PLACEMENT_3D('',#951,#952,#953);
#955=CIRCLE('',#954,0.85);
#956=EDGE_CURVE('',#950,#950,#955,.T.);
#957=ORIENTED_EDGE('',*,*,#956,.F.);
#958=EDGE_LOOP('',(#957));
#959=FACE_BOUND('',#958,.T.);
#960=CARTESIAN_POINT('',(-42.640881369,-0.82506,4.895));
#961=VERTEX_POINT('',#960);
#962=CARTESIAN_POINT('',(-42.640881369,1.67494,4.895));
#963=DIRECTION('',(0.,0.,-1.));
#964=DIRECTION('',(0.,-1.,0.));
#965=AXIS2_PLACEMENT_3D('',#962,#963,#964);
#966=CIRCLE('',#965,2.5);
#967=EDGE_CURVE('',#961,#961,#966,.T.);
#968=ORIENTED_EDGE('',*,*,#967,.F.);
#969=EDGE_LOOP('',(#968));
#970=FACE_BOUND('',#969,.T.);
#971=CARTESIAN_POINT('',(-37.140881369,0.82494,4.895));
#972=VERTEX_POINT('',#971);
#973=CARTESIAN_POINT('',(-37.140881369,1.67494,4.895));
#974=DIRECTION('',(0.,0.,-1.));
#975=DIRECTION('',(0.,-1.,0.));
#976=AXIS2_PLACEMENT_3D('',#973,#974,#975);
#977=CIRCLE('',#976,0.85);
#978=EDGE_CURVE('',#972,#972,#977,.T.);
#979=ORIENTED_EDGE('',*,*,#978,.F.);
#980=EDGE_LOOP('',(#979));
#981=FACE_BOUND('',#980,.T.);
#982=CARTESIAN_POINT('',(-31.140881369,-3.42506,4.895));
#983=VERTEX_POINT('',#982);
#984=CARTESIAN_POINT('',(-31.140881369,-2.57506,4.895));
#985=DIRECTION('',(0.,0.,-1.));
#986=DIRECTION('',(0.,-1.,0.));
#987=AXIS2_PLACEMENT_3D('',#984,#985,#986);
#988=CIRCLE('',#987,0.85);
#989=EDGE_CURVE('',#983,#983,#988,.T.);
#990=ORIENTED_EDGE('',*,*,#989,.F.);
#991=EDGE_LOOP('',(#990));
#992=FACE_BOUND('',#991,.T.);
#993=CARTESIAN_POINT('',(-25.640881369,-5.07506,4.895));
#994=VERTEX_POINT('',#993);
#995=CARTESIAN_POINT('',(-25.640881369,-2.57506,4.895));
#996=DIRECTION('',(0.,0.,-1.));
#997=DIRECTION('',(0.,-1.,0.));
#998=AXIS2_PLACEMENT_3D('',#995,#996,#997);
#999=CIRCLE('',#998,2.5);
#1000=EDGE_CURVE('',#994,#994,#999,.T.);
#1001=ORIENTED_EDGE('',*,*,#1000,.F.);
#1002=EDGE_LOOP('',(#1001));
#1003=FACE_BOUND('',#1002,.T.);
#1004=CARTESIAN_POINT('',(-25.640881369,1.82494,4.895));
#1005=VERTEX_POINT('',#1004);
#1006=CARTESIAN_POINT('',(-25.640881369,3.32494,4.895));
#1007=DIRECTION('',(0.,0.,-1.));
#1008=DIRECTION('',(0.,-1.,0.));
#1009=AXIS2_PLACEMENT_3D('',#1006,#1007,#1008);
#1010=CIRCLE('',#1009,1.5);
#1011=EDGE_CURVE('',#1005,#1005,#1010,.T.);
#1012=ORIENTED_EDGE('',*,*,#1011,.F.);
#1013=EDGE_LOOP('',(#1012));
#1014=FACE_BOUND('',#1013,.T.);
#1015=CARTESIAN_POINT('',(-4.390881369,-16.53506,4.895));
#1016=VERTEX_POINT('',#1015);
#1017=CARTESIAN_POINT('',(-4.390881369,-15.03506,4.895));
#1018=DIRECTION('',(0.,0.,-1.));
#1019=DIRECTION('',(0.,-1.,0.));
#1020=AXIS2_PLACEMENT_3D('',#1017,#1018,#1019);
#1021=CIRCLE('',#1020,1.5);
#1022=EDGE_CURVE('',#1016,#1016,#1021,.T.);
#1023=ORIENTED_EDGE('',*,*,#1022,.F.);
#1024=EDGE_LOOP('',(#1023));
#1025=FACE_BOUND('',#1024,.T.);
#1026=CARTESIAN_POINT('',(-20.140881369,-3.42506,4.895));
#1027=VERTEX_POINT('',#1026);
#1028=CARTESIAN_POINT('',(-20.140881369,-2.57506,4.895));
#1029=DIRECTION('',(0.,0.,-1.));
#1030=DIRECTION('',(0.,-1.,0.));
#1031=AXIS2_PLACEMENT_3D('',#1028,#1029,#1030);
#1032=CIRCLE('',#1031,0.85);
#1033=EDGE_CURVE('',#1027,#1027,#1032,.T.);
#1034=ORIENTED_EDGE('',*,*,#1033,.F.);
#1035=EDGE_LOOP('',(#1034));
#1036=FACE_BOUND('',#1035,.T.);
#1037=CARTESIAN_POINT('',(-13.640881369,-6.45006,4.895));
#1038=VERTEX_POINT('',#1037);
#1039=CARTESIAN_POINT('',(-13.640881369,-5.95006,4.895));
#1040=DIRECTION('',(-0.,0.,-1.));
#1041=DIRECTION('',(-0.,-1.,0.));
#1042=AXIS2_PLACEMENT_3D('',#1039,#1040,#1041);
#1043=CIRCLE('',#1042,0.5);
#1044=EDGE_CURVE('',#1038,#1038,#1043,.T.);
#1045=ORIENTED_EDGE('',*,*,#1044,.F.);
#1046=EDGE_LOOP('',(#1045));
#1047=FACE_BOUND('',#1046,.T.);
#1048=CARTESIAN_POINT('',(-13.860881369,-5.15006,4.895));
#1049=VERTEX_POINT('',#1048);
#1050=CARTESIAN_POINT('',(-13.860881369,-4.65006,4.895));
#1051=DIRECTION('',(0.,0.,-1.));
#1052=DIRECTION('',(0.,-1.,0.));
#1053=AXIS2_PLACEMENT_3D('',#1050,#1051,#1052);
#1054=CIRCLE('',#1053,0.5);
#1055=EDGE_CURVE('',#1049,#1049,#1054,.T.);
#1056=ORIENTED_EDGE('',*,*,#1055,.F.);
#1057=EDGE_LOOP('',(#1056));
#1058=FACE_BOUND('',#1057,.T.);
#1059=CARTESIAN_POINT('',(-20.640881369,-0.37506,4.895));
#1060=VERTEX_POINT('',#1059);
#1061=CARTESIAN_POINT('',(-20.640881369,1.12494,4.895));
#1062=DIRECTION('',(0.,0.,-1.));
#1063=DIRECTION('',(0.,-1.,0.));
#1064=AXIS2_PLACEMENT_3D('',#1061,#1062,#1063);
#1065=CIRCLE('',#1064,1.5);
#1066=EDGE_CURVE('',#1060,#1060,#1065,.T.);
#1067=ORIENTED_EDGE('',*,*,#1066,.F.);
#1068=EDGE_LOOP('',(#1067));
#1069=FACE_BOUND('',#1068,.T.);
#1070=CARTESIAN_POINT('',(-14.140881369,-1.30006,4.895));
#1071=VERTEX_POINT('',#1070);
#1072=CARTESIAN_POINT('',(-14.140881369,-0.45006,4.895));
#1073=DIRECTION('',(0.,0.,-1.));
#1074=DIRECTION('',(0.,-1.,0.));
#1075=AXIS2_PLACEMENT_3D('',#1072,#1073,#1074);
#1076=CIRCLE('',#1075,0.85);
#1077=EDGE_CURVE('',#1071,#1071,#1076,.T.);
#1078=ORIENTED_EDGE('',*,*,#1077,.F.);
#1079=EDGE_LOOP('',(#1078));
#1080=FACE_BOUND('',#1079,.T.);
#1081=CARTESIAN_POINT('',(-8.640881369,-2.95006,4.895));
#1082=VERTEX_POINT('',#1081);
#1083=CARTESIAN_POINT('',(-8.640881369,-0.45006,4.895));
#1084=DIRECTION('',(0.,0.,-1.));
#1085=DIRECTION('',(0.,-1.,0.));
#1086=AXIS2_PLACEMENT_3D('',#1083,#1084,#1085);
#1087=CIRCLE('',#1086,2.5);
#1088=EDGE_CURVE('',#1082,#1082,#1087,.T.);
#1089=ORIENTED_EDGE('',*,*,#1088,.F.);
#1090=EDGE_LOOP('',(#1089));
#1091=FACE_BOUND('',#1090,.T.);
#1092=CARTESIAN_POINT('',(3.359118631,-4.32506,4.895));
#1093=VERTEX_POINT('',#1092);
#1094=CARTESIAN_POINT('',(3.359118631,-3.82506,4.895));
#1095=DIRECTION('',(0.,0.,-1.));
#1096=DIRECTION('',(0.,-1.,0.));
#1097=AXIS2_PLACEMENT_3D('',#1094,#1095,#1096);
#1098=CIRCLE('',#1097,0.5);
#1099=EDGE_CURVE('',#1093,#1093,#1098,.T.);
#1100=ORIENTED_EDGE('',*,*,#1099,.F.);
#1101=EDGE_LOOP('',(#1100));
#1102=FACE_BOUND('',#1101,.T.);
#1103=CARTESIAN_POINT('',(3.139118631,-3.02506,4.895));
#1104=VERTEX_POINT('',#1103);
#1105=CARTESIAN_POINT('',(3.139118631,-2.52506,4.895));
#1106=DIRECTION('',(0.,0.,-1.));
#1107=DIRECTION('',(0.,-1.,0.));
#1108=AXIS2_PLACEMENT_3D('',#1105,#1106,#1107);
#1109=CIRCLE('',#1108,0.5);
#1110=EDGE_CURVE('',#1104,#1104,#1109,.T.);
#1111=ORIENTED_EDGE('',*,*,#1110,.F.);
#1112=EDGE_LOOP('',(#1111));
#1113=FACE_BOUND('',#1112,.T.);
#1114=CARTESIAN_POINT('',(-3.140881369,-1.30006,4.895));
#1115=VERTEX_POINT('',#1114);
#1116=CARTESIAN_POINT('',(-3.140881369,-0.45006,4.895));
#1117=DIRECTION('',(0.,0.,-1.));
#1118=DIRECTION('',(0.,-1.,0.));
#1119=AXIS2_PLACEMENT_3D('',#1116,#1117,#1118);
#1120=CIRCLE('',#1119,0.85);
#1121=EDGE_CURVE('',#1115,#1115,#1120,.T.);
#1122=ORIENTED_EDGE('',*,*,#1121,.F.);
#1123=EDGE_LOOP('',(#1122));
#1124=FACE_BOUND('',#1123,.T.);
#1125=CARTESIAN_POINT('',(-3.640881369,1.74994,4.895));
#1126=VERTEX_POINT('',#1125);
#1127=CARTESIAN_POINT('',(-3.640881369,3.24994,4.895));
#1128=DIRECTION('',(0.,0.,-1.));
#1129=DIRECTION('',(0.,-1.,0.));
#1130=AXIS2_PLACEMENT_3D('',#1127,#1128,#1129);
#1131=CIRCLE('',#1130,1.5);
#1132=EDGE_CURVE('',#1126,#1126,#1131,.T.);
#1133=ORIENTED_EDGE('',*,*,#1132,.F.);
#1134=EDGE_LOOP('',(#1133));
#1135=FACE_BOUND('',#1134,.T.);
#1136=CARTESIAN_POINT('',(2.859118631,0.82494,4.895));
#1137=VERTEX_POINT('',#1136);
#1138=CARTESIAN_POINT('',(2.859118631,1.67494,4.895));
#1139=DIRECTION('',(0.,0.,-1.));
#1140=DIRECTION('',(0.,-1.,0.));
#1141=AXIS2_PLACEMENT_3D('',#1138,#1139,#1140);
#1142=CIRCLE('',#1141,0.85);
#1143=EDGE_CURVE('',#1137,#1137,#1142,.T.);
#1144=ORIENTED_EDGE('',*,*,#1143,.F.);
#1145=EDGE_LOOP('',(#1144));
#1146=FACE_BOUND('',#1145,.T.);
#1147=CARTESIAN_POINT('',(20.359118631,-23.45006,4.895));
#1148=VERTEX_POINT('',#1147);
#1149=CARTESIAN_POINT('',(20.359118631,-22.95006,4.895));
#1150=DIRECTION('',(0.,0.,-1.));
#1151=DIRECTION('',(0.,-1.,0.));
#1152=AXIS2_PLACEMENT_3D('',#1149,#1150,#1151);
#1153=CIRCLE('',#1152,0.5);
#1154=EDGE_CURVE('',#1148,#1148,#1153,.T.);
#1155=ORIENTED_EDGE('',*,*,#1154,.F.);
#1156=EDGE_LOOP('',(#1155));
#1157=FACE_BOUND('',#1156,.T.);
#1158=CARTESIAN_POINT('',(20.139118631,-22.15006,4.895));
#1159=VERTEX_POINT('',#1158);
#1160=CARTESIAN_POINT('',(20.139118631,-21.65006,4.895));
#1161=DIRECTION('',(0.,0.,-1.));
#1162=DIRECTION('',(0.,-1.,0.));
#1163=AXIS2_PLACEMENT_3D('',#1160,#1161,#1162);
#1164=CIRCLE('',#1163,0.5);
#1165=EDGE_CURVE('',#1159,#1159,#1164,.T.);
#1166=ORIENTED_EDGE('',*,*,#1165,.F.);
#1167=EDGE_LOOP('',(#1166));
#1168=FACE_BOUND('',#1167,.T.);
#1169=CARTESIAN_POINT('',(19.859118631,-18.30006,4.895));
#1170=VERTEX_POINT('',#1169);
#1171=CARTESIAN_POINT('',(19.859118631,-17.45006,4.895));
#1172=DIRECTION('',(0.,0.,-1.));
#1173=DIRECTION('',(0.,-1.,0.));
#1174=AXIS2_PLACEMENT_3D('',#1171,#1172,#1173);
#1175=CIRCLE('',#1174,0.85);
#1176=EDGE_CURVE('',#1170,#1170,#1175,.T.);
#1177=ORIENTED_EDGE('',*,*,#1176,.F.);
#1178=EDGE_LOOP('',(#1177));
#1179=FACE_BOUND('',#1178,.T.);
#1180=CARTESIAN_POINT('',(25.359118631,-19.95006,4.895));
#1181=VERTEX_POINT('',#1180);
#1182=CARTESIAN_POINT('',(25.359118631,-17.45006,4.895));
#1183=DIRECTION('',(0.,0.,-1.));
#1184=DIRECTION('',(0.,-1.,0.));
#1185=AXIS2_PLACEMENT_3D('',#1182,#1183,#1184);
#1186=CIRCLE('',#1185,2.5);
#1187=EDGE_CURVE('',#1181,#1181,#1186,.T.);
#1188=ORIENTED_EDGE('',*,*,#1187,.F.);
#1189=EDGE_LOOP('',(#1188));
#1190=FACE_BOUND('',#1189,.T.);
#1191=CARTESIAN_POINT('',(30.859118631,-18.30006,4.895));
#1192=VERTEX_POINT('',#1191);
#1193=CARTESIAN_POINT('',(30.859118631,-17.45006,4.895));
#1194=DIRECTION('',(0.,0.,-1.));
#1195=DIRECTION('',(0.,-1.,0.));
#1196=AXIS2_PLACEMENT_3D('',#1193,#1194,#1195);
#1197=CIRCLE('',#1196,0.85);
#1198=EDGE_CURVE('',#1192,#1192,#1197,.T.);
#1199=ORIENTED_EDGE('',*,*,#1198,.F.);
#1200=EDGE_LOOP('',(#1199));
#1201=FACE_BOUND('',#1200,.T.);
#1202=CARTESIAN_POINT('',(37.359118631,-27.70006,4.895));
#1203=VERTEX_POINT('',#1202);
#1204=CARTESIAN_POINT('',(37.359118631,-27.20006,4.895));
#1205=DIRECTION('',(0.,0.,-1.));
#1206=DIRECTION('',(0.,-1.,0.));
#1207=AXIS2_PLACEMENT_3D('',#1204,#1205,#1206);
#1208=CIRCLE('',#1207,0.5);
#1209=EDGE_CURVE('',#1203,#1203,#1208,.T.);
#1210=ORIENTED_EDGE('',*,*,#1209,.F.);
#1211=EDGE_LOOP('',(#1210));
#1212=FACE_BOUND('',#1211,.T.);
#1213=CARTESIAN_POINT('',(54.359118631,-27.70006,4.895));
#1214=VERTEX_POINT('',#1213);
#1215=CARTESIAN_POINT('',(54.359118631,-27.20006,4.895));
#1216=DIRECTION('',(0.,0.,-1.));
#1217=DIRECTION('',(0.,-1.,0.));
#1218=AXIS2_PLACEMENT_3D('',#1215,#1216,#1217);
#1219=CIRCLE('',#1218,0.5);
#1220=EDGE_CURVE('',#1214,#1214,#1219,.T.);
#1221=ORIENTED_EDGE('',*,*,#1220,.F.);
#1222=EDGE_LOOP('',(#1221));
#1223=FACE_BOUND('',#1222,.T.);
#1224=CARTESIAN_POINT('',(37.139118631,-26.40006,4.895));
#1225=VERTEX_POINT('',#1224);
#1226=CARTESIAN_POINT('',(37.139118631,-25.90006,4.895));
#1227=DIRECTION('',(0.,0.,-1.));
#1228=DIRECTION('',(0.,-1.,0.));
#1229=AXIS2_PLACEMENT_3D('',#1226,#1227,#1228);
#1230=CIRCLE('',#1229,0.5);
#1231=EDGE_CURVE('',#1225,#1225,#1230,.T.);
#1232=ORIENTED_EDGE('',*,*,#1231,.F.);
#1233=EDGE_LOOP('',(#1232));
#1234=FACE_BOUND('',#1233,.T.);
#1235=CARTESIAN_POINT('',(36.859118631,-22.55006,4.895));
#1236=VERTEX_POINT('',#1235);
#1237=CARTESIAN_POINT('',(36.859118631,-21.70006,4.895));
#1238=DIRECTION('',(0.,0.,-1.));
#1239=DIRECTION('',(0.,-1.,0.));
#1240=AXIS2_PLACEMENT_3D('',#1237,#1238,#1239);
#1241=CIRCLE('',#1240,0.85);
#1242=EDGE_CURVE('',#1236,#1236,#1241,.T.);
#1243=ORIENTED_EDGE('',*,*,#1242,.F.);
#1244=EDGE_LOOP('',(#1243));
#1245=FACE_BOUND('',#1244,.T.);
#1246=CARTESIAN_POINT('',(42.359118631,-24.20006,4.895));
#1247=VERTEX_POINT('',#1246);
#1248=CARTESIAN_POINT('',(42.359118631,-21.70006,4.895));
#1249=DIRECTION('',(0.,0.,-1.));
#1250=DIRECTION('',(0.,-1.,0.));
#1251=AXIS2_PLACEMENT_3D('',#1248,#1249,#1250);
#1252=CIRCLE('',#1251,2.5);
#1253=EDGE_CURVE('',#1247,#1247,#1252,.T.);
#1254=ORIENTED_EDGE('',*,*,#1253,.F.);
#1255=EDGE_LOOP('',(#1254));
#1256=FACE_BOUND('',#1255,.T.);
#1257=CARTESIAN_POINT('',(47.859118631,-22.55006,4.895));
#1258=VERTEX_POINT('',#1257);
#1259=CARTESIAN_POINT('',(47.859118631,-21.70006,4.895));
#1260=DIRECTION('',(0.,0.,-1.));
#1261=DIRECTION('',(0.,-1.,0.));
#1262=AXIS2_PLACEMENT_3D('',#1259,#1260,#1261);
#1263=CIRCLE('',#1262,0.85);
#1264=EDGE_CURVE('',#1258,#1258,#1263,.T.);
#1265=ORIENTED_EDGE('',*,*,#1264,.F.);
#1266=EDGE_LOOP('',(#1265));
#1267=FACE_BOUND('',#1266,.T.);
#1268=CARTESIAN_POINT('',(47.359118631,-19.50006,4.895));
#1269=VERTEX_POINT('',#1268);
#1270=CARTESIAN_POINT('',(47.359118631,-18.00006,4.895));
#1271=DIRECTION('',(0.,0.,-1.));
#1272=DIRECTION('',(0.,-1.,0.));
#1273=AXIS2_PLACEMENT_3D('',#1270,#1271,#1272);
#1274=CIRCLE('',#1273,1.5);
#1275=EDGE_CURVE('',#1269,#1269,#1274,.T.);
#1276=ORIENTED_EDGE('',*,*,#1275,.F.);
#1277=EDGE_LOOP('',(#1276));
#1278=FACE_BOUND('',#1277,.T.);
#1279=CARTESIAN_POINT('',(54.139118631,-26.40006,4.895));
#1280=VERTEX_POINT('',#1279);
#1281=CARTESIAN_POINT('',(54.139118631,-25.90006,4.895));
#1282=DIRECTION('',(0.,0.,-1.));
#1283=DIRECTION('',(0.,-1.,0.));
#1284=AXIS2_PLACEMENT_3D('',#1281,#1282,#1283);
#1285=CIRCLE('',#1284,0.5);
#1286=EDGE_CURVE('',#1280,#1280,#1285,.T.);
#1287=ORIENTED_EDGE('',*,*,#1286,.F.);
#1288=EDGE_LOOP('',(#1287));
#1289=FACE_BOUND('',#1288,.T.);
#1290=CARTESIAN_POINT('',(53.859118631,-22.55006,4.895));
#1291=VERTEX_POINT('',#1290);
#1292=CARTESIAN_POINT('',(53.859118631,-21.70006,4.895));
#1293=DIRECTION('',(0.,0.,-1.));
#1294=DIRECTION('',(0.,-1.,0.));
#1295=AXIS2_PLACEMENT_3D('',#1292,#1293,#1294);
#1296=CIRCLE('',#1295,0.85);
#1297=EDGE_CURVE('',#1291,#1291,#1296,.T.);
#1298=ORIENTED_EDGE('',*,*,#1297,.F.);
#1299=EDGE_LOOP('',(#1298));
#1300=FACE_BOUND('',#1299,.T.);
#1301=CARTESIAN_POINT('',(59.359118631,-24.20006,4.895));
#1302=VERTEX_POINT('',#1301);
#1303=CARTESIAN_POINT('',(59.359118631,-21.70006,4.895));
#1304=DIRECTION('',(0.,0.,-1.));
#1305=DIRECTION('',(0.,-1.,0.));
#1306=AXIS2_PLACEMENT_3D('',#1303,#1304,#1305);
#1307=CIRCLE('',#1306,2.5);
#1308=EDGE_CURVE('',#1302,#1302,#1307,.T.);
#1309=ORIENTED_EDGE('',*,*,#1308,.F.);
#1310=EDGE_LOOP('',(#1309));
#1311=FACE_BOUND('',#1310,.T.);
#1312=CARTESIAN_POINT('',(64.859118631,-22.55006,4.895));
#1313=VERTEX_POINT('',#1312);
#1314=CARTESIAN_POINT('',(64.859118631,-21.70006,4.895));
#1315=DIRECTION('',(0.,0.,-1.));
#1316=DIRECTION('',(0.,-1.,0.));
#1317=AXIS2_PLACEMENT_3D('',#1314,#1315,#1316);
#1318=CIRCLE('',#1317,0.85);
#1319=EDGE_CURVE('',#1313,#1313,#1318,.T.);
#1320=ORIENTED_EDGE('',*,*,#1319,.F.);
#1321=EDGE_LOOP('',(#1320));
#1322=FACE_BOUND('',#1321,.T.);
#1323=CARTESIAN_POINT('',(64.359118631,-19.50006,4.895));
#1324=VERTEX_POINT('',#1323);
#1325=CARTESIAN_POINT('',(64.359118631,-18.00006,4.895));
#1326=DIRECTION('',(0.,0.,-1.));
#1327=DIRECTION('',(0.,-1.,0.));
#1328=AXIS2_PLACEMENT_3D('',#1325,#1326,#1327);
#1329=CIRCLE('',#1328,1.5);
#1330=EDGE_CURVE('',#1324,#1324,#1329,.T.);
#1331=ORIENTED_EDGE('',*,*,#1330,.F.);
#1332=EDGE_LOOP('',(#1331));
#1333=FACE_BOUND('',#1332,.T.);
#1334=CARTESIAN_POINT('',(25.359118631,-13.05006,4.895));
#1335=VERTEX_POINT('',#1334);
#1336=CARTESIAN_POINT('',(25.359118631,-11.55006,4.895));
#1337=DIRECTION('',(0.,0.,-1.));
#1338=DIRECTION('',(0.,-1.,0.));
#1339=AXIS2_PLACEMENT_3D('',#1336,#1337,#1338);
#1340=CIRCLE('',#1339,1.5);
#1341=EDGE_CURVE('',#1335,#1335,#1340,.T.);
#1342=ORIENTED_EDGE('',*,*,#1341,.F.);
#1343=EDGE_LOOP('',(#1342));
#1344=FACE_BOUND('',#1343,.T.);
#1345=CARTESIAN_POINT('',(30.359118631,-15.25006,4.895));
#1346=VERTEX_POINT('',#1345);
#1347=CARTESIAN_POINT('',(30.359118631,-13.75006,4.895));
#1348=DIRECTION('',(0.,0.,-1.));
#1349=DIRECTION('',(0.,-1.,0.));
#1350=AXIS2_PLACEMENT_3D('',#1347,#1348,#1349);
#1351=CIRCLE('',#1350,1.5);
#1352=EDGE_CURVE('',#1346,#1346,#1351,.T.);
#1353=ORIENTED_EDGE('',*,*,#1352,.F.);
#1354=EDGE_LOOP('',(#1353));
#1355=FACE_BOUND('',#1354,.T.);
#1356=CARTESIAN_POINT('',(20.359118631,-6.45006,4.895));
#1357=VERTEX_POINT('',#1356);
#1358=CARTESIAN_POINT('',(20.359118631,-5.95006,4.895));
#1359=DIRECTION('',(0.,0.,-1.));
#1360=DIRECTION('',(0.,-1.,0.));
#1361=AXIS2_PLACEMENT_3D('',#1358,#1359,#1360);
#1362=CIRCLE('',#1361,0.5);
#1363=EDGE_CURVE('',#1357,#1357,#1362,.T.);
#1364=ORIENTED_EDGE('',*,*,#1363,.F.);
#1365=EDGE_LOOP('',(#1364));
#1366=FACE_BOUND('',#1365,.T.);
#1367=CARTESIAN_POINT('',(20.139118631,-5.15006,4.895));
#1368=VERTEX_POINT('',#1367);
#1369=CARTESIAN_POINT('',(20.139118631,-4.65006,4.895));
#1370=DIRECTION('',(0.,0.,-1.));
#1371=DIRECTION('',(0.,-1.,0.));
#1372=AXIS2_PLACEMENT_3D('',#1369,#1370,#1371);
#1373=CIRCLE('',#1372,0.5);
#1374=EDGE_CURVE('',#1368,#1368,#1373,.T.);
#1375=ORIENTED_EDGE('',*,*,#1374,.F.);
#1376=EDGE_LOOP('',(#1375));
#1377=FACE_BOUND('',#1376,.T.);
#1378=CARTESIAN_POINT('',(8.359118631,-0.82506,4.895));
#1379=VERTEX_POINT('',#1378);
#1380=CARTESIAN_POINT('',(8.359118631,1.67494,4.895));
#1381=DIRECTION('',(0.,0.,-1.));
#1382=DIRECTION('',(0.,-1.,0.));
#1383=AXIS2_PLACEMENT_3D('',#1380,#1381,#1382);
#1384=CIRCLE('',#1383,2.5);
#1385=EDGE_CURVE('',#1379,#1379,#1384,.T.);
#1386=ORIENTED_EDGE('',*,*,#1385,.F.);
#1387=EDGE_LOOP('',(#1386));
#1388=FACE_BOUND('',#1387,.T.);
#1389=CARTESIAN_POINT('',(13.859118631,0.82494,4.895));
#1390=VERTEX_POINT('',#1389);
#1391=CARTESIAN_POINT('',(13.859118631,1.67494,4.895));
#1392=DIRECTION('',(0.,0.,-1.));
#1393=DIRECTION('',(0.,-1.,0.));
#1394=AXIS2_PLACEMENT_3D('',#1391,#1392,#1393);
#1395=CIRCLE('',#1394,0.85);
#1396=EDGE_CURVE('',#1390,#1390,#1395,.T.);
#1397=ORIENTED_EDGE('',*,*,#1396,.F.);
#1398=EDGE_LOOP('',(#1397));
#1399=FACE_BOUND('',#1398,.T.);
#1400=CARTESIAN_POINT('',(19.859118631,-1.30006,4.895));
#1401=VERTEX_POINT('',#1400);
#1402=CARTESIAN_POINT('',(19.859118631,-0.45006,4.895));
#1403=DIRECTION('',(0.,0.,-1.));
#1404=DIRECTION('',(0.,-1.,0.));
#1405=AXIS2_PLACEMENT_3D('',#1402,#1403,#1404);
#1406=CIRCLE('',#1405,0.85);
#1407=EDGE_CURVE('',#1401,#1401,#1406,.T.);
#1408=ORIENTED_EDGE('',*,*,#1407,.F.);
#1409=EDGE_LOOP('',(#1408));
#1410=FACE_BOUND('',#1409,.T.);
#1411=CARTESIAN_POINT('',(25.359118631,-2.95006,4.895));
#1412=VERTEX_POINT('',#1411);
#1413=CARTESIAN_POINT('',(25.359118631,-0.45006,4.895));
#1414=DIRECTION('',(0.,0.,-1.));
#1415=DIRECTION('',(0.,-1.,0.));
#1416=AXIS2_PLACEMENT_3D('',#1413,#1414,#1415);
#1417=CIRCLE('',#1416,2.5);
#1418=EDGE_CURVE('',#1412,#1412,#1417,.T.);
#1419=ORIENTED_EDGE('',*,*,#1418,.F.);
#1420=EDGE_LOOP('',(#1419));
#1421=FACE_BOUND('',#1420,.T.);
#1422=CARTESIAN_POINT('',(30.859118631,-1.30006,4.895));
#1423=VERTEX_POINT('',#1422);
#1424=CARTESIAN_POINT('',(30.859118631,-0.45006,4.895));
#1425=DIRECTION('',(0.,0.,-1.));
#1426=DIRECTION('',(0.,-1.,0.));
#1427=AXIS2_PLACEMENT_3D('',#1424,#1425,#1426);
#1428=CIRCLE('',#1427,0.85);
#1429=EDGE_CURVE('',#1423,#1423,#1428,.T.);
#1430=ORIENTED_EDGE('',*,*,#1429,.F.);
#1431=EDGE_LOOP('',(#1430));
#1432=FACE_BOUND('',#1431,.T.);
#1433=CARTESIAN_POINT('',(30.359118631,1.74994,4.895));
#1434=VERTEX_POINT('',#1433);
#1435=CARTESIAN_POINT('',(30.359118631,3.24994,4.895));
#1436=DIRECTION('',(0.,0.,-1.));
#1437=DIRECTION('',(0.,-1.,0.));
#1438=AXIS2_PLACEMENT_3D('',#1435,#1436,#1437);
#1439=CIRCLE('',#1438,1.5);
#1440=EDGE_CURVE('',#1434,#1434,#1439,.T.);
#1441=ORIENTED_EDGE('',*,*,#1440,.F.);
#1442=EDGE_LOOP('',(#1441));
#1443=FACE_BOUND('',#1442,.T.);
#1444=CARTESIAN_POINT('',(42.359118631,-17.30006,4.895));
#1445=VERTEX_POINT('',#1444);
#1446=CARTESIAN_POINT('',(42.359118631,-15.80006,4.895));
#1447=DIRECTION('',(0.,0.,-1.));
#1448=DIRECTION('',(0.,-1.,0.));
#1449=AXIS2_PLACEMENT_3D('',#1446,#1447,#1448);
#1450=CIRCLE('',#1449,1.5);
#1451=EDGE_CURVE('',#1445,#1445,#1450,.T.);
#1452=ORIENTED_EDGE('',*,*,#1451,.F.);
#1453=EDGE_LOOP('',(#1452));
#1454=FACE_BOUND('',#1453,.T.);
#1455=CARTESIAN_POINT('',(37.359118631,-10.70006,4.895));
#1456=VERTEX_POINT('',#1455);
#1457=CARTESIAN_POINT('',(37.359118631,-10.20006,4.895));
#1458=DIRECTION('',(0.,0.,-1.));
#1459=DIRECTION('',(0.,-1.,0.));
#1460=AXIS2_PLACEMENT_3D('',#1457,#1458,#1459);
#1461=CIRCLE('',#1460,0.5);
#1462=EDGE_CURVE('',#1456,#1456,#1461,.T.);
#1463=ORIENTED_EDGE('',*,*,#1462,.F.);
#1464=EDGE_LOOP('',(#1463));
#1465=FACE_BOUND('',#1464,.T.);
#1466=CARTESIAN_POINT('',(37.139118631,-9.40006,4.895));
#1467=VERTEX_POINT('',#1466);
#1468=CARTESIAN_POINT('',(37.139118631,-8.90006,4.895));
#1469=DIRECTION('',(0.,0.,-1.));
#1470=DIRECTION('',(0.,-1.,0.));
#1471=AXIS2_PLACEMENT_3D('',#1468,#1469,#1470);
#1472=CIRCLE('',#1471,0.5);
#1473=EDGE_CURVE('',#1467,#1467,#1472,.T.);
#1474=ORIENTED_EDGE('',*,*,#1473,.F.);
#1475=EDGE_LOOP('',(#1474));
#1476=FACE_BOUND('',#1475,.T.);
#1477=CARTESIAN_POINT('',(59.359118631,-17.30006,4.895));
#1478=VERTEX_POINT('',#1477);
#1479=CARTESIAN_POINT('',(59.359118631,-15.80006,4.895));
#1480=DIRECTION('',(0.,0.,-1.));
#1481=DIRECTION('',(0.,-1.,0.));
#1482=AXIS2_PLACEMENT_3D('',#1479,#1480,#1481);
#1483=CIRCLE('',#1482,1.5);
#1484=EDGE_CURVE('',#1478,#1478,#1483,.T.);
#1485=ORIENTED_EDGE('',*,*,#1484,.F.);
#1486=EDGE_LOOP('',(#1485));
#1487=FACE_BOUND('',#1486,.T.);
#1488=CARTESIAN_POINT('',(54.359118631,-10.70006,4.895));
#1489=VERTEX_POINT('',#1488);
#1490=CARTESIAN_POINT('',(54.359118631,-10.20006,4.895));
#1491=DIRECTION('',(0.,0.,-1.));
#1492=DIRECTION('',(0.,-1.,0.));
#1493=AXIS2_PLACEMENT_3D('',#1490,#1491,#1492);
#1494=CIRCLE('',#1493,0.5);
#1495=EDGE_CURVE('',#1489,#1489,#1494,.T.);
#1496=ORIENTED_EDGE('',*,*,#1495,.F.);
#1497=EDGE_LOOP('',(#1496));
#1498=FACE_BOUND('',#1497,.T.);
#1499=CARTESIAN_POINT('',(54.139118631,-9.40006,4.895));
#1500=VERTEX_POINT('',#1499);
#1501=CARTESIAN_POINT('',(54.139118631,-8.90006,4.895));
#1502=DIRECTION('',(0.,0.,-1.));
#1503=DIRECTION('',(0.,-1.,0.));
#1504=AXIS2_PLACEMENT_3D('',#1501,#1502,#1503);
#1505=CIRCLE('',#1504,0.5);
#1506=EDGE_CURVE('',#1500,#1500,#1505,.T.);
#1507=ORIENTED_EDGE('',*,*,#1506,.F.);
#1508=EDGE_LOOP('',(#1507));
#1509=FACE_BOUND('',#1508,.T.);
#1510=CARTESIAN_POINT('',(36.859118631,-5.55006,4.895));
#1511=VERTEX_POINT('',#1510);
#1512=CARTESIAN_POINT('',(36.859118631,-4.70006,4.895));
#1513=DIRECTION('',(0.,0.,-1.));
#1514=DIRECTION('',(0.,-1.,0.));
#1515=AXIS2_PLACEMENT_3D('',#1512,#1513,#1514);
#1516=CIRCLE('',#1515,0.85);
#1517=EDGE_CURVE('',#1511,#1511,#1516,.T.);
#1518=ORIENTED_EDGE('',*,*,#1517,.F.);
#1519=EDGE_LOOP('',(#1518));
#1520=FACE_BOUND('',#1519,.T.);
#1521=CARTESIAN_POINT('',(42.359118631,-7.20006,4.895));
#1522=VERTEX_POINT('',#1521);
#1523=CARTESIAN_POINT('',(42.359118631,-4.70006,4.895));
#1524=DIRECTION('',(0.,0.,-1.));
#1525=DIRECTION('',(0.,-1.,0.));
#1526=AXIS2_PLACEMENT_3D('',#1523,#1524,#1525);
#1527=CIRCLE('',#1526,2.5);
#1528=EDGE_CURVE('',#1522,#1522,#1527,.T.);
#1529=ORIENTED_EDGE('',*,*,#1528,.F.);
#1530=EDGE_LOOP('',(#1529));
#1531=FACE_BOUND('',#1530,.T.);
#1532=CARTESIAN_POINT('',(47.859118631,-5.55006,4.895));
#1533=VERTEX_POINT('',#1532);
#1534=CARTESIAN_POINT('',(47.859118631,-4.70006,4.895));
#1535=DIRECTION('',(0.,0.,-1.));
#1536=DIRECTION('',(0.,-1.,0.));
#1537=AXIS2_PLACEMENT_3D('',#1534,#1535,#1536);
#1538=CIRCLE('',#1537,0.85);
#1539=EDGE_CURVE('',#1533,#1533,#1538,.T.);
#1540=ORIENTED_EDGE('',*,*,#1539,.F.);
#1541=EDGE_LOOP('',(#1540));
#1542=FACE_BOUND('',#1541,.T.);
#1543=CARTESIAN_POINT('',(42.359118631,-0.30006,4.895));
#1544=VERTEX_POINT('',#1543);
#1545=CARTESIAN_POINT('',(42.359118631,1.19994,4.895));
#1546=DIRECTION('',(0.,0.,-1.));
#1547=DIRECTION('',(0.,-1.,0.));
#1548=AXIS2_PLACEMENT_3D('',#1545,#1546,#1547);
#1549=CIRCLE('',#1548,1.5);
#1550=EDGE_CURVE('',#1544,#1544,#1549,.T.);
#1551=ORIENTED_EDGE('',*,*,#1550,.F.);
#1552=EDGE_LOOP('',(#1551));
#1553=FACE_BOUND('',#1552,.T.);
#1554=CARTESIAN_POINT('',(47.359118631,-2.50006,4.895));
#1555=VERTEX_POINT('',#1554);
#1556=CARTESIAN_POINT('',(47.359118631,-1.00006,4.895));
#1557=DIRECTION('',(0.,0.,-1.));
#1558=DIRECTION('',(0.,-1.,0.));
#1559=AXIS2_PLACEMENT_3D('',#1556,#1557,#1558);
#1560=CIRCLE('',#1559,1.5);
#1561=EDGE_CURVE('',#1555,#1555,#1560,.T.);
#1562=ORIENTED_EDGE('',*,*,#1561,.F.);
#1563=EDGE_LOOP('',(#1562));
#1564=FACE_BOUND('',#1563,.T.);
#1565=CARTESIAN_POINT('',(53.859118631,-5.55006,4.895));
#1566=VERTEX_POINT('',#1565);
#1567=CARTESIAN_POINT('',(53.859118631,-4.70006,4.895));
#1568=DIRECTION('',(0.,0.,-1.));
#1569=DIRECTION('',(0.,-1.,0.));
#1570=AXIS2_PLACEMENT_3D('',#1567,#1568,#1569);
#1571=CIRCLE('',#1570,0.85);
#1572=EDGE_CURVE('',#1566,#1566,#1571,.T.);
#1573=ORIENTED_EDGE('',*,*,#1572,.F.);
#1574=EDGE_LOOP('',(#1573));
#1575=FACE_BOUND('',#1574,.T.);
#1576=CARTESIAN_POINT('',(59.359118631,-7.20006,4.895));
#1577=VERTEX_POINT('',#1576);
#1578=CARTESIAN_POINT('',(59.359118631,-4.70006,4.895));
#1579=DIRECTION('',(0.,0.,-1.));
#1580=DIRECTION('',(0.,-1.,0.));
#1581=AXIS2_PLACEMENT_3D('',#1578,#1579,#1580);
#1582=CIRCLE('',#1581,2.5);
#1583=EDGE_CURVE('',#1577,#1577,#1582,.T.);
#1584=ORIENTED_EDGE('',*,*,#1583,.F.);
#1585=EDGE_LOOP('',(#1584));
#1586=FACE_BOUND('',#1585,.T.);
#1587=CARTESIAN_POINT('',(64.859118631,-5.55006,4.895));
#1588=VERTEX_POINT('',#1587);
#1589=CARTESIAN_POINT('',(64.859118631,-4.70006,4.895));
#1590=DIRECTION('',(0.,0.,-1.));
#1591=DIRECTION('',(0.,-1.,0.));
#1592=AXIS2_PLACEMENT_3D('',#1589,#1590,#1591);
#1593=CIRCLE('',#1592,0.85);
#1594=EDGE_CURVE('',#1588,#1588,#1593,.T.);
#1595=ORIENTED_EDGE('',*,*,#1594,.F.);
#1596=EDGE_LOOP('',(#1595));
#1597=FACE_BOUND('',#1596,.T.);
#1598=CARTESIAN_POINT('',(64.359118631,-2.50006,4.895));
#1599=VERTEX_POINT('',#1598);
#1600=CARTESIAN_POINT('',(64.359118631,-1.00006,4.895));
#1601=DIRECTION('',(0.,0.,-1.));
#1602=DIRECTION('',(0.,-1.,0.));
#1603=AXIS2_PLACEMENT_3D('',#1600,#1601,#1602);
#1604=CIRCLE('',#1603,1.5);
#1605=EDGE_CURVE('',#1599,#1599,#1604,.T.);
#1606=ORIENTED_EDGE('',*,*,#1605,.F.);
#1607=EDGE_LOOP('',(#1606));
#1608=FACE_BOUND('',#1607,.T.);
#1609=CARTESIAN_POINT('',(59.359118631,-0.30006,4.895));
#1610=VERTEX_POINT('',#1609);
#1611=CARTESIAN_POINT('',(59.359118631,1.19994,4.895));
#1612=DIRECTION('',(0.,0.,-1.));
#1613=DIRECTION('',(0.,-1.,0.));
#1614=AXIS2_PLACEMENT_3D('',#1611,#1612,#1613);
#1615=CIRCLE('',#1614,1.5);
#1616=EDGE_CURVE('',#1610,#1610,#1615,.T.);
#1617=ORIENTED_EDGE('',*,*,#1616,.F.);
#1618=EDGE_LOOP('',(#1617));
#1619=FACE_BOUND('',#1618,.T.);
#1620=CARTESIAN_POINT('',(-37.640881369,3.87494,4.895));
#1621=VERTEX_POINT('',#1620);
#1622=CARTESIAN_POINT('',(-37.640881369,5.37494,4.895));
#1623=DIRECTION('',(0.,0.,-1.));
#1624=DIRECTION('',(0.,-1.,0.));
#1625=AXIS2_PLACEMENT_3D('',#1622,#1623,#1624);
#1626=CIRCLE('',#1625,1.5);
#1627=EDGE_CURVE('',#1621,#1621,#1626,.T.);
#1628=ORIENTED_EDGE('',*,*,#1627,.F.);
#1629=EDGE_LOOP('',(#1628));
#1630=FACE_BOUND('',#1629,.T.);
#1631=CARTESIAN_POINT('',(-42.640881369,6.07494,4.895));
#1632=VERTEX_POINT('',#1631);
#1633=CARTESIAN_POINT('',(-42.640881369,7.57494,4.895));
#1634=DIRECTION('',(0.,0.,-1.));
#1635=DIRECTION('',(0.,-1.,0.));
#1636=AXIS2_PLACEMENT_3D('',#1633,#1634,#1635);
#1637=CIRCLE('',#1636,1.5);
#1638=EDGE_CURVE('',#1632,#1632,#1637,.T.);
#1639=ORIENTED_EDGE('',*,*,#1638,.F.);
#1640=EDGE_LOOP('',(#1639));
#1641=FACE_BOUND('',#1640,.T.);
#1642=CARTESIAN_POINT('',(-30.640881369,8.42494,4.895));
#1643=VERTEX_POINT('',#1642);
#1644=CARTESIAN_POINT('',(-30.640881369,8.92494,4.895));
#1645=DIRECTION('',(0.,0.,-1.));
#1646=DIRECTION('',(0.,-1.,0.));
#1647=AXIS2_PLACEMENT_3D('',#1644,#1645,#1646);
#1648=CIRCLE('',#1647,0.5);
#1649=EDGE_CURVE('',#1643,#1643,#1648,.T.);
#1650=ORIENTED_EDGE('',*,*,#1649,.F.);
#1651=EDGE_LOOP('',(#1650));
#1652=FACE_BOUND('',#1651,.T.);
#1653=CARTESIAN_POINT('',(-30.860881369,9.72494,4.895));
#1654=VERTEX_POINT('',#1653);
#1655=CARTESIAN_POINT('',(-30.860881369,10.22494,4.895));
#1656=DIRECTION('',(0.,0.,-1.));
#1657=DIRECTION('',(0.,-1.,0.));
#1658=AXIS2_PLACEMENT_3D('',#1655,#1656,#1657);
#1659=CIRCLE('',#1658,0.5);
#1660=EDGE_CURVE('',#1654,#1654,#1659,.T.);
#1661=ORIENTED_EDGE('',*,*,#1660,.F.);
#1662=EDGE_LOOP('',(#1661));
#1663=FACE_BOUND('',#1662,.T.);
#1664=CARTESIAN_POINT('',(-48.716781369,22.07684,4.895));
#1665=VERTEX_POINT('',#1664);
#1666=CARTESIAN_POINT('',(-48.716781369,22.48324,4.895));
#1667=DIRECTION('',(-0.,0.,-1.));
#1668=DIRECTION('',(-0.,-1.,0.));
#1669=AXIS2_PLACEMENT_3D('',#1666,#1667,#1668);
#1670=CIRCLE('',#1669,0.4064);
#1671=EDGE_CURVE('',#1665,#1665,#1670,.T.);
#1672=ORIENTED_EDGE('',*,*,#1671,.F.);
#1673=EDGE_LOOP('',(#1672));
#1674=FACE_BOUND('',#1673,.T.);
#1675=CARTESIAN_POINT('',(-46.701028369,23.192487,4.895));
#1676=VERTEX_POINT('',#1675);
#1677=CARTESIAN_POINT('',(-47.082028369,22.811487,4.895));
#1678=VERTEX_POINT('',#1677);
#1679=CARTESIAN_POINT('',(-46.701028369,23.192487,4.895));
#1680=DIRECTION('',(-0.707106781,-0.707106781,0.));
#1681=VECTOR('',#1680,0.538815367);
#1682=LINE('',#1679,#1681);
#1683=EDGE_CURVE('',#1676,#1678,#1682,.T.);
#1684=ORIENTED_EDGE('',*,*,#1683,.T.);
#1685=CARTESIAN_POINT('',(-47.082028369,21.211913934,4.895));
#1686=VERTEX_POINT('',#1685);
#1687=CARTESIAN_POINT('',(-47.082028369,22.811487,4.895));
#1688=DIRECTION('',(-0.,-1.,-0.));
#1689=VECTOR('',#1688,1.599573066);
#1690=LINE('',#1687,#1689);
#1691=EDGE_CURVE('',#1678,#1686,#1690,.T.);
#1692=ORIENTED_EDGE('',*,*,#1691,.T.);
#1693=CARTESIAN_POINT('',(-46.811781369,20.29124,4.895));
#1694=VERTEX_POINT('',#1693);
#1695=CARTESIAN_POINT('',(-46.811781369,20.79124,4.895));
#1696=DIRECTION('',(0.,0.,-1.));
#1697=DIRECTION('',(0.,-1.,0.));
#1698=AXIS2_PLACEMENT_3D('',#1695,#1696,#1697);
#1699=CIRCLE('',#1698,0.5);
#1700=EDGE_CURVE('',#1694,#1686,#1699,.T.);
#1701=ORIENTED_EDGE('',*,*,#1700,.F.);
#1702=CARTESIAN_POINT('',(-46.388254106,20.525487,4.895));
#1703=VERTEX_POINT('',#1702);
#1704=CARTESIAN_POINT('',(-46.811781369,20.79124,4.895));
#1705=DIRECTION('',(0.,0.,-1.));
#1706=DIRECTION('',(0.,-1.,0.));
#1707=AXIS2_PLACEMENT_3D('',#1704,#1705,#1706);
#1708=CIRCLE('',#1707,0.5);
#1709=EDGE_CURVE('',#1703,#1694,#1708,.T.);
#1710=ORIENTED_EDGE('',*,*,#1709,.F.);
#1711=CARTESIAN_POINT('',(-45.355708633,20.525487,4.895));
#1712=VERTEX_POINT('',#1711);
#1713=CARTESIAN_POINT('',(-46.388254106,20.525487,4.895));
#1714=DIRECTION('',(1.,0.,0.));
#1715=VECTOR('',#1714,1.032545473);
#1716=LINE('',#1713,#1715);
#1717=EDGE_CURVE('',#1703,#1712,#1716,.T.);
#1718=ORIENTED_EDGE('',*,*,#1717,.T.);
#1719=CARTESIAN_POINT('',(-44.932181369,20.29124,4.895));
#1720=VERTEX_POINT('',#1719);
#1721=CARTESIAN_POINT('',(-44.932181369,20.79124,4.895));
#1722=DIRECTION('',(0.,0.,-1.));
#1723=DIRECTION('',(0.,-1.,0.));
#1724=AXIS2_PLACEMENT_3D('',#1721,#1722,#1723);
#1725=CIRCLE('',#1724,0.5);
#1726=EDGE_CURVE('',#1720,#1712,#1725,.T.);
#1727=ORIENTED_EDGE('',*,*,#1726,.F.);
#1728=CARTESIAN_POINT('',(-44.669028369,21.21638762,4.895));
#1729=VERTEX_POINT('',#1728);
#1730=CARTESIAN_POINT('',(-44.932181369,20.79124,4.895));
#1731=DIRECTION('',(0.,0.,-1.));
#1732=DIRECTION('',(0.,-1.,0.));
#1733=AXIS2_PLACEMENT_3D('',#1730,#1731,#1732);
#1734=CIRCLE('',#1733,0.5);
#1735=EDGE_CURVE('',#1729,#1720,#1734,.T.);
#1736=ORIENTED_EDGE('',*,*,#1735,.F.);
#1737=CARTESIAN_POINT('',(-44.669028369,22.811487,4.895));
#1738=VERTEX_POINT('',#1737);
#1739=CARTESIAN_POINT('',(-44.669028369,21.21638762,4.895));
#1740=DIRECTION('',(0.,1.,0.));
#1741=VECTOR('',#1740,1.59509938);
#1742=LINE('',#1739,#1741);
#1743=EDGE_CURVE('',#1729,#1738,#1742,.T.);
#1744=ORIENTED_EDGE('',*,*,#1743,.T.);
#1745=CARTESIAN_POINT('',(-44.990058369,23.190135,4.895));
#1746=VERTEX_POINT('',#1745);
#1747=CARTESIAN_POINT('',(-44.669028369,22.811487,4.895));
#1748=DIRECTION('',(-0.646688003,0.762754631,0.));
#1749=VECTOR('',#1748,0.496421765);
#1750=LINE('',#1747,#1749);
#1751=EDGE_CURVE('',#1738,#1746,#1750,.T.);
#1752=ORIENTED_EDGE('',*,*,#1751,.T.);
#1753=CARTESIAN_POINT('',(-45.050028369,23.192487,4.895));
#1754=VERTEX_POINT('',#1753);
#1755=CARTESIAN_POINT('',(-44.990058369,23.190135,4.895));
#1756=DIRECTION('',(-0.999231797,0.039189481,0.));
#1757=VECTOR('',#1756,0.060016105);
#1758=LINE('',#1755,#1757);
#1759=EDGE_CURVE('',#1746,#1754,#1758,.T.);
#1760=ORIENTED_EDGE('',*,*,#1759,.T.);
#1761=CARTESIAN_POINT('',(-45.050028369,23.192487,4.895));
#1762=DIRECTION('',(-1.,-0.,0.));
#1763=VECTOR('',#1762,1.651);
#1764=LINE('',#1761,#1763);
#1765=EDGE_CURVE('',#1754,#1676,#1764,.T.);
#1766=ORIENTED_EDGE('',*,*,#1765,.T.);
#1767=EDGE_LOOP('',(#1684,#1692,#1701,#1710,#1718,#1727,#1736,#1744,#1752,#1760,#1766));
#1768=FACE_BOUND('',#1767,.T.);
#1769=CARTESIAN_POINT('',(-31.140881369,13.57494,4.895));
#1770=VERTEX_POINT('',#1769);
#1771=CARTESIAN_POINT('',(-31.140881369,14.42494,4.895));
#1772=DIRECTION('',(0.,0.,-1.));
#1773=DIRECTION('',(0.,-1.,0.));
#1774=AXIS2_PLACEMENT_3D('',#1771,#1772,#1773);
#1775=CIRCLE('',#1774,0.85);
#1776=EDGE_CURVE('',#1770,#1770,#1775,.T.);
#1777=ORIENTED_EDGE('',*,*,#1776,.F.);
#1778=EDGE_LOOP('',(#1777));
#1779=FACE_BOUND('',#1778,.T.);
#1780=CARTESIAN_POINT('',(-25.640881369,11.92494,4.895));
#1781=VERTEX_POINT('',#1780);
#1782=CARTESIAN_POINT('',(-25.640881369,14.42494,4.895));
#1783=DIRECTION('',(0.,0.,-1.));
#1784=DIRECTION('',(0.,-1.,0.));
#1785=AXIS2_PLACEMENT_3D('',#1782,#1783,#1784);
#1786=CIRCLE('',#1785,2.5);
#1787=EDGE_CURVE('',#1781,#1781,#1786,.T.);
#1788=ORIENTED_EDGE('',*,*,#1787,.F.);
#1789=EDGE_LOOP('',(#1788));
#1790=FACE_BOUND('',#1789,.T.);
#1791=CARTESIAN_POINT('',(-33.476781369,22.07684,4.895));
#1792=VERTEX_POINT('',#1791);
#1793=CARTESIAN_POINT('',(-33.476781369,22.48324,4.895));
#1794=DIRECTION('',(0.,0.,-1.));
#1795=DIRECTION('',(0.,-1.,0.));
#1796=AXIS2_PLACEMENT_3D('',#1793,#1794,#1795);
#1797=CIRCLE('',#1796,0.4064);
#1798=EDGE_CURVE('',#1792,#1792,#1797,.T.);
#1799=ORIENTED_EDGE('',*,*,#1798,.F.);
#1800=EDGE_LOOP('',(#1799));
#1801=FACE_BOUND('',#1800,.T.);
#1802=CARTESIAN_POINT('',(-25.640881369,18.82494,4.895));
#1803=VERTEX_POINT('',#1802);
#1804=CARTESIAN_POINT('',(-25.640881369,20.32494,4.895));
#1805=DIRECTION('',(0.,0.,-1.));
#1806=DIRECTION('',(0.,-1.,0.));
#1807=AXIS2_PLACEMENT_3D('',#1804,#1805,#1806);
#1808=CIRCLE('',#1807,1.5);
#1809=EDGE_CURVE('',#1803,#1803,#1808,.T.);
#1810=ORIENTED_EDGE('',*,*,#1809,.F.);
#1811=EDGE_LOOP('',(#1810));
#1812=FACE_BOUND('',#1811,.T.);
#1813=CARTESIAN_POINT('',(-8.640881369,3.94994,4.895));
#1814=VERTEX_POINT('',#1813);
#1815=CARTESIAN_POINT('',(-8.640881369,5.44994,4.895));
#1816=DIRECTION('',(0.,0.,-1.));
#1817=DIRECTION('',(0.,-1.,0.));
#1818=AXIS2_PLACEMENT_3D('',#1815,#1816,#1817);
#1819=CIRCLE('',#1818,1.5);
#1820=EDGE_CURVE('',#1814,#1814,#1819,.T.);
#1821=ORIENTED_EDGE('',*,*,#1820,.F.);
#1822=EDGE_LOOP('',(#1821));
#1823=FACE_BOUND('',#1822,.T.);
#1824=CARTESIAN_POINT('',(-13.640881369,10.54994,4.895));
#1825=VERTEX_POINT('',#1824);
#1826=CARTESIAN_POINT('',(-13.640881369,11.04994,4.895));
#1827=DIRECTION('',(-0.,0.,-1.));
#1828=DIRECTION('',(-0.,-1.,0.));
#1829=AXIS2_PLACEMENT_3D('',#1826,#1827,#1828);
#1830=CIRCLE('',#1829,0.5);
#1831=EDGE_CURVE('',#1825,#1825,#1830,.T.);
#1832=ORIENTED_EDGE('',*,*,#1831,.F.);
#1833=EDGE_LOOP('',(#1832));
#1834=FACE_BOUND('',#1833,.T.);
#1835=CARTESIAN_POINT('',(-13.860881369,11.84994,4.895));
#1836=VERTEX_POINT('',#1835);
#1837=CARTESIAN_POINT('',(-13.860881369,12.34994,4.895));
#1838=DIRECTION('',(0.,0.,-1.));
#1839=DIRECTION('',(0.,-1.,0.));
#1840=AXIS2_PLACEMENT_3D('',#1837,#1838,#1839);
#1841=CIRCLE('',#1840,0.5);
#1842=EDGE_CURVE('',#1836,#1836,#1841,.T.);
#1843=ORIENTED_EDGE('',*,*,#1842,.F.);
#1844=EDGE_LOOP('',(#1843));
#1845=FACE_BOUND('',#1844,.T.);
#1846=CARTESIAN_POINT('',(3.359118631,12.67494,4.895));
#1847=VERTEX_POINT('',#1846);
#1848=CARTESIAN_POINT('',(3.359118631,13.17494,4.895));
#1849=DIRECTION('',(0.,0.,-1.));
#1850=DIRECTION('',(0.,-1.,0.));
#1851=AXIS2_PLACEMENT_3D('',#1848,#1849,#1850);
#1852=CIRCLE('',#1851,0.5);
#1853=EDGE_CURVE('',#1847,#1847,#1852,.T.);
#1854=ORIENTED_EDGE('',*,*,#1853,.F.);
#1855=EDGE_LOOP('',(#1854));
#1856=FACE_BOUND('',#1855,.T.);
#1857=CARTESIAN_POINT('',(-20.140881369,13.57494,4.895));
#1858=VERTEX_POINT('',#1857);
#1859=CARTESIAN_POINT('',(-20.140881369,14.42494,4.895));
#1860=DIRECTION('',(0.,0.,-1.));
#1861=DIRECTION('',(0.,-1.,0.));
#1862=AXIS2_PLACEMENT_3D('',#1859,#1860,#1861);
#1863=CIRCLE('',#1862,0.85);
#1864=EDGE_CURVE('',#1858,#1858,#1863,.T.);
#1865=ORIENTED_EDGE('',*,*,#1864,.F.);
#1866=EDGE_LOOP('',(#1865));
#1867=FACE_BOUND('',#1866,.T.);
#1868=CARTESIAN_POINT('',(-20.640881369,16.62494,4.895));
#1869=VERTEX_POINT('',#1868);
#1870=CARTESIAN_POINT('',(-20.640881369,18.12494,4.895));
#1871=DIRECTION('',(0.,0.,-1.));
#1872=DIRECTION('',(0.,-1.,0.));
#1873=AXIS2_PLACEMENT_3D('',#1870,#1871,#1872);
#1874=CIRCLE('',#1873,1.5);
#1875=EDGE_CURVE('',#1869,#1869,#1874,.T.);
#1876=ORIENTED_EDGE('',*,*,#1875,.F.);
#1877=EDGE_LOOP('',(#1876));
#1878=FACE_BOUND('',#1877,.T.);
#1879=CARTESIAN_POINT('',(-14.140881369,15.69994,4.895));
#1880=VERTEX_POINT('',#1879);
#1881=CARTESIAN_POINT('',(-14.140881369,16.54994,4.895));
#1882=DIRECTION('',(0.,0.,-1.));
#1883=DIRECTION('',(0.,-1.,0.));
#1884=AXIS2_PLACEMENT_3D('',#1881,#1882,#1883);
#1885=CIRCLE('',#1884,0.85);
#1886=EDGE_CURVE('',#1880,#1880,#1885,.T.);
#1887=ORIENTED_EDGE('',*,*,#1886,.F.);
#1888=EDGE_LOOP('',(#1887));
#1889=FACE_BOUND('',#1888,.T.);
#1890=CARTESIAN_POINT('',(-8.640881369,14.04994,4.895));
#1891=VERTEX_POINT('',#1890);
#1892=CARTESIAN_POINT('',(-8.640881369,16.54994,4.895));
#1893=DIRECTION('',(0.,0.,-1.));
#1894=DIRECTION('',(0.,-1.,0.));
#1895=AXIS2_PLACEMENT_3D('',#1892,#1893,#1894);
#1896=CIRCLE('',#1895,2.5);
#1897=EDGE_CURVE('',#1891,#1891,#1896,.T.);
#1898=ORIENTED_EDGE('',*,*,#1897,.F.);
#1899=EDGE_LOOP('',(#1898));
#1900=FACE_BOUND('',#1899,.T.);
#1901=CARTESIAN_POINT('',(-8.640881369,20.94994,4.895));
#1902=VERTEX_POINT('',#1901);
#1903=CARTESIAN_POINT('',(-8.640881369,22.44994,4.895));
#1904=DIRECTION('',(0.,0.,-1.));
#1905=DIRECTION('',(0.,-1.,0.));
#1906=AXIS2_PLACEMENT_3D('',#1903,#1904,#1905);
#1907=CIRCLE('',#1906,1.5);
#1908=EDGE_CURVE('',#1902,#1902,#1907,.T.);
#1909=ORIENTED_EDGE('',*,*,#1908,.F.);
#1910=EDGE_LOOP('',(#1909));
#1911=FACE_BOUND('',#1910,.T.);
#1912=CARTESIAN_POINT('',(-3.140881369,15.69994,4.895));
#1913=VERTEX_POINT('',#1912);
#1914=CARTESIAN_POINT('',(-3.140881369,16.54994,4.895));
#1915=DIRECTION('',(0.,0.,-1.));
#1916=DIRECTION('',(0.,-1.,0.));
#1917=AXIS2_PLACEMENT_3D('',#1914,#1915,#1916);
#1918=CIRCLE('',#1917,0.85);
#1919=EDGE_CURVE('',#1913,#1913,#1918,.T.);
#1920=ORIENTED_EDGE('',*,*,#1919,.F.);
#1921=EDGE_LOOP('',(#1920));
#1922=FACE_BOUND('',#1921,.T.);
#1923=CARTESIAN_POINT('',(3.139118631,13.97494,4.895));
#1924=VERTEX_POINT('',#1923);
#1925=CARTESIAN_POINT('',(3.139118631,14.47494,4.895));
#1926=DIRECTION('',(0.,0.,-1.));
#1927=DIRECTION('',(0.,-1.,0.));
#1928=AXIS2_PLACEMENT_3D('',#1925,#1926,#1927);
#1929=CIRCLE('',#1928,0.5);
#1930=EDGE_CURVE('',#1924,#1924,#1929,.T.);
#1931=ORIENTED_EDGE('',*,*,#1930,.F.);
#1932=EDGE_LOOP('',(#1931));
#1933=FACE_BOUND('',#1932,.T.);
#1934=CARTESIAN_POINT('',(-3.640881369,18.74994,4.895));
#1935=VERTEX_POINT('',#1934);
#1936=CARTESIAN_POINT('',(-3.640881369,20.24994,4.895));
#1937=DIRECTION('',(0.,0.,-1.));
#1938=DIRECTION('',(0.,-1.,0.));
#1939=AXIS2_PLACEMENT_3D('',#1936,#1937,#1938);
#1940=CIRCLE('',#1939,1.5);
#1941=EDGE_CURVE('',#1935,#1935,#1940,.T.);
#1942=ORIENTED_EDGE('',*,*,#1941,.F.);
#1943=EDGE_LOOP('',(#1942));
#1944=FACE_BOUND('',#1943,.T.);
#1945=CARTESIAN_POINT('',(2.859118631,17.82494,4.895));
#1946=VERTEX_POINT('',#1945);
#1947=CARTESIAN_POINT('',(2.859118631,18.67494,4.895));
#1948=DIRECTION('',(0.,0.,-1.));
#1949=DIRECTION('',(0.,-1.,0.));
#1950=AXIS2_PLACEMENT_3D('',#1947,#1948,#1949);
#1951=CIRCLE('',#1950,0.85);
#1952=EDGE_CURVE('',#1946,#1946,#1951,.T.);
#1953=ORIENTED_EDGE('',*,*,#1952,.F.);
#1954=EDGE_LOOP('',(#1953));
#1955=FACE_BOUND('',#1954,.T.);
#1956=CARTESIAN_POINT('',(-48.716781369,24.61684,4.895));
#1957=VERTEX_POINT('',#1956);
#1958=CARTESIAN_POINT('',(-48.716781369,25.02324,4.895));
#1959=DIRECTION('',(-0.,0.,-1.));
#1960=DIRECTION('',(-0.,-1.,0.));
#1961=AXIS2_PLACEMENT_3D('',#1958,#1959,#1960);
#1962=CIRCLE('',#1961,0.4064);
#1963=EDGE_CURVE('',#1957,#1957,#1962,.T.);
#1964=ORIENTED_EDGE('',*,*,#1963,.F.);
#1965=EDGE_LOOP('',(#1964));
#1966=FACE_BOUND('',#1965,.T.);
#1967=CARTESIAN_POINT('',(-48.716781369,27.15684,4.895));
#1968=VERTEX_POINT('',#1967);
#1969=CARTESIAN_POINT('',(-48.716781369,27.56324,4.895));
#1970=DIRECTION('',(-0.,0.,-1.));
#1971=DIRECTION('',(-0.,-1.,0.));
#1972=AXIS2_PLACEMENT_3D('',#1969,#1970,#1971);
#1973=CIRCLE('',#1972,0.4064);
#1974=EDGE_CURVE('',#1968,#1968,#1973,.T.);
#1975=ORIENTED_EDGE('',*,*,#1974,.F.);
#1976=EDGE_LOOP('',(#1975));
#1977=FACE_BOUND('',#1976,.T.);
#1978=CARTESIAN_POINT('',(-48.716781369,29.69684,4.895));
#1979=VERTEX_POINT('',#1978);
#1980=CARTESIAN_POINT('',(-48.716781369,30.10324,4.895));
#1981=DIRECTION('',(-0.,0.,-1.));
#1982=DIRECTION('',(-0.,-1.,0.));
#1983=AXIS2_PLACEMENT_3D('',#1980,#1981,#1982);
#1984=CIRCLE('',#1983,0.4064);
#1985=EDGE_CURVE('',#1979,#1979,#1984,.T.);
#1986=ORIENTED_EDGE('',*,*,#1985,.F.);
#1987=EDGE_LOOP('',(#1986));
#1988=FACE_BOUND('',#1987,.T.);
#1989=CARTESIAN_POINT('',(-48.716781369,32.23684,4.895));
#1990=VERTEX_POINT('',#1989);
#1991=CARTESIAN_POINT('',(-48.716781369,32.64324,4.895));
#1992=DIRECTION('',(-0.,0.,-1.));
#1993=DIRECTION('',(-0.,-1.,0.));
#1994=AXIS2_PLACEMENT_3D('',#1991,#1992,#1993);
#1995=CIRCLE('',#1994,0.4064);
#1996=EDGE_CURVE('',#1990,#1990,#1995,.T.);
#1997=ORIENTED_EDGE('',*,*,#1996,.F.);
#1998=EDGE_LOOP('',(#1997));
#1999=FACE_BOUND('',#1998,.T.);
#2000=CARTESIAN_POINT('',(-33.476781369,24.61684,4.895));
#2001=VERTEX_POINT('',#2000);
#2002=CARTESIAN_POINT('',(-33.476781369,25.02324,4.895));
#2003=DIRECTION('',(0.,0.,-1.));
#2004=DIRECTION('',(0.,-1.,0.));
#2005=AXIS2_PLACEMENT_3D('',#2002,#2003,#2004);
#2006=CIRCLE('',#2005,0.4064);
#2007=EDGE_CURVE('',#2001,#2001,#2006,.T.);
#2008=ORIENTED_EDGE('',*,*,#2007,.F.);
#2009=EDGE_LOOP('',(#2008));
#2010=FACE_BOUND('',#2009,.T.);
#2011=CARTESIAN_POINT('',(-33.476781369,27.15684,4.895));
#2012=VERTEX_POINT('',#2011);
#2013=CARTESIAN_POINT('',(-33.476781369,27.56324,4.895));
#2014=DIRECTION('',(0.,0.,-1.));
#2015=DIRECTION('',(0.,-1.,0.));
#2016=AXIS2_PLACEMENT_3D('',#2013,#2014,#2015);
#2017=CIRCLE('',#2016,0.4064);
#2018=EDGE_CURVE('',#2012,#2012,#2017,.T.);
#2019=ORIENTED_EDGE('',*,*,#2018,.F.);
#2020=EDGE_LOOP('',(#2019));
#2021=FACE_BOUND('',#2020,.T.);
#2022=CARTESIAN_POINT('',(-30.640881369,25.42494,4.895));
#2023=VERTEX_POINT('',#2022);
#2024=CARTESIAN_POINT('',(-30.640881369,25.92494,4.895));
#2025=DIRECTION('',(0.,0.,-1.));
#2026=DIRECTION('',(0.,-1.,0.));
#2027=AXIS2_PLACEMENT_3D('',#2024,#2025,#2026);
#2028=CIRCLE('',#2027,0.5);
#2029=EDGE_CURVE('',#2023,#2023,#2028,.T.);
#2030=ORIENTED_EDGE('',*,*,#2029,.F.);
#2031=EDGE_LOOP('',(#2030));
#2032=FACE_BOUND('',#2031,.T.);
#2033=CARTESIAN_POINT('',(-30.860881369,26.72494,4.895));
#2034=VERTEX_POINT('',#2033);
#2035=CARTESIAN_POINT('',(-30.860881369,27.22494,4.895));
#2036=DIRECTION('',(0.,0.,-1.));
#2037=DIRECTION('',(0.,-1.,0.));
#2038=AXIS2_PLACEMENT_3D('',#2035,#2036,#2037);
#2039=CIRCLE('',#2038,0.5);
#2040=EDGE_CURVE('',#2034,#2034,#2039,.T.);
#2041=ORIENTED_EDGE('',*,*,#2040,.F.);
#2042=EDGE_LOOP('',(#2041));
#2043=FACE_BOUND('',#2042,.T.);
#2044=CARTESIAN_POINT('',(-36.651781369,29.92024,4.895));
#2045=VERTEX_POINT('',#2044);
#2046=CARTESIAN_POINT('',(-36.651781369,30.42024,4.895));
#2047=DIRECTION('',(0.,0.,-1.));
#2048=DIRECTION('',(0.,-1.,0.));
#2049=AXIS2_PLACEMENT_3D('',#2046,#2047,#2048);
#2050=CIRCLE('',#2049,0.5);
#2051=EDGE_CURVE('',#2045,#2045,#2050,.T.);
#2052=ORIENTED_EDGE('',*,*,#2051,.F.);
#2053=EDGE_LOOP('',(#2052));
#2054=FACE_BOUND('',#2053,.T.);
#2055=CARTESIAN_POINT('',(-33.476781369,29.69684,4.895));
#2056=VERTEX_POINT('',#2055);
#2057=CARTESIAN_POINT('',(-33.476781369,30.10324,4.895));
#2058=DIRECTION('',(0.,0.,-1.));
#2059=DIRECTION('',(0.,-1.,0.));
#2060=AXIS2_PLACEMENT_3D('',#2057,#2058,#2059);
#2061=CIRCLE('',#2060,0.4064);
#2062=EDGE_CURVE('',#2056,#2056,#2061,.T.);
#2063=ORIENTED_EDGE('',*,*,#2062,.F.);
#2064=EDGE_LOOP('',(#2063));
#2065=FACE_BOUND('',#2064,.T.);
#2066=CARTESIAN_POINT('',(-33.476781369,32.23684,4.895));
#2067=VERTEX_POINT('',#2066);
#2068=CARTESIAN_POINT('',(-33.476781369,32.64324,4.895));
#2069=DIRECTION('',(0.,0.,-1.));
#2070=DIRECTION('',(0.,-1.,0.));
#2071=AXIS2_PLACEMENT_3D('',#2068,#2069,#2070);
#2072=CIRCLE('',#2071,0.4064);
#2073=EDGE_CURVE('',#2067,#2067,#2072,.T.);
#2074=ORIENTED_EDGE('',*,*,#2073,.F.);
#2075=EDGE_LOOP('',(#2074));
#2076=FACE_BOUND('',#2075,.T.);
#2077=CARTESIAN_POINT('',(-31.140881369,30.57494,4.895));
#2078=VERTEX_POINT('',#2077);
#2079=CARTESIAN_POINT('',(-31.140881369,31.42494,4.895));
#2080=DIRECTION('',(0.,0.,-1.));
#2081=DIRECTION('',(0.,-1.,0.));
#2082=AXIS2_PLACEMENT_3D('',#2079,#2080,#2081);
#2083=CIRCLE('',#2082,0.85);
#2084=EDGE_CURVE('',#2078,#2078,#2083,.T.);
#2085=ORIENTED_EDGE('',*,*,#2084,.F.);
#2086=EDGE_LOOP('',(#2085));
#2087=FACE_BOUND('',#2086,.T.);
#2088=CARTESIAN_POINT('',(-25.640881369,28.92494,4.895));
#2089=VERTEX_POINT('',#2088);
#2090=CARTESIAN_POINT('',(-25.640881369,31.42494,4.895));
#2091=DIRECTION('',(0.,0.,-1.));
#2092=DIRECTION('',(0.,-1.,0.));
#2093=AXIS2_PLACEMENT_3D('',#2090,#2091,#2092);
#2094=CIRCLE('',#2093,2.5);
#2095=EDGE_CURVE('',#2089,#2089,#2094,.T.);
#2096=ORIENTED_EDGE('',*,*,#2095,.F.);
#2097=EDGE_LOOP('',(#2096));
#2098=FACE_BOUND('',#2097,.T.);
#2099=CARTESIAN_POINT('',(-48.716781369,34.77684,4.895));
#2100=VERTEX_POINT('',#2099);
#2101=CARTESIAN_POINT('',(-48.716781369,35.18324,4.895));
#2102=DIRECTION('',(-0.,0.,-1.));
#2103=DIRECTION('',(-0.,-1.,0.));
#2104=AXIS2_PLACEMENT_3D('',#2101,#2102,#2103);
#2105=CIRCLE('',#2104,0.4064);
#2106=EDGE_CURVE('',#2100,#2100,#2105,.T.);
#2107=ORIENTED_EDGE('',*,*,#2106,.F.);
#2108=EDGE_LOOP('',(#2107));
#2109=FACE_BOUND('',#2108,.T.);
#2110=CARTESIAN_POINT('',(-48.716781369,37.31684,4.895));
#2111=VERTEX_POINT('',#2110);
#2112=CARTESIAN_POINT('',(-48.716781369,37.72324,4.895));
#2113=DIRECTION('',(-0.,0.,-1.));
#2114=DIRECTION('',(-0.,-1.,0.));
#2115=AXIS2_PLACEMENT_3D('',#2112,#2113,#2114);
#2116=CIRCLE('',#2115,0.4064);
#2117=EDGE_CURVE('',#2111,#2111,#2116,.T.);
#2118=ORIENTED_EDGE('',*,*,#2117,.F.);
#2119=EDGE_LOOP('',(#2118));
#2120=FACE_BOUND('',#2119,.T.);
#2121=CARTESIAN_POINT('',(-39.882271369,35.523595,4.895));
#2122=VERTEX_POINT('',#2121);
#2123=CARTESIAN_POINT('',(-40.318568603,35.771386,4.895));
#2124=VERTEX_POINT('',#2123);
#2125=CARTESIAN_POINT('',(-39.882271369,36.031595,4.895));
#2126=DIRECTION('',(0.,0.,-1.));
#2127=DIRECTION('',(0.,-1.,0.));
#2128=AXIS2_PLACEMENT_3D('',#2125,#2126,#2127);
#2129=CIRCLE('',#2128,0.508);
#2130=EDGE_CURVE('',#2122,#2124,#2129,.T.);
#2131=ORIENTED_EDGE('',*,*,#2130,.F.);
#2132=CARTESIAN_POINT('',(-39.628081536,36.47142625,4.895));
#2133=VERTEX_POINT('',#2132);
#2134=CARTESIAN_POINT('',(-39.882271369,36.031595,4.895));
#2135=DIRECTION('',(0.,0.,-1.));
#2136=DIRECTION('',(0.,-1.,0.));
#2137=AXIS2_PLACEMENT_3D('',#2134,#2135,#2136);
#2138=CIRCLE('',#2137,0.508);
#2139=EDGE_CURVE('',#2133,#2122,#2138,.T.);
#2140=ORIENTED_EDGE('',*,*,#2139,.F.);
#2141=CARTESIAN_POINT('',(-39.596781369,38.819386,4.895));
#2142=VERTEX_POINT('',#2141);
#2143=CARTESIAN_POINT('',(-39.628081536,36.47142625,4.895));
#2144=DIRECTION('',(0.013329609,0.999911157,0.));
#2145=VECTOR('',#2144,2.348168369);
#2146=LINE('',#2143,#2145);
#2147=EDGE_CURVE('',#2133,#2142,#2146,.T.);
#2148=ORIENTED_EDGE('',*,*,#2147,.T.);
#2149=CARTESIAN_POINT('',(-42.596781369,38.819386,4.895));
#2150=VERTEX_POINT('',#2149);
#2151=CARTESIAN_POINT('',(-39.596781369,38.819386,4.895));
#2152=DIRECTION('',(-1.,-0.,0.));
#2153=VECTOR('',#2152,3.);
#2154=LINE('',#2151,#2153);
#2155=EDGE_CURVE('',#2142,#2150,#2154,.T.);
#2156=ORIENTED_EDGE('',*,*,#2155,.T.);
#2157=CARTESIAN_POINT('',(-42.596781369,35.771386,4.895));
#2158=VERTEX_POINT('',#2157);
#2159=CARTESIAN_POINT('',(-42.596781369,38.819386,4.895));
#2160=DIRECTION('',(-0.,-1.,-0.));
#2161=VECTOR('',#2160,3.048);
#2162=LINE('',#2159,#2161);
#2163=EDGE_CURVE('',#2150,#2158,#2162,.T.);
#2164=ORIENTED_EDGE('',*,*,#2163,.T.);
#2165=CARTESIAN_POINT('',(-42.596781369,35.771386,4.895));
#2166=DIRECTION('',(1.,0.,-0.));
#2167=VECTOR('',#2166,2.278212766);
#2168=LINE('',#2165,#2167);
#2169=EDGE_CURVE('',#2158,#2124,#2168,.T.);
#2170=ORIENTED_EDGE('',*,*,#2169,.T.);
#2171=EDGE_LOOP('',(#2131,#2140,#2148,#2156,#2164,#2170));
#2172=FACE_BOUND('',#2171,.T.);
#2173=CARTESIAN_POINT('',(-33.476781369,34.77684,4.895));
#2174=VERTEX_POINT('',#2173);
#2175=CARTESIAN_POINT('',(-33.476781369,35.18324,4.895));
#2176=DIRECTION('',(0.,0.,-1.));
#2177=DIRECTION('',(0.,-1.,0.));
#2178=AXIS2_PLACEMENT_3D('',#2175,#2176,#2177);
#2179=CIRCLE('',#2178,0.4064);
#2180=EDGE_CURVE('',#2174,#2174,#2179,.T.);
#2181=ORIENTED_EDGE('',*,*,#2180,.F.);
#2182=EDGE_LOOP('',(#2181));
#2183=FACE_BOUND('',#2182,.T.);
#2184=CARTESIAN_POINT('',(-33.476781369,37.31684,4.895));
#2185=VERTEX_POINT('',#2184);
#2186=CARTESIAN_POINT('',(-33.476781369,37.72324,4.895));
#2187=DIRECTION('',(0.,0.,-1.));
#2188=DIRECTION('',(0.,-1.,0.));
#2189=AXIS2_PLACEMENT_3D('',#2186,#2187,#2188);
#2190=CIRCLE('',#2189,0.4064);
#2191=EDGE_CURVE('',#2185,#2185,#2190,.T.);
#2192=ORIENTED_EDGE('',*,*,#2191,.F.);
#2193=EDGE_LOOP('',(#2192));
#2194=FACE_BOUND('',#2193,.T.);
#2195=CARTESIAN_POINT('',(-25.640881369,35.82494,4.895));
#2196=VERTEX_POINT('',#2195);
#2197=CARTESIAN_POINT('',(-25.640881369,37.32494,4.895));
#2198=DIRECTION('',(0.,0.,-1.));
#2199=DIRECTION('',(0.,-1.,0.));
#2200=AXIS2_PLACEMENT_3D('',#2197,#2198,#2199);
#2201=CIRCLE('',#2200,1.5);
#2202=EDGE_CURVE('',#2196,#2196,#2201,.T.);
#2203=ORIENTED_EDGE('',*,*,#2202,.F.);
#2204=EDGE_LOOP('',(#2203));
#2205=FACE_BOUND('',#2204,.T.);
#2206=CARTESIAN_POINT('',(-13.640881369,27.54994,4.895));
#2207=VERTEX_POINT('',#2206);
#2208=CARTESIAN_POINT('',(-13.640881369,28.04994,4.895));
#2209=DIRECTION('',(-0.,0.,-1.));
#2210=DIRECTION('',(-0.,-1.,0.));
#2211=AXIS2_PLACEMENT_3D('',#2208,#2209,#2210);
#2212=CIRCLE('',#2211,0.5);
#2213=EDGE_CURVE('',#2207,#2207,#2212,.T.);
#2214=ORIENTED_EDGE('',*,*,#2213,.F.);
#2215=EDGE_LOOP('',(#2214));
#2216=FACE_BOUND('',#2215,.T.);
#2217=CARTESIAN_POINT('',(-20.140881369,30.57494,4.895));
#2218=VERTEX_POINT('',#2217);
#2219=CARTESIAN_POINT('',(-20.140881369,31.42494,4.895));
#2220=DIRECTION('',(0.,0.,-1.));
#2221=DIRECTION('',(0.,-1.,0.));
#2222=AXIS2_PLACEMENT_3D('',#2219,#2220,#2221);
#2223=CIRCLE('',#2222,0.85);
#2224=EDGE_CURVE('',#2218,#2218,#2223,.T.);
#2225=ORIENTED_EDGE('',*,*,#2224,.F.);
#2226=EDGE_LOOP('',(#2225));
#2227=FACE_BOUND('',#2226,.T.);
#2228=CARTESIAN_POINT('',(-13.860881369,28.84994,4.895));
#2229=VERTEX_POINT('',#2228);
#2230=CARTESIAN_POINT('',(-13.860881369,29.34994,4.895));
#2231=DIRECTION('',(0.,0.,-1.));
#2232=DIRECTION('',(0.,-1.,0.));
#2233=AXIS2_PLACEMENT_3D('',#2230,#2231,#2232);
#2234=CIRCLE('',#2233,0.5);
#2235=EDGE_CURVE('',#2229,#2229,#2234,.T.);
#2236=ORIENTED_EDGE('',*,*,#2235,.F.);
#2237=EDGE_LOOP('',(#2236));
#2238=FACE_BOUND('',#2237,.T.);
#2239=CARTESIAN_POINT('',(3.359118631,29.67494,4.895));
#2240=VERTEX_POINT('',#2239);
#2241=CARTESIAN_POINT('',(3.359118631,30.17494,4.895));
#2242=DIRECTION('',(0.,0.,-1.));
#2243=DIRECTION('',(0.,-1.,0.));
#2244=AXIS2_PLACEMENT_3D('',#2241,#2242,#2243);
#2245=CIRCLE('',#2244,0.5);
#2246=EDGE_CURVE('',#2240,#2240,#2245,.T.);
#2247=ORIENTED_EDGE('',*,*,#2246,.F.);
#2248=EDGE_LOOP('',(#2247));
#2249=FACE_BOUND('',#2248,.T.);
#2250=CARTESIAN_POINT('',(3.139118631,30.97494,4.895));
#2251=VERTEX_POINT('',#2250);
#2252=CARTESIAN_POINT('',(3.139118631,31.47494,4.895));
#2253=DIRECTION('',(0.,0.,-1.));
#2254=DIRECTION('',(0.,-1.,0.));
#2255=AXIS2_PLACEMENT_3D('',#2252,#2253,#2254);
#2256=CIRCLE('',#2255,0.5);
#2257=EDGE_CURVE('',#2251,#2251,#2256,.T.);
#2258=ORIENTED_EDGE('',*,*,#2257,.F.);
#2259=EDGE_LOOP('',(#2258));
#2260=FACE_BOUND('',#2259,.T.);
#2261=CARTESIAN_POINT('',(-20.640881369,33.62494,4.895));
#2262=VERTEX_POINT('',#2261);
#2263=CARTESIAN_POINT('',(-20.640881369,35.12494,4.895));
#2264=DIRECTION('',(0.,0.,-1.));
#2265=DIRECTION('',(0.,-1.,0.));
#2266=AXIS2_PLACEMENT_3D('',#2263,#2264,#2265);
#2267=CIRCLE('',#2266,1.5);
#2268=EDGE_CURVE('',#2262,#2262,#2267,.T.);
#2269=ORIENTED_EDGE('',*,*,#2268,.F.);
#2270=EDGE_LOOP('',(#2269));
#2271=FACE_BOUND('',#2270,.T.);
#2272=CARTESIAN_POINT('',(-14.140881369,32.69994,4.895));
#2273=VERTEX_POINT('',#2272);
#2274=CARTESIAN_POINT('',(-14.140881369,33.54994,4.895));
#2275=DIRECTION('',(0.,0.,-1.));
#2276=DIRECTION('',(0.,-1.,0.));
#2277=AXIS2_PLACEMENT_3D('',#2274,#2275,#2276);
#2278=CIRCLE('',#2277,0.85);
#2279=EDGE_CURVE('',#2273,#2273,#2278,.T.);
#2280=ORIENTED_EDGE('',*,*,#2279,.F.);
#2281=EDGE_LOOP('',(#2280));
#2282=FACE_BOUND('',#2281,.T.);
#2283=CARTESIAN_POINT('',(-8.640881369,31.04994,4.895));
#2284=VERTEX_POINT('',#2283);
#2285=CARTESIAN_POINT('',(-8.640881369,33.54994,4.895));
#2286=DIRECTION('',(0.,0.,-1.));
#2287=DIRECTION('',(0.,-1.,0.));
#2288=AXIS2_PLACEMENT_3D('',#2285,#2286,#2287);
#2289=CIRCLE('',#2288,2.5);
#2290=EDGE_CURVE('',#2284,#2284,#2289,.T.);
#2291=ORIENTED_EDGE('',*,*,#2290,.F.);
#2292=EDGE_LOOP('',(#2291));
#2293=FACE_BOUND('',#2292,.T.);
#2294=CARTESIAN_POINT('',(-8.640881369,37.94994,4.895));
#2295=VERTEX_POINT('',#2294);
#2296=CARTESIAN_POINT('',(-8.640881369,39.44994,4.895));
#2297=DIRECTION('',(0.,0.,-1.));
#2298=DIRECTION('',(0.,-1.,0.));
#2299=AXIS2_PLACEMENT_3D('',#2296,#2297,#2298);
#2300=CIRCLE('',#2299,1.5);
#2301=EDGE_CURVE('',#2295,#2295,#2300,.T.);
#2302=ORIENTED_EDGE('',*,*,#2301,.F.);
#2303=EDGE_LOOP('',(#2302));
#2304=FACE_BOUND('',#2303,.T.);
#2305=CARTESIAN_POINT('',(-3.140881369,32.69994,4.895));
#2306=VERTEX_POINT('',#2305);
#2307=CARTESIAN_POINT('',(-3.140881369,33.54994,4.895));
#2308=DIRECTION('',(0.,0.,-1.));
#2309=DIRECTION('',(0.,-1.,0.));
#2310=AXIS2_PLACEMENT_3D('',#2307,#2308,#2309);
#2311=CIRCLE('',#2310,0.85);
#2312=EDGE_CURVE('',#2306,#2306,#2311,.T.);
#2313=ORIENTED_EDGE('',*,*,#2312,.F.);
#2314=EDGE_LOOP('',(#2313));
#2315=FACE_BOUND('',#2314,.T.);
#2316=CARTESIAN_POINT('',(-3.640881369,35.74994,4.895));
#2317=VERTEX_POINT('',#2316);
#2318=CARTESIAN_POINT('',(-3.640881369,37.24994,4.895));
#2319=DIRECTION('',(0.,0.,-1.));
#2320=DIRECTION('',(0.,-1.,0.));
#2321=AXIS2_PLACEMENT_3D('',#2318,#2319,#2320);
#2322=CIRCLE('',#2321,1.5);
#2323=EDGE_CURVE('',#2317,#2317,#2322,.T.);
#2324=ORIENTED_EDGE('',*,*,#2323,.F.);
#2325=EDGE_LOOP('',(#2324));
#2326=FACE_BOUND('',#2325,.T.);
#2327=CARTESIAN_POINT('',(2.859118631,34.82494,4.895));
#2328=VERTEX_POINT('',#2327);
#2329=CARTESIAN_POINT('',(2.859118631,35.67494,4.895));
#2330=DIRECTION('',(-0.,0.,-1.));
#2331=DIRECTION('',(-0.,-1.,0.));
#2332=AXIS2_PLACEMENT_3D('',#2329,#2330,#2331);
#2333=CIRCLE('',#2332,0.85);
#2334=EDGE_CURVE('',#2328,#2328,#2333,.T.);
#2335=ORIENTED_EDGE('',*,*,#2334,.F.);
#2336=EDGE_LOOP('',(#2335));
#2337=FACE_BOUND('',#2336,.T.);
#2338=CARTESIAN_POINT('',(13.359118631,3.87494,4.895));
#2339=VERTEX_POINT('',#2338);
#2340=CARTESIAN_POINT('',(13.359118631,5.37494,4.895));
#2341=DIRECTION('',(0.,0.,-1.));
#2342=DIRECTION('',(0.,-1.,0.));
#2343=AXIS2_PLACEMENT_3D('',#2340,#2341,#2342);
#2344=CIRCLE('',#2343,1.5);
#2345=EDGE_CURVE('',#2339,#2339,#2344,.T.);
#2346=ORIENTED_EDGE('',*,*,#2345,.F.);
#2347=EDGE_LOOP('',(#2346));
#2348=FACE_BOUND('',#2347,.T.);
#2349=CARTESIAN_POINT('',(8.359118631,6.07494,4.895));
#2350=VERTEX_POINT('',#2349);
#2351=CARTESIAN_POINT('',(8.359118631,7.57494,4.895));
#2352=DIRECTION('',(0.,0.,-1.));
#2353=DIRECTION('',(0.,-1.,0.));
#2354=AXIS2_PLACEMENT_3D('',#2351,#2352,#2353);
#2355=CIRCLE('',#2354,1.5);
#2356=EDGE_CURVE('',#2350,#2350,#2355,.T.);
#2357=ORIENTED_EDGE('',*,*,#2356,.F.);
#2358=EDGE_LOOP('',(#2357));
#2359=FACE_BOUND('',#2358,.T.);
#2360=CARTESIAN_POINT('',(20.359118631,10.54994,4.895));
#2361=VERTEX_POINT('',#2360);
#2362=CARTESIAN_POINT('',(20.359118631,11.04994,4.895));
#2363=DIRECTION('',(0.,0.,-1.));
#2364=DIRECTION('',(0.,-1.,0.));
#2365=AXIS2_PLACEMENT_3D('',#2362,#2363,#2364);
#2366=CIRCLE('',#2365,0.5);
#2367=EDGE_CURVE('',#2361,#2361,#2366,.T.);
#2368=ORIENTED_EDGE('',*,*,#2367,.F.);
#2369=EDGE_LOOP('',(#2368));
#2370=FACE_BOUND('',#2369,.T.);
#2371=CARTESIAN_POINT('',(20.139118631,11.84994,4.895));
#2372=VERTEX_POINT('',#2371);
#2373=CARTESIAN_POINT('',(20.139118631,12.34994,4.895));
#2374=DIRECTION('',(0.,0.,-1.));
#2375=DIRECTION('',(0.,-1.,0.));
#2376=AXIS2_PLACEMENT_3D('',#2373,#2374,#2375);
#2377=CIRCLE('',#2376,0.5);
#2378=EDGE_CURVE('',#2372,#2372,#2377,.T.);
#2379=ORIENTED_EDGE('',*,*,#2378,.F.);
#2380=EDGE_LOOP('',(#2379));
#2381=FACE_BOUND('',#2380,.T.);
#2382=CARTESIAN_POINT('',(25.359118631,3.94994,4.895));
#2383=VERTEX_POINT('',#2382);
#2384=CARTESIAN_POINT('',(25.359118631,5.44994,4.895));
#2385=DIRECTION('',(0.,0.,-1.));
#2386=DIRECTION('',(0.,-1.,0.));
#2387=AXIS2_PLACEMENT_3D('',#2384,#2385,#2386);
#2388=CIRCLE('',#2387,1.5);
#2389=EDGE_CURVE('',#2383,#2383,#2388,.T.);
#2390=ORIENTED_EDGE('',*,*,#2389,.F.);
#2391=EDGE_LOOP('',(#2390));
#2392=FACE_BOUND('',#2391,.T.);
#2393=CARTESIAN_POINT('',(19.859118631,15.69994,4.895));
#2394=VERTEX_POINT('',#2393);
#2395=CARTESIAN_POINT('',(19.859118631,16.54994,4.895));
#2396=DIRECTION('',(0.,0.,-1.));
#2397=DIRECTION('',(0.,-1.,0.));
#2398=AXIS2_PLACEMENT_3D('',#2395,#2396,#2397);
#2399=CIRCLE('',#2398,0.85);
#2400=EDGE_CURVE('',#2394,#2394,#2399,.T.);
#2401=ORIENTED_EDGE('',*,*,#2400,.F.);
#2402=EDGE_LOOP('',(#2401));
#2403=FACE_BOUND('',#2402,.T.);
#2404=CARTESIAN_POINT('',(8.359118631,16.17494,4.895));
#2405=VERTEX_POINT('',#2404);
#2406=CARTESIAN_POINT('',(8.359118631,18.67494,4.895));
#2407=DIRECTION('',(0.,0.,-1.));
#2408=DIRECTION('',(0.,-1.,0.));
#2409=AXIS2_PLACEMENT_3D('',#2406,#2407,#2408);
#2410=CIRCLE('',#2409,2.5);
#2411=EDGE_CURVE('',#2405,#2405,#2410,.T.);
#2412=ORIENTED_EDGE('',*,*,#2411,.F.);
#2413=EDGE_LOOP('',(#2412));
#2414=FACE_BOUND('',#2413,.T.);
#2415=CARTESIAN_POINT('',(13.859118631,17.82494,4.895));
#2416=VERTEX_POINT('',#2415);
#2417=CARTESIAN_POINT('',(13.859118631,18.67494,4.895));
#2418=DIRECTION('',(0.,0.,-1.));
#2419=DIRECTION('',(0.,-1.,0.));
#2420=AXIS2_PLACEMENT_3D('',#2417,#2418,#2419);
#2421=CIRCLE('',#2420,0.85);
#2422=EDGE_CURVE('',#2416,#2416,#2421,.T.);
#2423=ORIENTED_EDGE('',*,*,#2422,.F.);
#2424=EDGE_LOOP('',(#2423));
#2425=FACE_BOUND('',#2424,.T.);
#2426=CARTESIAN_POINT('',(13.359118631,20.87494,4.895));
#2427=VERTEX_POINT('',#2426);
#2428=CARTESIAN_POINT('',(13.359118631,22.37494,4.895));
#2429=DIRECTION('',(0.,0.,-1.));
#2430=DIRECTION('',(0.,-1.,0.));
#2431=AXIS2_PLACEMENT_3D('',#2428,#2429,#2430);
#2432=CIRCLE('',#2431,1.5);
#2433=EDGE_CURVE('',#2427,#2427,#2432,.T.);
#2434=ORIENTED_EDGE('',*,*,#2433,.F.);
#2435=EDGE_LOOP('',(#2434));
#2436=FACE_BOUND('',#2435,.T.);
#2437=CARTESIAN_POINT('',(25.359118631,14.04994,4.895));
#2438=VERTEX_POINT('',#2437);
#2439=CARTESIAN_POINT('',(25.359118631,16.54994,4.895));
#2440=DIRECTION('',(0.,0.,-1.));
#2441=DIRECTION('',(0.,-1.,0.));
#2442=AXIS2_PLACEMENT_3D('',#2439,#2440,#2441);
#2443=CIRCLE('',#2442,2.5);
#2444=EDGE_CURVE('',#2438,#2438,#2443,.T.);
#2445=ORIENTED_EDGE('',*,*,#2444,.F.);
#2446=EDGE_LOOP('',(#2445));
#2447=FACE_BOUND('',#2446,.T.);
#2448=CARTESIAN_POINT('',(30.859118631,15.69994,4.895));
#2449=VERTEX_POINT('',#2448);
#2450=CARTESIAN_POINT('',(30.859118631,16.54994,4.895));
#2451=DIRECTION('',(0.,0.,-1.));
#2452=DIRECTION('',(0.,-1.,0.));
#2453=AXIS2_PLACEMENT_3D('',#2450,#2451,#2452);
#2454=CIRCLE('',#2453,0.85);
#2455=EDGE_CURVE('',#2449,#2449,#2454,.T.);
#2456=ORIENTED_EDGE('',*,*,#2455,.F.);
#2457=EDGE_LOOP('',(#2456));
#2458=FACE_BOUND('',#2457,.T.);
#2459=CARTESIAN_POINT('',(25.359118631,20.94994,4.895));
#2460=VERTEX_POINT('',#2459);
#2461=CARTESIAN_POINT('',(25.359118631,22.44994,4.895));
#2462=DIRECTION('',(0.,0.,-1.));
#2463=DIRECTION('',(0.,-1.,0.));
#2464=AXIS2_PLACEMENT_3D('',#2461,#2462,#2463);
#2465=CIRCLE('',#2464,1.5);
#2466=EDGE_CURVE('',#2460,#2460,#2465,.T.);
#2467=ORIENTED_EDGE('',*,*,#2466,.F.);
#2468=EDGE_LOOP('',(#2467));
#2469=FACE_BOUND('',#2468,.T.);
#2470=CARTESIAN_POINT('',(30.359118631,18.74994,4.895));
#2471=VERTEX_POINT('',#2470);
#2472=CARTESIAN_POINT('',(30.359118631,20.24994,4.895));
#2473=DIRECTION('',(0.,0.,-1.));
#2474=DIRECTION('',(0.,-1.,0.));
#2475=AXIS2_PLACEMENT_3D('',#2472,#2473,#2474);
#2476=CIRCLE('',#2475,1.5);
#2477=EDGE_CURVE('',#2471,#2471,#2476,.T.);
#2478=ORIENTED_EDGE('',*,*,#2477,.F.);
#2479=EDGE_LOOP('',(#2478));
#2480=FACE_BOUND('',#2479,.T.);
#2481=CARTESIAN_POINT('',(37.359118631,6.29994,4.895));
#2482=VERTEX_POINT('',#2481);
#2483=CARTESIAN_POINT('',(37.359118631,6.79994,4.895));
#2484=DIRECTION('',(0.,0.,-1.));
#2485=DIRECTION('',(0.,-1.,0.));
#2486=AXIS2_PLACEMENT_3D('',#2483,#2484,#2485);
#2487=CIRCLE('',#2486,0.5);
#2488=EDGE_CURVE('',#2482,#2482,#2487,.T.);
#2489=ORIENTED_EDGE('',*,*,#2488,.F.);
#2490=EDGE_LOOP('',(#2489));
#2491=FACE_BOUND('',#2490,.T.);
#2492=CARTESIAN_POINT('',(37.139118631,7.59994,4.895));
#2493=VERTEX_POINT('',#2492);
#2494=CARTESIAN_POINT('',(37.139118631,8.09994,4.895));
#2495=DIRECTION('',(0.,0.,-1.));
#2496=DIRECTION('',(0.,-1.,0.));
#2497=AXIS2_PLACEMENT_3D('',#2494,#2495,#2496);
#2498=CIRCLE('',#2497,0.5);
#2499=EDGE_CURVE('',#2493,#2493,#2498,.T.);
#2500=ORIENTED_EDGE('',*,*,#2499,.F.);
#2501=EDGE_LOOP('',(#2500));
#2502=FACE_BOUND('',#2501,.T.);
#2503=CARTESIAN_POINT('',(36.859118631,11.44994,4.895));
#2504=VERTEX_POINT('',#2503);
#2505=CARTESIAN_POINT('',(36.859118631,12.29994,4.895));
#2506=DIRECTION('',(0.,0.,-1.));
#2507=DIRECTION('',(0.,-1.,0.));
#2508=AXIS2_PLACEMENT_3D('',#2505,#2506,#2507);
#2509=CIRCLE('',#2508,0.85);
#2510=EDGE_CURVE('',#2504,#2504,#2509,.T.);
#2511=ORIENTED_EDGE('',*,*,#2510,.F.);
#2512=EDGE_LOOP('',(#2511));
#2513=FACE_BOUND('',#2512,.T.);
#2514=CARTESIAN_POINT('',(42.359118631,9.79994,4.895));
#2515=VERTEX_POINT('',#2514);
#2516=CARTESIAN_POINT('',(42.359118631,12.29994,4.895));
#2517=DIRECTION('',(0.,0.,-1.));
#2518=DIRECTION('',(0.,-1.,0.));
#2519=AXIS2_PLACEMENT_3D('',#2516,#2517,#2518);
#2520=CIRCLE('',#2519,2.5);
#2521=EDGE_CURVE('',#2515,#2515,#2520,.T.);
#2522=ORIENTED_EDGE('',*,*,#2521,.F.);
#2523=EDGE_LOOP('',(#2522));
#2524=FACE_BOUND('',#2523,.T.);
#2525=CARTESIAN_POINT('',(47.859118631,11.44994,4.895));
#2526=VERTEX_POINT('',#2525);
#2527=CARTESIAN_POINT('',(47.859118631,12.29994,4.895));
#2528=DIRECTION('',(0.,0.,-1.));
#2529=DIRECTION('',(0.,-1.,0.));
#2530=AXIS2_PLACEMENT_3D('',#2527,#2528,#2529);
#2531=CIRCLE('',#2530,0.85);
#2532=EDGE_CURVE('',#2526,#2526,#2531,.T.);
#2533=ORIENTED_EDGE('',*,*,#2532,.F.);
#2534=EDGE_LOOP('',(#2533));
#2535=FACE_BOUND('',#2534,.T.);
#2536=CARTESIAN_POINT('',(54.359118631,6.29994,4.895));
#2537=VERTEX_POINT('',#2536);
#2538=CARTESIAN_POINT('',(54.359118631,6.79994,4.895));
#2539=DIRECTION('',(0.,0.,-1.));
#2540=DIRECTION('',(0.,-1.,0.));
#2541=AXIS2_PLACEMENT_3D('',#2538,#2539,#2540);
#2542=CIRCLE('',#2541,0.5);
#2543=EDGE_CURVE('',#2537,#2537,#2542,.T.);
#2544=ORIENTED_EDGE('',*,*,#2543,.F.);
#2545=EDGE_LOOP('',(#2544));
#2546=FACE_BOUND('',#2545,.T.);
#2547=CARTESIAN_POINT('',(54.139118631,7.59994,4.895));
#2548=VERTEX_POINT('',#2547);
#2549=CARTESIAN_POINT('',(54.139118631,8.09994,4.895));
#2550=DIRECTION('',(0.,0.,-1.));
#2551=DIRECTION('',(0.,-1.,0.));
#2552=AXIS2_PLACEMENT_3D('',#2549,#2550,#2551);
#2553=CIRCLE('',#2552,0.5);
#2554=EDGE_CURVE('',#2548,#2548,#2553,.T.);
#2555=ORIENTED_EDGE('',*,*,#2554,.F.);
#2556=EDGE_LOOP('',(#2555));
#2557=FACE_BOUND('',#2556,.T.);
#2558=CARTESIAN_POINT('',(53.859118631,11.44994,4.895));
#2559=VERTEX_POINT('',#2558);
#2560=CARTESIAN_POINT('',(53.859118631,12.29994,4.895));
#2561=DIRECTION('',(0.,0.,-1.));
#2562=DIRECTION('',(0.,-1.,0.));
#2563=AXIS2_PLACEMENT_3D('',#2560,#2561,#2562);
#2564=CIRCLE('',#2563,0.85);
#2565=EDGE_CURVE('',#2559,#2559,#2564,.T.);
#2566=ORIENTED_EDGE('',*,*,#2565,.F.);
#2567=EDGE_LOOP('',(#2566));
#2568=FACE_BOUND('',#2567,.T.);
#2569=CARTESIAN_POINT('',(59.359118631,9.79994,4.895));
#2570=VERTEX_POINT('',#2569);
#2571=CARTESIAN_POINT('',(59.359118631,12.29994,4.895));
#2572=DIRECTION('',(0.,0.,-1.));
#2573=DIRECTION('',(0.,-1.,0.));
#2574=AXIS2_PLACEMENT_3D('',#2571,#2572,#2573);
#2575=CIRCLE('',#2574,2.5);
#2576=EDGE_CURVE('',#2570,#2570,#2575,.T.);
#2577=ORIENTED_EDGE('',*,*,#2576,.F.);
#2578=EDGE_LOOP('',(#2577));
#2579=FACE_BOUND('',#2578,.T.);
#2580=CARTESIAN_POINT('',(64.859118631,11.44994,4.895));
#2581=VERTEX_POINT('',#2580);
#2582=CARTESIAN_POINT('',(64.859118631,12.29994,4.895));
#2583=DIRECTION('',(0.,0.,-1.));
#2584=DIRECTION('',(0.,-1.,0.));
#2585=AXIS2_PLACEMENT_3D('',#2582,#2583,#2584);
#2586=CIRCLE('',#2585,0.85);
#2587=EDGE_CURVE('',#2581,#2581,#2586,.T.);
#2588=ORIENTED_EDGE('',*,*,#2587,.F.);
#2589=EDGE_LOOP('',(#2588));
#2590=FACE_BOUND('',#2589,.T.);
#2591=CARTESIAN_POINT('',(42.359118631,16.69994,4.895));
#2592=VERTEX_POINT('',#2591);
#2593=CARTESIAN_POINT('',(42.359118631,18.19994,4.895));
#2594=DIRECTION('',(0.,0.,-1.));
#2595=DIRECTION('',(0.,-1.,0.));
#2596=AXIS2_PLACEMENT_3D('',#2593,#2594,#2595);
#2597=CIRCLE('',#2596,1.5);
#2598=EDGE_CURVE('',#2592,#2592,#2597,.T.);
#2599=ORIENTED_EDGE('',*,*,#2598,.F.);
#2600=EDGE_LOOP('',(#2599));
#2601=FACE_BOUND('',#2600,.T.);
#2602=CARTESIAN_POINT('',(47.359118631,14.49994,4.895));
#2603=VERTEX_POINT('',#2602);
#2604=CARTESIAN_POINT('',(47.359118631,15.99994,4.895));
#2605=DIRECTION('',(0.,0.,-1.));
#2606=DIRECTION('',(0.,-1.,0.));
#2607=AXIS2_PLACEMENT_3D('',#2604,#2605,#2606);
#2608=CIRCLE('',#2607,1.5);
#2609=EDGE_CURVE('',#2603,#2603,#2608,.T.);
#2610=ORIENTED_EDGE('',*,*,#2609,.F.);
#2611=EDGE_LOOP('',(#2610));
#2612=FACE_BOUND('',#2611,.T.);
#2613=CARTESIAN_POINT('',(59.359118631,16.69994,4.895));
#2614=VERTEX_POINT('',#2613);
#2615=CARTESIAN_POINT('',(59.359118631,18.19994,4.895));
#2616=DIRECTION('',(0.,0.,-1.));
#2617=DIRECTION('',(0.,-1.,0.));
#2618=AXIS2_PLACEMENT_3D('',#2615,#2616,#2617);
#2619=CIRCLE('',#2618,1.5);
#2620=EDGE_CURVE('',#2614,#2614,#2619,.T.);
#2621=ORIENTED_EDGE('',*,*,#2620,.F.);
#2622=EDGE_LOOP('',(#2621));
#2623=FACE_BOUND('',#2622,.T.);
#2624=CARTESIAN_POINT('',(64.359118631,14.49994,4.895));
#2625=VERTEX_POINT('',#2624);
#2626=CARTESIAN_POINT('',(64.359118631,15.99994,4.895));
#2627=DIRECTION('',(0.,0.,-1.));
#2628=DIRECTION('',(0.,-1.,0.));
#2629=AXIS2_PLACEMENT_3D('',#2626,#2627,#2628);
#2630=CIRCLE('',#2629,1.5);
#2631=EDGE_CURVE('',#2625,#2625,#2630,.T.);
#2632=ORIENTED_EDGE('',*,*,#2631,.F.);
#2633=EDGE_LOOP('',(#2632));
#2634=FACE_BOUND('',#2633,.T.);
#2635=CARTESIAN_POINT('',(8.359118631,23.07494,4.895));
#2636=VERTEX_POINT('',#2635);
#2637=CARTESIAN_POINT('',(8.359118631,24.57494,4.895));
#2638=DIRECTION('',(0.,0.,-1.));
#2639=DIRECTION('',(0.,-1.,0.));
#2640=AXIS2_PLACEMENT_3D('',#2637,#2638,#2639);
#2641=CIRCLE('',#2640,1.5);
#2642=EDGE_CURVE('',#2636,#2636,#2641,.T.);
#2643=ORIENTED_EDGE('',*,*,#2642,.F.);
#2644=EDGE_LOOP('',(#2643));
#2645=FACE_BOUND('',#2644,.T.);
#2646=CARTESIAN_POINT('',(20.359118631,27.54994,4.895));
#2647=VERTEX_POINT('',#2646);
#2648=CARTESIAN_POINT('',(20.359118631,28.04994,4.895));
#2649=DIRECTION('',(0.,0.,-1.));
#2650=DIRECTION('',(0.,-1.,0.));
#2651=AXIS2_PLACEMENT_3D('',#2648,#2649,#2650);
#2652=CIRCLE('',#2651,0.5);
#2653=EDGE_CURVE('',#2647,#2647,#2652,.T.);
#2654=ORIENTED_EDGE('',*,*,#2653,.F.);
#2655=EDGE_LOOP('',(#2654));
#2656=FACE_BOUND('',#2655,.T.);
#2657=CARTESIAN_POINT('',(20.139118631,28.84994,4.895));
#2658=VERTEX_POINT('',#2657);
#2659=CARTESIAN_POINT('',(20.139118631,29.34994,4.895));
#2660=DIRECTION('',(0.,0.,-1.));
#2661=DIRECTION('',(0.,-1.,0.));
#2662=AXIS2_PLACEMENT_3D('',#2659,#2660,#2661);
#2663=CIRCLE('',#2662,0.5);
#2664=EDGE_CURVE('',#2658,#2658,#2663,.T.);
#2665=ORIENTED_EDGE('',*,*,#2664,.F.);
#2666=EDGE_LOOP('',(#2665));
#2667=FACE_BOUND('',#2666,.T.);
#2668=CARTESIAN_POINT('',(8.359118631,33.17494,4.895));
#2669=VERTEX_POINT('',#2668);
#2670=CARTESIAN_POINT('',(8.359118631,35.67494,4.895));
#2671=DIRECTION('',(0.,0.,-1.));
#2672=DIRECTION('',(0.,-1.,0.));
#2673=AXIS2_PLACEMENT_3D('',#2670,#2671,#2672);
#2674=CIRCLE('',#2673,2.5);
#2675=EDGE_CURVE('',#2669,#2669,#2674,.T.);
#2676=ORIENTED_EDGE('',*,*,#2675,.F.);
#2677=EDGE_LOOP('',(#2676));
#2678=FACE_BOUND('',#2677,.T.);
#2679=CARTESIAN_POINT('',(13.859118631,34.82494,4.895));
#2680=VERTEX_POINT('',#2679);
#2681=CARTESIAN_POINT('',(13.859118631,35.67494,4.895));
#2682=DIRECTION('',(0.,0.,-1.));
#2683=DIRECTION('',(0.,-1.,0.));
#2684=AXIS2_PLACEMENT_3D('',#2681,#2682,#2683);
#2685=CIRCLE('',#2684,0.85);
#2686=EDGE_CURVE('',#2680,#2680,#2685,.T.);
#2687=ORIENTED_EDGE('',*,*,#2686,.F.);
#2688=EDGE_LOOP('',(#2687));
#2689=FACE_BOUND('',#2688,.T.);
#2690=CARTESIAN_POINT('',(19.859118631,32.69994,4.895));
#2691=VERTEX_POINT('',#2690);
#2692=CARTESIAN_POINT('',(19.859118631,33.54994,4.895));
#2693=DIRECTION('',(0.,0.,-1.));
#2694=DIRECTION('',(0.,-1.,0.));
#2695=AXIS2_PLACEMENT_3D('',#2692,#2693,#2694);
#2696=CIRCLE('',#2695,0.85);
#2697=EDGE_CURVE('',#2691,#2691,#2696,.T.);
#2698=ORIENTED_EDGE('',*,*,#2697,.F.);
#2699=EDGE_LOOP('',(#2698));
#2700=FACE_BOUND('',#2699,.T.);
#2701=CARTESIAN_POINT('',(13.359118631,37.87494,4.895));
#2702=VERTEX_POINT('',#2701);
#2703=CARTESIAN_POINT('',(13.359118631,39.37494,4.895));
#2704=DIRECTION('',(0.,0.,-1.));
#2705=DIRECTION('',(0.,-1.,0.));
#2706=AXIS2_PLACEMENT_3D('',#2703,#2704,#2705);
#2707=CIRCLE('',#2706,1.5);
#2708=EDGE_CURVE('',#2702,#2702,#2707,.T.);
#2709=ORIENTED_EDGE('',*,*,#2708,.F.);
#2710=EDGE_LOOP('',(#2709));
#2711=FACE_BOUND('',#2710,.T.);
#2712=CARTESIAN_POINT('',(8.359118631,40.07494,4.895));
#2713=VERTEX_POINT('',#2712);
#2714=CARTESIAN_POINT('',(8.359118631,41.57494,4.895));
#2715=DIRECTION('',(0.,0.,-1.));
#2716=DIRECTION('',(0.,-1.,0.));
#2717=AXIS2_PLACEMENT_3D('',#2714,#2715,#2716);
#2718=CIRCLE('',#2717,1.5);
#2719=EDGE_CURVE('',#2713,#2713,#2718,.T.);
#2720=ORIENTED_EDGE('',*,*,#2719,.F.);
#2721=EDGE_LOOP('',(#2720));
#2722=FACE_BOUND('',#2721,.T.);
#2723=CARTESIAN_POINT('',(25.359118631,31.04994,4.895));
#2724=VERTEX_POINT('',#2723);
#2725=CARTESIAN_POINT('',(25.359118631,33.54994,4.895));
#2726=DIRECTION('',(0.,0.,-1.));
#2727=DIRECTION('',(0.,-1.,0.));
#2728=AXIS2_PLACEMENT_3D('',#2725,#2726,#2727);
#2729=CIRCLE('',#2728,2.5);
#2730=EDGE_CURVE('',#2724,#2724,#2729,.T.);
#2731=ORIENTED_EDGE('',*,*,#2730,.F.);
#2732=EDGE_LOOP('',(#2731));
#2733=FACE_BOUND('',#2732,.T.);
#2734=CARTESIAN_POINT('',(30.859118631,32.69994,4.895));
#2735=VERTEX_POINT('',#2734);
#2736=CARTESIAN_POINT('',(30.859118631,33.54994,4.895));
#2737=DIRECTION('',(0.,0.,-1.));
#2738=DIRECTION('',(0.,-1.,0.));
#2739=AXIS2_PLACEMENT_3D('',#2736,#2737,#2738);
#2740=CIRCLE('',#2739,0.85);
#2741=EDGE_CURVE('',#2735,#2735,#2740,.T.);
#2742=ORIENTED_EDGE('',*,*,#2741,.F.);
#2743=EDGE_LOOP('',(#2742));
#2744=FACE_BOUND('',#2743,.T.);
#2745=CARTESIAN_POINT('',(30.359118631,35.74994,4.895));
#2746=VERTEX_POINT('',#2745);
#2747=CARTESIAN_POINT('',(30.359118631,37.24994,4.895));
#2748=DIRECTION('',(0.,0.,-1.));
#2749=DIRECTION('',(0.,-1.,0.));
#2750=AXIS2_PLACEMENT_3D('',#2747,#2748,#2749);
#2751=CIRCLE('',#2750,1.5);
#2752=EDGE_CURVE('',#2746,#2746,#2751,.T.);
#2753=ORIENTED_EDGE('',*,*,#2752,.F.);
#2754=EDGE_LOOP('',(#2753));
#2755=FACE_BOUND('',#2754,.T.);
#2756=CARTESIAN_POINT('',(25.359118631,37.94994,4.895));
#2757=VERTEX_POINT('',#2756);
#2758=CARTESIAN_POINT('',(25.359118631,39.44994,4.895));
#2759=DIRECTION('',(0.,0.,-1.));
#2760=DIRECTION('',(0.,-1.,0.));
#2761=AXIS2_PLACEMENT_3D('',#2758,#2759,#2760);
#2762=CIRCLE('',#2761,1.5);
#2763=EDGE_CURVE('',#2757,#2757,#2762,.T.);
#2764=ORIENTED_EDGE('',*,*,#2763,.F.);
#2765=EDGE_LOOP('',(#2764));
#2766=FACE_BOUND('',#2765,.T.);
#2767=CARTESIAN_POINT('',(37.359118631,23.29994,4.895));
#2768=VERTEX_POINT('',#2767);
#2769=CARTESIAN_POINT('',(37.359118631,23.79994,4.895));
#2770=DIRECTION('',(0.,0.,-1.));
#2771=DIRECTION('',(0.,-1.,0.));
#2772=AXIS2_PLACEMENT_3D('',#2769,#2770,#2771);
#2773=CIRCLE('',#2772,0.5);
#2774=EDGE_CURVE('',#2768,#2768,#2773,.T.);
#2775=ORIENTED_EDGE('',*,*,#2774,.F.);
#2776=EDGE_LOOP('',(#2775));
#2777=FACE_BOUND('',#2776,.T.);
#2778=CARTESIAN_POINT('',(37.139118631,24.59994,4.895));
#2779=VERTEX_POINT('',#2778);
#2780=CARTESIAN_POINT('',(37.139118631,25.09994,4.895));
#2781=DIRECTION('',(0.,0.,-1.));
#2782=DIRECTION('',(0.,-1.,0.));
#2783=AXIS2_PLACEMENT_3D('',#2780,#2781,#2782);
#2784=CIRCLE('',#2783,0.5);
#2785=EDGE_CURVE('',#2779,#2779,#2784,.T.);
#2786=ORIENTED_EDGE('',*,*,#2785,.F.);
#2787=EDGE_LOOP('',(#2786));
#2788=FACE_BOUND('',#2787,.T.);
#2789=CARTESIAN_POINT('',(36.859118631,28.44994,4.895));
#2790=VERTEX_POINT('',#2789);
#2791=CARTESIAN_POINT('',(36.859118631,29.29994,4.895));
#2792=DIRECTION('',(0.,0.,-1.));
#2793=DIRECTION('',(0.,-1.,0.));
#2794=AXIS2_PLACEMENT_3D('',#2791,#2792,#2793);
#2795=CIRCLE('',#2794,0.85);
#2796=EDGE_CURVE('',#2790,#2790,#2795,.T.);
#2797=ORIENTED_EDGE('',*,*,#2796,.F.);
#2798=EDGE_LOOP('',(#2797));
#2799=FACE_BOUND('',#2798,.T.);
#2800=CARTESIAN_POINT('',(42.359118631,26.79994,4.895));
#2801=VERTEX_POINT('',#2800);
#2802=CARTESIAN_POINT('',(42.359118631,29.29994,4.895));
#2803=DIRECTION('',(0.,0.,-1.));
#2804=DIRECTION('',(0.,-1.,0.));
#2805=AXIS2_PLACEMENT_3D('',#2802,#2803,#2804);
#2806=CIRCLE('',#2805,2.5);
#2807=EDGE_CURVE('',#2801,#2801,#2806,.T.);
#2808=ORIENTED_EDGE('',*,*,#2807,.F.);
#2809=EDGE_LOOP('',(#2808));
#2810=FACE_BOUND('',#2809,.T.);
#2811=CARTESIAN_POINT('',(47.859118631,28.44994,4.895));
#2812=VERTEX_POINT('',#2811);
#2813=CARTESIAN_POINT('',(47.859118631,29.29994,4.895));
#2814=DIRECTION('',(0.,0.,-1.));
#2815=DIRECTION('',(0.,-1.,0.));
#2816=AXIS2_PLACEMENT_3D('',#2813,#2814,#2815);
#2817=CIRCLE('',#2816,0.85);
#2818=EDGE_CURVE('',#2812,#2812,#2817,.T.);
#2819=ORIENTED_EDGE('',*,*,#2818,.F.);
#2820=EDGE_LOOP('',(#2819));
#2821=FACE_BOUND('',#2820,.T.);
#2822=CARTESIAN_POINT('',(47.359118631,31.49994,4.895));
#2823=VERTEX_POINT('',#2822);
#2824=CARTESIAN_POINT('',(47.359118631,32.99994,4.895));
#2825=DIRECTION('',(0.,0.,-1.));
#2826=DIRECTION('',(0.,-1.,0.));
#2827=AXIS2_PLACEMENT_3D('',#2824,#2825,#2826);
#2828=CIRCLE('',#2827,1.5);
#2829=EDGE_CURVE('',#2823,#2823,#2828,.T.);
#2830=ORIENTED_EDGE('',*,*,#2829,.F.);
#2831=EDGE_LOOP('',(#2830));
#2832=FACE_BOUND('',#2831,.T.);
#2833=CARTESIAN_POINT('',(54.359118631,23.29994,4.895));
#2834=VERTEX_POINT('',#2833);
#2835=CARTESIAN_POINT('',(54.359118631,23.79994,4.895));
#2836=DIRECTION('',(0.,0.,-1.));
#2837=DIRECTION('',(0.,-1.,0.));
#2838=AXIS2_PLACEMENT_3D('',#2835,#2836,#2837);
#2839=CIRCLE('',#2838,0.5);
#2840=EDGE_CURVE('',#2834,#2834,#2839,.T.);
#2841=ORIENTED_EDGE('',*,*,#2840,.F.);
#2842=EDGE_LOOP('',(#2841));
#2843=FACE_BOUND('',#2842,.T.);
#2844=CARTESIAN_POINT('',(54.139118631,24.59994,4.895));
#2845=VERTEX_POINT('',#2844);
#2846=CARTESIAN_POINT('',(54.139118631,25.09994,4.895));
#2847=DIRECTION('',(0.,0.,-1.));
#2848=DIRECTION('',(0.,-1.,0.));
#2849=AXIS2_PLACEMENT_3D('',#2846,#2847,#2848);
#2850=CIRCLE('',#2849,0.5);
#2851=EDGE_CURVE('',#2845,#2845,#2850,.T.);
#2852=ORIENTED_EDGE('',*,*,#2851,.F.);
#2853=EDGE_LOOP('',(#2852));
#2854=FACE_BOUND('',#2853,.T.);
#2855=CARTESIAN_POINT('',(53.859118631,28.44994,4.895));
#2856=VERTEX_POINT('',#2855);
#2857=CARTESIAN_POINT('',(53.859118631,29.29994,4.895));
#2858=DIRECTION('',(0.,0.,-1.));
#2859=DIRECTION('',(0.,-1.,0.));
#2860=AXIS2_PLACEMENT_3D('',#2857,#2858,#2859);
#2861=CIRCLE('',#2860,0.85);
#2862=EDGE_CURVE('',#2856,#2856,#2861,.T.);
#2863=ORIENTED_EDGE('',*,*,#2862,.F.);
#2864=EDGE_LOOP('',(#2863));
#2865=FACE_BOUND('',#2864,.T.);
#2866=CARTESIAN_POINT('',(59.359118631,26.79994,4.895));
#2867=VERTEX_POINT('',#2866);
#2868=CARTESIAN_POINT('',(59.359118631,29.29994,4.895));
#2869=DIRECTION('',(0.,0.,-1.));
#2870=DIRECTION('',(0.,-1.,0.));
#2871=AXIS2_PLACEMENT_3D('',#2868,#2869,#2870);
#2872=CIRCLE('',#2871,2.5);
#2873=EDGE_CURVE('',#2867,#2867,#2872,.T.);
#2874=ORIENTED_EDGE('',*,*,#2873,.F.);
#2875=EDGE_LOOP('',(#2874));
#2876=FACE_BOUND('',#2875,.T.);
#2877=CARTESIAN_POINT('',(64.859118631,28.44994,4.895));
#2878=VERTEX_POINT('',#2877);
#2879=CARTESIAN_POINT('',(64.859118631,29.29994,4.895));
#2880=DIRECTION('',(0.,0.,-1.));
#2881=DIRECTION('',(0.,-1.,0.));
#2882=AXIS2_PLACEMENT_3D('',#2879,#2880,#2881);
#2883=CIRCLE('',#2882,0.85);
#2884=EDGE_CURVE('',#2878,#2878,#2883,.T.);
#2885=ORIENTED_EDGE('',*,*,#2884,.F.);
#2886=EDGE_LOOP('',(#2885));
#2887=FACE_BOUND('',#2886,.T.);
#2888=CARTESIAN_POINT('',(64.359118631,31.49994,4.895));
#2889=VERTEX_POINT('',#2888);
#2890=CARTESIAN_POINT('',(64.359118631,32.99994,4.895));
#2891=DIRECTION('',(0.,0.,-1.));
#2892=DIRECTION('',(0.,-1.,0.));
#2893=AXIS2_PLACEMENT_3D('',#2890,#2891,#2892);
#2894=CIRCLE('',#2893,1.5);
#2895=EDGE_CURVE('',#2889,#2889,#2894,.T.);
#2896=ORIENTED_EDGE('',*,*,#2895,.F.);
#2897=EDGE_LOOP('',(#2896));
#2898=FACE_BOUND('',#2897,.T.);
#2899=CARTESIAN_POINT('',(42.359118631,33.69994,4.895));
#2900=VERTEX_POINT('',#2899);
#2901=CARTESIAN_POINT('',(42.359118631,35.19994,4.895));
#2902=DIRECTION('',(0.,0.,-1.));
#2903=DIRECTION('',(0.,-1.,0.));
#2904=AXIS2_PLACEMENT_3D('',#2901,#2902,#2903);
#2905=CIRCLE('',#2904,1.5);
#2906=EDGE_CURVE('',#2900,#2900,#2905,.T.);
#2907=ORIENTED_EDGE('',*,*,#2906,.F.);
#2908=EDGE_LOOP('',(#2907));
#2909=FACE_BOUND('',#2908,.T.);
#2910=CARTESIAN_POINT('',(59.359118631,33.69994,4.895));
#2911=VERTEX_POINT('',#2910);
#2912=CARTESIAN_POINT('',(59.359118631,35.19994,4.895));
#2913=DIRECTION('',(0.,0.,-1.));
#2914=DIRECTION('',(0.,-1.,0.));
#2915=AXIS2_PLACEMENT_3D('',#2912,#2913,#2914);
#2916=CIRCLE('',#2915,1.5);
#2917=EDGE_CURVE('',#2911,#2911,#2916,.T.);
#2918=ORIENTED_EDGE('',*,*,#2917,.F.);
#2919=EDGE_LOOP('',(#2918));
#2920=FACE_BOUND('',#2919,.T.);
#2921=ADVANCED_FACE('',(#576,#587,#598,#609,#620,#631,#642,#653,#664,#675,#686,#697,#708,#719,#730,#741,#752,#763,#774,#785,#796,#807,#818,#829,#840,#876,
#912,#948,#959,#970,#981,#992,#1003,#1014,#1025,#1036,#1047,#1058,#1069,#1080,#1091,#1102,#1113,#1124,#1135,#1146,#1157,#1168,#1179,#1190,#1201,
#1212,#1223,#1234,#1245,#1256,#1267,#1278,#1289,#1300,#1311,#1322,#1333,#1344,#1355,#1366,#1377,#1388,#1399,#1410,#1421,#1432,#1443,#1454,#1465,#1476,
#1487,#1498,#1509,#1520,#1531,#1542,#1553,#1564,#1575,#1586,#1597,#1608,#1619,#1630,#1641,#1652,#1663,#1674,#1768,#1779,#1790,#1801,#1812,#1823,#1834,
#1845,#1856,#1867,#1878,#1889,#1900,#1911,#1922,#1933,#1944,#1955,#1966,#1977,#1988,#1999,#2010,#2021,#2032,#2043,#2054,#2065,#2076,#2087,#2098,#2109,
#2120,#2172,#2183,#2194,#2205,#2216,#2227,#2238,#2249,#2260,#2271,#2282,#2293,#2304,#2315,#2326,#2337,#2348,#2359,#2370,#2381,#2392,#2403,#2414,#2425,
#2436,#2447,#2458,#2469,#2480,#2491,#2502,#2513,#2524,#2535,#2546,#2557,#2568,#2579,#2590,#2601,#2612,#2623,#2634,#2645,#2656,#2667,#2678,#2689,#2700,
#2711,#2722,#2733,#2744,#2755,#2766,#2777,#2788,#2799,#2810,#2821,#2832,#2843,#2854,#2865,#2876,#2887,#2898,#2909,#2920),#133,.F.);
#2922=CARTESIAN_POINT('',(1.934117631,0.7,6.496359641));
#2923=DIRECTION('',(0.,0.,1.));
#2924=DIRECTION('',(1.,0.,0.));
#2925=AXIS2_PLACEMENT_3D('',#2922,#2923,#2924);
#2926=PLANE('',#2925);
#2927=ORIENTED_EDGE('',*,*,#48,.F.);
#2928=ORIENTED_EDGE('',*,*,#86,.F.);
#2929=CARTESIAN_POINT('',(0.109118631,44.874942,6.496359641));
#2930=VERTEX_POINT('',#2929);
#2931=CARTESIAN_POINT('',(0.109118631,44.874942,6.496359641));
#2932=DIRECTION('',(1.,0.,-0.));
#2933=VECTOR('',#2932,16.4);
#2934=LINE('',#2931,#2933);
#2935=EDGE_CURVE('',#2930,#75,#2934,.T.);
#2936=ORIENTED_EDGE('',*,*,#2935,.F.);
#2937=CARTESIAN_POINT('',(-0.390881369,44.740967,6.496359641));
#2938=VERTEX_POINT('',#2937);
#2939=CARTESIAN_POINT('',(-0.390881369,44.740967,6.496359641));
#2940=DIRECTION('',(0.965925631,0.258819773,0.));
#2941=VECTOR('',#2940,0.517638195);
#2942=LINE('',#2939,#2941);
#2943=EDGE_CURVE('',#2938,#2930,#2942,.T.);
#2944=ORIENTED_EDGE('',*,*,#2943,.F.);
#2945=CARTESIAN_POINT('',(-0.756907369,44.374942,6.496359641));
#2946=VERTEX_POINT('',#2945);
#2947=CARTESIAN_POINT('',(-0.756907369,44.374942,6.496359641));
#2948=DIRECTION('',(0.707107747,0.707105815,0.));
#2949=VECTOR('',#2948,0.517638226);
#2950=LINE('',#2947,#2949);
#2951=EDGE_CURVE('',#2946,#2938,#2950,.T.);
#2952=ORIENTED_EDGE('',*,*,#2951,.F.);
#2953=CARTESIAN_POINT('',(-0.890881369,43.874942,6.496359641));
#2954=VERTEX_POINT('',#2953);
#2955=CARTESIAN_POINT('',(-0.890881369,43.874942,6.496359641));
#2956=DIRECTION('',(0.25881797,0.965926114,0.));
#2957=VECTOR('',#2956,0.517637936);
#2958=LINE('',#2955,#2957);
#2959=EDGE_CURVE('',#2954,#2946,#2958,.T.);
#2960=ORIENTED_EDGE('',*,*,#2959,.F.);
#2961=CARTESIAN_POINT('',(-0.890881369,42.749942,6.496359641));
#2962=VERTEX_POINT('',#2961);
#2963=CARTESIAN_POINT('',(-0.890881369,42.749942,6.496359641));
#2964=DIRECTION('',(0.,1.,0.));
#2965=VECTOR('',#2964,1.125);
#2966=LINE('',#2963,#2965);
#2967=EDGE_CURVE('',#2962,#2954,#2966,.T.);
#2968=ORIENTED_EDGE('',*,*,#2967,.F.);
#2969=CARTESIAN_POINT('',(-16.890881369,42.749942,6.496359641));
#2970=VERTEX_POINT('',#2969);
#2971=CARTESIAN_POINT('',(-16.890881369,42.749942,6.496359641));
#2972=DIRECTION('',(1.,0.,-0.));
#2973=VECTOR('',#2972,16.);
#2974=LINE('',#2971,#2973);
#2975=EDGE_CURVE('',#2970,#2962,#2974,.T.);
#2976=ORIENTED_EDGE('',*,*,#2975,.F.);
#2977=CARTESIAN_POINT('',(-17.390881369,42.615967,6.496359641));
#2978=VERTEX_POINT('',#2977);
#2979=CARTESIAN_POINT('',(-17.390881369,42.615967,6.496359641));
#2980=DIRECTION('',(0.965925631,0.258819773,0.));
#2981=VECTOR('',#2980,0.517638195);
#2982=LINE('',#2979,#2981);
#2983=EDGE_CURVE('',#2978,#2970,#2982,.T.);
#2984=ORIENTED_EDGE('',*,*,#2983,.F.);
#2985=CARTESIAN_POINT('',(-17.756906369,42.249942,6.496359641));
#2986=VERTEX_POINT('',#2985);
#2987=CARTESIAN_POINT('',(-17.756906369,42.249942,6.496359641));
#2988=DIRECTION('',(0.707106781,0.707106781,0.));
#2989=VECTOR('',#2988,0.517637519);
#2990=LINE('',#2987,#2989);
#2991=EDGE_CURVE('',#2986,#2978,#2990,.T.);
#2992=ORIENTED_EDGE('',*,*,#2991,.F.);
#2993=CARTESIAN_POINT('',(-17.890881369,41.749942,6.496359641));
#2994=VERTEX_POINT('',#2993);
#2995=CARTESIAN_POINT('',(-17.890881369,41.749942,6.496359641));
#2996=DIRECTION('',(0.258819773,0.965925631,0.));
#2997=VECTOR('',#2996,0.517638195);
#2998=LINE('',#2995,#2997);
#2999=EDGE_CURVE('',#2994,#2986,#2998,.T.);
#3000=ORIENTED_EDGE('',*,*,#2999,.F.);
#3001=CARTESIAN_POINT('',(-17.890881369,40.624942,6.496359641));
#3002=VERTEX_POINT('',#3001);
#3003=CARTESIAN_POINT('',(-17.890881369,40.624942,6.496359641));
#3004=DIRECTION('',(0.,1.,0.));
#3005=VECTOR('',#3004,1.125);
#3006=LINE('',#3003,#3005);
#3007=EDGE_CURVE('',#3002,#2994,#3006,.T.);
#3008=ORIENTED_EDGE('',*,*,#3007,.F.);
#3009=CARTESIAN_POINT('',(-63.640883369,40.624942,6.496359641));
#3010=VERTEX_POINT('',#3009);
#3011=CARTESIAN_POINT('',(-63.640883369,40.624942,6.496359641));
#3012=DIRECTION('',(1.,0.,-0.));
#3013=VECTOR('',#3012,45.750002);
#3014=LINE('',#3011,#3013);
#3015=EDGE_CURVE('',#3010,#3002,#3014,.T.);
#3016=ORIENTED_EDGE('',*,*,#3015,.F.);
#3017=CARTESIAN_POINT('',(-64.140883369,40.490967,6.496359641));
#3018=VERTEX_POINT('',#3017);
#3019=CARTESIAN_POINT('',(-64.140883369,40.490967,6.496359641));
#3020=DIRECTION('',(0.965925631,0.258819773,0.));
#3021=VECTOR('',#3020,0.517638195);
#3022=LINE('',#3019,#3021);
#3023=EDGE_CURVE('',#3018,#3010,#3022,.T.);
#3024=ORIENTED_EDGE('',*,*,#3023,.F.);
#3025=CARTESIAN_POINT('',(-64.506908369,40.124942,6.496359641));
#3026=VERTEX_POINT('',#3025);
#3027=CARTESIAN_POINT('',(-64.506908369,40.124942,6.496359641));
#3028=DIRECTION('',(0.707106781,0.707106781,0.));
#3029=VECTOR('',#3028,0.517637519);
#3030=LINE('',#3027,#3029);
#3031=EDGE_CURVE('',#3026,#3018,#3030,.T.);
#3032=ORIENTED_EDGE('',*,*,#3031,.F.);
#3033=CARTESIAN_POINT('',(-64.640883369,39.624942,6.496359641));
#3034=VERTEX_POINT('',#3033);
#3035=CARTESIAN_POINT('',(-64.640883369,39.624942,6.496359641));
#3036=DIRECTION('',(0.258819773,0.965925631,0.));
#3037=VECTOR('',#3036,0.517638195);
#3038=LINE('',#3035,#3037);
#3039=EDGE_CURVE('',#3034,#3026,#3038,.T.);
#3040=ORIENTED_EDGE('',*,*,#3039,.F.);
#3041=CARTESIAN_POINT('',(-64.640883369,34.604137,6.496359641));
#3042=VERTEX_POINT('',#3041);
#3043=CARTESIAN_POINT('',(-64.640883369,34.604137,6.496359641));
#3044=DIRECTION('',(0.,1.,0.));
#3045=VECTOR('',#3044,5.020805);
#3046=LINE('',#3043,#3045);
#3047=EDGE_CURVE('',#3042,#3034,#3046,.T.);
#3048=ORIENTED_EDGE('',*,*,#3047,.F.);
#3049=CARTESIAN_POINT('',(-51.340881369,34.604137,6.496359641));
#3050=VERTEX_POINT('',#3049);
#3051=CARTESIAN_POINT('',(-51.340881369,34.604137,6.496359641));
#3052=DIRECTION('',(-1.,0.,0.));
#3053=VECTOR('',#3052,13.300002);
#3054=LINE('',#3051,#3053);
#3055=EDGE_CURVE('',#3050,#3042,#3054,.T.);
#3056=ORIENTED_EDGE('',*,*,#3055,.F.);
#3057=CARTESIAN_POINT('',(-51.340881369,-21.195863,6.496359641));
#3058=VERTEX_POINT('',#3057);
#3059=CARTESIAN_POINT('',(-51.340881369,-21.195863,6.496359641));
#3060=DIRECTION('',(0.,1.,0.));
#3061=VECTOR('',#3060,55.8);
#3062=LINE('',#3059,#3061);
#3063=EDGE_CURVE('',#3058,#3050,#3062,.T.);
#3064=ORIENTED_EDGE('',*,*,#3063,.F.);
#3065=CARTESIAN_POINT('',(-64.640881369,-21.195863,6.496359641));
#3066=VERTEX_POINT('',#3065);
#3067=CARTESIAN_POINT('',(-64.640881369,-21.195863,6.496359641));
#3068=DIRECTION('',(1.,0.,-0.));
#3069=VECTOR('',#3068,13.3);
#3070=LINE('',#3067,#3069);
#3071=EDGE_CURVE('',#3066,#3058,#3070,.T.);
#3072=ORIENTED_EDGE('',*,*,#3071,.F.);
#3073=CARTESIAN_POINT('',(-55.439531369,-42.873124,6.496359641));
#3074=VERTEX_POINT('',#3073);
#3075=CARTESIAN_POINT('',(-55.439531369,-42.873124,6.496359641));
#3076=DIRECTION('',(-0.390727481,0.920506402,0.));
#3077=VECTOR('',#3076,23.549277829);
#3078=LINE('',#3075,#3077);
#3079=EDGE_CURVE('',#3074,#3066,#3078,.T.);
#3080=ORIENTED_EDGE('',*,*,#3079,.F.);
#3081=CARTESIAN_POINT('',(-55.120842369,-43.28103,6.496359641));
#3082=VERTEX_POINT('',#3081);
#3083=CARTESIAN_POINT('',(-55.120842369,-43.28103,6.496359641));
#3084=DIRECTION('',(-0.615658962,0.788012717,0.));
#3085=VECTOR('',#3084,0.517638854);
#3086=LINE('',#3083,#3085);
#3087=EDGE_CURVE('',#3082,#3074,#3086,.T.);
#3088=ORIENTED_EDGE('',*,*,#3087,.F.);
#3089=CARTESIAN_POINT('',(-54.640896369,-43.474942,6.496359641));
#3090=VERTEX_POINT('',#3089);
#3091=CARTESIAN_POINT('',(-54.640896369,-43.474942,6.496359641));
#3092=DIRECTION('',(-0.92718303,0.374608635,0.));
#3093=VECTOR('',#3092,0.517638896);
#3094=LINE('',#3091,#3093);
#3095=EDGE_CURVE('',#3090,#3082,#3094,.T.);
#3096=ORIENTED_EDGE('',*,*,#3095,.F.);
#3097=CARTESIAN_POINT('',(-54.128295369,-43.402902,6.496359641));
#3098=VERTEX_POINT('',#3097);
#3099=CARTESIAN_POINT('',(-54.128295369,-43.402902,6.496359641));
#3100=DIRECTION('',(-0.990268434,-0.139170501,0.));
#3101=VECTOR('',#3100,0.517638432);
#3102=LINE('',#3099,#3101);
#3103=EDGE_CURVE('',#3098,#3090,#3102,.T.);
#3104=ORIENTED_EDGE('',*,*,#3103,.F.);
#3105=CARTESIAN_POINT('',(-33.626536369,-34.70047,6.496359641));
#3106=VERTEX_POINT('',#3105);
#3107=CARTESIAN_POINT('',(-33.626536369,-34.70047,6.496359641));
#3108=DIRECTION('',(-0.920505635,-0.390729288,0.));
#3109=VECTOR('',#3108,22.27227974);
#3110=LINE('',#3107,#3109);
#3111=EDGE_CURVE('',#3106,#3098,#3110,.T.);
#3112=ORIENTED_EDGE('',*,*,#3111,.F.);
#3113=CARTESIAN_POINT('',(-16.751251369,-31.13506,6.496359641));
#3114=VERTEX_POINT('',#3113);
#3115=CARTESIAN_POINT('',(-16.751251369,-31.13506,6.496359641));
#3116=DIRECTION('',(-0.978400878,-0.206716525,0.));
#3117=VECTOR('',#3116,17.247822828);
#3118=LINE('',#3115,#3117);
#3119=EDGE_CURVE('',#3114,#3106,#3118,.T.);
#3120=ORIENTED_EDGE('',*,*,#3119,.F.);
#3121=CARTESIAN_POINT('',(15.109118631,-31.13506,6.496359641));
#3122=VERTEX_POINT('',#3121);
#3123=CARTESIAN_POINT('',(15.109118631,-31.13506,6.496359641));
#3124=DIRECTION('',(-1.,0.,0.));
#3125=VECTOR('',#3124,31.86037);
#3126=LINE('',#3123,#3125);
#3127=EDGE_CURVE('',#3122,#3114,#3126,.T.);
#3128=ORIENTED_EDGE('',*,*,#3127,.F.);
#3129=CARTESIAN_POINT('',(15.609118631,-31.001086,6.496359641));
#3130=VERTEX_POINT('',#3129);
#3131=CARTESIAN_POINT('',(15.609118631,-31.001086,6.496359641));
#3132=DIRECTION('',(-0.965926114,-0.25881797,0.));
#3133=VECTOR('',#3132,0.517637936);
#3134=LINE('',#3131,#3133);
#3135=EDGE_CURVE('',#3130,#3122,#3134,.T.);
#3136=ORIENTED_EDGE('',*,*,#3135,.F.);
#3137=CARTESIAN_POINT('',(15.975143631,-30.63506,6.496359641));
#3138=VERTEX_POINT('',#3137);
#3139=CARTESIAN_POINT('',(15.975143631,-30.63506,6.496359641));
#3140=DIRECTION('',(-0.707105815,-0.707107747,0.));
#3141=VECTOR('',#3140,0.517638226);
#3142=LINE('',#3139,#3141);
#3143=EDGE_CURVE('',#3138,#3130,#3142,.T.);
#3144=ORIENTED_EDGE('',*,*,#3143,.F.);
#3145=CARTESIAN_POINT('',(16.109118631,-30.13506,6.496359641));
#3146=VERTEX_POINT('',#3145);
#3147=CARTESIAN_POINT('',(16.109118631,-30.13506,6.496359641));
#3148=DIRECTION('',(-0.258819773,-0.965925631,0.));
#3149=VECTOR('',#3148,0.517638195);
#3150=LINE('',#3147,#3149);
#3151=EDGE_CURVE('',#3146,#3138,#3150,.T.);
#3152=ORIENTED_EDGE('',*,*,#3151,.F.);
#3153=CARTESIAN_POINT('',(16.109118631,-27.65006,6.496359641));
#3154=VERTEX_POINT('',#3153);
#3155=CARTESIAN_POINT('',(16.109118631,-27.65006,6.496359641));
#3156=DIRECTION('',(0.,-1.,0.));
#3157=VECTOR('',#3156,2.485);
#3158=LINE('',#3155,#3157);
#3159=EDGE_CURVE('',#3154,#3146,#3158,.T.);
#3160=ORIENTED_EDGE('',*,*,#3159,.F.);
#3161=CARTESIAN_POINT('',(16.243093631,-27.15006,6.496359641));
#3162=VERTEX_POINT('',#3161);
#3163=CARTESIAN_POINT('',(16.243093631,-27.15006,6.496359641));
#3164=DIRECTION('',(-0.258819773,-0.965925631,0.));
#3165=VECTOR('',#3164,0.517638195);
#3166=LINE('',#3163,#3165);
#3167=EDGE_CURVE('',#3162,#3154,#3166,.T.);
#3168=ORIENTED_EDGE('',*,*,#3167,.F.);
#3169=CARTESIAN_POINT('',(16.609118631,-26.784034,6.496359641));
#3170=VERTEX_POINT('',#3169);
#3171=CARTESIAN_POINT('',(16.609118631,-26.784034,6.496359641));
#3172=DIRECTION('',(-0.707105815,-0.707107747,0.));
#3173=VECTOR('',#3172,0.517638226);
#3174=LINE('',#3171,#3173);
#3175=EDGE_CURVE('',#3170,#3162,#3174,.T.);
#3176=ORIENTED_EDGE('',*,*,#3175,.F.);
#3177=CARTESIAN_POINT('',(17.109118631,-26.65006,6.496359641));
#3178=VERTEX_POINT('',#3177);
#3179=CARTESIAN_POINT('',(17.109118631,-26.65006,6.496359641));
#3180=DIRECTION('',(-0.965926114,-0.25881797,0.));
#3181=VECTOR('',#3180,0.517637936);
#3182=LINE('',#3179,#3181);
#3183=EDGE_CURVE('',#3178,#3170,#3182,.T.);
#3184=ORIENTED_EDGE('',*,*,#3183,.F.);
#3185=CARTESIAN_POINT('',(32.109118631,-26.65006,6.496359641));
#3186=VERTEX_POINT('',#3185);
#3187=CARTESIAN_POINT('',(32.109118631,-26.65006,6.496359641));
#3188=DIRECTION('',(-1.,0.,0.));
#3189=VECTOR('',#3188,15.);
#3190=LINE('',#3187,#3189);
#3191=EDGE_CURVE('',#3186,#3178,#3190,.T.);
#3192=ORIENTED_EDGE('',*,*,#3191,.F.);
#3193=CARTESIAN_POINT('',(32.609118631,-26.784034,6.496359641));
#3194=VERTEX_POINT('',#3193);
#3195=CARTESIAN_POINT('',(32.609118631,-26.784034,6.496359641));
#3196=DIRECTION('',(-0.965926114,0.25881797,0.));
#3197=VECTOR('',#3196,0.517637936);
#3198=LINE('',#3195,#3197);
#3199=EDGE_CURVE('',#3194,#3186,#3198,.T.);
#3200=ORIENTED_EDGE('',*,*,#3199,.F.);
#3201=CARTESIAN_POINT('',(32.975144631,-27.15006,6.496359641));
#3202=VERTEX_POINT('',#3201);
#3203=CARTESIAN_POINT('',(32.975144631,-27.15006,6.496359641));
#3204=DIRECTION('',(-0.707106781,0.707106781,0.));
#3205=VECTOR('',#3204,0.517638933);
#3206=LINE('',#3203,#3205);
#3207=EDGE_CURVE('',#3202,#3194,#3206,.T.);
#3208=ORIENTED_EDGE('',*,*,#3207,.F.);
#3209=CARTESIAN_POINT('',(33.109118631,-27.65006,6.496359641));
#3210=VERTEX_POINT('',#3209);
#3211=CARTESIAN_POINT('',(33.109118631,-27.65006,6.496359641));
#3212=DIRECTION('',(-0.25881797,0.965926114,0.));
#3213=VECTOR('',#3212,0.517637936);
#3214=LINE('',#3211,#3213);
#3215=EDGE_CURVE('',#3210,#3202,#3214,.T.);
#3216=ORIENTED_EDGE('',*,*,#3215,.F.);
#3217=CARTESIAN_POINT('',(33.109118631,-29.90006,6.496359641));
#3218=VERTEX_POINT('',#3217);
#3219=CARTESIAN_POINT('',(33.109118631,-29.90006,6.496359641));
#3220=DIRECTION('',(0.,1.,0.));
#3221=VECTOR('',#3220,2.25);
#3222=LINE('',#3219,#3221);
#3223=EDGE_CURVE('',#3218,#3210,#3222,.T.);
#3224=ORIENTED_EDGE('',*,*,#3223,.F.);
#3225=CARTESIAN_POINT('',(33.243093631,-30.40006,6.496359641));
#3226=VERTEX_POINT('',#3225);
#3227=CARTESIAN_POINT('',(33.243093631,-30.40006,6.496359641));
#3228=DIRECTION('',(-0.258819773,0.965925631,0.));
#3229=VECTOR('',#3228,0.517638195);
#3230=LINE('',#3227,#3229);
#3231=EDGE_CURVE('',#3226,#3218,#3230,.T.);
#3232=ORIENTED_EDGE('',*,*,#3231,.F.);
#3233=CARTESIAN_POINT('',(33.609118631,-30.766085,6.496359641));
#3234=VERTEX_POINT('',#3233);
#3235=CARTESIAN_POINT('',(33.609118631,-30.766085,6.496359641));
#3236=DIRECTION('',(-0.707106781,0.707106781,0.));
#3237=VECTOR('',#3236,0.517637519);
#3238=LINE('',#3235,#3237);
#3239=EDGE_CURVE('',#3234,#3226,#3238,.T.);
#3240=ORIENTED_EDGE('',*,*,#3239,.F.);
#3241=CARTESIAN_POINT('',(34.109118631,-30.90006,6.496359641));
#3242=VERTEX_POINT('',#3241);
#3243=CARTESIAN_POINT('',(34.109118631,-30.90006,6.496359641));
#3244=DIRECTION('',(-0.965925631,0.258819773,0.));
#3245=VECTOR('',#3244,0.517638195);
#3246=LINE('',#3243,#3245);
#3247=EDGE_CURVE('',#3242,#3234,#3246,.T.);
#3248=ORIENTED_EDGE('',*,*,#3247,.F.);
#3249=CARTESIAN_POINT('',(67.509118631,-30.90006,6.496359641));
#3250=VERTEX_POINT('',#3249);
#3251=CARTESIAN_POINT('',(67.509118631,-30.90006,6.496359641));
#3252=DIRECTION('',(-1.,0.,0.));
#3253=VECTOR('',#3252,33.4);
#3254=LINE('',#3251,#3253);
#3255=EDGE_CURVE('',#3250,#3242,#3254,.T.);
#3256=ORIENTED_EDGE('',*,*,#3255,.F.);
#3257=CARTESIAN_POINT('',(68.009118631,-30.766085,6.496359641));
#3258=VERTEX_POINT('',#3257);
#3259=CARTESIAN_POINT('',(68.009118631,-30.766085,6.496359641));
#3260=DIRECTION('',(-0.965925631,-0.258819773,0.));
#3261=VECTOR('',#3260,0.517638195);
#3262=LINE('',#3259,#3261);
#3263=EDGE_CURVE('',#3258,#3250,#3262,.T.);
#3264=ORIENTED_EDGE('',*,*,#3263,.F.);
#3265=CARTESIAN_POINT('',(68.375143631,-30.40006,6.496359641));
#3266=VERTEX_POINT('',#3265);
#3267=CARTESIAN_POINT('',(68.375143631,-30.40006,6.496359641));
#3268=DIRECTION('',(-0.707106781,-0.707106781,0.));
#3269=VECTOR('',#3268,0.517637519);
#3270=LINE('',#3267,#3269);
#3271=EDGE_CURVE('',#3266,#3258,#3270,.T.);
#3272=ORIENTED_EDGE('',*,*,#3271,.F.);
#3273=CARTESIAN_POINT('',(68.509118631,-29.90006,6.496359641));
#3274=VERTEX_POINT('',#3273);
#3275=CARTESIAN_POINT('',(68.509118631,-29.90006,6.496359641));
#3276=DIRECTION('',(-0.258819773,-0.965925631,0.));
#3277=VECTOR('',#3276,0.517638195);
#3278=LINE('',#3275,#3277);
#3279=EDGE_CURVE('',#3274,#3266,#3278,.T.);
#3280=ORIENTED_EDGE('',*,*,#3279,.F.);
#3281=CARTESIAN_POINT('',(68.509118631,37.499942,6.496359641));
#3282=VERTEX_POINT('',#3281);
#3283=CARTESIAN_POINT('',(68.509118631,37.499942,6.496359641));
#3284=DIRECTION('',(0.,-1.,0.));
#3285=VECTOR('',#3284,67.400002);
#3286=LINE('',#3283,#3285);
#3287=EDGE_CURVE('',#3282,#3274,#3286,.T.);
#3288=ORIENTED_EDGE('',*,*,#3287,.F.);
#3289=CARTESIAN_POINT('',(68.375143631,37.999942,6.496359641));
#3290=VERTEX_POINT('',#3289);
#3291=CARTESIAN_POINT('',(68.375143631,37.999942,6.496359641));
#3292=DIRECTION('',(0.258819773,-0.965925631,0.));
#3293=VECTOR('',#3292,0.517638195);
#3294=LINE('',#3291,#3293);
#3295=EDGE_CURVE('',#3290,#3282,#3294,.T.);
#3296=ORIENTED_EDGE('',*,*,#3295,.F.);
#3297=CARTESIAN_POINT('',(68.009118631,38.365967,6.496359641));
#3298=VERTEX_POINT('',#3297);
#3299=CARTESIAN_POINT('',(68.009118631,38.365967,6.496359641));
#3300=DIRECTION('',(0.707106781,-0.707106781,0.));
#3301=VECTOR('',#3300,0.517637519);
#3302=LINE('',#3299,#3301);
#3303=EDGE_CURVE('',#3298,#3290,#3302,.T.);
#3304=ORIENTED_EDGE('',*,*,#3303,.F.);
#3305=CARTESIAN_POINT('',(67.509118631,38.499942,6.496359641));
#3306=VERTEX_POINT('',#3305);
#3307=CARTESIAN_POINT('',(67.509118631,38.499942,6.496359641));
#3308=DIRECTION('',(0.965925631,-0.258819773,0.));
#3309=VECTOR('',#3308,0.517638195);
#3310=LINE('',#3307,#3309);
#3311=EDGE_CURVE('',#3306,#3298,#3310,.T.);
#3312=ORIENTED_EDGE('',*,*,#3311,.F.);
#3313=CARTESIAN_POINT('',(34.509118631,38.499942,6.496359641));
#3314=VERTEX_POINT('',#3313);
#3315=CARTESIAN_POINT('',(34.509118631,38.499942,6.496359641));
#3316=DIRECTION('',(1.,0.,-0.));
#3317=VECTOR('',#3316,33.);
#3318=LINE('',#3315,#3317);
#3319=EDGE_CURVE('',#3314,#3306,#3318,.T.);
#3320=ORIENTED_EDGE('',*,*,#3319,.F.);
#3321=CARTESIAN_POINT('',(34.509118631,41.749942,6.496359641));
#3322=VERTEX_POINT('',#3321);
#3323=CARTESIAN_POINT('',(34.509118631,41.749942,6.496359641));
#3324=DIRECTION('',(0.,-1.,0.));
#3325=VECTOR('',#3324,3.25);
#3326=LINE('',#3323,#3325);
#3327=EDGE_CURVE('',#3322,#3314,#3326,.T.);
#3328=ORIENTED_EDGE('',*,*,#3327,.F.);
#3329=CARTESIAN_POINT('',(34.375143631,42.249942,6.496359641));
#3330=VERTEX_POINT('',#3329);
#3331=CARTESIAN_POINT('',(34.375143631,42.249942,6.496359641));
#3332=DIRECTION('',(0.258819773,-0.965925631,0.));
#3333=VECTOR('',#3332,0.517638195);
#3334=LINE('',#3331,#3333);
#3335=EDGE_CURVE('',#3330,#3322,#3334,.T.);
#3336=ORIENTED_EDGE('',*,*,#3335,.F.);
#3337=CARTESIAN_POINT('',(34.009118631,42.615967,6.496359641));
#3338=VERTEX_POINT('',#3337);
#3339=CARTESIAN_POINT('',(34.009118631,42.615967,6.496359641));
#3340=DIRECTION('',(0.707106781,-0.707106781,0.));
#3341=VECTOR('',#3340,0.517637519);
#3342=LINE('',#3339,#3341);
#3343=EDGE_CURVE('',#3338,#3330,#3342,.T.);
#3344=ORIENTED_EDGE('',*,*,#3343,.F.);
#3345=CARTESIAN_POINT('',(33.509118631,42.749942,6.496359641));
#3346=VERTEX_POINT('',#3345);
#3347=CARTESIAN_POINT('',(33.509118631,42.749942,6.496359641));
#3348=DIRECTION('',(0.965925631,-0.258819773,0.));
#3349=VECTOR('',#3348,0.517638195);
#3350=LINE('',#3347,#3349);
#3351=EDGE_CURVE('',#3346,#3338,#3350,.T.);
#3352=ORIENTED_EDGE('',*,*,#3351,.F.);
#3353=CARTESIAN_POINT('',(17.509118631,42.749942,6.496359641));
#3354=VERTEX_POINT('',#3353);
#3355=CARTESIAN_POINT('',(17.509118631,42.749942,6.496359641));
#3356=DIRECTION('',(1.,0.,-0.));
#3357=VECTOR('',#3356,16.);
#3358=LINE('',#3355,#3357);
#3359=EDGE_CURVE('',#3354,#3346,#3358,.T.);
#3360=ORIENTED_EDGE('',*,*,#3359,.F.);
#3361=CARTESIAN_POINT('',(17.509118631,43.874942,6.496359641));
#3362=DIRECTION('',(0.,-1.,0.));
#3363=VECTOR('',#3362,1.125);
#3364=LINE('',#3361,#3363);
#3365=EDGE_CURVE('',#105,#3354,#3364,.T.);
#3366=ORIENTED_EDGE('',*,*,#3365,.F.);
#3367=ORIENTED_EDGE('',*,*,#110,.F.);
#3368=EDGE_LOOP('',(#2927,#2928,#2936,#2944,#2952,#2960,#2968,#2976,#2984,#2992,#3000,#3008,#3016,#3024,#3032,#3040,#3048,#3056,#3064,#3072,#3080,#3088,#3096,#3104,#3112,#3120,
#3128,#3136,#3144,#3152,#3160,#3168,#3176,#3184,#3192,#3200,#3208,#3216,#3224,#3232,#3240,#3248,#3256,#3264,#3272,#3280,#3288,#3296,#3304,#3312,#3320,
#3328,#3336,#3344,#3352,#3360,#3366,#3367));
#3369=FACE_BOUND('',#3368,.T.);
#3370=CARTESIAN_POINT('',(-47.910272369,-36.157651,6.496359641));
#3371=VERTEX_POINT('',#3370);
#3372=CARTESIAN_POINT('',(-47.910272369,-35.657651,6.496359641));
#3373=DIRECTION('',(-0.,-0.,-1.));
#3374=DIRECTION('',(1.,0.,-0.));
#3375=AXIS2_PLACEMENT_3D('',#3372,#3373,#3374);
#3376=CIRCLE('',#3375,0.5);
#3377=EDGE_CURVE('',#3371,#3371,#3376,.T.);
#3378=ORIENTED_EDGE('',*,*,#3377,.T.);
#3379=EDGE_LOOP('',(#3378));
#3380=FACE_BOUND('',#3379,.T.);
#3381=CARTESIAN_POINT('',(-48.620734369,-35.046956,6.496359641));
#3382=VERTEX_POINT('',#3381);
#3383=CARTESIAN_POINT('',(-48.620734369,-34.546956,6.496359641));
#3384=DIRECTION('',(-0.,-0.,-1.));
#3385=DIRECTION('',(1.,0.,-0.));
#3386=AXIS2_PLACEMENT_3D('',#3383,#3384,#3385);
#3387=CIRCLE('',#3386,0.5);
#3388=EDGE_CURVE('',#3382,#3382,#3387,.T.);
#3389=ORIENTED_EDGE('',*,*,#3388,.T.);
#3390=EDGE_LOOP('',(#3389));
#3391=FACE_BOUND('',#3390,.T.);
#3392=CARTESIAN_POINT('',(-50.519546369,-31.64024,6.496359641));
#3393=VERTEX_POINT('',#3392);
#3394=CARTESIAN_POINT('',(-50.519546369,-30.79024,6.496359641));
#3395=DIRECTION('',(-0.,-0.,-1.));
#3396=DIRECTION('',(1.,0.,-0.));
#3397=AXIS2_PLACEMENT_3D('',#3394,#3395,#3396);
#3398=CIRCLE('',#3397,0.85);
#3399=EDGE_CURVE('',#3393,#3393,#3398,.T.);
#3400=ORIENTED_EDGE('',*,*,#3399,.T.);
#3401=EDGE_LOOP('',(#3400));
#3402=FACE_BOUND('',#3401,.T.);
#3403=CARTESIAN_POINT('',(-45.456769369,-31.141219,6.496359641));
#3404=VERTEX_POINT('',#3403);
#3405=CARTESIAN_POINT('',(-45.456769369,-28.641219,6.496359641));
#3406=DIRECTION('',(-0.,-0.,-1.));
#3407=DIRECTION('',(1.,0.,-0.));
#3408=AXIS2_PLACEMENT_3D('',#3405,#3406,#3407);
#3409=CIRCLE('',#3408,2.5);
#3410=EDGE_CURVE('',#3404,#3404,#3409,.T.);
#3411=ORIENTED_EDGE('',*,*,#3410,.T.);
#3412=EDGE_LOOP('',(#3411));
#3413=FACE_BOUND('',#3412,.T.);
#3414=CARTESIAN_POINT('',(-40.393993369,-27.342197,6.496359641));
#3415=VERTEX_POINT('',#3414);
#3416=CARTESIAN_POINT('',(-40.393993369,-26.492197,6.496359641));
#3417=DIRECTION('',(-0.,-0.,-1.));
#3418=DIRECTION('',(1.,0.,-0.));
#3419=AXIS2_PLACEMENT_3D('',#3416,#3417,#3418);
#3420=CIRCLE('',#3419,0.85);
#3421=EDGE_CURVE('',#3415,#3415,#3420,.T.);
#3422=ORIENTED_EDGE('',*,*,#3421,.T.);
#3423=EDGE_LOOP('',(#3422));
#3424=FACE_BOUND('',#3423,.T.);
#3425=CARTESIAN_POINT('',(-31.328615369,-29.926172,6.496359641));
#3426=VERTEX_POINT('',#3425);
#3427=CARTESIAN_POINT('',(-31.328615369,-29.426172,6.496359641));
#3428=DIRECTION('',(-0.,-0.,-1.));
#3429=DIRECTION('',(1.,0.,-0.));
#3430=AXIS2_PLACEMENT_3D('',#3427,#3428,#3429);
#3431=CIRCLE('',#3430,0.5);
#3432=EDGE_CURVE('',#3426,#3426,#3431,.T.);
#3433=ORIENTED_EDGE('',*,*,#3432,.T.);
#3434=EDGE_LOOP('',(#3433));
#3435=FACE_BOUND('',#3434,.T.);
#3436=CARTESIAN_POINT('',(-31.814093369,-28.70032,6.496359641));
#3437=VERTEX_POINT('',#3436);
#3438=CARTESIAN_POINT('',(-31.814093369,-28.20032,6.496359641));
#3439=DIRECTION('',(-0.,-0.,-1.));
#3440=DIRECTION('',(1.,0.,-0.));
#3441=AXIS2_PLACEMENT_3D('',#3438,#3439,#3440);
#3442=CIRCLE('',#3441,0.5);
#3443=EDGE_CURVE('',#3437,#3437,#3442,.T.);
#3444=ORIENTED_EDGE('',*,*,#3443,.T.);
#3445=EDGE_LOOP('',(#3444));
#3446=FACE_BOUND('',#3445,.T.);
#3447=CARTESIAN_POINT('',(-47.762083369,-24.71024,6.496359641));
#3448=VERTEX_POINT('',#3447);
#3449=CARTESIAN_POINT('',(-47.762083369,-23.21024,6.496359641));
#3450=DIRECTION('',(-0.,-0.,-1.));
#3451=DIRECTION('',(1.,0.,-0.));
#3452=AXIS2_PLACEMENT_3D('',#3449,#3450,#3451);
#3453=CIRCLE('',#3452,1.5);
#3454=EDGE_CURVE('',#3448,#3448,#3453,.T.);
#3455=ORIENTED_EDGE('',*,*,#3454,.T.);
#3456=EDGE_LOOP('',(#3455));
#3457=FACE_BOUND('',#3456,.T.);
#3458=CARTESIAN_POINT('',(-42.299950369,-24.781695,6.496359641));
#3459=VERTEX_POINT('',#3458);
#3460=CARTESIAN_POINT('',(-42.299950369,-23.281695,6.496359641));
#3461=DIRECTION('',(-0.,-0.,-1.));
#3462=DIRECTION('',(1.,0.,-0.));
#3463=AXIS2_PLACEMENT_3D('',#3460,#3461,#3462);
#3464=CIRCLE('',#3463,1.5);
#3465=EDGE_CURVE('',#3459,#3459,#3464,.T.);
#3466=ORIENTED_EDGE('',*,*,#3465,.T.);
#3467=EDGE_LOOP('',(#3466));
#3468=FACE_BOUND('',#3467,.T.);
#3469=CARTESIAN_POINT('',(-32.961203369,-25.000318,6.496359641));
#3470=VERTEX_POINT('',#3469);
#3471=CARTESIAN_POINT('',(-32.961203369,-24.150318,6.496359641));
#3472=DIRECTION('',(-0.,-0.,-1.));
#3473=DIRECTION('',(1.,0.,-0.));
#3474=AXIS2_PLACEMENT_3D('',#3471,#3472,#3473);
#3475=CIRCLE('',#3474,0.85);
#3476=EDGE_CURVE('',#3470,#3470,#3475,.T.);
#3477=ORIENTED_EDGE('',*,*,#3476,.T.);
#3478=EDGE_LOOP('',(#3477));
#3479=FACE_BOUND('',#3478,.T.);
#3480=CARTESIAN_POINT('',(-27.581392369,-25.506801,6.496359641));
#3481=VERTEX_POINT('',#3480);
#3482=CARTESIAN_POINT('',(-27.581392369,-23.006801,6.496359641));
#3483=DIRECTION('',(-0.,-0.,-1.));
#3484=DIRECTION('',(1.,0.,-0.));
#3485=AXIS2_PLACEMENT_3D('',#3482,#3483,#3484);
#3486=CIRCLE('',#3485,2.5);
#3487=EDGE_CURVE('',#3481,#3481,#3486,.T.);
#3488=ORIENTED_EDGE('',*,*,#3487,.T.);
#3489=EDGE_LOOP('',(#3488));
#3490=FACE_BOUND('',#3489,.T.);
#3491=CARTESIAN_POINT('',(-22.201580369,-22.713287,6.496359641));
#3492=VERTEX_POINT('',#3491);
#3493=CARTESIAN_POINT('',(-22.201580369,-21.863287,6.496359641));
#3494=DIRECTION('',(-0.,-0.,-1.));
#3495=DIRECTION('',(1.,0.,-0.));
#3496=AXIS2_PLACEMENT_3D('',#3493,#3494,#3495);
#3497=CIRCLE('',#3496,0.85);
#3498=EDGE_CURVE('',#3492,#3492,#3497,.T.);
#3499=ORIENTED_EDGE('',*,*,#3498,.T.);
#3500=EDGE_LOOP('',(#3499));
#3501=FACE_BOUND('',#3500,.T.);
#3502=CARTESIAN_POINT('',(-28.808071369,-18.73573,6.496359641));
#3503=VERTEX_POINT('',#3502);
#3504=CARTESIAN_POINT('',(-28.808071369,-17.23573,6.496359641));
#3505=DIRECTION('',(-0.,-0.,-1.));
#3506=DIRECTION('',(1.,0.,-0.));
#3507=AXIS2_PLACEMENT_3D('',#3504,#3505,#3506);
#3508=CIRCLE('',#3507,1.5);
#3509=EDGE_CURVE('',#3503,#3503,#3508,.T.);
#3510=ORIENTED_EDGE('',*,*,#3509,.T.);
#3511=EDGE_LOOP('',(#3510));
#3512=FACE_BOUND('',#3511,.T.);
#3513=CARTESIAN_POINT('',(-23.459927369,-19.848097,6.496359641));
#3514=VERTEX_POINT('',#3513);
#3515=CARTESIAN_POINT('',(-23.459927369,-18.348097,6.496359641));
#3516=DIRECTION('',(-0.,-0.,-1.));
#3517=DIRECTION('',(1.,0.,-0.));
#3518=AXIS2_PLACEMENT_3D('',#3515,#3516,#3517);
#3519=CIRCLE('',#3518,1.5);
#3520=EDGE_CURVE('',#3514,#3514,#3519,.T.);
#3521=ORIENTED_EDGE('',*,*,#3520,.T.);
#3522=EDGE_LOOP('',(#3521));
#3523=FACE_BOUND('',#3522,.T.);
#3524=CARTESIAN_POINT('',(-9.390881369,-26.93506,6.496359641));
#3525=VERTEX_POINT('',#3524);
#3526=CARTESIAN_POINT('',(-9.390881369,-26.43506,6.496359641));
#3527=DIRECTION('',(-0.,-0.,-1.));
#3528=DIRECTION('',(1.,0.,-0.));
#3529=AXIS2_PLACEMENT_3D('',#3526,#3527,#3528);
#3530=CIRCLE('',#3529,0.5);
#3531=EDGE_CURVE('',#3525,#3525,#3530,.T.);
#3532=ORIENTED_EDGE('',*,*,#3531,.T.);
#3533=EDGE_LOOP('',(#3532));
#3534=FACE_BOUND('',#3533,.T.);
#3535=CARTESIAN_POINT('',(-9.610881369,-25.63506,6.496359641));
#3536=VERTEX_POINT('',#3535);
#3537=CARTESIAN_POINT('',(-9.610881369,-25.13506,6.496359641));
#3538=DIRECTION('',(-0.,-0.,-1.));
#3539=DIRECTION('',(1.,0.,-0.));
#3540=AXIS2_PLACEMENT_3D('',#3537,#3538,#3539);
#3541=CIRCLE('',#3540,0.5);
#3542=EDGE_CURVE('',#3536,#3536,#3541,.T.);
#3543=ORIENTED_EDGE('',*,*,#3542,.T.);
#3544=EDGE_LOOP('',(#3543));
#3545=FACE_BOUND('',#3544,.T.);
#3546=CARTESIAN_POINT('',(-9.890881369,-21.78506,6.496359641));
#3547=VERTEX_POINT('',#3546);
#3548=CARTESIAN_POINT('',(-9.890881369,-20.93506,6.496359641));
#3549=DIRECTION('',(-0.,-0.,-1.));
#3550=DIRECTION('',(1.,0.,-0.));
#3551=AXIS2_PLACEMENT_3D('',#3548,#3549,#3550);
#3552=CIRCLE('',#3551,0.85);
#3553=EDGE_CURVE('',#3547,#3547,#3552,.T.);
#3554=ORIENTED_EDGE('',*,*,#3553,.T.);
#3555=EDGE_LOOP('',(#3554));
#3556=FACE_BOUND('',#3555,.T.);
#3557=CARTESIAN_POINT('',(-4.390881369,-23.43506,6.496359641));
#3558=VERTEX_POINT('',#3557);
#3559=CARTESIAN_POINT('',(-4.390881369,-20.93506,6.496359641));
#3560=DIRECTION('',(-0.,-0.,-1.));
#3561=DIRECTION('',(1.,0.,-0.));
#3562=AXIS2_PLACEMENT_3D('',#3559,#3560,#3561);
#3563=CIRCLE('',#3562,2.5);
#3564=EDGE_CURVE('',#3558,#3558,#3563,.T.);
#3565=ORIENTED_EDGE('',*,*,#3564,.T.);
#3566=EDGE_LOOP('',(#3565));
#3567=FACE_BOUND('',#3566,.T.);
#3568=CARTESIAN_POINT('',(1.109118631,-21.78506,6.496359641));
#3569=VERTEX_POINT('',#3568);
#3570=CARTESIAN_POINT('',(1.109118631,-20.93506,6.496359641));
#3571=DIRECTION('',(-0.,-0.,-1.));
#3572=DIRECTION('',(1.,0.,-0.));
#3573=AXIS2_PLACEMENT_3D('',#3570,#3571,#3572);
#3574=CIRCLE('',#3573,0.85);
#3575=EDGE_CURVE('',#3569,#3569,#3574,.T.);
#3576=ORIENTED_EDGE('',*,*,#3575,.T.);
#3577=EDGE_LOOP('',(#3576));
#3578=FACE_BOUND('',#3577,.T.);
#3579=CARTESIAN_POINT('',(0.609118631,-18.73506,6.496359641));
#3580=VERTEX_POINT('',#3579);
#3581=CARTESIAN_POINT('',(0.609118631,-17.23506,6.496359641));
#3582=DIRECTION('',(-0.,-0.,-1.));
#3583=DIRECTION('',(1.,0.,-0.));
#3584=AXIS2_PLACEMENT_3D('',#3581,#3582,#3583);
#3585=CIRCLE('',#3584,1.5);
#3586=EDGE_CURVE('',#3580,#3580,#3585,.T.);
#3587=ORIENTED_EDGE('',*,*,#3586,.T.);
#3588=EDGE_LOOP('',(#3587));
#3589=FACE_BOUND('',#3588,.T.);
#3590=CARTESIAN_POINT('',(-30.640881369,-8.57506,6.496359641));
#3591=VERTEX_POINT('',#3590);
#3592=CARTESIAN_POINT('',(-30.640881369,-8.07506,6.496359641));
#3593=DIRECTION('',(-0.,-0.,-1.));
#3594=DIRECTION('',(1.,0.,-0.));
#3595=AXIS2_PLACEMENT_3D('',#3592,#3593,#3594);
#3596=CIRCLE('',#3595,0.5);
#3597=EDGE_CURVE('',#3591,#3591,#3596,.T.);
#3598=ORIENTED_EDGE('',*,*,#3597,.T.);
#3599=EDGE_LOOP('',(#3598));
#3600=FACE_BOUND('',#3599,.T.);
#3601=CARTESIAN_POINT('',(-30.860881369,-7.27506,6.496359641));
#3602=VERTEX_POINT('',#3601);
#3603=CARTESIAN_POINT('',(-30.860881369,-6.77506,6.496359641));
#3604=DIRECTION('',(-0.,-0.,-1.));
#3605=DIRECTION('',(1.,0.,-0.));
#3606=AXIS2_PLACEMENT_3D('',#3603,#3604,#3605);
#3607=CIRCLE('',#3606,0.5);
#3608=EDGE_CURVE('',#3602,#3602,#3607,.T.);
#3609=ORIENTED_EDGE('',*,*,#3608,.T.);
#3610=EDGE_LOOP('',(#3609));
#3611=FACE_BOUND('',#3610,.T.);
#3612=CARTESIAN_POINT('',(-47.860881369,-3.02506,6.496359641));
#3613=VERTEX_POINT('',#3612);
#3614=CARTESIAN_POINT('',(-47.860881369,-2.52506,6.496359641));
#3615=DIRECTION('',(-0.,-0.,-1.));
#3616=DIRECTION('',(1.,0.,-0.));
#3617=AXIS2_PLACEMENT_3D('',#3614,#3615,#3616);
#3618=CIRCLE('',#3617,0.5);
#3619=EDGE_CURVE('',#3613,#3613,#3618,.T.);
#3620=ORIENTED_EDGE('',*,*,#3619,.T.);
#3621=EDGE_LOOP('',(#3620));
#3622=FACE_BOUND('',#3621,.T.);
#3623=CARTESIAN_POINT('',(-47.640881369,-4.32506,6.496359641));
#3624=VERTEX_POINT('',#3623);
#3625=CARTESIAN_POINT('',(-47.640881369,-3.82506,6.496359641));
#3626=DIRECTION('',(-0.,-0.,-1.));
#3627=DIRECTION('',(1.,0.,-0.));
#3628=AXIS2_PLACEMENT_3D('',#3625,#3626,#3627);
#3629=CIRCLE('',#3628,0.5);
#3630=EDGE_CURVE('',#3624,#3624,#3629,.T.);
#3631=ORIENTED_EDGE('',*,*,#3630,.T.);
#3632=EDGE_LOOP('',(#3631));
#3633=FACE_BOUND('',#3632,.T.);
#3634=CARTESIAN_POINT('',(-45.137281369,-2.31866,6.496359641));
#3635=VERTEX_POINT('',#3634);
#3636=CARTESIAN_POINT('',(-45.137281369,-3.13146,6.496359641));
#3637=VERTEX_POINT('',#3636);
#3638=CARTESIAN_POINT('',(-45.137281369,-2.72506,6.496359641));
#3639=DIRECTION('',(-0.,-0.,-1.));
#3640=DIRECTION('',(1.,0.,-0.));
#3641=AXIS2_PLACEMENT_3D('',#3638,#3639,#3640);
#3642=CIRCLE('',#3641,0.4064);
#3643=EDGE_CURVE('',#3635,#3637,#3642,.T.);
#3644=ORIENTED_EDGE('',*,*,#3643,.T.);
#3645=CARTESIAN_POINT('',(-45.144481369,-3.13146,6.496359641));
#3646=VERTEX_POINT('',#3645);
#3647=CARTESIAN_POINT('',(-45.137281369,-3.13146,6.496359641));
#3648=DIRECTION('',(-1.,0.,0.));
#3649=VECTOR('',#3648,0.0072);
#3650=LINE('',#3647,#3649);
#3651=EDGE_CURVE('',#3637,#3646,#3650,.T.);
#3652=ORIENTED_EDGE('',*,*,#3651,.T.);
#3653=CARTESIAN_POINT('',(-45.144481369,-2.31866,6.496359641));
#3654=VERTEX_POINT('',#3653);
#3655=CARTESIAN_POINT('',(-45.144481369,-2.72506,6.496359641));
#3656=DIRECTION('',(-0.,-0.,-1.));
#3657=DIRECTION('',(1.,0.,-0.));
#3658=AXIS2_PLACEMENT_3D('',#3655,#3656,#3657);
#3659=CIRCLE('',#3658,0.4064);
#3660=EDGE_CURVE('',#3646,#3654,#3659,.T.);
#3661=ORIENTED_EDGE('',*,*,#3660,.T.);
#3662=CARTESIAN_POINT('',(-45.144481369,-2.31866,6.496359641));
#3663=DIRECTION('',(1.,0.,-0.));
#3664=VECTOR('',#3663,0.0072);
#3665=LINE('',#3662,#3664);
#3666=EDGE_CURVE('',#3654,#3635,#3665,.T.);
#3667=ORIENTED_EDGE('',*,*,#3666,.T.);
#3668=EDGE_LOOP('',(#3644,#3652,#3661,#3667));
#3669=FACE_BOUND('',#3668,.T.);
#3670=CARTESIAN_POINT('',(-42.637281369,-2.31866,6.496359641));
#3671=VERTEX_POINT('',#3670);
#3672=CARTESIAN_POINT('',(-42.637281369,-3.13146,6.496359641));
#3673=VERTEX_POINT('',#3672);
#3674=CARTESIAN_POINT('',(-42.637281369,-2.72506,6.496359641));
#3675=DIRECTION('',(-0.,-0.,-1.));
#3676=DIRECTION('',(1.,0.,-0.));
#3677=AXIS2_PLACEMENT_3D('',#3674,#3675,#3676);
#3678=CIRCLE('',#3677,0.4064);
#3679=EDGE_CURVE('',#3671,#3673,#3678,.T.);
#3680=ORIENTED_EDGE('',*,*,#3679,.T.);
#3681=CARTESIAN_POINT('',(-42.644481369,-3.13146,6.496359641));
#3682=VERTEX_POINT('',#3681);
#3683=CARTESIAN_POINT('',(-42.637281369,-3.13146,6.496359641));
#3684=DIRECTION('',(-1.,0.,0.));
#3685=VECTOR('',#3684,0.0072);
#3686=LINE('',#3683,#3685);
#3687=EDGE_CURVE('',#3673,#3682,#3686,.T.);
#3688=ORIENTED_EDGE('',*,*,#3687,.T.);
#3689=CARTESIAN_POINT('',(-42.644481369,-2.31866,6.496359641));
#3690=VERTEX_POINT('',#3689);
#3691=CARTESIAN_POINT('',(-42.644481369,-2.72506,6.496359641));
#3692=DIRECTION('',(-0.,-0.,-1.));
#3693=DIRECTION('',(1.,0.,-0.));
#3694=AXIS2_PLACEMENT_3D('',#3691,#3692,#3693);
#3695=CIRCLE('',#3694,0.4064);
#3696=EDGE_CURVE('',#3682,#3690,#3695,.T.);
#3697=ORIENTED_EDGE('',*,*,#3696,.T.);
#3698=CARTESIAN_POINT('',(-42.644481369,-2.31866,6.496359641));
#3699=DIRECTION('',(1.,0.,-0.));
#3700=VECTOR('',#3699,0.0072);
#3701=LINE('',#3698,#3700);
#3702=EDGE_CURVE('',#3690,#3671,#3701,.T.);
#3703=ORIENTED_EDGE('',*,*,#3702,.T.);
#3704=EDGE_LOOP('',(#3680,#3688,#3697,#3703));
#3705=FACE_BOUND('',#3704,.T.);
#3706=CARTESIAN_POINT('',(-40.137281369,-2.31866,6.496359641));
#3707=VERTEX_POINT('',#3706);
#3708=CARTESIAN_POINT('',(-40.137281369,-3.13146,6.496359641));
#3709=VERTEX_POINT('',#3708);
#3710=CARTESIAN_POINT('',(-40.137281369,-2.72506,6.496359641));
#3711=DIRECTION('',(-0.,-0.,-1.));
#3712=DIRECTION('',(1.,0.,-0.));
#3713=AXIS2_PLACEMENT_3D('',#3710,#3711,#3712);
#3714=CIRCLE('',#3713,0.4064);
#3715=EDGE_CURVE('',#3707,#3709,#3714,.T.);
#3716=ORIENTED_EDGE('',*,*,#3715,.T.);
#3717=CARTESIAN_POINT('',(-40.144481369,-3.13146,6.496359641));
#3718=VERTEX_POINT('',#3717);
#3719=CARTESIAN_POINT('',(-40.137281369,-3.13146,6.496359641));
#3720=DIRECTION('',(-1.,0.,0.));
#3721=VECTOR('',#3720,0.0072);
#3722=LINE('',#3719,#3721);
#3723=EDGE_CURVE('',#3709,#3718,#3722,.T.);
#3724=ORIENTED_EDGE('',*,*,#3723,.T.);
#3725=CARTESIAN_POINT('',(-40.144481369,-2.31866,6.496359641));
#3726=VERTEX_POINT('',#3725);
#3727=CARTESIAN_POINT('',(-40.144481369,-2.72506,6.496359641));
#3728=DIRECTION('',(-0.,-0.,-1.));
#3729=DIRECTION('',(1.,0.,-0.));
#3730=AXIS2_PLACEMENT_3D('',#3727,#3728,#3729);
#3731=CIRCLE('',#3730,0.4064);
#3732=EDGE_CURVE('',#3718,#3726,#3731,.T.);
#3733=ORIENTED_EDGE('',*,*,#3732,.T.);
#3734=CARTESIAN_POINT('',(-40.144481369,-2.31866,6.496359641));
#3735=DIRECTION('',(1.,0.,-0.));
#3736=VECTOR('',#3735,0.0072);
#3737=LINE('',#3734,#3736);
#3738=EDGE_CURVE('',#3726,#3707,#3737,.T.);
#3739=ORIENTED_EDGE('',*,*,#3738,.T.);
#3740=EDGE_LOOP('',(#3716,#3724,#3733,#3739));
#3741=FACE_BOUND('',#3740,.T.);
#3742=CARTESIAN_POINT('',(-48.140881369,0.82494,6.496359641));
#3743=VERTEX_POINT('',#3742);
#3744=CARTESIAN_POINT('',(-48.140881369,1.67494,6.496359641));
#3745=DIRECTION('',(-0.,-0.,-1.));
#3746=DIRECTION('',(1.,0.,-0.));
#3747=AXIS2_PLACEMENT_3D('',#3744,#3745,#3746);
#3748=CIRCLE('',#3747,0.85);
#3749=EDGE_CURVE('',#3743,#3743,#3748,.T.);
#3750=ORIENTED_EDGE('',*,*,#3749,.T.);
#3751=EDGE_LOOP('',(#3750));
#3752=FACE_BOUND('',#3751,.T.);
#3753=CARTESIAN_POINT('',(-42.640881369,-0.82506,6.496359641));
#3754=VERTEX_POINT('',#3753);
#3755=CARTESIAN_POINT('',(-42.640881369,1.67494,6.496359641));
#3756=DIRECTION('',(-0.,-0.,-1.));
#3757=DIRECTION('',(1.,0.,-0.));
#3758=AXIS2_PLACEMENT_3D('',#3755,#3756,#3757);
#3759=CIRCLE('',#3758,2.5);
#3760=EDGE_CURVE('',#3754,#3754,#3759,.T.);
#3761=ORIENTED_EDGE('',*,*,#3760,.T.);
#3762=EDGE_LOOP('',(#3761));
#3763=FACE_BOUND('',#3762,.T.);
#3764=CARTESIAN_POINT('',(-37.140881369,0.82494,6.496359641));
#3765=VERTEX_POINT('',#3764);
#3766=CARTESIAN_POINT('',(-37.140881369,1.67494,6.496359641));
#3767=DIRECTION('',(-0.,-0.,-1.));
#3768=DIRECTION('',(1.,0.,-0.));
#3769=AXIS2_PLACEMENT_3D('',#3766,#3767,#3768);
#3770=CIRCLE('',#3769,0.85);
#3771=EDGE_CURVE('',#3765,#3765,#3770,.T.);
#3772=ORIENTED_EDGE('',*,*,#3771,.T.);
#3773=EDGE_LOOP('',(#3772));
#3774=FACE_BOUND('',#3773,.T.);
#3775=CARTESIAN_POINT('',(-31.140881369,-3.42506,6.496359641));
#3776=VERTEX_POINT('',#3775);
#3777=CARTESIAN_POINT('',(-31.140881369,-2.57506,6.496359641));
#3778=DIRECTION('',(-0.,-0.,-1.));
#3779=DIRECTION('',(1.,0.,-0.));
#3780=AXIS2_PLACEMENT_3D('',#3777,#3778,#3779);
#3781=CIRCLE('',#3780,0.85);
#3782=EDGE_CURVE('',#3776,#3776,#3781,.T.);
#3783=ORIENTED_EDGE('',*,*,#3782,.T.);
#3784=EDGE_LOOP('',(#3783));
#3785=FACE_BOUND('',#3784,.T.);
#3786=CARTESIAN_POINT('',(-25.640881369,-5.07506,6.496359641));
#3787=VERTEX_POINT('',#3786);
#3788=CARTESIAN_POINT('',(-25.640881369,-2.57506,6.496359641));
#3789=DIRECTION('',(-0.,-0.,-1.));
#3790=DIRECTION('',(1.,0.,-0.));
#3791=AXIS2_PLACEMENT_3D('',#3788,#3789,#3790);
#3792=CIRCLE('',#3791,2.5);
#3793=EDGE_CURVE('',#3787,#3787,#3792,.T.);
#3794=ORIENTED_EDGE('',*,*,#3793,.T.);
#3795=EDGE_LOOP('',(#3794));
#3796=FACE_BOUND('',#3795,.T.);
#3797=CARTESIAN_POINT('',(-25.640881369,1.82494,6.496359641));
#3798=VERTEX_POINT('',#3797);
#3799=CARTESIAN_POINT('',(-25.640881369,3.32494,6.496359641));
#3800=DIRECTION('',(-0.,-0.,-1.));
#3801=DIRECTION('',(1.,0.,-0.));
#3802=AXIS2_PLACEMENT_3D('',#3799,#3800,#3801);
#3803=CIRCLE('',#3802,1.5);
#3804=EDGE_CURVE('',#3798,#3798,#3803,.T.);
#3805=ORIENTED_EDGE('',*,*,#3804,.T.);
#3806=EDGE_LOOP('',(#3805));
#3807=FACE_BOUND('',#3806,.T.);
#3808=CARTESIAN_POINT('',(-4.390881369,-16.53506,6.496359641));
#3809=VERTEX_POINT('',#3808);
#3810=CARTESIAN_POINT('',(-4.390881369,-15.03506,6.496359641));
#3811=DIRECTION('',(-0.,-0.,-1.));
#3812=DIRECTION('',(1.,0.,-0.));
#3813=AXIS2_PLACEMENT_3D('',#3810,#3811,#3812);
#3814=CIRCLE('',#3813,1.5);
#3815=EDGE_CURVE('',#3809,#3809,#3814,.T.);
#3816=ORIENTED_EDGE('',*,*,#3815,.T.);
#3817=EDGE_LOOP('',(#3816));
#3818=FACE_BOUND('',#3817,.T.);
#3819=CARTESIAN_POINT('',(-20.140881369,-3.42506,6.496359641));
#3820=VERTEX_POINT('',#3819);
#3821=CARTESIAN_POINT('',(-20.140881369,-2.57506,6.496359641));
#3822=DIRECTION('',(-0.,-0.,-1.));
#3823=DIRECTION('',(1.,0.,-0.));
#3824=AXIS2_PLACEMENT_3D('',#3821,#3822,#3823);
#3825=CIRCLE('',#3824,0.85);
#3826=EDGE_CURVE('',#3820,#3820,#3825,.T.);
#3827=ORIENTED_EDGE('',*,*,#3826,.T.);
#3828=EDGE_LOOP('',(#3827));
#3829=FACE_BOUND('',#3828,.T.);
#3830=CARTESIAN_POINT('',(-13.640881369,-6.45006,6.496359641));
#3831=VERTEX_POINT('',#3830);
#3832=CARTESIAN_POINT('',(-13.640881369,-5.95006,6.496359641));
#3833=DIRECTION('',(-0.,-0.,-1.));
#3834=DIRECTION('',(1.,0.,-0.));
#3835=AXIS2_PLACEMENT_3D('',#3832,#3833,#3834);
#3836=CIRCLE('',#3835,0.5);
#3837=EDGE_CURVE('',#3831,#3831,#3836,.T.);
#3838=ORIENTED_EDGE('',*,*,#3837,.T.);
#3839=EDGE_LOOP('',(#3838));
#3840=FACE_BOUND('',#3839,.T.);
#3841=CARTESIAN_POINT('',(-13.860881369,-5.15006,6.496359641));
#3842=VERTEX_POINT('',#3841);
#3843=CARTESIAN_POINT('',(-13.860881369,-4.65006,6.496359641));
#3844=DIRECTION('',(-0.,-0.,-1.));
#3845=DIRECTION('',(1.,0.,-0.));
#3846=AXIS2_PLACEMENT_3D('',#3843,#3844,#3845);
#3847=CIRCLE('',#3846,0.5);
#3848=EDGE_CURVE('',#3842,#3842,#3847,.T.);
#3849=ORIENTED_EDGE('',*,*,#3848,.T.);
#3850=EDGE_LOOP('',(#3849));
#3851=FACE_BOUND('',#3850,.T.);
#3852=CARTESIAN_POINT('',(-20.640881369,-0.37506,6.496359641));
#3853=VERTEX_POINT('',#3852);
#3854=CARTESIAN_POINT('',(-20.640881369,1.12494,6.496359641));
#3855=DIRECTION('',(-0.,-0.,-1.));
#3856=DIRECTION('',(1.,0.,-0.));
#3857=AXIS2_PLACEMENT_3D('',#3854,#3855,#3856);
#3858=CIRCLE('',#3857,1.5);
#3859=EDGE_CURVE('',#3853,#3853,#3858,.T.);
#3860=ORIENTED_EDGE('',*,*,#3859,.T.);
#3861=EDGE_LOOP('',(#3860));
#3862=FACE_BOUND('',#3861,.T.);
#3863=CARTESIAN_POINT('',(-14.140881369,-1.30006,6.496359641));
#3864=VERTEX_POINT('',#3863);
#3865=CARTESIAN_POINT('',(-14.140881369,-0.45006,6.496359641));
#3866=DIRECTION('',(-0.,-0.,-1.));
#3867=DIRECTION('',(1.,0.,-0.));
#3868=AXIS2_PLACEMENT_3D('',#3865,#3866,#3867);
#3869=CIRCLE('',#3868,0.85);
#3870=EDGE_CURVE('',#3864,#3864,#3869,.T.);
#3871=ORIENTED_EDGE('',*,*,#3870,.T.);
#3872=EDGE_LOOP('',(#3871));
#3873=FACE_BOUND('',#3872,.T.);
#3874=CARTESIAN_POINT('',(-8.640881369,-2.95006,6.496359641));
#3875=VERTEX_POINT('',#3874);
#3876=CARTESIAN_POINT('',(-8.640881369,-0.45006,6.496359641));
#3877=DIRECTION('',(-0.,-0.,-1.));
#3878=DIRECTION('',(1.,0.,-0.));
#3879=AXIS2_PLACEMENT_3D('',#3876,#3877,#3878);
#3880=CIRCLE('',#3879,2.5);
#3881=EDGE_CURVE('',#3875,#3875,#3880,.T.);
#3882=ORIENTED_EDGE('',*,*,#3881,.T.);
#3883=EDGE_LOOP('',(#3882));
#3884=FACE_BOUND('',#3883,.T.);
#3885=CARTESIAN_POINT('',(3.359118631,-4.32506,6.496359641));
#3886=VERTEX_POINT('',#3885);
#3887=CARTESIAN_POINT('',(3.359118631,-3.82506,6.496359641));
#3888=DIRECTION('',(-0.,-0.,-1.));
#3889=DIRECTION('',(1.,0.,-0.));
#3890=AXIS2_PLACEMENT_3D('',#3887,#3888,#3889);
#3891=CIRCLE('',#3890,0.5);
#3892=EDGE_CURVE('',#3886,#3886,#3891,.T.);
#3893=ORIENTED_EDGE('',*,*,#3892,.T.);
#3894=EDGE_LOOP('',(#3893));
#3895=FACE_BOUND('',#3894,.T.);
#3896=CARTESIAN_POINT('',(3.139118631,-3.02506,6.496359641));
#3897=VERTEX_POINT('',#3896);
#3898=CARTESIAN_POINT('',(3.139118631,-2.52506,6.496359641));
#3899=DIRECTION('',(-0.,-0.,-1.));
#3900=DIRECTION('',(1.,0.,-0.));
#3901=AXIS2_PLACEMENT_3D('',#3898,#3899,#3900);
#3902=CIRCLE('',#3901,0.5);
#3903=EDGE_CURVE('',#3897,#3897,#3902,.T.);
#3904=ORIENTED_EDGE('',*,*,#3903,.T.);
#3905=EDGE_LOOP('',(#3904));
#3906=FACE_BOUND('',#3905,.T.);
#3907=CARTESIAN_POINT('',(-3.140881369,-1.30006,6.496359641));
#3908=VERTEX_POINT('',#3907);
#3909=CARTESIAN_POINT('',(-3.140881369,-0.45006,6.496359641));
#3910=DIRECTION('',(-0.,-0.,-1.));
#3911=DIRECTION('',(1.,0.,-0.));
#3912=AXIS2_PLACEMENT_3D('',#3909,#3910,#3911);
#3913=CIRCLE('',#3912,0.85);
#3914=EDGE_CURVE('',#3908,#3908,#3913,.T.);
#3915=ORIENTED_EDGE('',*,*,#3914,.T.);
#3916=EDGE_LOOP('',(#3915));
#3917=FACE_BOUND('',#3916,.T.);
#3918=CARTESIAN_POINT('',(-3.640881369,1.74994,6.496359641));
#3919=VERTEX_POINT('',#3918);
#3920=CARTESIAN_POINT('',(-3.640881369,3.24994,6.496359641));
#3921=DIRECTION('',(-0.,-0.,-1.));
#3922=DIRECTION('',(1.,0.,-0.));
#3923=AXIS2_PLACEMENT_3D('',#3920,#3921,#3922);
#3924=CIRCLE('',#3923,1.5);
#3925=EDGE_CURVE('',#3919,#3919,#3924,.T.);
#3926=ORIENTED_EDGE('',*,*,#3925,.T.);
#3927=EDGE_LOOP('',(#3926));
#3928=FACE_BOUND('',#3927,.T.);
#3929=CARTESIAN_POINT('',(2.859118631,0.82494,6.496359641));
#3930=VERTEX_POINT('',#3929);
#3931=CARTESIAN_POINT('',(2.859118631,1.67494,6.496359641));
#3932=DIRECTION('',(-0.,-0.,-1.));
#3933=DIRECTION('',(1.,0.,-0.));
#3934=AXIS2_PLACEMENT_3D('',#3931,#3932,#3933);
#3935=CIRCLE('',#3934,0.85);
#3936=EDGE_CURVE('',#3930,#3930,#3935,.T.);
#3937=ORIENTED_EDGE('',*,*,#3936,.T.);
#3938=EDGE_LOOP('',(#3937));
#3939=FACE_BOUND('',#3938,.T.);
#3940=CARTESIAN_POINT('',(20.359118631,-23.45006,6.496359641));
#3941=VERTEX_POINT('',#3940);
#3942=CARTESIAN_POINT('',(20.359118631,-22.95006,6.496359641));
#3943=DIRECTION('',(-0.,-0.,-1.));
#3944=DIRECTION('',(1.,0.,-0.));
#3945=AXIS2_PLACEMENT_3D('',#3942,#3943,#3944);
#3946=CIRCLE('',#3945,0.5);
#3947=EDGE_CURVE('',#3941,#3941,#3946,.T.);
#3948=ORIENTED_EDGE('',*,*,#3947,.T.);
#3949=EDGE_LOOP('',(#3948));
#3950=FACE_BOUND('',#3949,.T.);
#3951=CARTESIAN_POINT('',(20.139118631,-22.15006,6.496359641));
#3952=VERTEX_POINT('',#3951);
#3953=CARTESIAN_POINT('',(20.139118631,-21.65006,6.496359641));
#3954=DIRECTION('',(-0.,-0.,-1.));
#3955=DIRECTION('',(1.,0.,-0.));
#3956=AXIS2_PLACEMENT_3D('',#3953,#3954,#3955);
#3957=CIRCLE('',#3956,0.5);
#3958=EDGE_CURVE('',#3952,#3952,#3957,.T.);
#3959=ORIENTED_EDGE('',*,*,#3958,.T.);
#3960=EDGE_LOOP('',(#3959));
#3961=FACE_BOUND('',#3960,.T.);
#3962=CARTESIAN_POINT('',(19.859118631,-18.30006,6.496359641));
#3963=VERTEX_POINT('',#3962);
#3964=CARTESIAN_POINT('',(19.859118631,-17.45006,6.496359641));
#3965=DIRECTION('',(-0.,-0.,-1.));
#3966=DIRECTION('',(1.,0.,-0.));
#3967=AXIS2_PLACEMENT_3D('',#3964,#3965,#3966);
#3968=CIRCLE('',#3967,0.85);
#3969=EDGE_CURVE('',#3963,#3963,#3968,.T.);
#3970=ORIENTED_EDGE('',*,*,#3969,.T.);
#3971=EDGE_LOOP('',(#3970));
#3972=FACE_BOUND('',#3971,.T.);
#3973=CARTESIAN_POINT('',(25.359118631,-19.95006,6.496359641));
#3974=VERTEX_POINT('',#3973);
#3975=CARTESIAN_POINT('',(25.359118631,-17.45006,6.496359641));
#3976=DIRECTION('',(-0.,-0.,-1.));
#3977=DIRECTION('',(1.,0.,-0.));
#3978=AXIS2_PLACEMENT_3D('',#3975,#3976,#3977);
#3979=CIRCLE('',#3978,2.5);
#3980=EDGE_CURVE('',#3974,#3974,#3979,.T.);
#3981=ORIENTED_EDGE('',*,*,#3980,.T.);
#3982=EDGE_LOOP('',(#3981));
#3983=FACE_BOUND('',#3982,.T.);
#3984=CARTESIAN_POINT('',(30.859118631,-18.30006,6.496359641));
#3985=VERTEX_POINT('',#3984);
#3986=CARTESIAN_POINT('',(30.859118631,-17.45006,6.496359641));
#3987=DIRECTION('',(-0.,-0.,-1.));
#3988=DIRECTION('',(1.,0.,-0.));
#3989=AXIS2_PLACEMENT_3D('',#3986,#3987,#3988);
#3990=CIRCLE('',#3989,0.85);
#3991=EDGE_CURVE('',#3985,#3985,#3990,.T.);
#3992=ORIENTED_EDGE('',*,*,#3991,.T.);
#3993=EDGE_LOOP('',(#3992));
#3994=FACE_BOUND('',#3993,.T.);
#3995=CARTESIAN_POINT('',(37.359118631,-27.70006,6.496359641));
#3996=VERTEX_POINT('',#3995);
#3997=CARTESIAN_POINT('',(37.359118631,-27.20006,6.496359641));
#3998=DIRECTION('',(-0.,-0.,-1.));
#3999=DIRECTION('',(1.,0.,-0.));
#4000=AXIS2_PLACEMENT_3D('',#3997,#3998,#3999);
#4001=CIRCLE('',#4000,0.5);
#4002=EDGE_CURVE('',#3996,#3996,#4001,.T.);
#4003=ORIENTED_EDGE('',*,*,#4002,.T.);
#4004=EDGE_LOOP('',(#4003));
#4005=FACE_BOUND('',#4004,.T.);
#4006=CARTESIAN_POINT('',(54.359118631,-27.70006,6.496359641));
#4007=VERTEX_POINT('',#4006);
#4008=CARTESIAN_POINT('',(54.359118631,-27.20006,6.496359641));
#4009=DIRECTION('',(-0.,-0.,-1.));
#4010=DIRECTION('',(1.,0.,-0.));
#4011=AXIS2_PLACEMENT_3D('',#4008,#4009,#4010);
#4012=CIRCLE('',#4011,0.5);
#4013=EDGE_CURVE('',#4007,#4007,#4012,.T.);
#4014=ORIENTED_EDGE('',*,*,#4013,.T.);
#4015=EDGE_LOOP('',(#4014));
#4016=FACE_BOUND('',#4015,.T.);
#4017=CARTESIAN_POINT('',(37.139118631,-26.40006,6.496359641));
#4018=VERTEX_POINT('',#4017);
#4019=CARTESIAN_POINT('',(37.139118631,-25.90006,6.496359641));
#4020=DIRECTION('',(-0.,-0.,-1.));
#4021=DIRECTION('',(1.,0.,-0.));
#4022=AXIS2_PLACEMENT_3D('',#4019,#4020,#4021);
#4023=CIRCLE('',#4022,0.5);
#4024=EDGE_CURVE('',#4018,#4018,#4023,.T.);
#4025=ORIENTED_EDGE('',*,*,#4024,.T.);
#4026=EDGE_LOOP('',(#4025));
#4027=FACE_BOUND('',#4026,.T.);
#4028=CARTESIAN_POINT('',(36.859118631,-22.55006,6.496359641));
#4029=VERTEX_POINT('',#4028);
#4030=CARTESIAN_POINT('',(36.859118631,-21.70006,6.496359641));
#4031=DIRECTION('',(-0.,-0.,-1.));
#4032=DIRECTION('',(1.,0.,-0.));
#4033=AXIS2_PLACEMENT_3D('',#4030,#4031,#4032);
#4034=CIRCLE('',#4033,0.85);
#4035=EDGE_CURVE('',#4029,#4029,#4034,.T.);
#4036=ORIENTED_EDGE('',*,*,#4035,.T.);
#4037=EDGE_LOOP('',(#4036));
#4038=FACE_BOUND('',#4037,.T.);
#4039=CARTESIAN_POINT('',(42.359118631,-24.20006,6.496359641));
#4040=VERTEX_POINT('',#4039);
#4041=CARTESIAN_POINT('',(42.359118631,-21.70006,6.496359641));
#4042=DIRECTION('',(-0.,-0.,-1.));
#4043=DIRECTION('',(1.,0.,-0.));
#4044=AXIS2_PLACEMENT_3D('',#4041,#4042,#4043);
#4045=CIRCLE('',#4044,2.5);
#4046=EDGE_CURVE('',#4040,#4040,#4045,.T.);
#4047=ORIENTED_EDGE('',*,*,#4046,.T.);
#4048=EDGE_LOOP('',(#4047));
#4049=FACE_BOUND('',#4048,.T.);
#4050=CARTESIAN_POINT('',(47.859118631,-22.55006,6.496359641));
#4051=VERTEX_POINT('',#4050);
#4052=CARTESIAN_POINT('',(47.859118631,-21.70006,6.496359641));
#4053=DIRECTION('',(-0.,-0.,-1.));
#4054=DIRECTION('',(1.,0.,-0.));
#4055=AXIS2_PLACEMENT_3D('',#4052,#4053,#4054);
#4056=CIRCLE('',#4055,0.85);
#4057=EDGE_CURVE('',#4051,#4051,#4056,.T.);
#4058=ORIENTED_EDGE('',*,*,#4057,.T.);
#4059=EDGE_LOOP('',(#4058));
#4060=FACE_BOUND('',#4059,.T.);
#4061=CARTESIAN_POINT('',(47.359118631,-19.50006,6.496359641));
#4062=VERTEX_POINT('',#4061);
#4063=CARTESIAN_POINT('',(47.359118631,-18.00006,6.496359641));
#4064=DIRECTION('',(-0.,-0.,-1.));
#4065=DIRECTION('',(1.,0.,-0.));
#4066=AXIS2_PLACEMENT_3D('',#4063,#4064,#4065);
#4067=CIRCLE('',#4066,1.5);
#4068=EDGE_CURVE('',#4062,#4062,#4067,.T.);
#4069=ORIENTED_EDGE('',*,*,#4068,.T.);
#4070=EDGE_LOOP('',(#4069));
#4071=FACE_BOUND('',#4070,.T.);
#4072=CARTESIAN_POINT('',(54.139118631,-26.40006,6.496359641));
#4073=VERTEX_POINT('',#4072);
#4074=CARTESIAN_POINT('',(54.139118631,-25.90006,6.496359641));
#4075=DIRECTION('',(-0.,-0.,-1.));
#4076=DIRECTION('',(1.,0.,-0.));
#4077=AXIS2_PLACEMENT_3D('',#4074,#4075,#4076);
#4078=CIRCLE('',#4077,0.5);
#4079=EDGE_CURVE('',#4073,#4073,#4078,.T.);
#4080=ORIENTED_EDGE('',*,*,#4079,.T.);
#4081=EDGE_LOOP('',(#4080));
#4082=FACE_BOUND('',#4081,.T.);
#4083=CARTESIAN_POINT('',(53.859118631,-22.55006,6.496359641));
#4084=VERTEX_POINT('',#4083);
#4085=CARTESIAN_POINT('',(53.859118631,-21.70006,6.496359641));
#4086=DIRECTION('',(-0.,-0.,-1.));
#4087=DIRECTION('',(1.,0.,-0.));
#4088=AXIS2_PLACEMENT_3D('',#4085,#4086,#4087);
#4089=CIRCLE('',#4088,0.85);
#4090=EDGE_CURVE('',#4084,#4084,#4089,.T.);
#4091=ORIENTED_EDGE('',*,*,#4090,.T.);
#4092=EDGE_LOOP('',(#4091));
#4093=FACE_BOUND('',#4092,.T.);
#4094=CARTESIAN_POINT('',(59.359118631,-24.20006,6.496359641));
#4095=VERTEX_POINT('',#4094);
#4096=CARTESIAN_POINT('',(59.359118631,-21.70006,6.496359641));
#4097=DIRECTION('',(-0.,-0.,-1.));
#4098=DIRECTION('',(1.,0.,-0.));
#4099=AXIS2_PLACEMENT_3D('',#4096,#4097,#4098);
#4100=CIRCLE('',#4099,2.5);
#4101=EDGE_CURVE('',#4095,#4095,#4100,.T.);
#4102=ORIENTED_EDGE('',*,*,#4101,.T.);
#4103=EDGE_LOOP('',(#4102));
#4104=FACE_BOUND('',#4103,.T.);
#4105=CARTESIAN_POINT('',(64.859118631,-22.55006,6.496359641));
#4106=VERTEX_POINT('',#4105);
#4107=CARTESIAN_POINT('',(64.859118631,-21.70006,6.496359641));
#4108=DIRECTION('',(-0.,-0.,-1.));
#4109=DIRECTION('',(1.,0.,-0.));
#4110=AXIS2_PLACEMENT_3D('',#4107,#4108,#4109);
#4111=CIRCLE('',#4110,0.85);
#4112=EDGE_CURVE('',#4106,#4106,#4111,.T.);
#4113=ORIENTED_EDGE('',*,*,#4112,.T.);
#4114=EDGE_LOOP('',(#4113));
#4115=FACE_BOUND('',#4114,.T.);
#4116=CARTESIAN_POINT('',(64.359118631,-19.50006,6.496359641));
#4117=VERTEX_POINT('',#4116);
#4118=CARTESIAN_POINT('',(64.359118631,-18.00006,6.496359641));
#4119=DIRECTION('',(-0.,-0.,-1.));
#4120=DIRECTION('',(1.,0.,-0.));
#4121=AXIS2_PLACEMENT_3D('',#4118,#4119,#4120);
#4122=CIRCLE('',#4121,1.5);
#4123=EDGE_CURVE('',#4117,#4117,#4122,.T.);
#4124=ORIENTED_EDGE('',*,*,#4123,.T.);
#4125=EDGE_LOOP('',(#4124));
#4126=FACE_BOUND('',#4125,.T.);
#4127=CARTESIAN_POINT('',(25.359118631,-13.05006,6.496359641));
#4128=VERTEX_POINT('',#4127);
#4129=CARTESIAN_POINT('',(25.359118631,-11.55006,6.496359641));
#4130=DIRECTION('',(-0.,-0.,-1.));
#4131=DIRECTION('',(1.,0.,-0.));
#4132=AXIS2_PLACEMENT_3D('',#4129,#4130,#4131);
#4133=CIRCLE('',#4132,1.5);
#4134=EDGE_CURVE('',#4128,#4128,#4133,.T.);
#4135=ORIENTED_EDGE('',*,*,#4134,.T.);
#4136=EDGE_LOOP('',(#4135));
#4137=FACE_BOUND('',#4136,.T.);
#4138=CARTESIAN_POINT('',(30.359118631,-15.25006,6.496359641));
#4139=VERTEX_POINT('',#4138);
#4140=CARTESIAN_POINT('',(30.359118631,-13.75006,6.496359641));
#4141=DIRECTION('',(-0.,-0.,-1.));
#4142=DIRECTION('',(1.,0.,-0.));
#4143=AXIS2_PLACEMENT_3D('',#4140,#4141,#4142);
#4144=CIRCLE('',#4143,1.5);
#4145=EDGE_CURVE('',#4139,#4139,#4144,.T.);
#4146=ORIENTED_EDGE('',*,*,#4145,.T.);
#4147=EDGE_LOOP('',(#4146));
#4148=FACE_BOUND('',#4147,.T.);
#4149=CARTESIAN_POINT('',(20.359118631,-6.45006,6.496359641));
#4150=VERTEX_POINT('',#4149);
#4151=CARTESIAN_POINT('',(20.359118631,-5.95006,6.496359641));
#4152=DIRECTION('',(-0.,-0.,-1.));
#4153=DIRECTION('',(1.,0.,-0.));
#4154=AXIS2_PLACEMENT_3D('',#4151,#4152,#4153);
#4155=CIRCLE('',#4154,0.5);
#4156=EDGE_CURVE('',#4150,#4150,#4155,.T.);
#4157=ORIENTED_EDGE('',*,*,#4156,.T.);
#4158=EDGE_LOOP('',(#4157));
#4159=FACE_BOUND('',#4158,.T.);
#4160=CARTESIAN_POINT('',(20.139118631,-5.15006,6.496359641));
#4161=VERTEX_POINT('',#4160);
#4162=CARTESIAN_POINT('',(20.139118631,-4.65006,6.496359641));
#4163=DIRECTION('',(-0.,-0.,-1.));
#4164=DIRECTION('',(1.,0.,-0.));
#4165=AXIS2_PLACEMENT_3D('',#4162,#4163,#4164);
#4166=CIRCLE('',#4165,0.5);
#4167=EDGE_CURVE('',#4161,#4161,#4166,.T.);
#4168=ORIENTED_EDGE('',*,*,#4167,.T.);
#4169=EDGE_LOOP('',(#4168));
#4170=FACE_BOUND('',#4169,.T.);
#4171=CARTESIAN_POINT('',(8.359118631,-0.82506,6.496359641));
#4172=VERTEX_POINT('',#4171);
#4173=CARTESIAN_POINT('',(8.359118631,1.67494,6.496359641));
#4174=DIRECTION('',(-0.,-0.,-1.));
#4175=DIRECTION('',(1.,0.,-0.));
#4176=AXIS2_PLACEMENT_3D('',#4173,#4174,#4175);
#4177=CIRCLE('',#4176,2.5);
#4178=EDGE_CURVE('',#4172,#4172,#4177,.T.);
#4179=ORIENTED_EDGE('',*,*,#4178,.T.);
#4180=EDGE_LOOP('',(#4179));
#4181=FACE_BOUND('',#4180,.T.);
#4182=CARTESIAN_POINT('',(13.859118631,0.82494,6.496359641));
#4183=VERTEX_POINT('',#4182);
#4184=CARTESIAN_POINT('',(13.859118631,1.67494,6.496359641));
#4185=DIRECTION('',(-0.,-0.,-1.));
#4186=DIRECTION('',(1.,0.,-0.));
#4187=AXIS2_PLACEMENT_3D('',#4184,#4185,#4186);
#4188=CIRCLE('',#4187,0.85);
#4189=EDGE_CURVE('',#4183,#4183,#4188,.T.);
#4190=ORIENTED_EDGE('',*,*,#4189,.T.);
#4191=EDGE_LOOP('',(#4190));
#4192=FACE_BOUND('',#4191,.T.);
#4193=CARTESIAN_POINT('',(19.859118631,-1.30006,6.496359641));
#4194=VERTEX_POINT('',#4193);
#4195=CARTESIAN_POINT('',(19.859118631,-0.45006,6.496359641));
#4196=DIRECTION('',(-0.,-0.,-1.));
#4197=DIRECTION('',(1.,0.,-0.));
#4198=AXIS2_PLACEMENT_3D('',#4195,#4196,#4197);
#4199=CIRCLE('',#4198,0.85);
#4200=EDGE_CURVE('',#4194,#4194,#4199,.T.);
#4201=ORIENTED_EDGE('',*,*,#4200,.T.);
#4202=EDGE_LOOP('',(#4201));
#4203=FACE_BOUND('',#4202,.T.);
#4204=CARTESIAN_POINT('',(25.359118631,-2.95006,6.496359641));
#4205=VERTEX_POINT('',#4204);
#4206=CARTESIAN_POINT('',(25.359118631,-0.45006,6.496359641));
#4207=DIRECTION('',(-0.,-0.,-1.));
#4208=DIRECTION('',(1.,0.,-0.));
#4209=AXIS2_PLACEMENT_3D('',#4206,#4207,#4208);
#4210=CIRCLE('',#4209,2.5);
#4211=EDGE_CURVE('',#4205,#4205,#4210,.T.);
#4212=ORIENTED_EDGE('',*,*,#4211,.T.);
#4213=EDGE_LOOP('',(#4212));
#4214=FACE_BOUND('',#4213,.T.);
#4215=CARTESIAN_POINT('',(30.859118631,-1.30006,6.496359641));
#4216=VERTEX_POINT('',#4215);
#4217=CARTESIAN_POINT('',(30.859118631,-0.45006,6.496359641));
#4218=DIRECTION('',(-0.,-0.,-1.));
#4219=DIRECTION('',(1.,0.,-0.));
#4220=AXIS2_PLACEMENT_3D('',#4217,#4218,#4219);
#4221=CIRCLE('',#4220,0.85);
#4222=EDGE_CURVE('',#4216,#4216,#4221,.T.);
#4223=ORIENTED_EDGE('',*,*,#4222,.T.);
#4224=EDGE_LOOP('',(#4223));
#4225=FACE_BOUND('',#4224,.T.);
#4226=CARTESIAN_POINT('',(30.359118631,1.74994,6.496359641));
#4227=VERTEX_POINT('',#4226);
#4228=CARTESIAN_POINT('',(30.359118631,3.24994,6.496359641));
#4229=DIRECTION('',(-0.,-0.,-1.));
#4230=DIRECTION('',(1.,0.,-0.));
#4231=AXIS2_PLACEMENT_3D('',#4228,#4229,#4230);
#4232=CIRCLE('',#4231,1.5);
#4233=EDGE_CURVE('',#4227,#4227,#4232,.T.);
#4234=ORIENTED_EDGE('',*,*,#4233,.T.);
#4235=EDGE_LOOP('',(#4234));
#4236=FACE_BOUND('',#4235,.T.);
#4237=CARTESIAN_POINT('',(42.359118631,-17.30006,6.496359641));
#4238=VERTEX_POINT('',#4237);
#4239=CARTESIAN_POINT('',(42.359118631,-15.80006,6.496359641));
#4240=DIRECTION('',(-0.,-0.,-1.));
#4241=DIRECTION('',(1.,0.,-0.));
#4242=AXIS2_PLACEMENT_3D('',#4239,#4240,#4241);
#4243=CIRCLE('',#4242,1.5);
#4244=EDGE_CURVE('',#4238,#4238,#4243,.T.);
#4245=ORIENTED_EDGE('',*,*,#4244,.T.);
#4246=EDGE_LOOP('',(#4245));
#4247=FACE_BOUND('',#4246,.T.);
#4248=CARTESIAN_POINT('',(37.359118631,-10.70006,6.496359641));
#4249=VERTEX_POINT('',#4248);
#4250=CARTESIAN_POINT('',(37.359118631,-10.20006,6.496359641));
#4251=DIRECTION('',(-0.,-0.,-1.));
#4252=DIRECTION('',(1.,0.,-0.));
#4253=AXIS2_PLACEMENT_3D('',#4250,#4251,#4252);
#4254=CIRCLE('',#4253,0.5);
#4255=EDGE_CURVE('',#4249,#4249,#4254,.T.);
#4256=ORIENTED_EDGE('',*,*,#4255,.T.);
#4257=EDGE_LOOP('',(#4256));
#4258=FACE_BOUND('',#4257,.T.);
#4259=CARTESIAN_POINT('',(37.139118631,-9.40006,6.496359641));
#4260=VERTEX_POINT('',#4259);
#4261=CARTESIAN_POINT('',(37.139118631,-8.90006,6.496359641));
#4262=DIRECTION('',(-0.,-0.,-1.));
#4263=DIRECTION('',(1.,0.,-0.));
#4264=AXIS2_PLACEMENT_3D('',#4261,#4262,#4263);
#4265=CIRCLE('',#4264,0.5);
#4266=EDGE_CURVE('',#4260,#4260,#4265,.T.);
#4267=ORIENTED_EDGE('',*,*,#4266,.T.);
#4268=EDGE_LOOP('',(#4267));
#4269=FACE_BOUND('',#4268,.T.);
#4270=CARTESIAN_POINT('',(59.359118631,-17.30006,6.496359641));
#4271=VERTEX_POINT('',#4270);
#4272=CARTESIAN_POINT('',(59.359118631,-15.80006,6.496359641));
#4273=DIRECTION('',(-0.,-0.,-1.));
#4274=DIRECTION('',(1.,0.,-0.));
#4275=AXIS2_PLACEMENT_3D('',#4272,#4273,#4274);
#4276=CIRCLE('',#4275,1.5);
#4277=EDGE_CURVE('',#4271,#4271,#4276,.T.);
#4278=ORIENTED_EDGE('',*,*,#4277,.T.);
#4279=EDGE_LOOP('',(#4278));
#4280=FACE_BOUND('',#4279,.T.);
#4281=CARTESIAN_POINT('',(54.359118631,-10.70006,6.496359641));
#4282=VERTEX_POINT('',#4281);
#4283=CARTESIAN_POINT('',(54.359118631,-10.20006,6.496359641));
#4284=DIRECTION('',(-0.,-0.,-1.));
#4285=DIRECTION('',(1.,0.,-0.));
#4286=AXIS2_PLACEMENT_3D('',#4283,#4284,#4285);
#4287=CIRCLE('',#4286,0.5);
#4288=EDGE_CURVE('',#4282,#4282,#4287,.T.);
#4289=ORIENTED_EDGE('',*,*,#4288,.T.);
#4290=EDGE_LOOP('',(#4289));
#4291=FACE_BOUND('',#4290,.T.);
#4292=CARTESIAN_POINT('',(54.139118631,-9.40006,6.496359641));
#4293=VERTEX_POINT('',#4292);
#4294=CARTESIAN_POINT('',(54.139118631,-8.90006,6.496359641));
#4295=DIRECTION('',(-0.,-0.,-1.));
#4296=DIRECTION('',(1.,0.,-0.));
#4297=AXIS2_PLACEMENT_3D('',#4294,#4295,#4296);
#4298=CIRCLE('',#4297,0.5);
#4299=EDGE_CURVE('',#4293,#4293,#4298,.T.);
#4300=ORIENTED_EDGE('',*,*,#4299,.T.);
#4301=EDGE_LOOP('',(#4300));
#4302=FACE_BOUND('',#4301,.T.);
#4303=CARTESIAN_POINT('',(36.859118631,-5.55006,6.496359641));
#4304=VERTEX_POINT('',#4303);
#4305=CARTESIAN_POINT('',(36.859118631,-4.70006,6.496359641));
#4306=DIRECTION('',(-0.,-0.,-1.));
#4307=DIRECTION('',(1.,0.,-0.));
#4308=AXIS2_PLACEMENT_3D('',#4305,#4306,#4307);
#4309=CIRCLE('',#4308,0.85);
#4310=EDGE_CURVE('',#4304,#4304,#4309,.T.);
#4311=ORIENTED_EDGE('',*,*,#4310,.T.);
#4312=EDGE_LOOP('',(#4311));
#4313=FACE_BOUND('',#4312,.T.);
#4314=CARTESIAN_POINT('',(42.359118631,-7.20006,6.496359641));
#4315=VERTEX_POINT('',#4314);
#4316=CARTESIAN_POINT('',(42.359118631,-4.70006,6.496359641));
#4317=DIRECTION('',(-0.,-0.,-1.));
#4318=DIRECTION('',(1.,0.,-0.));
#4319=AXIS2_PLACEMENT_3D('',#4316,#4317,#4318);
#4320=CIRCLE('',#4319,2.5);
#4321=EDGE_CURVE('',#4315,#4315,#4320,.T.);
#4322=ORIENTED_EDGE('',*,*,#4321,.T.);
#4323=EDGE_LOOP('',(#4322));
#4324=FACE_BOUND('',#4323,.T.);
#4325=CARTESIAN_POINT('',(47.859118631,-5.55006,6.496359641));
#4326=VERTEX_POINT('',#4325);
#4327=CARTESIAN_POINT('',(47.859118631,-4.70006,6.496359641));
#4328=DIRECTION('',(-0.,-0.,-1.));
#4329=DIRECTION('',(1.,0.,-0.));
#4330=AXIS2_PLACEMENT_3D('',#4327,#4328,#4329);
#4331=CIRCLE('',#4330,0.85);
#4332=EDGE_CURVE('',#4326,#4326,#4331,.T.);
#4333=ORIENTED_EDGE('',*,*,#4332,.T.);
#4334=EDGE_LOOP('',(#4333));
#4335=FACE_BOUND('',#4334,.T.);
#4336=CARTESIAN_POINT('',(42.359118631,-0.30006,6.496359641));
#4337=VERTEX_POINT('',#4336);
#4338=CARTESIAN_POINT('',(42.359118631,1.19994,6.496359641));
#4339=DIRECTION('',(-0.,-0.,-1.));
#4340=DIRECTION('',(1.,0.,-0.));
#4341=AXIS2_PLACEMENT_3D('',#4338,#4339,#4340);
#4342=CIRCLE('',#4341,1.5);
#4343=EDGE_CURVE('',#4337,#4337,#4342,.T.);
#4344=ORIENTED_EDGE('',*,*,#4343,.T.);
#4345=EDGE_LOOP('',(#4344));
#4346=FACE_BOUND('',#4345,.T.);
#4347=CARTESIAN_POINT('',(47.359118631,-2.50006,6.496359641));
#4348=VERTEX_POINT('',#4347);
#4349=CARTESIAN_POINT('',(47.359118631,-1.00006,6.496359641));
#4350=DIRECTION('',(-0.,-0.,-1.));
#4351=DIRECTION('',(1.,0.,-0.));
#4352=AXIS2_PLACEMENT_3D('',#4349,#4350,#4351);
#4353=CIRCLE('',#4352,1.5);
#4354=EDGE_CURVE('',#4348,#4348,#4353,.T.);
#4355=ORIENTED_EDGE('',*,*,#4354,.T.);
#4356=EDGE_LOOP('',(#4355));
#4357=FACE_BOUND('',#4356,.T.);
#4358=CARTESIAN_POINT('',(53.859118631,-5.55006,6.496359641));
#4359=VERTEX_POINT('',#4358);
#4360=CARTESIAN_POINT('',(53.859118631,-4.70006,6.496359641));
#4361=DIRECTION('',(-0.,-0.,-1.));
#4362=DIRECTION('',(1.,0.,-0.));
#4363=AXIS2_PLACEMENT_3D('',#4360,#4361,#4362);
#4364=CIRCLE('',#4363,0.85);
#4365=EDGE_CURVE('',#4359,#4359,#4364,.T.);
#4366=ORIENTED_EDGE('',*,*,#4365,.T.);
#4367=EDGE_LOOP('',(#4366));
#4368=FACE_BOUND('',#4367,.T.);
#4369=CARTESIAN_POINT('',(59.359118631,-7.20006,6.496359641));
#4370=VERTEX_POINT('',#4369);
#4371=CARTESIAN_POINT('',(59.359118631,-4.70006,6.496359641));
#4372=DIRECTION('',(-0.,-0.,-1.));
#4373=DIRECTION('',(1.,0.,-0.));
#4374=AXIS2_PLACEMENT_3D('',#4371,#4372,#4373);
#4375=CIRCLE('',#4374,2.5);
#4376=EDGE_CURVE('',#4370,#4370,#4375,.T.);
#4377=ORIENTED_EDGE('',*,*,#4376,.T.);
#4378=EDGE_LOOP('',(#4377));
#4379=FACE_BOUND('',#4378,.T.);
#4380=CARTESIAN_POINT('',(64.859118631,-5.55006,6.496359641));
#4381=VERTEX_POINT('',#4380);
#4382=CARTESIAN_POINT('',(64.859118631,-4.70006,6.496359641));
#4383=DIRECTION('',(-0.,-0.,-1.));
#4384=DIRECTION('',(1.,0.,-0.));
#4385=AXIS2_PLACEMENT_3D('',#4382,#4383,#4384);
#4386=CIRCLE('',#4385,0.85);
#4387=EDGE_CURVE('',#4381,#4381,#4386,.T.);
#4388=ORIENTED_EDGE('',*,*,#4387,.T.);
#4389=EDGE_LOOP('',(#4388));
#4390=FACE_BOUND('',#4389,.T.);
#4391=CARTESIAN_POINT('',(64.359118631,-2.50006,6.496359641));
#4392=VERTEX_POINT('',#4391);
#4393=CARTESIAN_POINT('',(64.359118631,-1.00006,6.496359641));
#4394=DIRECTION('',(-0.,-0.,-1.));
#4395=DIRECTION('',(1.,0.,-0.));
#4396=AXIS2_PLACEMENT_3D('',#4393,#4394,#4395);
#4397=CIRCLE('',#4396,1.5);
#4398=EDGE_CURVE('',#4392,#4392,#4397,.T.);
#4399=ORIENTED_EDGE('',*,*,#4398,.T.);
#4400=EDGE_LOOP('',(#4399));
#4401=FACE_BOUND('',#4400,.T.);
#4402=CARTESIAN_POINT('',(59.359118631,-0.30006,6.496359641));
#4403=VERTEX_POINT('',#4402);
#4404=CARTESIAN_POINT('',(59.359118631,1.19994,6.496359641));
#4405=DIRECTION('',(-0.,-0.,-1.));
#4406=DIRECTION('',(1.,0.,-0.));
#4407=AXIS2_PLACEMENT_3D('',#4404,#4405,#4406);
#4408=CIRCLE('',#4407,1.5);
#4409=EDGE_CURVE('',#4403,#4403,#4408,.T.);
#4410=ORIENTED_EDGE('',*,*,#4409,.T.);
#4411=EDGE_LOOP('',(#4410));
#4412=FACE_BOUND('',#4411,.T.);
#4413=CARTESIAN_POINT('',(-37.640881369,3.87494,6.496359641));
#4414=VERTEX_POINT('',#4413);
#4415=CARTESIAN_POINT('',(-37.640881369,5.37494,6.496359641));
#4416=DIRECTION('',(-0.,-0.,-1.));
#4417=DIRECTION('',(1.,0.,-0.));
#4418=AXIS2_PLACEMENT_3D('',#4415,#4416,#4417);
#4419=CIRCLE('',#4418,1.5);
#4420=EDGE_CURVE('',#4414,#4414,#4419,.T.);
#4421=ORIENTED_EDGE('',*,*,#4420,.T.);
#4422=EDGE_LOOP('',(#4421));
#4423=FACE_BOUND('',#4422,.T.);
#4424=CARTESIAN_POINT('',(-42.640881369,6.07494,6.496359641));
#4425=VERTEX_POINT('',#4424);
#4426=CARTESIAN_POINT('',(-42.640881369,7.57494,6.496359641));
#4427=DIRECTION('',(-0.,-0.,-1.));
#4428=DIRECTION('',(1.,0.,-0.));
#4429=AXIS2_PLACEMENT_3D('',#4426,#4427,#4428);
#4430=CIRCLE('',#4429,1.5);
#4431=EDGE_CURVE('',#4425,#4425,#4430,.T.);
#4432=ORIENTED_EDGE('',*,*,#4431,.T.);
#4433=EDGE_LOOP('',(#4432));
#4434=FACE_BOUND('',#4433,.T.);
#4435=CARTESIAN_POINT('',(-30.640881369,8.42494,6.496359641));
#4436=VERTEX_POINT('',#4435);
#4437=CARTESIAN_POINT('',(-30.640881369,8.92494,6.496359641));
#4438=DIRECTION('',(-0.,-0.,-1.));
#4439=DIRECTION('',(1.,0.,-0.));
#4440=AXIS2_PLACEMENT_3D('',#4437,#4438,#4439);
#4441=CIRCLE('',#4440,0.5);
#4442=EDGE_CURVE('',#4436,#4436,#4441,.T.);
#4443=ORIENTED_EDGE('',*,*,#4442,.T.);
#4444=EDGE_LOOP('',(#4443));
#4445=FACE_BOUND('',#4444,.T.);
#4446=CARTESIAN_POINT('',(-30.860881369,9.72494,6.496359641));
#4447=VERTEX_POINT('',#4446);
#4448=CARTESIAN_POINT('',(-30.860881369,10.22494,6.496359641));
#4449=DIRECTION('',(-0.,-0.,-1.));
#4450=DIRECTION('',(1.,0.,-0.));
#4451=AXIS2_PLACEMENT_3D('',#4448,#4449,#4450);
#4452=CIRCLE('',#4451,0.5);
#4453=EDGE_CURVE('',#4447,#4447,#4452,.T.);
#4454=ORIENTED_EDGE('',*,*,#4453,.T.);
#4455=EDGE_LOOP('',(#4454));
#4456=FACE_BOUND('',#4455,.T.);
#4457=CARTESIAN_POINT('',(-48.716781369,22.07684,6.496359641));
#4458=VERTEX_POINT('',#4457);
#4459=CARTESIAN_POINT('',(-48.716781369,22.48324,6.496359641));
#4460=DIRECTION('',(-0.,-0.,-1.));
#4461=DIRECTION('',(1.,0.,-0.));
#4462=AXIS2_PLACEMENT_3D('',#4459,#4460,#4461);
#4463=CIRCLE('',#4462,0.4064);
#4464=EDGE_CURVE('',#4458,#4458,#4463,.T.);
#4465=ORIENTED_EDGE('',*,*,#4464,.T.);
#4466=EDGE_LOOP('',(#4465));
#4467=FACE_BOUND('',#4466,.T.);
#4468=CARTESIAN_POINT('',(-45.050028369,23.192487,6.496359641));
#4469=VERTEX_POINT('',#4468);
#4470=CARTESIAN_POINT('',(-46.701028369,23.192487,6.496359641));
#4471=VERTEX_POINT('',#4470);
#4472=CARTESIAN_POINT('',(-45.050028369,23.192487,6.496359641));
#4473=DIRECTION('',(-1.,0.,0.));
#4474=VECTOR('',#4473,1.651);
#4475=LINE('',#4472,#4474);
#4476=EDGE_CURVE('',#4469,#4471,#4475,.T.);
#4477=ORIENTED_EDGE('',*,*,#4476,.F.);
#4478=CARTESIAN_POINT('',(-44.990058369,23.190135,6.496359641));
#4479=VERTEX_POINT('',#4478);
#4480=CARTESIAN_POINT('',(-44.990058369,23.190135,6.496359641));
#4481=DIRECTION('',(-0.999231797,0.039189481,0.));
#4482=VECTOR('',#4481,0.060016105);
#4483=LINE('',#4480,#4482);
#4484=EDGE_CURVE('',#4479,#4469,#4483,.T.);
#4485=ORIENTED_EDGE('',*,*,#4484,.F.);
#4486=CARTESIAN_POINT('',(-44.669028369,22.811487,6.496359641));
#4487=VERTEX_POINT('',#4486);
#4488=CARTESIAN_POINT('',(-44.669028369,22.811487,6.496359641));
#4489=DIRECTION('',(-0.646688003,0.762754631,0.));
#4490=VECTOR('',#4489,0.496421765);
#4491=LINE('',#4488,#4490);
#4492=EDGE_CURVE('',#4487,#4479,#4491,.T.);
#4493=ORIENTED_EDGE('',*,*,#4492,.F.);
#4494=CARTESIAN_POINT('',(-44.669028369,21.21638762,6.496359641));
#4495=VERTEX_POINT('',#4494);
#4496=CARTESIAN_POINT('',(-44.669028369,21.21638762,6.496359641));
#4497=DIRECTION('',(0.,1.,0.));
#4498=VECTOR('',#4497,1.59509938);
#4499=LINE('',#4496,#4498);
#4500=EDGE_CURVE('',#4495,#4487,#4499,.T.);
#4501=ORIENTED_EDGE('',*,*,#4500,.F.);
#4502=CARTESIAN_POINT('',(-44.932181369,20.29124,6.496359641));
#4503=VERTEX_POINT('',#4502);
#4504=CARTESIAN_POINT('',(-44.932181369,20.79124,6.496359641));
#4505=DIRECTION('',(-0.,-0.,-1.));
#4506=DIRECTION('',(1.,0.,-0.));
#4507=AXIS2_PLACEMENT_3D('',#4504,#4505,#4506);
#4508=CIRCLE('',#4507,0.5);
#4509=EDGE_CURVE('',#4495,#4503,#4508,.T.);
#4510=ORIENTED_EDGE('',*,*,#4509,.T.);
#4511=CARTESIAN_POINT('',(-45.355708633,20.525487,6.496359641));
#4512=VERTEX_POINT('',#4511);
#4513=CARTESIAN_POINT('',(-44.932181369,20.79124,6.496359641));
#4514=DIRECTION('',(-0.,-0.,-1.));
#4515=DIRECTION('',(1.,0.,-0.));
#4516=AXIS2_PLACEMENT_3D('',#4513,#4514,#4515);
#4517=CIRCLE('',#4516,0.5);
#4518=EDGE_CURVE('',#4503,#4512,#4517,.T.);
#4519=ORIENTED_EDGE('',*,*,#4518,.T.);
#4520=CARTESIAN_POINT('',(-46.388254106,20.525487,6.496359641));
#4521=VERTEX_POINT('',#4520);
#4522=CARTESIAN_POINT('',(-46.388254106,20.525487,6.496359641));
#4523=DIRECTION('',(1.,0.,-0.));
#4524=VECTOR('',#4523,1.032545473);
#4525=LINE('',#4522,#4524);
#4526=EDGE_CURVE('',#4521,#4512,#4525,.T.);
#4527=ORIENTED_EDGE('',*,*,#4526,.F.);
#4528=CARTESIAN_POINT('',(-46.811781369,20.29124,6.496359641));
#4529=VERTEX_POINT('',#4528);
#4530=CARTESIAN_POINT('',(-46.811781369,20.79124,6.496359641));
#4531=DIRECTION('',(-0.,-0.,-1.));
#4532=DIRECTION('',(1.,0.,-0.));
#4533=AXIS2_PLACEMENT_3D('',#4530,#4531,#4532);
#4534=CIRCLE('',#4533,0.5);
#4535=EDGE_CURVE('',#4521,#4529,#4534,.T.);
#4536=ORIENTED_EDGE('',*,*,#4535,.T.);
#4537=CARTESIAN_POINT('',(-47.082028369,21.211913934,6.496359641));
#4538=VERTEX_POINT('',#4537);
#4539=CARTESIAN_POINT('',(-46.811781369,20.79124,6.496359641));
#4540=DIRECTION('',(-0.,-0.,-1.));
#4541=DIRECTION('',(1.,0.,-0.));
#4542=AXIS2_PLACEMENT_3D('',#4539,#4540,#4541);
#4543=CIRCLE('',#4542,0.5);
#4544=EDGE_CURVE('',#4529,#4538,#4543,.T.);
#4545=ORIENTED_EDGE('',*,*,#4544,.T.);
#4546=CARTESIAN_POINT('',(-47.082028369,22.811487,6.496359641));
#4547=VERTEX_POINT('',#4546);
#4548=CARTESIAN_POINT('',(-47.082028369,22.811487,6.496359641));
#4549=DIRECTION('',(0.,-1.,0.));
#4550=VECTOR('',#4549,1.599573066);
#4551=LINE('',#4548,#4550);
#4552=EDGE_CURVE('',#4547,#4538,#4551,.T.);
#4553=ORIENTED_EDGE('',*,*,#4552,.F.);
#4554=CARTESIAN_POINT('',(-46.701028369,23.192487,6.496359641));
#4555=DIRECTION('',(-0.707106781,-0.707106781,0.));
#4556=VECTOR('',#4555,0.538815367);
#4557=LINE('',#4554,#4556);
#4558=EDGE_CURVE('',#4471,#4547,#4557,.T.);
#4559=ORIENTED_EDGE('',*,*,#4558,.F.);
#4560=EDGE_LOOP('',(#4477,#4485,#4493,#4501,#4510,#4519,#4527,#4536,#4545,#4553,#4559));
#4561=FACE_BOUND('',#4560,.T.);
#4562=CARTESIAN_POINT('',(-31.140881369,13.57494,6.496359641));
#4563=VERTEX_POINT('',#4562);
#4564=CARTESIAN_POINT('',(-31.140881369,14.42494,6.496359641));
#4565=DIRECTION('',(-0.,-0.,-1.));
#4566=DIRECTION('',(1.,0.,-0.));
#4567=AXIS2_PLACEMENT_3D('',#4564,#4565,#4566);
#4568=CIRCLE('',#4567,0.85);
#4569=EDGE_CURVE('',#4563,#4563,#4568,.T.);
#4570=ORIENTED_EDGE('',*,*,#4569,.T.);
#4571=EDGE_LOOP('',(#4570));
#4572=FACE_BOUND('',#4571,.T.);
#4573=CARTESIAN_POINT('',(-25.640881369,11.92494,6.496359641));
#4574=VERTEX_POINT('',#4573);
#4575=CARTESIAN_POINT('',(-25.640881369,14.42494,6.496359641));
#4576=DIRECTION('',(-0.,-0.,-1.));
#4577=DIRECTION('',(1.,0.,-0.));
#4578=AXIS2_PLACEMENT_3D('',#4575,#4576,#4577);
#4579=CIRCLE('',#4578,2.5);
#4580=EDGE_CURVE('',#4574,#4574,#4579,.T.);
#4581=ORIENTED_EDGE('',*,*,#4580,.T.);
#4582=EDGE_LOOP('',(#4581));
#4583=FACE_BOUND('',#4582,.T.);
#4584=CARTESIAN_POINT('',(-33.476781369,22.07684,6.496359641));
#4585=VERTEX_POINT('',#4584);
#4586=CARTESIAN_POINT('',(-33.476781369,22.48324,6.496359641));
#4587=DIRECTION('',(-0.,-0.,-1.));
#4588=DIRECTION('',(1.,0.,-0.));
#4589=AXIS2_PLACEMENT_3D('',#4586,#4587,#4588);
#4590=CIRCLE('',#4589,0.4064);
#4591=EDGE_CURVE('',#4585,#4585,#4590,.T.);
#4592=ORIENTED_EDGE('',*,*,#4591,.T.);
#4593=EDGE_LOOP('',(#4592));
#4594=FACE_BOUND('',#4593,.T.);
#4595=CARTESIAN_POINT('',(-25.640881369,18.82494,6.496359641));
#4596=VERTEX_POINT('',#4595);
#4597=CARTESIAN_POINT('',(-25.640881369,20.32494,6.496359641));
#4598=DIRECTION('',(-0.,-0.,-1.));
#4599=DIRECTION('',(1.,0.,-0.));
#4600=AXIS2_PLACEMENT_3D('',#4597,#4598,#4599);
#4601=CIRCLE('',#4600,1.5);
#4602=EDGE_CURVE('',#4596,#4596,#4601,.T.);
#4603=ORIENTED_EDGE('',*,*,#4602,.T.);
#4604=EDGE_LOOP('',(#4603));
#4605=FACE_BOUND('',#4604,.T.);
#4606=CARTESIAN_POINT('',(-8.640881369,3.94994,6.496359641));
#4607=VERTEX_POINT('',#4606);
#4608=CARTESIAN_POINT('',(-8.640881369,5.44994,6.496359641));
#4609=DIRECTION('',(-0.,-0.,-1.));
#4610=DIRECTION('',(1.,0.,-0.));
#4611=AXIS2_PLACEMENT_3D('',#4608,#4609,#4610);
#4612=CIRCLE('',#4611,1.5);
#4613=EDGE_CURVE('',#4607,#4607,#4612,.T.);
#4614=ORIENTED_EDGE('',*,*,#4613,.T.);
#4615=EDGE_LOOP('',(#4614));
#4616=FACE_BOUND('',#4615,.T.);
#4617=CARTESIAN_POINT('',(-13.640881369,10.54994,6.496359641));
#4618=VERTEX_POINT('',#4617);
#4619=CARTESIAN_POINT('',(-13.640881369,11.04994,6.496359641));
#4620=DIRECTION('',(-0.,-0.,-1.));
#4621=DIRECTION('',(1.,0.,-0.));
#4622=AXIS2_PLACEMENT_3D('',#4619,#4620,#4621);
#4623=CIRCLE('',#4622,0.5);
#4624=EDGE_CURVE('',#4618,#4618,#4623,.T.);
#4625=ORIENTED_EDGE('',*,*,#4624,.T.);
#4626=EDGE_LOOP('',(#4625));
#4627=FACE_BOUND('',#4626,.T.);
#4628=CARTESIAN_POINT('',(-13.860881369,11.84994,6.496359641));
#4629=VERTEX_POINT('',#4628);
#4630=CARTESIAN_POINT('',(-13.860881369,12.34994,6.496359641));
#4631=DIRECTION('',(-0.,-0.,-1.));
#4632=DIRECTION('',(1.,0.,-0.));
#4633=AXIS2_PLACEMENT_3D('',#4630,#4631,#4632);
#4634=CIRCLE('',#4633,0.5);
#4635=EDGE_CURVE('',#4629,#4629,#4634,.T.);
#4636=ORIENTED_EDGE('',*,*,#4635,.T.);
#4637=EDGE_LOOP('',(#4636));
#4638=FACE_BOUND('',#4637,.T.);
#4639=CARTESIAN_POINT('',(3.359118631,12.67494,6.496359641));
#4640=VERTEX_POINT('',#4639);
#4641=CARTESIAN_POINT('',(3.359118631,13.17494,6.496359641));
#4642=DIRECTION('',(-0.,-0.,-1.));
#4643=DIRECTION('',(1.,0.,-0.));
#4644=AXIS2_PLACEMENT_3D('',#4641,#4642,#4643);
#4645=CIRCLE('',#4644,0.5);
#4646=EDGE_CURVE('',#4640,#4640,#4645,.T.);
#4647=ORIENTED_EDGE('',*,*,#4646,.T.);
#4648=EDGE_LOOP('',(#4647));
#4649=FACE_BOUND('',#4648,.T.);
#4650=CARTESIAN_POINT('',(-20.140881369,13.57494,6.496359641));
#4651=VERTEX_POINT('',#4650);
#4652=CARTESIAN_POINT('',(-20.140881369,14.42494,6.496359641));
#4653=DIRECTION('',(-0.,-0.,-1.));
#4654=DIRECTION('',(1.,0.,-0.));
#4655=AXIS2_PLACEMENT_3D('',#4652,#4653,#4654);
#4656=CIRCLE('',#4655,0.85);
#4657=EDGE_CURVE('',#4651,#4651,#4656,.T.);
#4658=ORIENTED_EDGE('',*,*,#4657,.T.);
#4659=EDGE_LOOP('',(#4658));
#4660=FACE_BOUND('',#4659,.T.);
#4661=CARTESIAN_POINT('',(-20.640881369,16.62494,6.496359641));
#4662=VERTEX_POINT('',#4661);
#4663=CARTESIAN_POINT('',(-20.640881369,18.12494,6.496359641));
#4664=DIRECTION('',(-0.,-0.,-1.));
#4665=DIRECTION('',(1.,0.,-0.));
#4666=AXIS2_PLACEMENT_3D('',#4663,#4664,#4665);
#4667=CIRCLE('',#4666,1.5);
#4668=EDGE_CURVE('',#4662,#4662,#4667,.T.);
#4669=ORIENTED_EDGE('',*,*,#4668,.T.);
#4670=EDGE_LOOP('',(#4669));
#4671=FACE_BOUND('',#4670,.T.);
#4672=CARTESIAN_POINT('',(-14.140881369,15.69994,6.496359641));
#4673=VERTEX_POINT('',#4672);
#4674=CARTESIAN_POINT('',(-14.140881369,16.54994,6.496359641));
#4675=DIRECTION('',(-0.,-0.,-1.));
#4676=DIRECTION('',(1.,0.,-0.));
#4677=AXIS2_PLACEMENT_3D('',#4674,#4675,#4676);
#4678=CIRCLE('',#4677,0.85);
#4679=EDGE_CURVE('',#4673,#4673,#4678,.T.);
#4680=ORIENTED_EDGE('',*,*,#4679,.T.);
#4681=EDGE_LOOP('',(#4680));
#4682=FACE_BOUND('',#4681,.T.);
#4683=CARTESIAN_POINT('',(-8.640881369,14.04994,6.496359641));
#4684=VERTEX_POINT('',#4683);
#4685=CARTESIAN_POINT('',(-8.640881369,16.54994,6.496359641));
#4686=DIRECTION('',(-0.,-0.,-1.));
#4687=DIRECTION('',(1.,0.,-0.));
#4688=AXIS2_PLACEMENT_3D('',#4685,#4686,#4687);
#4689=CIRCLE('',#4688,2.5);
#4690=EDGE_CURVE('',#4684,#4684,#4689,.T.);
#4691=ORIENTED_EDGE('',*,*,#4690,.T.);
#4692=EDGE_LOOP('',(#4691));
#4693=FACE_BOUND('',#4692,.T.);
#4694=CARTESIAN_POINT('',(-8.640881369,20.94994,6.496359641));
#4695=VERTEX_POINT('',#4694);
#4696=CARTESIAN_POINT('',(-8.640881369,22.44994,6.496359641));
#4697=DIRECTION('',(-0.,-0.,-1.));
#4698=DIRECTION('',(1.,0.,-0.));
#4699=AXIS2_PLACEMENT_3D('',#4696,#4697,#4698);
#4700=CIRCLE('',#4699,1.5);
#4701=EDGE_CURVE('',#4695,#4695,#4700,.T.);
#4702=ORIENTED_EDGE('',*,*,#4701,.T.);
#4703=EDGE_LOOP('',(#4702));
#4704=FACE_BOUND('',#4703,.T.);
#4705=CARTESIAN_POINT('',(-3.140881369,15.69994,6.496359641));
#4706=VERTEX_POINT('',#4705);
#4707=CARTESIAN_POINT('',(-3.140881369,16.54994,6.496359641));
#4708=DIRECTION('',(-0.,-0.,-1.));
#4709=DIRECTION('',(1.,0.,-0.));
#4710=AXIS2_PLACEMENT_3D('',#4707,#4708,#4709);
#4711=CIRCLE('',#4710,0.85);
#4712=EDGE_CURVE('',#4706,#4706,#4711,.T.);
#4713=ORIENTED_EDGE('',*,*,#4712,.T.);
#4714=EDGE_LOOP('',(#4713));
#4715=FACE_BOUND('',#4714,.T.);
#4716=CARTESIAN_POINT('',(3.139118631,13.97494,6.496359641));
#4717=VERTEX_POINT('',#4716);
#4718=CARTESIAN_POINT('',(3.139118631,14.47494,6.496359641));
#4719=DIRECTION('',(-0.,-0.,-1.));
#4720=DIRECTION('',(1.,0.,-0.));
#4721=AXIS2_PLACEMENT_3D('',#4718,#4719,#4720);
#4722=CIRCLE('',#4721,0.5);
#4723=EDGE_CURVE('',#4717,#4717,#4722,.T.);
#4724=ORIENTED_EDGE('',*,*,#4723,.T.);
#4725=EDGE_LOOP('',(#4724));
#4726=FACE_BOUND('',#4725,.T.);
#4727=CARTESIAN_POINT('',(-3.640881369,18.74994,6.496359641));
#4728=VERTEX_POINT('',#4727);
#4729=CARTESIAN_POINT('',(-3.640881369,20.24994,6.496359641));
#4730=DIRECTION('',(-0.,-0.,-1.));
#4731=DIRECTION('',(1.,0.,-0.));
#4732=AXIS2_PLACEMENT_3D('',#4729,#4730,#4731);
#4733=CIRCLE('',#4732,1.5);
#4734=EDGE_CURVE('',#4728,#4728,#4733,.T.);
#4735=ORIENTED_EDGE('',*,*,#4734,.T.);
#4736=EDGE_LOOP('',(#4735));
#4737=FACE_BOUND('',#4736,.T.);
#4738=CARTESIAN_POINT('',(2.859118631,17.82494,6.496359641));
#4739=VERTEX_POINT('',#4738);
#4740=CARTESIAN_POINT('',(2.859118631,18.67494,6.496359641));
#4741=DIRECTION('',(-0.,-0.,-1.));
#4742=DIRECTION('',(1.,0.,-0.));
#4743=AXIS2_PLACEMENT_3D('',#4740,#4741,#4742);
#4744=CIRCLE('',#4743,0.85);
#4745=EDGE_CURVE('',#4739,#4739,#4744,.T.);
#4746=ORIENTED_EDGE('',*,*,#4745,.T.);
#4747=EDGE_LOOP('',(#4746));
#4748=FACE_BOUND('',#4747,.T.);
#4749=CARTESIAN_POINT('',(-48.716781369,24.61684,6.496359641));
#4750=VERTEX_POINT('',#4749);
#4751=CARTESIAN_POINT('',(-48.716781369,25.02324,6.496359641));
#4752=DIRECTION('',(-0.,-0.,-1.));
#4753=DIRECTION('',(1.,0.,-0.));
#4754=AXIS2_PLACEMENT_3D('',#4751,#4752,#4753);
#4755=CIRCLE('',#4754,0.4064);
#4756=EDGE_CURVE('',#4750,#4750,#4755,.T.);
#4757=ORIENTED_EDGE('',*,*,#4756,.T.);
#4758=EDGE_LOOP('',(#4757));
#4759=FACE_BOUND('',#4758,.T.);
#4760=CARTESIAN_POINT('',(-48.716781369,27.15684,6.496359641));
#4761=VERTEX_POINT('',#4760);
#4762=CARTESIAN_POINT('',(-48.716781369,27.56324,6.496359641));
#4763=DIRECTION('',(-0.,-0.,-1.));
#4764=DIRECTION('',(1.,0.,-0.));
#4765=AXIS2_PLACEMENT_3D('',#4762,#4763,#4764);
#4766=CIRCLE('',#4765,0.4064);
#4767=EDGE_CURVE('',#4761,#4761,#4766,.T.);
#4768=ORIENTED_EDGE('',*,*,#4767,.T.);
#4769=EDGE_LOOP('',(#4768));
#4770=FACE_BOUND('',#4769,.T.);
#4771=CARTESIAN_POINT('',(-48.716781369,29.69684,6.496359641));
#4772=VERTEX_POINT('',#4771);
#4773=CARTESIAN_POINT('',(-48.716781369,30.10324,6.496359641));
#4774=DIRECTION('',(-0.,-0.,-1.));
#4775=DIRECTION('',(1.,0.,-0.));
#4776=AXIS2_PLACEMENT_3D('',#4773,#4774,#4775);
#4777=CIRCLE('',#4776,0.4064);
#4778=EDGE_CURVE('',#4772,#4772,#4777,.T.);
#4779=ORIENTED_EDGE('',*,*,#4778,.T.);
#4780=EDGE_LOOP('',(#4779));
#4781=FACE_BOUND('',#4780,.T.);
#4782=CARTESIAN_POINT('',(-48.716781369,32.23684,6.496359641));
#4783=VERTEX_POINT('',#4782);
#4784=CARTESIAN_POINT('',(-48.716781369,32.64324,6.496359641));
#4785=DIRECTION('',(-0.,-0.,-1.));
#4786=DIRECTION('',(1.,0.,-0.));
#4787=AXIS2_PLACEMENT_3D('',#4784,#4785,#4786);
#4788=CIRCLE('',#4787,0.4064);
#4789=EDGE_CURVE('',#4783,#4783,#4788,.T.);
#4790=ORIENTED_EDGE('',*,*,#4789,.T.);
#4791=EDGE_LOOP('',(#4790));
#4792=FACE_BOUND('',#4791,.T.);
#4793=CARTESIAN_POINT('',(-33.476781369,24.61684,6.496359641));
#4794=VERTEX_POINT('',#4793);
#4795=CARTESIAN_POINT('',(-33.476781369,25.02324,6.496359641));
#4796=DIRECTION('',(-0.,-0.,-1.));
#4797=DIRECTION('',(1.,0.,-0.));
#4798=AXIS2_PLACEMENT_3D('',#4795,#4796,#4797);
#4799=CIRCLE('',#4798,0.4064);
#4800=EDGE_CURVE('',#4794,#4794,#4799,.T.);
#4801=ORIENTED_EDGE('',*,*,#4800,.T.);
#4802=EDGE_LOOP('',(#4801));
#4803=FACE_BOUND('',#4802,.T.);
#4804=CARTESIAN_POINT('',(-33.476781369,27.15684,6.496359641));
#4805=VERTEX_POINT('',#4804);
#4806=CARTESIAN_POINT('',(-33.476781369,27.56324,6.496359641));
#4807=DIRECTION('',(-0.,-0.,-1.));
#4808=DIRECTION('',(1.,0.,-0.));
#4809=AXIS2_PLACEMENT_3D('',#4806,#4807,#4808);
#4810=CIRCLE('',#4809,0.4064);
#4811=EDGE_CURVE('',#4805,#4805,#4810,.T.);
#4812=ORIENTED_EDGE('',*,*,#4811,.T.);
#4813=EDGE_LOOP('',(#4812));
#4814=FACE_BOUND('',#4813,.T.);
#4815=CARTESIAN_POINT('',(-30.640881369,25.42494,6.496359641));
#4816=VERTEX_POINT('',#4815);
#4817=CARTESIAN_POINT('',(-30.640881369,25.92494,6.496359641));
#4818=DIRECTION('',(-0.,-0.,-1.));
#4819=DIRECTION('',(1.,0.,-0.));
#4820=AXIS2_PLACEMENT_3D('',#4817,#4818,#4819);
#4821=CIRCLE('',#4820,0.5);
#4822=EDGE_CURVE('',#4816,#4816,#4821,.T.);
#4823=ORIENTED_EDGE('',*,*,#4822,.T.);
#4824=EDGE_LOOP('',(#4823));
#4825=FACE_BOUND('',#4824,.T.);
#4826=CARTESIAN_POINT('',(-30.860881369,26.72494,6.496359641));
#4827=VERTEX_POINT('',#4826);
#4828=CARTESIAN_POINT('',(-30.860881369,27.22494,6.496359641));
#4829=DIRECTION('',(-0.,-0.,-1.));
#4830=DIRECTION('',(1.,0.,-0.));
#4831=AXIS2_PLACEMENT_3D('',#4828,#4829,#4830);
#4832=CIRCLE('',#4831,0.5);
#4833=EDGE_CURVE('',#4827,#4827,#4832,.T.);
#4834=ORIENTED_EDGE('',*,*,#4833,.T.);
#4835=EDGE_LOOP('',(#4834));
#4836=FACE_BOUND('',#4835,.T.);
#4837=CARTESIAN_POINT('',(-36.651781369,29.92024,6.496359641));
#4838=VERTEX_POINT('',#4837);
#4839=CARTESIAN_POINT('',(-36.651781369,30.42024,6.496359641));
#4840=DIRECTION('',(-0.,-0.,-1.));
#4841=DIRECTION('',(1.,0.,-0.));
#4842=AXIS2_PLACEMENT_3D('',#4839,#4840,#4841);
#4843=CIRCLE('',#4842,0.5);
#4844=EDGE_CURVE('',#4838,#4838,#4843,.T.);
#4845=ORIENTED_EDGE('',*,*,#4844,.T.);
#4846=EDGE_LOOP('',(#4845));
#4847=FACE_BOUND('',#4846,.T.);
#4848=CARTESIAN_POINT('',(-33.476781369,29.69684,6.496359641));
#4849=VERTEX_POINT('',#4848);
#4850=CARTESIAN_POINT('',(-33.476781369,30.10324,6.496359641));
#4851=DIRECTION('',(-0.,-0.,-1.));
#4852=DIRECTION('',(1.,0.,-0.));
#4853=AXIS2_PLACEMENT_3D('',#4850,#4851,#4852);
#4854=CIRCLE('',#4853,0.4064);
#4855=EDGE_CURVE('',#4849,#4849,#4854,.T.);
#4856=ORIENTED_EDGE('',*,*,#4855,.T.);
#4857=EDGE_LOOP('',(#4856));
#4858=FACE_BOUND('',#4857,.T.);
#4859=CARTESIAN_POINT('',(-33.476781369,32.23684,6.496359641));
#4860=VERTEX_POINT('',#4859);
#4861=CARTESIAN_POINT('',(-33.476781369,32.64324,6.496359641));
#4862=DIRECTION('',(-0.,-0.,-1.));
#4863=DIRECTION('',(1.,0.,-0.));
#4864=AXIS2_PLACEMENT_3D('',#4861,#4862,#4863);
#4865=CIRCLE('',#4864,0.4064);
#4866=EDGE_CURVE('',#4860,#4860,#4865,.T.);
#4867=ORIENTED_EDGE('',*,*,#4866,.T.);
#4868=EDGE_LOOP('',(#4867));
#4869=FACE_BOUND('',#4868,.T.);
#4870=CARTESIAN_POINT('',(-31.140881369,30.57494,6.496359641));
#4871=VERTEX_POINT('',#4870);
#4872=CARTESIAN_POINT('',(-31.140881369,31.42494,6.496359641));
#4873=DIRECTION('',(-0.,-0.,-1.));
#4874=DIRECTION('',(1.,0.,-0.));
#4875=AXIS2_PLACEMENT_3D('',#4872,#4873,#4874);
#4876=CIRCLE('',#4875,0.85);
#4877=EDGE_CURVE('',#4871,#4871,#4876,.T.);
#4878=ORIENTED_EDGE('',*,*,#4877,.T.);
#4879=EDGE_LOOP('',(#4878));
#4880=FACE_BOUND('',#4879,.T.);
#4881=CARTESIAN_POINT('',(-25.640881369,28.92494,6.496359641));
#4882=VERTEX_POINT('',#4881);
#4883=CARTESIAN_POINT('',(-25.640881369,31.42494,6.496359641));
#4884=DIRECTION('',(-0.,-0.,-1.));
#4885=DIRECTION('',(1.,0.,-0.));
#4886=AXIS2_PLACEMENT_3D('',#4883,#4884,#4885);
#4887=CIRCLE('',#4886,2.5);
#4888=EDGE_CURVE('',#4882,#4882,#4887,.T.);
#4889=ORIENTED_EDGE('',*,*,#4888,.T.);
#4890=EDGE_LOOP('',(#4889));
#4891=FACE_BOUND('',#4890,.T.);
#4892=CARTESIAN_POINT('',(-48.716781369,34.77684,6.496359641));
#4893=VERTEX_POINT('',#4892);
#4894=CARTESIAN_POINT('',(-48.716781369,35.18324,6.496359641));
#4895=DIRECTION('',(-0.,-0.,-1.));
#4896=DIRECTION('',(1.,0.,-0.));
#4897=AXIS2_PLACEMENT_3D('',#4894,#4895,#4896);
#4898=CIRCLE('',#4897,0.4064);
#4899=EDGE_CURVE('',#4893,#4893,#4898,.T.);
#4900=ORIENTED_EDGE('',*,*,#4899,.T.);
#4901=EDGE_LOOP('',(#4900));
#4902=FACE_BOUND('',#4901,.T.);
#4903=CARTESIAN_POINT('',(-48.716781369,37.31684,6.496359641));
#4904=VERTEX_POINT('',#4903);
#4905=CARTESIAN_POINT('',(-48.716781369,37.72324,6.496359641));
#4906=DIRECTION('',(-0.,-0.,-1.));
#4907=DIRECTION('',(1.,0.,-0.));
#4908=AXIS2_PLACEMENT_3D('',#4905,#4906,#4907);
#4909=CIRCLE('',#4908,0.4064);
#4910=EDGE_CURVE('',#4904,#4904,#4909,.T.);
#4911=ORIENTED_EDGE('',*,*,#4910,.T.);
#4912=EDGE_LOOP('',(#4911));
#4913=FACE_BOUND('',#4912,.T.);
#4914=CARTESIAN_POINT('',(-42.596781369,35.771386,6.496359641));
#4915=VERTEX_POINT('',#4914);
#4916=CARTESIAN_POINT('',(-40.318568603,35.771386,6.496359641));
#4917=VERTEX_POINT('',#4916);
#4918=CARTESIAN_POINT('',(-42.596781369,35.771386,6.496359641));
#4919=DIRECTION('',(1.,0.,-0.));
#4920=VECTOR('',#4919,2.278212766);
#4921=LINE('',#4918,#4920);
#4922=EDGE_CURVE('',#4915,#4917,#4921,.T.);
#4923=ORIENTED_EDGE('',*,*,#4922,.F.);
#4924=CARTESIAN_POINT('',(-42.596781369,38.819386,6.496359641));
#4925=VERTEX_POINT('',#4924);
#4926=CARTESIAN_POINT('',(-42.596781369,38.819386,6.496359641));
#4927=DIRECTION('',(0.,-1.,0.));
#4928=VECTOR('',#4927,3.048);
#4929=LINE('',#4926,#4928);
#4930=EDGE_CURVE('',#4925,#4915,#4929,.T.);
#4931=ORIENTED_EDGE('',*,*,#4930,.F.);
#4932=CARTESIAN_POINT('',(-39.596781369,38.819386,6.496359641));
#4933=VERTEX_POINT('',#4932);
#4934=CARTESIAN_POINT('',(-39.596781369,38.819386,6.496359641));
#4935=DIRECTION('',(-1.,0.,0.));
#4936=VECTOR('',#4935,3.);
#4937=LINE('',#4934,#4936);
#4938=EDGE_CURVE('',#4933,#4925,#4937,.T.);
#4939=ORIENTED_EDGE('',*,*,#4938,.F.);
#4940=CARTESIAN_POINT('',(-39.628081536,36.47142625,6.496359641));
#4941=VERTEX_POINT('',#4940);
#4942=CARTESIAN_POINT('',(-39.628081536,36.47142625,6.496359641));
#4943=DIRECTION('',(0.013329609,0.999911157,0.));
#4944=VECTOR('',#4943,2.348168369);
#4945=LINE('',#4942,#4944);
#4946=EDGE_CURVE('',#4941,#4933,#4945,.T.);
#4947=ORIENTED_EDGE('',*,*,#4946,.F.);
#4948=CARTESIAN_POINT('',(-39.882271369,35.523595,6.496359641));
#4949=VERTEX_POINT('',#4948);
#4950=CARTESIAN_POINT('',(-39.882271369,36.031595,6.496359641));
#4951=DIRECTION('',(-0.,-0.,-1.));
#4952=DIRECTION('',(1.,0.,-0.));
#4953=AXIS2_PLACEMENT_3D('',#4950,#4951,#4952);
#4954=CIRCLE('',#4953,0.508);
#4955=EDGE_CURVE('',#4941,#4949,#4954,.T.);
#4956=ORIENTED_EDGE('',*,*,#4955,.T.);
#4957=CARTESIAN_POINT('',(-39.882271369,36.031595,6.496359641));
#4958=DIRECTION('',(-0.,-0.,-1.));
#4959=DIRECTION('',(1.,0.,-0.));
#4960=AXIS2_PLACEMENT_3D('',#4957,#4958,#4959);
#4961=CIRCLE('',#4960,0.508);
#4962=EDGE_CURVE('',#4949,#4917,#4961,.T.);
#4963=ORIENTED_EDGE('',*,*,#4962,.T.);
#4964=EDGE_LOOP('',(#4923,#4931,#4939,#4947,#4956,#4963));
#4965=FACE_BOUND('',#4964,.T.);
#4966=CARTESIAN_POINT('',(-33.476781369,34.77684,6.496359641));
#4967=VERTEX_POINT('',#4966);
#4968=CARTESIAN_POINT('',(-33.476781369,35.18324,6.496359641));
#4969=DIRECTION('',(-0.,-0.,-1.));
#4970=DIRECTION('',(1.,0.,-0.));
#4971=AXIS2_PLACEMENT_3D('',#4968,#4969,#4970);
#4972=CIRCLE('',#4971,0.4064);
#4973=EDGE_CURVE('',#4967,#4967,#4972,.T.);
#4974=ORIENTED_EDGE('',*,*,#4973,.T.);
#4975=EDGE_LOOP('',(#4974));
#4976=FACE_BOUND('',#4975,.T.);
#4977=CARTESIAN_POINT('',(-33.476781369,37.31684,6.496359641));
#4978=VERTEX_POINT('',#4977);
#4979=CARTESIAN_POINT('',(-33.476781369,37.72324,6.496359641));
#4980=DIRECTION('',(-0.,-0.,-1.));
#4981=DIRECTION('',(1.,0.,-0.));
#4982=AXIS2_PLACEMENT_3D('',#4979,#4980,#4981);
#4983=CIRCLE('',#4982,0.4064);
#4984=EDGE_CURVE('',#4978,#4978,#4983,.T.);
#4985=ORIENTED_EDGE('',*,*,#4984,.T.);
#4986=EDGE_LOOP('',(#4985));
#4987=FACE_BOUND('',#4986,.T.);
#4988=CARTESIAN_POINT('',(-25.640881369,35.82494,6.496359641));
#4989=VERTEX_POINT('',#4988);
#4990=CARTESIAN_POINT('',(-25.640881369,37.32494,6.496359641));
#4991=DIRECTION('',(-0.,-0.,-1.));
#4992=DIRECTION('',(1.,0.,-0.));
#4993=AXIS2_PLACEMENT_3D('',#4990,#4991,#4992);
#4994=CIRCLE('',#4993,1.5);
#4995=EDGE_CURVE('',#4989,#4989,#4994,.T.);
#4996=ORIENTED_EDGE('',*,*,#4995,.T.);
#4997=EDGE_LOOP('',(#4996));
#4998=FACE_BOUND('',#4997,.T.);
#4999=CARTESIAN_POINT('',(-13.640881369,27.54994,6.496359641));
#5000=VERTEX_POINT('',#4999);
#5001=CARTESIAN_POINT('',(-13.640881369,28.04994,6.496359641));
#5002=DIRECTION('',(-0.,-0.,-1.));
#5003=DIRECTION('',(1.,0.,-0.));
#5004=AXIS2_PLACEMENT_3D('',#5001,#5002,#5003);
#5005=CIRCLE('',#5004,0.5);
#5006=EDGE_CURVE('',#5000,#5000,#5005,.T.);
#5007=ORIENTED_EDGE('',*,*,#5006,.T.);
#5008=EDGE_LOOP('',(#5007));
#5009=FACE_BOUND('',#5008,.T.);
#5010=CARTESIAN_POINT('',(-20.140881369,30.57494,6.496359641));
#5011=VERTEX_POINT('',#5010);
#5012=CARTESIAN_POINT('',(-20.140881369,31.42494,6.496359641));
#5013=DIRECTION('',(-0.,-0.,-1.));
#5014=DIRECTION('',(1.,0.,-0.));
#5015=AXIS2_PLACEMENT_3D('',#5012,#5013,#5014);
#5016=CIRCLE('',#5015,0.85);
#5017=EDGE_CURVE('',#5011,#5011,#5016,.T.);
#5018=ORIENTED_EDGE('',*,*,#5017,.T.);
#5019=EDGE_LOOP('',(#5018));
#5020=FACE_BOUND('',#5019,.T.);
#5021=CARTESIAN_POINT('',(-13.860881369,28.84994,6.496359641));
#5022=VERTEX_POINT('',#5021);
#5023=CARTESIAN_POINT('',(-13.860881369,29.34994,6.496359641));
#5024=DIRECTION('',(-0.,-0.,-1.));
#5025=DIRECTION('',(1.,0.,-0.));
#5026=AXIS2_PLACEMENT_3D('',#5023,#5024,#5025);
#5027=CIRCLE('',#5026,0.5);
#5028=EDGE_CURVE('',#5022,#5022,#5027,.T.);
#5029=ORIENTED_EDGE('',*,*,#5028,.T.);
#5030=EDGE_LOOP('',(#5029));
#5031=FACE_BOUND('',#5030,.T.);
#5032=CARTESIAN_POINT('',(3.359118631,29.67494,6.496359641));
#5033=VERTEX_POINT('',#5032);
#5034=CARTESIAN_POINT('',(3.359118631,30.17494,6.496359641));
#5035=DIRECTION('',(-0.,-0.,-1.));
#5036=DIRECTION('',(1.,0.,-0.));
#5037=AXIS2_PLACEMENT_3D('',#5034,#5035,#5036);
#5038=CIRCLE('',#5037,0.5);
#5039=EDGE_CURVE('',#5033,#5033,#5038,.T.);
#5040=ORIENTED_EDGE('',*,*,#5039,.T.);
#5041=EDGE_LOOP('',(#5040));
#5042=FACE_BOUND('',#5041,.T.);
#5043=CARTESIAN_POINT('',(3.139118631,30.97494,6.496359641));
#5044=VERTEX_POINT('',#5043);
#5045=CARTESIAN_POINT('',(3.139118631,31.47494,6.496359641));
#5046=DIRECTION('',(-0.,-0.,-1.));
#5047=DIRECTION('',(1.,0.,-0.));
#5048=AXIS2_PLACEMENT_3D('',#5045,#5046,#5047);
#5049=CIRCLE('',#5048,0.5);
#5050=EDGE_CURVE('',#5044,#5044,#5049,.T.);
#5051=ORIENTED_EDGE('',*,*,#5050,.T.);
#5052=EDGE_LOOP('',(#5051));
#5053=FACE_BOUND('',#5052,.T.);
#5054=CARTESIAN_POINT('',(-20.640881369,33.62494,6.496359641));
#5055=VERTEX_POINT('',#5054);
#5056=CARTESIAN_POINT('',(-20.640881369,35.12494,6.496359641));
#5057=DIRECTION('',(-0.,-0.,-1.));
#5058=DIRECTION('',(1.,0.,-0.));
#5059=AXIS2_PLACEMENT_3D('',#5056,#5057,#5058);
#5060=CIRCLE('',#5059,1.5);
#5061=EDGE_CURVE('',#5055,#5055,#5060,.T.);
#5062=ORIENTED_EDGE('',*,*,#5061,.T.);
#5063=EDGE_LOOP('',(#5062));
#5064=FACE_BOUND('',#5063,.T.);
#5065=CARTESIAN_POINT('',(-14.140881369,32.69994,6.496359641));
#5066=VERTEX_POINT('',#5065);
#5067=CARTESIAN_POINT('',(-14.140881369,33.54994,6.496359641));
#5068=DIRECTION('',(-0.,-0.,-1.));
#5069=DIRECTION('',(1.,0.,-0.));
#5070=AXIS2_PLACEMENT_3D('',#5067,#5068,#5069);
#5071=CIRCLE('',#5070,0.85);
#5072=EDGE_CURVE('',#5066,#5066,#5071,.T.);
#5073=ORIENTED_EDGE('',*,*,#5072,.T.);
#5074=EDGE_LOOP('',(#5073));
#5075=FACE_BOUND('',#5074,.T.);
#5076=CARTESIAN_POINT('',(-8.640881369,31.04994,6.496359641));
#5077=VERTEX_POINT('',#5076);
#5078=CARTESIAN_POINT('',(-8.640881369,33.54994,6.496359641));
#5079=DIRECTION('',(-0.,-0.,-1.));
#5080=DIRECTION('',(1.,0.,-0.));
#5081=AXIS2_PLACEMENT_3D('',#5078,#5079,#5080);
#5082=CIRCLE('',#5081,2.5);
#5083=EDGE_CURVE('',#5077,#5077,#5082,.T.);
#5084=ORIENTED_EDGE('',*,*,#5083,.T.);
#5085=EDGE_LOOP('',(#5084));
#5086=FACE_BOUND('',#5085,.T.);
#5087=CARTESIAN_POINT('',(-8.640881369,37.94994,6.496359641));
#5088=VERTEX_POINT('',#5087);
#5089=CARTESIAN_POINT('',(-8.640881369,39.44994,6.496359641));
#5090=DIRECTION('',(-0.,-0.,-1.));
#5091=DIRECTION('',(1.,0.,-0.));
#5092=AXIS2_PLACEMENT_3D('',#5089,#5090,#5091);
#5093=CIRCLE('',#5092,1.5);
#5094=EDGE_CURVE('',#5088,#5088,#5093,.T.);
#5095=ORIENTED_EDGE('',*,*,#5094,.T.);
#5096=EDGE_LOOP('',(#5095));
#5097=FACE_BOUND('',#5096,.T.);
#5098=CARTESIAN_POINT('',(-3.140881369,32.69994,6.496359641));
#5099=VERTEX_POINT('',#5098);
#5100=CARTESIAN_POINT('',(-3.140881369,33.54994,6.496359641));
#5101=DIRECTION('',(-0.,-0.,-1.));
#5102=DIRECTION('',(1.,0.,-0.));
#5103=AXIS2_PLACEMENT_3D('',#5100,#5101,#5102);
#5104=CIRCLE('',#5103,0.85);
#5105=EDGE_CURVE('',#5099,#5099,#5104,.T.);
#5106=ORIENTED_EDGE('',*,*,#5105,.T.);
#5107=EDGE_LOOP('',(#5106));
#5108=FACE_BOUND('',#5107,.T.);
#5109=CARTESIAN_POINT('',(-3.640881369,35.74994,6.496359641));
#5110=VERTEX_POINT('',#5109);
#5111=CARTESIAN_POINT('',(-3.640881369,37.24994,6.496359641));
#5112=DIRECTION('',(-0.,-0.,-1.));
#5113=DIRECTION('',(1.,0.,-0.));
#5114=AXIS2_PLACEMENT_3D('',#5111,#5112,#5113);
#5115=CIRCLE('',#5114,1.5);
#5116=EDGE_CURVE('',#5110,#5110,#5115,.T.);
#5117=ORIENTED_EDGE('',*,*,#5116,.T.);
#5118=EDGE_LOOP('',(#5117));
#5119=FACE_BOUND('',#5118,.T.);
#5120=CARTESIAN_POINT('',(2.859118631,34.82494,6.496359641));
#5121=VERTEX_POINT('',#5120);
#5122=CARTESIAN_POINT('',(2.859118631,35.67494,6.496359641));
#5123=DIRECTION('',(-0.,-0.,-1.));
#5124=DIRECTION('',(1.,0.,-0.));
#5125=AXIS2_PLACEMENT_3D('',#5122,#5123,#5124);
#5126=CIRCLE('',#5125,0.85);
#5127=EDGE_CURVE('',#5121,#5121,#5126,.T.);
#5128=ORIENTED_EDGE('',*,*,#5127,.T.);
#5129=EDGE_LOOP('',(#5128));
#5130=FACE_BOUND('',#5129,.T.);
#5131=CARTESIAN_POINT('',(13.359118631,3.87494,6.496359641));
#5132=VERTEX_POINT('',#5131);
#5133=CARTESIAN_POINT('',(13.359118631,5.37494,6.496359641));
#5134=DIRECTION('',(-0.,-0.,-1.));
#5135=DIRECTION('',(1.,0.,-0.));
#5136=AXIS2_PLACEMENT_3D('',#5133,#5134,#5135);
#5137=CIRCLE('',#5136,1.5);
#5138=EDGE_CURVE('',#5132,#5132,#5137,.T.);
#5139=ORIENTED_EDGE('',*,*,#5138,.T.);
#5140=EDGE_LOOP('',(#5139));
#5141=FACE_BOUND('',#5140,.T.);
#5142=CARTESIAN_POINT('',(8.359118631,6.07494,6.496359641));
#5143=VERTEX_POINT('',#5142);
#5144=CARTESIAN_POINT('',(8.359118631,7.57494,6.496359641));
#5145=DIRECTION('',(-0.,-0.,-1.));
#5146=DIRECTION('',(1.,0.,-0.));
#5147=AXIS2_PLACEMENT_3D('',#5144,#5145,#5146);
#5148=CIRCLE('',#5147,1.5);
#5149=EDGE_CURVE('',#5143,#5143,#5148,.T.);
#5150=ORIENTED_EDGE('',*,*,#5149,.T.);
#5151=EDGE_LOOP('',(#5150));
#5152=FACE_BOUND('',#5151,.T.);
#5153=CARTESIAN_POINT('',(20.359118631,10.54994,6.496359641));
#5154=VERTEX_POINT('',#5153);
#5155=CARTESIAN_POINT('',(20.359118631,11.04994,6.496359641));
#5156=DIRECTION('',(-0.,-0.,-1.));
#5157=DIRECTION('',(1.,0.,-0.));
#5158=AXIS2_PLACEMENT_3D('',#5155,#5156,#5157);
#5159=CIRCLE('',#5158,0.5);
#5160=EDGE_CURVE('',#5154,#5154,#5159,.T.);
#5161=ORIENTED_EDGE('',*,*,#5160,.T.);
#5162=EDGE_LOOP('',(#5161));
#5163=FACE_BOUND('',#5162,.T.);
#5164=CARTESIAN_POINT('',(20.139118631,11.84994,6.496359641));
#5165=VERTEX_POINT('',#5164);
#5166=CARTESIAN_POINT('',(20.139118631,12.34994,6.496359641));
#5167=DIRECTION('',(-0.,-0.,-1.));
#5168=DIRECTION('',(1.,0.,-0.));
#5169=AXIS2_PLACEMENT_3D('',#5166,#5167,#5168);
#5170=CIRCLE('',#5169,0.5);
#5171=EDGE_CURVE('',#5165,#5165,#5170,.T.);
#5172=ORIENTED_EDGE('',*,*,#5171,.T.);
#5173=EDGE_LOOP('',(#5172));
#5174=FACE_BOUND('',#5173,.T.);
#5175=CARTESIAN_POINT('',(25.359118631,3.94994,6.496359641));
#5176=VERTEX_POINT('',#5175);
#5177=CARTESIAN_POINT('',(25.359118631,5.44994,6.496359641));
#5178=DIRECTION('',(-0.,-0.,-1.));
#5179=DIRECTION('',(1.,0.,-0.));
#5180=AXIS2_PLACEMENT_3D('',#5177,#5178,#5179);
#5181=CIRCLE('',#5180,1.5);
#5182=EDGE_CURVE('',#5176,#5176,#5181,.T.);
#5183=ORIENTED_EDGE('',*,*,#5182,.T.);
#5184=EDGE_LOOP('',(#5183));
#5185=FACE_BOUND('',#5184,.T.);
#5186=CARTESIAN_POINT('',(19.859118631,15.69994,6.496359641));
#5187=VERTEX_POINT('',#5186);
#5188=CARTESIAN_POINT('',(19.859118631,16.54994,6.496359641));
#5189=DIRECTION('',(-0.,-0.,-1.));
#5190=DIRECTION('',(1.,0.,-0.));
#5191=AXIS2_PLACEMENT_3D('',#5188,#5189,#5190);
#5192=CIRCLE('',#5191,0.85);
#5193=EDGE_CURVE('',#5187,#5187,#5192,.T.);
#5194=ORIENTED_EDGE('',*,*,#5193,.T.);
#5195=EDGE_LOOP('',(#5194));
#5196=FACE_BOUND('',#5195,.T.);
#5197=CARTESIAN_POINT('',(8.359118631,16.17494,6.496359641));
#5198=VERTEX_POINT('',#5197);
#5199=CARTESIAN_POINT('',(8.359118631,18.67494,6.496359641));
#5200=DIRECTION('',(-0.,-0.,-1.));
#5201=DIRECTION('',(1.,0.,-0.));
#5202=AXIS2_PLACEMENT_3D('',#5199,#5200,#5201);
#5203=CIRCLE('',#5202,2.5);
#5204=EDGE_CURVE('',#5198,#5198,#5203,.T.);
#5205=ORIENTED_EDGE('',*,*,#5204,.T.);
#5206=EDGE_LOOP('',(#5205));
#5207=FACE_BOUND('',#5206,.T.);
#5208=CARTESIAN_POINT('',(13.859118631,17.82494,6.496359641));
#5209=VERTEX_POINT('',#5208);
#5210=CARTESIAN_POINT('',(13.859118631,18.67494,6.496359641));
#5211=DIRECTION('',(-0.,-0.,-1.));
#5212=DIRECTION('',(1.,0.,-0.));
#5213=AXIS2_PLACEMENT_3D('',#5210,#5211,#5212);
#5214=CIRCLE('',#5213,0.85);
#5215=EDGE_CURVE('',#5209,#5209,#5214,.T.);
#5216=ORIENTED_EDGE('',*,*,#5215,.T.);
#5217=EDGE_LOOP('',(#5216));
#5218=FACE_BOUND('',#5217,.T.);
#5219=CARTESIAN_POINT('',(13.359118631,20.87494,6.496359641));
#5220=VERTEX_POINT('',#5219);
#5221=CARTESIAN_POINT('',(13.359118631,22.37494,6.496359641));
#5222=DIRECTION('',(-0.,-0.,-1.));
#5223=DIRECTION('',(1.,0.,-0.));
#5224=AXIS2_PLACEMENT_3D('',#5221,#5222,#5223);
#5225=CIRCLE('',#5224,1.5);
#5226=EDGE_CURVE('',#5220,#5220,#5225,.T.);
#5227=ORIENTED_EDGE('',*,*,#5226,.T.);
#5228=EDGE_LOOP('',(#5227));
#5229=FACE_BOUND('',#5228,.T.);
#5230=CARTESIAN_POINT('',(25.359118631,14.04994,6.496359641));
#5231=VERTEX_POINT('',#5230);
#5232=CARTESIAN_POINT('',(25.359118631,16.54994,6.496359641));
#5233=DIRECTION('',(-0.,-0.,-1.));
#5234=DIRECTION('',(1.,0.,-0.));
#5235=AXIS2_PLACEMENT_3D('',#5232,#5233,#5234);
#5236=CIRCLE('',#5235,2.5);
#5237=EDGE_CURVE('',#5231,#5231,#5236,.T.);
#5238=ORIENTED_EDGE('',*,*,#5237,.T.);
#5239=EDGE_LOOP('',(#5238));
#5240=FACE_BOUND('',#5239,.T.);
#5241=CARTESIAN_POINT('',(30.859118631,15.69994,6.496359641));
#5242=VERTEX_POINT('',#5241);
#5243=CARTESIAN_POINT('',(30.859118631,16.54994,6.496359641));
#5244=DIRECTION('',(-0.,-0.,-1.));
#5245=DIRECTION('',(1.,0.,-0.));
#5246=AXIS2_PLACEMENT_3D('',#5243,#5244,#5245);
#5247=CIRCLE('',#5246,0.85);
#5248=EDGE_CURVE('',#5242,#5242,#5247,.T.);
#5249=ORIENTED_EDGE('',*,*,#5248,.T.);
#5250=EDGE_LOOP('',(#5249));
#5251=FACE_BOUND('',#5250,.T.);
#5252=CARTESIAN_POINT('',(25.359118631,20.94994,6.496359641));
#5253=VERTEX_POINT('',#5252);
#5254=CARTESIAN_POINT('',(25.359118631,22.44994,6.496359641));
#5255=DIRECTION('',(-0.,-0.,-1.));
#5256=DIRECTION('',(1.,0.,-0.));
#5257=AXIS2_PLACEMENT_3D('',#5254,#5255,#5256);
#5258=CIRCLE('',#5257,1.5);
#5259=EDGE_CURVE('',#5253,#5253,#5258,.T.);
#5260=ORIENTED_EDGE('',*,*,#5259,.T.);
#5261=EDGE_LOOP('',(#5260));
#5262=FACE_BOUND('',#5261,.T.);
#5263=CARTESIAN_POINT('',(30.359118631,18.74994,6.496359641));
#5264=VERTEX_POINT('',#5263);
#5265=CARTESIAN_POINT('',(30.359118631,20.24994,6.496359641));
#5266=DIRECTION('',(-0.,-0.,-1.));
#5267=DIRECTION('',(1.,0.,-0.));
#5268=AXIS2_PLACEMENT_3D('',#5265,#5266,#5267);
#5269=CIRCLE('',#5268,1.5);
#5270=EDGE_CURVE('',#5264,#5264,#5269,.T.);
#5271=ORIENTED_EDGE('',*,*,#5270,.T.);
#5272=EDGE_LOOP('',(#5271));
#5273=FACE_BOUND('',#5272,.T.);
#5274=CARTESIAN_POINT('',(37.359118631,6.29994,6.496359641));
#5275=VERTEX_POINT('',#5274);
#5276=CARTESIAN_POINT('',(37.359118631,6.79994,6.496359641));
#5277=DIRECTION('',(-0.,-0.,-1.));
#5278=DIRECTION('',(1.,0.,-0.));
#5279=AXIS2_PLACEMENT_3D('',#5276,#5277,#5278);
#5280=CIRCLE('',#5279,0.5);
#5281=EDGE_CURVE('',#5275,#5275,#5280,.T.);
#5282=ORIENTED_EDGE('',*,*,#5281,.T.);
#5283=EDGE_LOOP('',(#5282));
#5284=FACE_BOUND('',#5283,.T.);
#5285=CARTESIAN_POINT('',(37.139118631,7.59994,6.496359641));
#5286=VERTEX_POINT('',#5285);
#5287=CARTESIAN_POINT('',(37.139118631,8.09994,6.496359641));
#5288=DIRECTION('',(-0.,-0.,-1.));
#5289=DIRECTION('',(1.,0.,-0.));
#5290=AXIS2_PLACEMENT_3D('',#5287,#5288,#5289);
#5291=CIRCLE('',#5290,0.5);
#5292=EDGE_CURVE('',#5286,#5286,#5291,.T.);
#5293=ORIENTED_EDGE('',*,*,#5292,.T.);
#5294=EDGE_LOOP('',(#5293));
#5295=FACE_BOUND('',#5294,.T.);
#5296=CARTESIAN_POINT('',(36.859118631,11.44994,6.496359641));
#5297=VERTEX_POINT('',#5296);
#5298=CARTESIAN_POINT('',(36.859118631,12.29994,6.496359641));
#5299=DIRECTION('',(-0.,-0.,-1.));
#5300=DIRECTION('',(1.,0.,-0.));
#5301=AXIS2_PLACEMENT_3D('',#5298,#5299,#5300);
#5302=CIRCLE('',#5301,0.85);
#5303=EDGE_CURVE('',#5297,#5297,#5302,.T.);
#5304=ORIENTED_EDGE('',*,*,#5303,.T.);
#5305=EDGE_LOOP('',(#5304));
#5306=FACE_BOUND('',#5305,.T.);
#5307=CARTESIAN_POINT('',(42.359118631,9.79994,6.496359641));
#5308=VERTEX_POINT('',#5307);
#5309=CARTESIAN_POINT('',(42.359118631,12.29994,6.496359641));
#5310=DIRECTION('',(-0.,-0.,-1.));
#5311=DIRECTION('',(1.,0.,-0.));
#5312=AXIS2_PLACEMENT_3D('',#5309,#5310,#5311);
#5313=CIRCLE('',#5312,2.5);
#5314=EDGE_CURVE('',#5308,#5308,#5313,.T.);
#5315=ORIENTED_EDGE('',*,*,#5314,.T.);
#5316=EDGE_LOOP('',(#5315));
#5317=FACE_BOUND('',#5316,.T.);
#5318=CARTESIAN_POINT('',(47.859118631,11.44994,6.496359641));
#5319=VERTEX_POINT('',#5318);
#5320=CARTESIAN_POINT('',(47.859118631,12.29994,6.496359641));
#5321=DIRECTION('',(-0.,-0.,-1.));
#5322=DIRECTION('',(1.,0.,-0.));
#5323=AXIS2_PLACEMENT_3D('',#5320,#5321,#5322);
#5324=CIRCLE('',#5323,0.85);
#5325=EDGE_CURVE('',#5319,#5319,#5324,.T.);
#5326=ORIENTED_EDGE('',*,*,#5325,.T.);
#5327=EDGE_LOOP('',(#5326));
#5328=FACE_BOUND('',#5327,.T.);
#5329=CARTESIAN_POINT('',(54.359118631,6.29994,6.496359641));
#5330=VERTEX_POINT('',#5329);
#5331=CARTESIAN_POINT('',(54.359118631,6.79994,6.496359641));
#5332=DIRECTION('',(-0.,-0.,-1.));
#5333=DIRECTION('',(1.,0.,-0.));
#5334=AXIS2_PLACEMENT_3D('',#5331,#5332,#5333);
#5335=CIRCLE('',#5334,0.5);
#5336=EDGE_CURVE('',#5330,#5330,#5335,.T.);
#5337=ORIENTED_EDGE('',*,*,#5336,.T.);
#5338=EDGE_LOOP('',(#5337));
#5339=FACE_BOUND('',#5338,.T.);
#5340=CARTESIAN_POINT('',(54.139118631,7.59994,6.496359641));
#5341=VERTEX_POINT('',#5340);
#5342=CARTESIAN_POINT('',(54.139118631,8.09994,6.496359641));
#5343=DIRECTION('',(-0.,-0.,-1.));
#5344=DIRECTION('',(1.,0.,-0.));
#5345=AXIS2_PLACEMENT_3D('',#5342,#5343,#5344);
#5346=CIRCLE('',#5345,0.5);
#5347=EDGE_CURVE('',#5341,#5341,#5346,.T.);
#5348=ORIENTED_EDGE('',*,*,#5347,.T.);
#5349=EDGE_LOOP('',(#5348));
#5350=FACE_BOUND('',#5349,.T.);
#5351=CARTESIAN_POINT('',(53.859118631,11.44994,6.496359641));
#5352=VERTEX_POINT('',#5351);
#5353=CARTESIAN_POINT('',(53.859118631,12.29994,6.496359641));
#5354=DIRECTION('',(-0.,-0.,-1.));
#5355=DIRECTION('',(1.,0.,-0.));
#5356=AXIS2_PLACEMENT_3D('',#5353,#5354,#5355);
#5357=CIRCLE('',#5356,0.85);
#5358=EDGE_CURVE('',#5352,#5352,#5357,.T.);
#5359=ORIENTED_EDGE('',*,*,#5358,.T.);
#5360=EDGE_LOOP('',(#5359));
#5361=FACE_BOUND('',#5360,.T.);
#5362=CARTESIAN_POINT('',(59.359118631,9.79994,6.496359641));
#5363=VERTEX_POINT('',#5362);
#5364=CARTESIAN_POINT('',(59.359118631,12.29994,6.496359641));
#5365=DIRECTION('',(-0.,-0.,-1.));
#5366=DIRECTION('',(1.,0.,-0.));
#5367=AXIS2_PLACEMENT_3D('',#5364,#5365,#5366);
#5368=CIRCLE('',#5367,2.5);
#5369=EDGE_CURVE('',#5363,#5363,#5368,.T.);
#5370=ORIENTED_EDGE('',*,*,#5369,.T.);
#5371=EDGE_LOOP('',(#5370));
#5372=FACE_BOUND('',#5371,.T.);
#5373=CARTESIAN_POINT('',(64.859118631,11.44994,6.496359641));
#5374=VERTEX_POINT('',#5373);
#5375=CARTESIAN_POINT('',(64.859118631,12.29994,6.496359641));
#5376=DIRECTION('',(-0.,-0.,-1.));
#5377=DIRECTION('',(1.,0.,-0.));
#5378=AXIS2_PLACEMENT_3D('',#5375,#5376,#5377);
#5379=CIRCLE('',#5378,0.85);
#5380=EDGE_CURVE('',#5374,#5374,#5379,.T.);
#5381=ORIENTED_EDGE('',*,*,#5380,.T.);
#5382=EDGE_LOOP('',(#5381));
#5383=FACE_BOUND('',#5382,.T.);
#5384=CARTESIAN_POINT('',(42.359118631,16.69994,6.496359641));
#5385=VERTEX_POINT('',#5384);
#5386=CARTESIAN_POINT('',(42.359118631,18.19994,6.496359641));
#5387=DIRECTION('',(-0.,-0.,-1.));
#5388=DIRECTION('',(1.,0.,-0.));
#5389=AXIS2_PLACEMENT_3D('',#5386,#5387,#5388);
#5390=CIRCLE('',#5389,1.5);
#5391=EDGE_CURVE('',#5385,#5385,#5390,.T.);
#5392=ORIENTED_EDGE('',*,*,#5391,.T.);
#5393=EDGE_LOOP('',(#5392));
#5394=FACE_BOUND('',#5393,.T.);
#5395=CARTESIAN_POINT('',(47.359118631,14.49994,6.496359641));
#5396=VERTEX_POINT('',#5395);
#5397=CARTESIAN_POINT('',(47.359118631,15.99994,6.496359641));
#5398=DIRECTION('',(-0.,-0.,-1.));
#5399=DIRECTION('',(1.,0.,-0.));
#5400=AXIS2_PLACEMENT_3D('',#5397,#5398,#5399);
#5401=CIRCLE('',#5400,1.5);
#5402=EDGE_CURVE('',#5396,#5396,#5401,.T.);
#5403=ORIENTED_EDGE('',*,*,#5402,.T.);
#5404=EDGE_LOOP('',(#5403));
#5405=FACE_BOUND('',#5404,.T.);
#5406=CARTESIAN_POINT('',(59.359118631,16.69994,6.496359641));
#5407=VERTEX_POINT('',#5406);
#5408=CARTESIAN_POINT('',(59.359118631,18.19994,6.496359641));
#5409=DIRECTION('',(-0.,-0.,-1.));
#5410=DIRECTION('',(1.,0.,-0.));
#5411=AXIS2_PLACEMENT_3D('',#5408,#5409,#5410);
#5412=CIRCLE('',#5411,1.5);
#5413=EDGE_CURVE('',#5407,#5407,#5412,.T.);
#5414=ORIENTED_EDGE('',*,*,#5413,.T.);
#5415=EDGE_LOOP('',(#5414));
#5416=FACE_BOUND('',#5415,.T.);
#5417=CARTESIAN_POINT('',(64.359118631,14.49994,6.496359641));
#5418=VERTEX_POINT('',#5417);
#5419=CARTESIAN_POINT('',(64.359118631,15.99994,6.496359641));
#5420=DIRECTION('',(-0.,-0.,-1.));
#5421=DIRECTION('',(1.,0.,-0.));
#5422=AXIS2_PLACEMENT_3D('',#5419,#5420,#5421);
#5423=CIRCLE('',#5422,1.5);
#5424=EDGE_CURVE('',#5418,#5418,#5423,.T.);
#5425=ORIENTED_EDGE('',*,*,#5424,.T.);
#5426=EDGE_LOOP('',(#5425));
#5427=FACE_BOUND('',#5426,.T.);
#5428=CARTESIAN_POINT('',(8.359118631,23.07494,6.496359641));
#5429=VERTEX_POINT('',#5428);
#5430=CARTESIAN_POINT('',(8.359118631,24.57494,6.496359641));
#5431=DIRECTION('',(-0.,-0.,-1.));
#5432=DIRECTION('',(1.,0.,-0.));
#5433=AXIS2_PLACEMENT_3D('',#5430,#5431,#5432);
#5434=CIRCLE('',#5433,1.5);
#5435=EDGE_CURVE('',#5429,#5429,#5434,.T.);
#5436=ORIENTED_EDGE('',*,*,#5435,.T.);
#5437=EDGE_LOOP('',(#5436));
#5438=FACE_BOUND('',#5437,.T.);
#5439=CARTESIAN_POINT('',(20.359118631,27.54994,6.496359641));
#5440=VERTEX_POINT('',#5439);
#5441=CARTESIAN_POINT('',(20.359118631,28.04994,6.496359641));
#5442=DIRECTION('',(-0.,-0.,-1.));
#5443=DIRECTION('',(1.,0.,-0.));
#5444=AXIS2_PLACEMENT_3D('',#5441,#5442,#5443);
#5445=CIRCLE('',#5444,0.5);
#5446=EDGE_CURVE('',#5440,#5440,#5445,.T.);
#5447=ORIENTED_EDGE('',*,*,#5446,.T.);
#5448=EDGE_LOOP('',(#5447));
#5449=FACE_BOUND('',#5448,.T.);
#5450=CARTESIAN_POINT('',(20.139118631,28.84994,6.496359641));
#5451=VERTEX_POINT('',#5450);
#5452=CARTESIAN_POINT('',(20.139118631,29.34994,6.496359641));
#5453=DIRECTION('',(-0.,-0.,-1.));
#5454=DIRECTION('',(1.,0.,-0.));
#5455=AXIS2_PLACEMENT_3D('',#5452,#5453,#5454);
#5456=CIRCLE('',#5455,0.5);
#5457=EDGE_CURVE('',#5451,#5451,#5456,.T.);
#5458=ORIENTED_EDGE('',*,*,#5457,.T.);
#5459=EDGE_LOOP('',(#5458));
#5460=FACE_BOUND('',#5459,.T.);
#5461=CARTESIAN_POINT('',(8.359118631,33.17494,6.496359641));
#5462=VERTEX_POINT('',#5461);
#5463=CARTESIAN_POINT('',(8.359118631,35.67494,6.496359641));
#5464=DIRECTION('',(-0.,-0.,-1.));
#5465=DIRECTION('',(1.,0.,-0.));
#5466=AXIS2_PLACEMENT_3D('',#5463,#5464,#5465);
#5467=CIRCLE('',#5466,2.5);
#5468=EDGE_CURVE('',#5462,#5462,#5467,.T.);
#5469=ORIENTED_EDGE('',*,*,#5468,.T.);
#5470=EDGE_LOOP('',(#5469));
#5471=FACE_BOUND('',#5470,.T.);
#5472=CARTESIAN_POINT('',(13.859118631,34.82494,6.496359641));
#5473=VERTEX_POINT('',#5472);
#5474=CARTESIAN_POINT('',(13.859118631,35.67494,6.496359641));
#5475=DIRECTION('',(-0.,-0.,-1.));
#5476=DIRECTION('',(1.,0.,-0.));
#5477=AXIS2_PLACEMENT_3D('',#5474,#5475,#5476);
#5478=CIRCLE('',#5477,0.85);
#5479=EDGE_CURVE('',#5473,#5473,#5478,.T.);
#5480=ORIENTED_EDGE('',*,*,#5479,.T.);
#5481=EDGE_LOOP('',(#5480));
#5482=FACE_BOUND('',#5481,.T.);
#5483=CARTESIAN_POINT('',(19.859118631,32.69994,6.496359641));
#5484=VERTEX_POINT('',#5483);
#5485=CARTESIAN_POINT('',(19.859118631,33.54994,6.496359641));
#5486=DIRECTION('',(-0.,-0.,-1.));
#5487=DIRECTION('',(1.,0.,-0.));
#5488=AXIS2_PLACEMENT_3D('',#5485,#5486,#5487);
#5489=CIRCLE('',#5488,0.85);
#5490=EDGE_CURVE('',#5484,#5484,#5489,.T.);
#5491=ORIENTED_EDGE('',*,*,#5490,.T.);
#5492=EDGE_LOOP('',(#5491));
#5493=FACE_BOUND('',#5492,.T.);
#5494=CARTESIAN_POINT('',(13.359118631,37.87494,6.496359641));
#5495=VERTEX_POINT('',#5494);
#5496=CARTESIAN_POINT('',(13.359118631,39.37494,6.496359641));
#5497=DIRECTION('',(-0.,-0.,-1.));
#5498=DIRECTION('',(1.,0.,-0.));
#5499=AXIS2_PLACEMENT_3D('',#5496,#5497,#5498);
#5500=CIRCLE('',#5499,1.5);
#5501=EDGE_CURVE('',#5495,#5495,#5500,.T.);
#5502=ORIENTED_EDGE('',*,*,#5501,.T.);
#5503=EDGE_LOOP('',(#5502));
#5504=FACE_BOUND('',#5503,.T.);
#5505=CARTESIAN_POINT('',(8.359118631,40.07494,6.496359641));
#5506=VERTEX_POINT('',#5505);
#5507=CARTESIAN_POINT('',(8.359118631,41.57494,6.496359641));
#5508=DIRECTION('',(-0.,-0.,-1.));
#5509=DIRECTION('',(1.,0.,-0.));
#5510=AXIS2_PLACEMENT_3D('',#5507,#5508,#5509);
#5511=CIRCLE('',#5510,1.5);
#5512=EDGE_CURVE('',#5506,#5506,#5511,.T.);
#5513=ORIENTED_EDGE('',*,*,#5512,.T.);
#5514=EDGE_LOOP('',(#5513));
#5515=FACE_BOUND('',#5514,.T.);
#5516=CARTESIAN_POINT('',(25.359118631,31.04994,6.496359641));
#5517=VERTEX_POINT('',#5516);
#5518=CARTESIAN_POINT('',(25.359118631,33.54994,6.496359641));
#5519=DIRECTION('',(-0.,-0.,-1.));
#5520=DIRECTION('',(1.,0.,-0.));
#5521=AXIS2_PLACEMENT_3D('',#5518,#5519,#5520);
#5522=CIRCLE('',#5521,2.5);
#5523=EDGE_CURVE('',#5517,#5517,#5522,.T.);
#5524=ORIENTED_EDGE('',*,*,#5523,.T.);
#5525=EDGE_LOOP('',(#5524));
#5526=FACE_BOUND('',#5525,.T.);
#5527=CARTESIAN_POINT('',(30.859118631,32.69994,6.496359641));
#5528=VERTEX_POINT('',#5527);
#5529=CARTESIAN_POINT('',(30.859118631,33.54994,6.496359641));
#5530=DIRECTION('',(-0.,-0.,-1.));
#5531=DIRECTION('',(1.,0.,-0.));
#5532=AXIS2_PLACEMENT_3D('',#5529,#5530,#5531);
#5533=CIRCLE('',#5532,0.85);
#5534=EDGE_CURVE('',#5528,#5528,#5533,.T.);
#5535=ORIENTED_EDGE('',*,*,#5534,.T.);
#5536=EDGE_LOOP('',(#5535));
#5537=FACE_BOUND('',#5536,.T.);
#5538=CARTESIAN_POINT('',(30.359118631,35.74994,6.496359641));
#5539=VERTEX_POINT('',#5538);
#5540=CARTESIAN_POINT('',(30.359118631,37.24994,6.496359641));
#5541=DIRECTION('',(-0.,-0.,-1.));
#5542=DIRECTION('',(1.,0.,-0.));
#5543=AXIS2_PLACEMENT_3D('',#5540,#5541,#5542);
#5544=CIRCLE('',#5543,1.5);
#5545=EDGE_CURVE('',#5539,#5539,#5544,.T.);
#5546=ORIENTED_EDGE('',*,*,#5545,.T.);
#5547=EDGE_LOOP('',(#5546));
#5548=FACE_BOUND('',#5547,.T.);
#5549=CARTESIAN_POINT('',(25.359118631,37.94994,6.496359641));
#5550=VERTEX_POINT('',#5549);
#5551=CARTESIAN_POINT('',(25.359118631,39.44994,6.496359641));
#5552=DIRECTION('',(-0.,-0.,-1.));
#5553=DIRECTION('',(1.,0.,-0.));
#5554=AXIS2_PLACEMENT_3D('',#5551,#5552,#5553);
#5555=CIRCLE('',#5554,1.5);
#5556=EDGE_CURVE('',#5550,#5550,#5555,.T.);
#5557=ORIENTED_EDGE('',*,*,#5556,.T.);
#5558=EDGE_LOOP('',(#5557));
#5559=FACE_BOUND('',#5558,.T.);
#5560=CARTESIAN_POINT('',(37.359118631,23.29994,6.496359641));
#5561=VERTEX_POINT('',#5560);
#5562=CARTESIAN_POINT('',(37.359118631,23.79994,6.496359641));
#5563=DIRECTION('',(-0.,-0.,-1.));
#5564=DIRECTION('',(1.,0.,-0.));
#5565=AXIS2_PLACEMENT_3D('',#5562,#5563,#5564);
#5566=CIRCLE('',#5565,0.5);
#5567=EDGE_CURVE('',#5561,#5561,#5566,.T.);
#5568=ORIENTED_EDGE('',*,*,#5567,.T.);
#5569=EDGE_LOOP('',(#5568));
#5570=FACE_BOUND('',#5569,.T.);
#5571=CARTESIAN_POINT('',(37.139118631,24.59994,6.496359641));
#5572=VERTEX_POINT('',#5571);
#5573=CARTESIAN_POINT('',(37.139118631,25.09994,6.496359641));
#5574=DIRECTION('',(-0.,-0.,-1.));
#5575=DIRECTION('',(1.,0.,-0.));
#5576=AXIS2_PLACEMENT_3D('',#5573,#5574,#5575);
#5577=CIRCLE('',#5576,0.5);
#5578=EDGE_CURVE('',#5572,#5572,#5577,.T.);
#5579=ORIENTED_EDGE('',*,*,#5578,.T.);
#5580=EDGE_LOOP('',(#5579));
#5581=FACE_BOUND('',#5580,.T.);
#5582=CARTESIAN_POINT('',(36.859118631,28.44994,6.496359641));
#5583=VERTEX_POINT('',#5582);
#5584=CARTESIAN_POINT('',(36.859118631,29.29994,6.496359641));
#5585=DIRECTION('',(-0.,-0.,-1.));
#5586=DIRECTION('',(1.,0.,-0.));
#5587=AXIS2_PLACEMENT_3D('',#5584,#5585,#5586);
#5588=CIRCLE('',#5587,0.85);
#5589=EDGE_CURVE('',#5583,#5583,#5588,.T.);
#5590=ORIENTED_EDGE('',*,*,#5589,.T.);
#5591=EDGE_LOOP('',(#5590));
#5592=FACE_BOUND('',#5591,.T.);
#5593=CARTESIAN_POINT('',(42.359118631,26.79994,6.496359641));
#5594=VERTEX_POINT('',#5593);
#5595=CARTESIAN_POINT('',(42.359118631,29.29994,6.496359641));
#5596=DIRECTION('',(-0.,-0.,-1.));
#5597=DIRECTION('',(1.,0.,-0.));
#5598=AXIS2_PLACEMENT_3D('',#5595,#5596,#5597);
#5599=CIRCLE('',#5598,2.5);
#5600=EDGE_CURVE('',#5594,#5594,#5599,.T.);
#5601=ORIENTED_EDGE('',*,*,#5600,.T.);
#5602=EDGE_LOOP('',(#5601));
#5603=FACE_BOUND('',#5602,.T.);
#5604=CARTESIAN_POINT('',(47.859118631,28.44994,6.496359641));
#5605=VERTEX_POINT('',#5604);
#5606=CARTESIAN_POINT('',(47.859118631,29.29994,6.496359641));
#5607=DIRECTION('',(-0.,-0.,-1.));
#5608=DIRECTION('',(1.,0.,-0.));
#5609=AXIS2_PLACEMENT_3D('',#5606,#5607,#5608);
#5610=CIRCLE('',#5609,0.85);
#5611=EDGE_CURVE('',#5605,#5605,#5610,.T.);
#5612=ORIENTED_EDGE('',*,*,#5611,.T.);
#5613=EDGE_LOOP('',(#5612));
#5614=FACE_BOUND('',#5613,.T.);
#5615=CARTESIAN_POINT('',(47.359118631,31.49994,6.496359641));
#5616=VERTEX_POINT('',#5615);
#5617=CARTESIAN_POINT('',(47.359118631,32.99994,6.496359641));
#5618=DIRECTION('',(-0.,-0.,-1.));
#5619=DIRECTION('',(1.,0.,-0.));
#5620=AXIS2_PLACEMENT_3D('',#5617,#5618,#5619);
#5621=CIRCLE('',#5620,1.5);
#5622=EDGE_CURVE('',#5616,#5616,#5621,.T.);
#5623=ORIENTED_EDGE('',*,*,#5622,.T.);
#5624=EDGE_LOOP('',(#5623));
#5625=FACE_BOUND('',#5624,.T.);
#5626=CARTESIAN_POINT('',(54.359118631,23.29994,6.496359641));
#5627=VERTEX_POINT('',#5626);
#5628=CARTESIAN_POINT('',(54.359118631,23.79994,6.496359641));
#5629=DIRECTION('',(-0.,-0.,-1.));
#5630=DIRECTION('',(1.,0.,-0.));
#5631=AXIS2_PLACEMENT_3D('',#5628,#5629,#5630);
#5632=CIRCLE('',#5631,0.5);
#5633=EDGE_CURVE('',#5627,#5627,#5632,.T.);
#5634=ORIENTED_EDGE('',*,*,#5633,.T.);
#5635=EDGE_LOOP('',(#5634));
#5636=FACE_BOUND('',#5635,.T.);
#5637=CARTESIAN_POINT('',(54.139118631,24.59994,6.496359641));
#5638=VERTEX_POINT('',#5637);
#5639=CARTESIAN_POINT('',(54.139118631,25.09994,6.496359641));
#5640=DIRECTION('',(-0.,-0.,-1.));
#5641=DIRECTION('',(1.,0.,-0.));
#5642=AXIS2_PLACEMENT_3D('',#5639,#5640,#5641);
#5643=CIRCLE('',#5642,0.5);
#5644=EDGE_CURVE('',#5638,#5638,#5643,.T.);
#5645=ORIENTED_EDGE('',*,*,#5644,.T.);
#5646=EDGE_LOOP('',(#5645));
#5647=FACE_BOUND('',#5646,.T.);
#5648=CARTESIAN_POINT('',(53.859118631,28.44994,6.496359641));
#5649=VERTEX_POINT('',#5648);
#5650=CARTESIAN_POINT('',(53.859118631,29.29994,6.496359641));
#5651=DIRECTION('',(-0.,-0.,-1.));
#5652=DIRECTION('',(1.,0.,-0.));
#5653=AXIS2_PLACEMENT_3D('',#5650,#5651,#5652);
#5654=CIRCLE('',#5653,0.85);
#5655=EDGE_CURVE('',#5649,#5649,#5654,.T.);
#5656=ORIENTED_EDGE('',*,*,#5655,.T.);
#5657=EDGE_LOOP('',(#5656));
#5658=FACE_BOUND('',#5657,.T.);
#5659=CARTESIAN_POINT('',(59.359118631,26.79994,6.496359641));
#5660=VERTEX_POINT('',#5659);
#5661=CARTESIAN_POINT('',(59.359118631,29.29994,6.496359641));
#5662=DIRECTION('',(-0.,-0.,-1.));
#5663=DIRECTION('',(1.,0.,-0.));
#5664=AXIS2_PLACEMENT_3D('',#5661,#5662,#5663);
#5665=CIRCLE('',#5664,2.5);
#5666=EDGE_CURVE('',#5660,#5660,#5665,.T.);
#5667=ORIENTED_EDGE('',*,*,#5666,.T.);
#5668=EDGE_LOOP('',(#5667));
#5669=FACE_BOUND('',#5668,.T.);
#5670=CARTESIAN_POINT('',(64.859118631,28.44994,6.496359641));
#5671=VERTEX_POINT('',#5670);
#5672=CARTESIAN_POINT('',(64.859118631,29.29994,6.496359641));
#5673=DIRECTION('',(-0.,-0.,-1.));
#5674=DIRECTION('',(1.,0.,-0.));
#5675=AXIS2_PLACEMENT_3D('',#5672,#5673,#5674);
#5676=CIRCLE('',#5675,0.85);
#5677=EDGE_CURVE('',#5671,#5671,#5676,.T.);
#5678=ORIENTED_EDGE('',*,*,#5677,.T.);
#5679=EDGE_LOOP('',(#5678));
#5680=FACE_BOUND('',#5679,.T.);
#5681=CARTESIAN_POINT('',(64.359118631,31.49994,6.496359641));
#5682=VERTEX_POINT('',#5681);
#5683=CARTESIAN_POINT('',(64.359118631,32.99994,6.496359641));
#5684=DIRECTION('',(-0.,-0.,-1.));
#5685=DIRECTION('',(1.,0.,-0.));
#5686=AXIS2_PLACEMENT_3D('',#5683,#5684,#5685);
#5687=CIRCLE('',#5686,1.5);
#5688=EDGE_CURVE('',#5682,#5682,#5687,.T.);
#5689=ORIENTED_EDGE('',*,*,#5688,.T.);
#5690=EDGE_LOOP('',(#5689));
#5691=FACE_BOUND('',#5690,.T.);
#5692=CARTESIAN_POINT('',(42.359118631,33.69994,6.496359641));
#5693=VERTEX_POINT('',#5692);
#5694=CARTESIAN_POINT('',(42.359118631,35.19994,6.496359641));
#5695=DIRECTION('',(-0.,-0.,-1.));
#5696=DIRECTION('',(1.,0.,-0.));
#5697=AXIS2_PLACEMENT_3D('',#5694,#5695,#5696);
#5698=CIRCLE('',#5697,1.5);
#5699=EDGE_CURVE('',#5693,#5693,#5698,.T.);
#5700=ORIENTED_EDGE('',*,*,#5699,.T.);
#5701=EDGE_LOOP('',(#5700));
#5702=FACE_BOUND('',#5701,.T.);
#5703=CARTESIAN_POINT('',(59.359118631,33.69994,6.496359641));
#5704=VERTEX_POINT('',#5703);
#5705=CARTESIAN_POINT('',(59.359118631,35.19994,6.496359641));
#5706=DIRECTION('',(-0.,-0.,-1.));
#5707=DIRECTION('',(1.,0.,-0.));
#5708=AXIS2_PLACEMENT_3D('',#5705,#5706,#5707);
#5709=CIRCLE('',#5708,1.5);
#5710=EDGE_CURVE('',#5704,#5704,#5709,.T.);
#5711=ORIENTED_EDGE('',*,*,#5710,.T.);
#5712=EDGE_LOOP('',(#5711));
#5713=FACE_BOUND('',#5712,.T.);
#5714=ADVANCED_FACE('',(#3369,#3380,#3391,#3402,#3413,#3424,#3435,#3446,#3457,#3468,#3479,#3490,#3501,#3512,#3523,#3534,#3545,#3556,#3567,#3578,#3589,#3600,#3611,#3622,#3633,#3669,
#3705,#3741,#3752,#3763,#3774,#3785,#3796,#3807,#3818,#3829,#3840,#3851,#3862,#3873,#3884,#3895,#3906,#3917,#3928,#3939,#3950,#3961,#3972,#3983,#3994,
#4005,#4016,#4027,#4038,#4049,#4060,#4071,#4082,#4093,#4104,#4115,#4126,#4137,#4148,#4159,#4170,#4181,#4192,#4203,#4214,#4225,#4236,#4247,#4258,#4269,
#4280,#4291,#4302,#4313,#4324,#4335,#4346,#4357,#4368,#4379,#4390,#4401,#4412,#4423,#4434,#4445,#4456,#4467,#4561,#4572,#4583,#4594,#4605,#4616,#4627,
#4638,#4649,#4660,#4671,#4682,#4693,#4704,#4715,#4726,#4737,#4748,#4759,#4770,#4781,#4792,#4803,#4814,#4825,#4836,#4847,#4858,#4869,#4880,#4891,#4902,
#4913,#4965,#4976,#4987,#4998,#5009,#5020,#5031,#5042,#5053,#5064,#5075,#5086,#5097,#5108,#5119,#5130,#5141,#5152,#5163,#5174,#5185,#5196,#5207,#5218,
#5229,#5240,#5251,#5262,#5273,#5284,#5295,#5306,#5317,#5328,#5339,#5350,#5361,#5372,#5383,#5394,#5405,#5416,#5427,#5438,#5449,#5460,#5471,#5482,#5493,
#5504,#5515,#5526,#5537,#5548,#5559,#5570,#5581,#5592,#5603,#5614,#5625,#5636,#5647,#5658,#5669,#5680,#5691,#5702,#5713),#2926,.T.);
#5715=CARTESIAN_POINT('',(0.109118631,44.874942,4.895));
#5716=DIRECTION('',(0.,1.,0.));
#5717=DIRECTION('',(1.,0.,0.));
#5718=AXIS2_PLACEMENT_3D('',#5715,#5716,#5717);
#5719=PLANE('',#5718);
#5720=CARTESIAN_POINT('',(0.109118631,44.874942,4.895));
#5721=DIRECTION('',(-0.,-0.,1.));
#5722=VECTOR('',#5721,1.601359641);
#5723=LINE('',#5720,#5722);
#5724=EDGE_CURVE('',#560,#2930,#5723,.T.);
#5725=ORIENTED_EDGE('',*,*,#5724,.T.);
#5726=ORIENTED_EDGE('',*,*,#2935,.T.);
#5727=ORIENTED_EDGE('',*,*,#80,.F.);
#5728=ORIENTED_EDGE('',*,*,#571,.F.);
#5729=EDGE_LOOP('',(#5725,#5726,#5727,#5728));
#5730=FACE_BOUND('',#5729,.T.);
#5731=ADVANCED_FACE('',(#5730),#5719,.T.);
#5732=CARTESIAN_POINT('',(17.509118631,43.874942,4.895));
#5733=DIRECTION('',(1.,0.,0.));
#5734=DIRECTION('',(0.,-1.,0.));
#5735=AXIS2_PLACEMENT_3D('',#5732,#5733,#5734);
#5736=PLANE('',#5735);
#5737=ORIENTED_EDGE('',*,*,#118,.T.);
#5738=ORIENTED_EDGE('',*,*,#3365,.T.);
#5739=CARTESIAN_POINT('',(17.509118631,42.749942,4.895));
#5740=DIRECTION('',(-0.,-0.,1.));
#5741=VECTOR('',#5740,1.601359641);
#5742=LINE('',#5739,#5741);
#5743=EDGE_CURVE('',#136,#3354,#5742,.T.);
#5744=ORIENTED_EDGE('',*,*,#5743,.F.);
#5745=ORIENTED_EDGE('',*,*,#141,.F.);
#5746=EDGE_LOOP('',(#5737,#5738,#5744,#5745));
#5747=FACE_BOUND('',#5746,.T.);
#5748=ADVANCED_FACE('',(#5747),#5736,.T.);
#5749=CARTESIAN_POINT('',(-0.390881369,44.740967,4.895));
#5750=DIRECTION('',(-0.258819773,0.965925631,0.));
#5751=DIRECTION('',(0.965925631,0.258819773,0.));
#5752=AXIS2_PLACEMENT_3D('',#5749,#5750,#5751);
#5753=PLANE('',#5752);
#5754=CARTESIAN_POINT('',(-0.390881369,44.740967,4.895));
#5755=DIRECTION('',(-0.,-0.,1.));
#5756=VECTOR('',#5755,1.601359641);
#5757=LINE('',#5754,#5756);
#5758=EDGE_CURVE('',#552,#2938,#5757,.T.);
#5759=ORIENTED_EDGE('',*,*,#5758,.T.);
#5760=ORIENTED_EDGE('',*,*,#2943,.T.);
#5761=ORIENTED_EDGE('',*,*,#5724,.F.);
#5762=ORIENTED_EDGE('',*,*,#565,.F.);
#5763=EDGE_LOOP('',(#5759,#5760,#5761,#5762));
#5764=FACE_BOUND('',#5763,.T.);
#5765=ADVANCED_FACE('',(#5764),#5753,.T.);
#5766=CARTESIAN_POINT('',(17.509118631,42.749942,4.895));
#5767=DIRECTION('',(0.,1.,0.));
#5768=DIRECTION('',(1.,0.,0.));
#5769=AXIS2_PLACEMENT_3D('',#5766,#5767,#5768);
#5770=PLANE('',#5769);
#5771=ORIENTED_EDGE('',*,*,#5743,.T.);
#5772=ORIENTED_EDGE('',*,*,#3359,.T.);
#5773=CARTESIAN_POINT('',(33.509118631,42.749942,4.895));
#5774=DIRECTION('',(-0.,-0.,1.));
#5775=VECTOR('',#5774,1.601359641);
#5776=LINE('',#5773,#5775);
#5777=EDGE_CURVE('',#144,#3346,#5776,.T.);
#5778=ORIENTED_EDGE('',*,*,#5777,.F.);
#5779=ORIENTED_EDGE('',*,*,#149,.F.);
#5780=EDGE_LOOP('',(#5771,#5772,#5778,#5779));
#5781=FACE_BOUND('',#5780,.T.);
#5782=ADVANCED_FACE('',(#5781),#5770,.T.);
#5783=CARTESIAN_POINT('',(-0.756907369,44.374942,4.895));
#5784=DIRECTION('',(-0.707105815,0.707107747,0.));
#5785=DIRECTION('',(0.707107747,0.707105815,0.));
#5786=AXIS2_PLACEMENT_3D('',#5783,#5784,#5785);
#5787=PLANE('',#5786);
#5788=CARTESIAN_POINT('',(-0.756907369,44.374942,4.895));
#5789=DIRECTION('',(-0.,-0.,1.));
#5790=VECTOR('',#5789,1.601359641);
#5791=LINE('',#5788,#5790);
#5792=EDGE_CURVE('',#544,#2946,#5791,.T.);
#5793=ORIENTED_EDGE('',*,*,#5792,.T.);
#5794=ORIENTED_EDGE('',*,*,#2951,.T.);
#5795=ORIENTED_EDGE('',*,*,#5758,.F.);
#5796=ORIENTED_EDGE('',*,*,#557,.F.);
#5797=EDGE_LOOP('',(#5793,#5794,#5795,#5796));
#5798=FACE_BOUND('',#5797,.T.);
#5799=ADVANCED_FACE('',(#5798),#5787,.T.);
#5800=CARTESIAN_POINT('',(33.509118631,42.749942,4.895));
#5801=DIRECTION('',(0.258819773,0.965925631,0.));
#5802=DIRECTION('',(0.965925631,-0.258819773,0.));
#5803=AXIS2_PLACEMENT_3D('',#5800,#5801,#5802);
#5804=PLANE('',#5803);
#5805=ORIENTED_EDGE('',*,*,#5777,.T.);
#5806=ORIENTED_EDGE('',*,*,#3351,.T.);
#5807=CARTESIAN_POINT('',(34.009118631,42.615967,4.895));
#5808=DIRECTION('',(-0.,-0.,1.));
#5809=VECTOR('',#5808,1.601359641);
#5810=LINE('',#5807,#5809);
#5811=EDGE_CURVE('',#152,#3338,#5810,.T.);
#5812=ORIENTED_EDGE('',*,*,#5811,.F.);
#5813=ORIENTED_EDGE('',*,*,#157,.F.);
#5814=EDGE_LOOP('',(#5805,#5806,#5812,#5813));
#5815=FACE_BOUND('',#5814,.T.);
#5816=ADVANCED_FACE('',(#5815),#5804,.T.);
#5817=CARTESIAN_POINT('',(-0.890881369,43.874942,4.895));
#5818=DIRECTION('',(-0.965926114,0.25881797,0.));
#5819=DIRECTION('',(0.25881797,0.965926114,0.));
#5820=AXIS2_PLACEMENT_3D('',#5817,#5818,#5819);
#5821=PLANE('',#5820);
#5822=CARTESIAN_POINT('',(-0.890881369,43.874942,4.895));
#5823=DIRECTION('',(-0.,-0.,1.));
#5824=VECTOR('',#5823,1.601359641);
#5825=LINE('',#5822,#5824);
#5826=EDGE_CURVE('',#536,#2954,#5825,.T.);
#5827=ORIENTED_EDGE('',*,*,#5826,.T.);
#5828=ORIENTED_EDGE('',*,*,#2959,.T.);
#5829=ORIENTED_EDGE('',*,*,#5792,.F.);
#5830=ORIENTED_EDGE('',*,*,#549,.F.);
#5831=EDGE_LOOP('',(#5827,#5828,#5829,#5830));
#5832=FACE_BOUND('',#5831,.T.);
#5833=ADVANCED_FACE('',(#5832),#5821,.T.);
#5834=CARTESIAN_POINT('',(34.009118631,42.615967,4.895));
#5835=DIRECTION('',(0.707106781,0.707106781,0.));
#5836=DIRECTION('',(0.707106781,-0.707106781,0.));
#5837=AXIS2_PLACEMENT_3D('',#5834,#5835,#5836);
#5838=PLANE('',#5837);
#5839=ORIENTED_EDGE('',*,*,#5811,.T.);
#5840=ORIENTED_EDGE('',*,*,#3343,.T.);
#5841=CARTESIAN_POINT('',(34.375143631,42.249942,4.895));
#5842=DIRECTION('',(-0.,-0.,1.));
#5843=VECTOR('',#5842,1.601359641);
#5844=LINE('',#5841,#5843);
#5845=EDGE_CURVE('',#160,#3330,#5844,.T.);
#5846=ORIENTED_EDGE('',*,*,#5845,.F.);
#5847=ORIENTED_EDGE('',*,*,#165,.F.);
#5848=EDGE_LOOP('',(#5839,#5840,#5846,#5847));
#5849=FACE_BOUND('',#5848,.T.);
#5850=ADVANCED_FACE('',(#5849),#5838,.T.);
#5851=CARTESIAN_POINT('',(-0.890881369,42.749942,4.895));
#5852=DIRECTION('',(-1.,0.,0.));
#5853=DIRECTION('',(0.,1.,0.));
#5854=AXIS2_PLACEMENT_3D('',#5851,#5852,#5853);
#5855=PLANE('',#5854);
#5856=CARTESIAN_POINT('',(-0.890881369,42.749942,4.895));
#5857=DIRECTION('',(-0.,-0.,1.));
#5858=VECTOR('',#5857,1.601359641);
#5859=LINE('',#5856,#5858);
#5860=EDGE_CURVE('',#528,#2962,#5859,.T.);
#5861=ORIENTED_EDGE('',*,*,#5860,.T.);
#5862=ORIENTED_EDGE('',*,*,#2967,.T.);
#5863=ORIENTED_EDGE('',*,*,#5826,.F.);
#5864=ORIENTED_EDGE('',*,*,#541,.F.);
#5865=EDGE_LOOP('',(#5861,#5862,#5863,#5864));
#5866=FACE_BOUND('',#5865,.T.);
#5867=ADVANCED_FACE('',(#5866),#5855,.T.);
#5868=CARTESIAN_POINT('',(34.375143631,42.249942,4.895));
#5869=DIRECTION('',(0.965925631,0.258819773,0.));
#5870=DIRECTION('',(0.258819773,-0.965925631,0.));
#5871=AXIS2_PLACEMENT_3D('',#5868,#5869,#5870);
#5872=PLANE('',#5871);
#5873=ORIENTED_EDGE('',*,*,#5845,.T.);
#5874=ORIENTED_EDGE('',*,*,#3335,.T.);
#5875=CARTESIAN_POINT('',(34.509118631,41.749942,4.895));
#5876=DIRECTION('',(-0.,-0.,1.));
#5877=VECTOR('',#5876,1.601359641);
#5878=LINE('',#5875,#5877);
#5879=EDGE_CURVE('',#168,#3322,#5878,.T.);
#5880=ORIENTED_EDGE('',*,*,#5879,.F.);
#5881=ORIENTED_EDGE('',*,*,#173,.F.);
#5882=EDGE_LOOP('',(#5873,#5874,#5880,#5881));
#5883=FACE_BOUND('',#5882,.T.);
#5884=ADVANCED_FACE('',(#5883),#5872,.T.);
#5885=CARTESIAN_POINT('',(-16.890881369,42.749942,4.895));
#5886=DIRECTION('',(0.,1.,0.));
#5887=DIRECTION('',(1.,0.,0.));
#5888=AXIS2_PLACEMENT_3D('',#5885,#5886,#5887);
#5889=PLANE('',#5888);
#5890=CARTESIAN_POINT('',(-16.890881369,42.749942,4.895));
#5891=DIRECTION('',(-0.,-0.,1.));
#5892=VECTOR('',#5891,1.601359641);
#5893=LINE('',#5890,#5892);
#5894=EDGE_CURVE('',#520,#2970,#5893,.T.);
#5895=ORIENTED_EDGE('',*,*,#5894,.T.);
#5896=ORIENTED_EDGE('',*,*,#2975,.T.);
#5897=ORIENTED_EDGE('',*,*,#5860,.F.);
#5898=ORIENTED_EDGE('',*,*,#533,.F.);
#5899=EDGE_LOOP('',(#5895,#5896,#5897,#5898));
#5900=FACE_BOUND('',#5899,.T.);
#5901=ADVANCED_FACE('',(#5900),#5889,.T.);
#5902=CARTESIAN_POINT('',(34.509118631,41.749942,4.895));
#5903=DIRECTION('',(1.,0.,0.));
#5904=DIRECTION('',(0.,-1.,0.));
#5905=AXIS2_PLACEMENT_3D('',#5902,#5903,#5904);
#5906=PLANE('',#5905);
#5907=ORIENTED_EDGE('',*,*,#5879,.T.);
#5908=ORIENTED_EDGE('',*,*,#3327,.T.);
#5909=CARTESIAN_POINT('',(34.509118631,38.499942,4.895));
#5910=DIRECTION('',(-0.,-0.,1.));
#5911=VECTOR('',#5910,1.601359641);
#5912=LINE('',#5909,#5911);
#5913=EDGE_CURVE('',#176,#3314,#5912,.T.);
#5914=ORIENTED_EDGE('',*,*,#5913,.F.);
#5915=ORIENTED_EDGE('',*,*,#181,.F.);
#5916=EDGE_LOOP('',(#5907,#5908,#5914,#5915));
#5917=FACE_BOUND('',#5916,.T.);
#5918=ADVANCED_FACE('',(#5917),#5906,.T.);
#5919=CARTESIAN_POINT('',(-17.390881369,42.615967,4.895));
#5920=DIRECTION('',(-0.258819773,0.965925631,0.));
#5921=DIRECTION('',(0.965925631,0.258819773,0.));
#5922=AXIS2_PLACEMENT_3D('',#5919,#5920,#5921);
#5923=PLANE('',#5922);
#5924=CARTESIAN_POINT('',(-17.390881369,42.615967,4.895));
#5925=DIRECTION('',(-0.,-0.,1.));
#5926=VECTOR('',#5925,1.601359641);
#5927=LINE('',#5924,#5926);
#5928=EDGE_CURVE('',#512,#2978,#5927,.T.);
#5929=ORIENTED_EDGE('',*,*,#5928,.T.);
#5930=ORIENTED_EDGE('',*,*,#2983,.T.);
#5931=ORIENTED_EDGE('',*,*,#5894,.F.);
#5932=ORIENTED_EDGE('',*,*,#525,.F.);
#5933=EDGE_LOOP('',(#5929,#5930,#5931,#5932));
#5934=FACE_BOUND('',#5933,.T.);
#5935=ADVANCED_FACE('',(#5934),#5923,.T.);
#5936=CARTESIAN_POINT('',(34.509118631,38.499942,4.895));
#5937=DIRECTION('',(0.,1.,0.));
#5938=DIRECTION('',(1.,0.,0.));
#5939=AXIS2_PLACEMENT_3D('',#5936,#5937,#5938);
#5940=PLANE('',#5939);
#5941=ORIENTED_EDGE('',*,*,#5913,.T.);
#5942=ORIENTED_EDGE('',*,*,#3319,.T.);
#5943=CARTESIAN_POINT('',(67.509118631,38.499942,4.895));
#5944=DIRECTION('',(-0.,-0.,1.));
#5945=VECTOR('',#5944,1.601359641);
#5946=LINE('',#5943,#5945);
#5947=EDGE_CURVE('',#184,#3306,#5946,.T.);
#5948=ORIENTED_EDGE('',*,*,#5947,.F.);
#5949=ORIENTED_EDGE('',*,*,#189,.F.);
#5950=EDGE_LOOP('',(#5941,#5942,#5948,#5949));
#5951=FACE_BOUND('',#5950,.T.);
#5952=ADVANCED_FACE('',(#5951),#5940,.T.);
#5953=CARTESIAN_POINT('',(-17.756906369,42.249942,4.895));
#5954=DIRECTION('',(-0.707106781,0.707106781,0.));
#5955=DIRECTION('',(0.707106781,0.707106781,0.));
#5956=AXIS2_PLACEMENT_3D('',#5953,#5954,#5955);
#5957=PLANE('',#5956);
#5958=CARTESIAN_POINT('',(-17.756906369,42.249942,4.895));
#5959=DIRECTION('',(-0.,-0.,1.));
#5960=VECTOR('',#5959,1.601359641);
#5961=LINE('',#5958,#5960);
#5962=EDGE_CURVE('',#504,#2986,#5961,.T.);
#5963=ORIENTED_EDGE('',*,*,#5962,.T.);
#5964=ORIENTED_EDGE('',*,*,#2991,.T.);
#5965=ORIENTED_EDGE('',*,*,#5928,.F.);
#5966=ORIENTED_EDGE('',*,*,#517,.F.);
#5967=EDGE_LOOP('',(#5963,#5964,#5965,#5966));
#5968=FACE_BOUND('',#5967,.T.);
#5969=ADVANCED_FACE('',(#5968),#5957,.T.);
#5970=CARTESIAN_POINT('',(67.509118631,38.499942,4.895));
#5971=DIRECTION('',(0.258819773,0.965925631,0.));
#5972=DIRECTION('',(0.965925631,-0.258819773,0.));
#5973=AXIS2_PLACEMENT_3D('',#5970,#5971,#5972);
#5974=PLANE('',#5973);
#5975=ORIENTED_EDGE('',*,*,#5947,.T.);
#5976=ORIENTED_EDGE('',*,*,#3311,.T.);
#5977=CARTESIAN_POINT('',(68.009118631,38.365967,4.895));
#5978=DIRECTION('',(-0.,-0.,1.));
#5979=VECTOR('',#5978,1.601359641);
#5980=LINE('',#5977,#5979);
#5981=EDGE_CURVE('',#192,#3298,#5980,.T.);
#5982=ORIENTED_EDGE('',*,*,#5981,.F.);
#5983=ORIENTED_EDGE('',*,*,#197,.F.);
#5984=EDGE_LOOP('',(#5975,#5976,#5982,#5983));
#5985=FACE_BOUND('',#5984,.T.);
#5986=ADVANCED_FACE('',(#5985),#5974,.T.);
#5987=CARTESIAN_POINT('',(-17.890881369,41.749942,4.895));
#5988=DIRECTION('',(-0.965925631,0.258819773,0.));
#5989=DIRECTION('',(0.258819773,0.965925631,0.));
#5990=AXIS2_PLACEMENT_3D('',#5987,#5988,#5989);
#5991=PLANE('',#5990);
#5992=CARTESIAN_POINT('',(-17.890881369,41.749942,4.895));
#5993=DIRECTION('',(-0.,-0.,1.));
#5994=VECTOR('',#5993,1.601359641);
#5995=LINE('',#5992,#5994);
#5996=EDGE_CURVE('',#496,#2994,#5995,.T.);
#5997=ORIENTED_EDGE('',*,*,#5996,.T.);
#5998=ORIENTED_EDGE('',*,*,#2999,.T.);
#5999=ORIENTED_EDGE('',*,*,#5962,.F.);
#6000=ORIENTED_EDGE('',*,*,#509,.F.);
#6001=EDGE_LOOP('',(#5997,#5998,#5999,#6000));
#6002=FACE_BOUND('',#6001,.T.);
#6003=ADVANCED_FACE('',(#6002),#5991,.T.);
#6004=CARTESIAN_POINT('',(68.009118631,38.365967,4.895));
#6005=DIRECTION('',(0.707106781,0.707106781,0.));
#6006=DIRECTION('',(0.707106781,-0.707106781,0.));
#6007=AXIS2_PLACEMENT_3D('',#6004,#6005,#6006);
#6008=PLANE('',#6007);
#6009=ORIENTED_EDGE('',*,*,#5981,.T.);
#6010=ORIENTED_EDGE('',*,*,#3303,.T.);
#6011=CARTESIAN_POINT('',(68.375143631,37.999942,4.895));
#6012=DIRECTION('',(-0.,-0.,1.));
#6013=VECTOR('',#6012,1.601359641);
#6014=LINE('',#6011,#6013);
#6015=EDGE_CURVE('',#200,#3290,#6014,.T.);
#6016=ORIENTED_EDGE('',*,*,#6015,.F.);
#6017=ORIENTED_EDGE('',*,*,#205,.F.);
#6018=EDGE_LOOP('',(#6009,#6010,#6016,#6017));
#6019=FACE_BOUND('',#6018,.T.);
#6020=ADVANCED_FACE('',(#6019),#6008,.T.);
#6021=CARTESIAN_POINT('',(-17.890881369,40.624942,4.895));
#6022=DIRECTION('',(-1.,0.,0.));
#6023=DIRECTION('',(0.,1.,0.));
#6024=AXIS2_PLACEMENT_3D('',#6021,#6022,#6023);
#6025=PLANE('',#6024);
#6026=CARTESIAN_POINT('',(-17.890881369,40.624942,4.895));
#6027=DIRECTION('',(-0.,-0.,1.));
#6028=VECTOR('',#6027,1.601359641);
#6029=LINE('',#6026,#6028);
#6030=EDGE_CURVE('',#488,#3002,#6029,.T.);
#6031=ORIENTED_EDGE('',*,*,#6030,.T.);
#6032=ORIENTED_EDGE('',*,*,#3007,.T.);
#6033=ORIENTED_EDGE('',*,*,#5996,.F.);
#6034=ORIENTED_EDGE('',*,*,#501,.F.);
#6035=EDGE_LOOP('',(#6031,#6032,#6033,#6034));
#6036=FACE_BOUND('',#6035,.T.);
#6037=ADVANCED_FACE('',(#6036),#6025,.T.);
#6038=CARTESIAN_POINT('',(68.375143631,37.999942,4.895));
#6039=DIRECTION('',(0.965925631,0.258819773,0.));
#6040=DIRECTION('',(0.258819773,-0.965925631,0.));
#6041=AXIS2_PLACEMENT_3D('',#6038,#6039,#6040);
#6042=PLANE('',#6041);
#6043=ORIENTED_EDGE('',*,*,#6015,.T.);
#6044=ORIENTED_EDGE('',*,*,#3295,.T.);
#6045=CARTESIAN_POINT('',(68.509118631,37.499942,4.895));
#6046=DIRECTION('',(-0.,-0.,1.));
#6047=VECTOR('',#6046,1.601359641);
#6048=LINE('',#6045,#6047);
#6049=EDGE_CURVE('',#208,#3282,#6048,.T.);
#6050=ORIENTED_EDGE('',*,*,#6049,.F.);
#6051=ORIENTED_EDGE('',*,*,#213,.F.);
#6052=EDGE_LOOP('',(#6043,#6044,#6050,#6051));
#6053=FACE_BOUND('',#6052,.T.);
#6054=ADVANCED_FACE('',(#6053),#6042,.T.);
#6055=CARTESIAN_POINT('',(-63.640883369,40.624942,4.895));
#6056=DIRECTION('',(0.,1.,0.));
#6057=DIRECTION('',(1.,0.,0.));
#6058=AXIS2_PLACEMENT_3D('',#6055,#6056,#6057);
#6059=PLANE('',#6058);
#6060=CARTESIAN_POINT('',(-63.640883369,40.624942,4.895));
#6061=DIRECTION('',(-0.,-0.,1.));
#6062=VECTOR('',#6061,1.601359641);
#6063=LINE('',#6060,#6062);
#6064=EDGE_CURVE('',#480,#3010,#6063,.T.);
#6065=ORIENTED_EDGE('',*,*,#6064,.T.);
#6066=ORIENTED_EDGE('',*,*,#3015,.T.);
#6067=ORIENTED_EDGE('',*,*,#6030,.F.);
#6068=ORIENTED_EDGE('',*,*,#493,.F.);
#6069=EDGE_LOOP('',(#6065,#6066,#6067,#6068));
#6070=FACE_BOUND('',#6069,.T.);
#6071=ADVANCED_FACE('',(#6070),#6059,.T.);
#6072=CARTESIAN_POINT('',(68.509118631,37.499942,4.895));
#6073=DIRECTION('',(1.,0.,0.));
#6074=DIRECTION('',(0.,-1.,0.));
#6075=AXIS2_PLACEMENT_3D('',#6072,#6073,#6074);
#6076=PLANE('',#6075);
#6077=ORIENTED_EDGE('',*,*,#6049,.T.);
#6078=ORIENTED_EDGE('',*,*,#3287,.T.);
#6079=CARTESIAN_POINT('',(68.509118631,-29.90006,4.895));
#6080=DIRECTION('',(-0.,-0.,1.));
#6081=VECTOR('',#6080,1.601359641);
#6082=LINE('',#6079,#6081);
#6083=EDGE_CURVE('',#216,#3274,#6082,.T.);
#6084=ORIENTED_EDGE('',*,*,#6083,.F.);
#6085=ORIENTED_EDGE('',*,*,#221,.F.);
#6086=EDGE_LOOP('',(#6077,#6078,#6084,#6085));
#6087=FACE_BOUND('',#6086,.T.);
#6088=ADVANCED_FACE('',(#6087),#6076,.T.);
#6089=CARTESIAN_POINT('',(-64.140883369,40.490967,4.895));
#6090=DIRECTION('',(-0.258819773,0.965925631,0.));
#6091=DIRECTION('',(0.965925631,0.258819773,0.));
#6092=AXIS2_PLACEMENT_3D('',#6089,#6090,#6091);
#6093=PLANE('',#6092);
#6094=CARTESIAN_POINT('',(-64.140883369,40.490967,4.895));
#6095=DIRECTION('',(-0.,-0.,1.));
#6096=VECTOR('',#6095,1.601359641);
#6097=LINE('',#6094,#6096);
#6098=EDGE_CURVE('',#472,#3018,#6097,.T.);
#6099=ORIENTED_EDGE('',*,*,#6098,.T.);
#6100=ORIENTED_EDGE('',*,*,#3023,.T.);
#6101=ORIENTED_EDGE('',*,*,#6064,.F.);
#6102=ORIENTED_EDGE('',*,*,#485,.F.);
#6103=EDGE_LOOP('',(#6099,#6100,#6101,#6102));
#6104=FACE_BOUND('',#6103,.T.);
#6105=ADVANCED_FACE('',(#6104),#6093,.T.);
#6106=CARTESIAN_POINT('',(68.509118631,-29.90006,4.895));
#6107=DIRECTION('',(0.965925631,-0.258819773,0.));
#6108=DIRECTION('',(-0.258819773,-0.965925631,0.));
#6109=AXIS2_PLACEMENT_3D('',#6106,#6107,#6108);
#6110=PLANE('',#6109);
#6111=ORIENTED_EDGE('',*,*,#6083,.T.);
#6112=ORIENTED_EDGE('',*,*,#3279,.T.);
#6113=CARTESIAN_POINT('',(68.375143631,-30.40006,4.895));
#6114=DIRECTION('',(-0.,-0.,1.));
#6115=VECTOR('',#6114,1.601359641);
#6116=LINE('',#6113,#6115);
#6117=EDGE_CURVE('',#224,#3266,#6116,.T.);
#6118=ORIENTED_EDGE('',*,*,#6117,.F.);
#6119=ORIENTED_EDGE('',*,*,#229,.F.);
#6120=EDGE_LOOP('',(#6111,#6112,#6118,#6119));
#6121=FACE_BOUND('',#6120,.T.);
#6122=ADVANCED_FACE('',(#6121),#6110,.T.);
#6123=CARTESIAN_POINT('',(-64.506908369,40.124942,4.895));
#6124=DIRECTION('',(-0.707106781,0.707106781,0.));
#6125=DIRECTION('',(0.707106781,0.707106781,0.));
#6126=AXIS2_PLACEMENT_3D('',#6123,#6124,#6125);
#6127=PLANE('',#6126);
#6128=CARTESIAN_POINT('',(-64.506908369,40.124942,4.895));
#6129=DIRECTION('',(-0.,-0.,1.));
#6130=VECTOR('',#6129,1.601359641);
#6131=LINE('',#6128,#6130);
#6132=EDGE_CURVE('',#464,#3026,#6131,.T.);
#6133=ORIENTED_EDGE('',*,*,#6132,.T.);
#6134=ORIENTED_EDGE('',*,*,#3031,.T.);
#6135=ORIENTED_EDGE('',*,*,#6098,.F.);
#6136=ORIENTED_EDGE('',*,*,#477,.F.);
#6137=EDGE_LOOP('',(#6133,#6134,#6135,#6136));
#6138=FACE_BOUND('',#6137,.T.);
#6139=ADVANCED_FACE('',(#6138),#6127,.T.);
#6140=CARTESIAN_POINT('',(68.375143631,-30.40006,4.895));
#6141=DIRECTION('',(0.707106781,-0.707106781,0.));
#6142=DIRECTION('',(-0.707106781,-0.707106781,0.));
#6143=AXIS2_PLACEMENT_3D('',#6140,#6141,#6142);
#6144=PLANE('',#6143);
#6145=ORIENTED_EDGE('',*,*,#6117,.T.);
#6146=ORIENTED_EDGE('',*,*,#3271,.T.);
#6147=CARTESIAN_POINT('',(68.009118631,-30.766085,4.895));
#6148=DIRECTION('',(-0.,-0.,1.));
#6149=VECTOR('',#6148,1.601359641);
#6150=LINE('',#6147,#6149);
#6151=EDGE_CURVE('',#232,#3258,#6150,.T.);
#6152=ORIENTED_EDGE('',*,*,#6151,.F.);
#6153=ORIENTED_EDGE('',*,*,#237,.F.);
#6154=EDGE_LOOP('',(#6145,#6146,#6152,#6153));
#6155=FACE_BOUND('',#6154,.T.);
#6156=ADVANCED_FACE('',(#6155),#6144,.T.);
#6157=CARTESIAN_POINT('',(-64.640883369,39.624942,4.895));
#6158=DIRECTION('',(-0.965925631,0.258819773,0.));
#6159=DIRECTION('',(0.258819773,0.965925631,0.));
#6160=AXIS2_PLACEMENT_3D('',#6157,#6158,#6159);
#6161=PLANE('',#6160);
#6162=CARTESIAN_POINT('',(-64.640883369,39.624942,4.895));
#6163=DIRECTION('',(-0.,-0.,1.));
#6164=VECTOR('',#6163,1.601359641);
#6165=LINE('',#6162,#6164);
#6166=EDGE_CURVE('',#456,#3034,#6165,.T.);
#6167=ORIENTED_EDGE('',*,*,#6166,.T.);
#6168=ORIENTED_EDGE('',*,*,#3039,.T.);
#6169=ORIENTED_EDGE('',*,*,#6132,.F.);
#6170=ORIENTED_EDGE('',*,*,#469,.F.);
#6171=EDGE_LOOP('',(#6167,#6168,#6169,#6170));
#6172=FACE_BOUND('',#6171,.T.);
#6173=ADVANCED_FACE('',(#6172),#6161,.T.);
#6174=CARTESIAN_POINT('',(68.009118631,-30.766085,4.895));
#6175=DIRECTION('',(0.258819773,-0.965925631,0.));
#6176=DIRECTION('',(-0.965925631,-0.258819773,0.));
#6177=AXIS2_PLACEMENT_3D('',#6174,#6175,#6176);
#6178=PLANE('',#6177);
#6179=ORIENTED_EDGE('',*,*,#6151,.T.);
#6180=ORIENTED_EDGE('',*,*,#3263,.T.);
#6181=CARTESIAN_POINT('',(67.509118631,-30.90006,4.895));
#6182=DIRECTION('',(-0.,-0.,1.));
#6183=VECTOR('',#6182,1.601359641);
#6184=LINE('',#6181,#6183);
#6185=EDGE_CURVE('',#240,#3250,#6184,.T.);
#6186=ORIENTED_EDGE('',*,*,#6185,.F.);
#6187=ORIENTED_EDGE('',*,*,#245,.F.);
#6188=EDGE_LOOP('',(#6179,#6180,#6186,#6187));
#6189=FACE_BOUND('',#6188,.T.);
#6190=ADVANCED_FACE('',(#6189),#6178,.T.);
#6191=CARTESIAN_POINT('',(-64.640883369,34.604137,4.895));
#6192=DIRECTION('',(-1.,0.,0.));
#6193=DIRECTION('',(0.,1.,0.));
#6194=AXIS2_PLACEMENT_3D('',#6191,#6192,#6193);
#6195=PLANE('',#6194);
#6196=CARTESIAN_POINT('',(-64.640883369,34.604137,4.895));
#6197=DIRECTION('',(-0.,-0.,1.));
#6198=VECTOR('',#6197,1.601359641);
#6199=LINE('',#6196,#6198);
#6200=EDGE_CURVE('',#448,#3042,#6199,.T.);
#6201=ORIENTED_EDGE('',*,*,#6200,.T.);
#6202=ORIENTED_EDGE('',*,*,#3047,.T.);
#6203=ORIENTED_EDGE('',*,*,#6166,.F.);
#6204=ORIENTED_EDGE('',*,*,#461,.F.);
#6205=EDGE_LOOP('',(#6201,#6202,#6203,#6204));
#6206=FACE_BOUND('',#6205,.T.);
#6207=ADVANCED_FACE('',(#6206),#6195,.T.);
#6208=CARTESIAN_POINT('',(67.509118631,-30.90006,4.895));
#6209=DIRECTION('',(0.,-1.,0.));
#6210=DIRECTION('',(-1.,0.,0.));
#6211=AXIS2_PLACEMENT_3D('',#6208,#6209,#6210);
#6212=PLANE('',#6211);
#6213=ORIENTED_EDGE('',*,*,#6185,.T.);
#6214=ORIENTED_EDGE('',*,*,#3255,.T.);
#6215=CARTESIAN_POINT('',(34.109118631,-30.90006,4.895));
#6216=DIRECTION('',(-0.,-0.,1.));
#6217=VECTOR('',#6216,1.601359641);
#6218=LINE('',#6215,#6217);
#6219=EDGE_CURVE('',#248,#3242,#6218,.T.);
#6220=ORIENTED_EDGE('',*,*,#6219,.F.);
#6221=ORIENTED_EDGE('',*,*,#253,.F.);
#6222=EDGE_LOOP('',(#6213,#6214,#6220,#6221));
#6223=FACE_BOUND('',#6222,.T.);
#6224=ADVANCED_FACE('',(#6223),#6212,.T.);
#6225=CARTESIAN_POINT('',(-51.340881369,34.604137,4.895));
#6226=DIRECTION('',(0.,-1.,0.));
#6227=DIRECTION('',(-1.,0.,0.));
#6228=AXIS2_PLACEMENT_3D('',#6225,#6226,#6227);
#6229=PLANE('',#6228);
#6230=CARTESIAN_POINT('',(-51.340881369,34.604137,4.895));
#6231=DIRECTION('',(-0.,-0.,1.));
#6232=VECTOR('',#6231,1.601359641);
#6233=LINE('',#6230,#6232);
#6234=EDGE_CURVE('',#440,#3050,#6233,.T.);
#6235=ORIENTED_EDGE('',*,*,#6234,.T.);
#6236=ORIENTED_EDGE('',*,*,#3055,.T.);
#6237=ORIENTED_EDGE('',*,*,#6200,.F.);
#6238=ORIENTED_EDGE('',*,*,#453,.F.);
#6239=EDGE_LOOP('',(#6235,#6236,#6237,#6238));
#6240=FACE_BOUND('',#6239,.T.);
#6241=ADVANCED_FACE('',(#6240),#6229,.T.);
#6242=CARTESIAN_POINT('',(34.109118631,-30.90006,4.895));
#6243=DIRECTION('',(-0.258819773,-0.965925631,0.));
#6244=DIRECTION('',(-0.965925631,0.258819773,0.));
#6245=AXIS2_PLACEMENT_3D('',#6242,#6243,#6244);
#6246=PLANE('',#6245);
#6247=ORIENTED_EDGE('',*,*,#6219,.T.);
#6248=ORIENTED_EDGE('',*,*,#3247,.T.);
#6249=CARTESIAN_POINT('',(33.609118631,-30.766085,4.895));
#6250=DIRECTION('',(-0.,-0.,1.));
#6251=VECTOR('',#6250,1.601359641);
#6252=LINE('',#6249,#6251);
#6253=EDGE_CURVE('',#256,#3234,#6252,.T.);
#6254=ORIENTED_EDGE('',*,*,#6253,.F.);
#6255=ORIENTED_EDGE('',*,*,#261,.F.);
#6256=EDGE_LOOP('',(#6247,#6248,#6254,#6255));
#6257=FACE_BOUND('',#6256,.T.);
#6258=ADVANCED_FACE('',(#6257),#6246,.T.);
#6259=CARTESIAN_POINT('',(-51.340881369,-21.195863,4.895));
#6260=DIRECTION('',(-1.,0.,0.));
#6261=DIRECTION('',(0.,1.,0.));
#6262=AXIS2_PLACEMENT_3D('',#6259,#6260,#6261);
#6263=PLANE('',#6262);
#6264=CARTESIAN_POINT('',(-51.340881369,-21.195863,4.895));
#6265=DIRECTION('',(-0.,-0.,1.));
#6266=VECTOR('',#6265,1.601359641);
#6267=LINE('',#6264,#6266);
#6268=EDGE_CURVE('',#432,#3058,#6267,.T.);
#6269=ORIENTED_EDGE('',*,*,#6268,.T.);
#6270=ORIENTED_EDGE('',*,*,#3063,.T.);
#6271=ORIENTED_EDGE('',*,*,#6234,.F.);
#6272=ORIENTED_EDGE('',*,*,#445,.F.);
#6273=EDGE_LOOP('',(#6269,#6270,#6271,#6272));
#6274=FACE_BOUND('',#6273,.T.);
#6275=ADVANCED_FACE('',(#6274),#6263,.T.);
#6276=CARTESIAN_POINT('',(33.609118631,-30.766085,4.895));
#6277=DIRECTION('',(-0.707106781,-0.707106781,0.));
#6278=DIRECTION('',(-0.707106781,0.707106781,0.));
#6279=AXIS2_PLACEMENT_3D('',#6276,#6277,#6278);
#6280=PLANE('',#6279);
#6281=ORIENTED_EDGE('',*,*,#6253,.T.);
#6282=ORIENTED_EDGE('',*,*,#3239,.T.);
#6283=CARTESIAN_POINT('',(33.243093631,-30.40006,4.895));
#6284=DIRECTION('',(-0.,-0.,1.));
#6285=VECTOR('',#6284,1.601359641);
#6286=LINE('',#6283,#6285);
#6287=EDGE_CURVE('',#264,#3226,#6286,.T.);
#6288=ORIENTED_EDGE('',*,*,#6287,.F.);
#6289=ORIENTED_EDGE('',*,*,#269,.F.);
#6290=EDGE_LOOP('',(#6281,#6282,#6288,#6289));
#6291=FACE_BOUND('',#6290,.T.);
#6292=ADVANCED_FACE('',(#6291),#6280,.T.);
#6293=CARTESIAN_POINT('',(-64.640881369,-21.195863,4.895));
#6294=DIRECTION('',(0.,1.,0.));
#6295=DIRECTION('',(1.,0.,0.));
#6296=AXIS2_PLACEMENT_3D('',#6293,#6294,#6295);
#6297=PLANE('',#6296);
#6298=CARTESIAN_POINT('',(-64.640881369,-21.195863,4.895));
#6299=DIRECTION('',(-0.,-0.,1.));
#6300=VECTOR('',#6299,1.601359641);
#6301=LINE('',#6298,#6300);
#6302=EDGE_CURVE('',#424,#3066,#6301,.T.);
#6303=ORIENTED_EDGE('',*,*,#6302,.T.);
#6304=ORIENTED_EDGE('',*,*,#3071,.T.);
#6305=ORIENTED_EDGE('',*,*,#6268,.F.);
#6306=ORIENTED_EDGE('',*,*,#437,.F.);
#6307=EDGE_LOOP('',(#6303,#6304,#6305,#6306));
#6308=FACE_BOUND('',#6307,.T.);
#6309=ADVANCED_FACE('',(#6308),#6297,.T.);
#6310=CARTESIAN_POINT('',(33.243093631,-30.40006,4.895));
#6311=DIRECTION('',(-0.965925631,-0.258819773,0.));
#6312=DIRECTION('',(-0.258819773,0.965925631,0.));
#6313=AXIS2_PLACEMENT_3D('',#6310,#6311,#6312);
#6314=PLANE('',#6313);
#6315=ORIENTED_EDGE('',*,*,#6287,.T.);
#6316=ORIENTED_EDGE('',*,*,#3231,.T.);
#6317=CARTESIAN_POINT('',(33.109118631,-29.90006,4.895));
#6318=DIRECTION('',(-0.,-0.,1.));
#6319=VECTOR('',#6318,1.601359641);
#6320=LINE('',#6317,#6319);
#6321=EDGE_CURVE('',#272,#3218,#6320,.T.);
#6322=ORIENTED_EDGE('',*,*,#6321,.F.);
#6323=ORIENTED_EDGE('',*,*,#277,.F.);
#6324=EDGE_LOOP('',(#6315,#6316,#6322,#6323));
#6325=FACE_BOUND('',#6324,.T.);
#6326=ADVANCED_FACE('',(#6325),#6314,.T.);
#6327=CARTESIAN_POINT('',(-55.439531369,-42.873124,4.895));
#6328=DIRECTION('',(-0.920506402,-0.390727481,0.));
#6329=DIRECTION('',(-0.390727481,0.920506402,0.));
#6330=AXIS2_PLACEMENT_3D('',#6327,#6328,#6329);
#6331=PLANE('',#6330);
#6332=CARTESIAN_POINT('',(-55.439531369,-42.873124,4.895));
#6333=DIRECTION('',(-0.,-0.,1.));
#6334=VECTOR('',#6333,1.601359641);
#6335=LINE('',#6332,#6334);
#6336=EDGE_CURVE('',#416,#3074,#6335,.T.);
#6337=ORIENTED_EDGE('',*,*,#6336,.T.);
#6338=ORIENTED_EDGE('',*,*,#3079,.T.);
#6339=ORIENTED_EDGE('',*,*,#6302,.F.);
#6340=ORIENTED_EDGE('',*,*,#429,.F.);
#6341=EDGE_LOOP('',(#6337,#6338,#6339,#6340));
#6342=FACE_BOUND('',#6341,.T.);
#6343=ADVANCED_FACE('',(#6342),#6331,.T.);
#6344=CARTESIAN_POINT('',(33.109118631,-29.90006,4.895));
#6345=DIRECTION('',(-1.,0.,0.));
#6346=DIRECTION('',(0.,1.,0.));
#6347=AXIS2_PLACEMENT_3D('',#6344,#6345,#6346);
#6348=PLANE('',#6347);
#6349=ORIENTED_EDGE('',*,*,#6321,.T.);
#6350=ORIENTED_EDGE('',*,*,#3223,.T.);
#6351=CARTESIAN_POINT('',(33.109118631,-27.65006,4.895));
#6352=DIRECTION('',(-0.,-0.,1.));
#6353=VECTOR('',#6352,1.601359641);
#6354=LINE('',#6351,#6353);
#6355=EDGE_CURVE('',#280,#3210,#6354,.T.);
#6356=ORIENTED_EDGE('',*,*,#6355,.F.);
#6357=ORIENTED_EDGE('',*,*,#285,.F.);
#6358=EDGE_LOOP('',(#6349,#6350,#6356,#6357));
#6359=FACE_BOUND('',#6358,.T.);
#6360=ADVANCED_FACE('',(#6359),#6348,.T.);
#6361=CARTESIAN_POINT('',(-55.120842369,-43.28103,4.895));
#6362=DIRECTION('',(-0.788012717,-0.615658962,0.));
#6363=DIRECTION('',(-0.615658962,0.788012717,0.));
#6364=AXIS2_PLACEMENT_3D('',#6361,#6362,#6363);
#6365=PLANE('',#6364);
#6366=CARTESIAN_POINT('',(-55.120842369,-43.28103,4.895));
#6367=DIRECTION('',(-0.,-0.,1.));
#6368=VECTOR('',#6367,1.601359641);
#6369=LINE('',#6366,#6368);
#6370=EDGE_CURVE('',#408,#3082,#6369,.T.);
#6371=ORIENTED_EDGE('',*,*,#6370,.T.);
#6372=ORIENTED_EDGE('',*,*,#3087,.T.);
#6373=ORIENTED_EDGE('',*,*,#6336,.F.);
#6374=ORIENTED_EDGE('',*,*,#421,.F.);
#6375=EDGE_LOOP('',(#6371,#6372,#6373,#6374));
#6376=FACE_BOUND('',#6375,.T.);
#6377=ADVANCED_FACE('',(#6376),#6365,.T.);
#6378=CARTESIAN_POINT('',(33.109118631,-27.65006,4.895));
#6379=DIRECTION('',(-0.965926114,-0.25881797,0.));
#6380=DIRECTION('',(-0.25881797,0.965926114,0.));
#6381=AXIS2_PLACEMENT_3D('',#6378,#6379,#6380);
#6382=PLANE('',#6381);
#6383=ORIENTED_EDGE('',*,*,#6355,.T.);
#6384=ORIENTED_EDGE('',*,*,#3215,.T.);
#6385=CARTESIAN_POINT('',(32.975144631,-27.15006,4.895));
#6386=DIRECTION('',(-0.,-0.,1.));
#6387=VECTOR('',#6386,1.601359641);
#6388=LINE('',#6385,#6387);
#6389=EDGE_CURVE('',#288,#3202,#6388,.T.);
#6390=ORIENTED_EDGE('',*,*,#6389,.F.);
#6391=ORIENTED_EDGE('',*,*,#293,.F.);
#6392=EDGE_LOOP('',(#6383,#6384,#6390,#6391));
#6393=FACE_BOUND('',#6392,.T.);
#6394=ADVANCED_FACE('',(#6393),#6382,.T.);
#6395=CARTESIAN_POINT('',(-54.640896369,-43.474942,4.895));
#6396=DIRECTION('',(-0.374608635,-0.92718303,0.));
#6397=DIRECTION('',(-0.92718303,0.374608635,0.));
#6398=AXIS2_PLACEMENT_3D('',#6395,#6396,#6397);
#6399=PLANE('',#6398);
#6400=CARTESIAN_POINT('',(-54.640896369,-43.474942,4.895));
#6401=DIRECTION('',(-0.,-0.,1.));
#6402=VECTOR('',#6401,1.601359641);
#6403=LINE('',#6400,#6402);
#6404=EDGE_CURVE('',#400,#3090,#6403,.T.);
#6405=ORIENTED_EDGE('',*,*,#6404,.T.);
#6406=ORIENTED_EDGE('',*,*,#3095,.T.);
#6407=ORIENTED_EDGE('',*,*,#6370,.F.);
#6408=ORIENTED_EDGE('',*,*,#413,.F.);
#6409=EDGE_LOOP('',(#6405,#6406,#6407,#6408));
#6410=FACE_BOUND('',#6409,.T.);
#6411=ADVANCED_FACE('',(#6410),#6399,.T.);
#6412=CARTESIAN_POINT('',(32.975144631,-27.15006,4.895));
#6413=DIRECTION('',(-0.707106781,-0.707106781,0.));
#6414=DIRECTION('',(-0.707106781,0.707106781,0.));
#6415=AXIS2_PLACEMENT_3D('',#6412,#6413,#6414);
#6416=PLANE('',#6415);
#6417=ORIENTED_EDGE('',*,*,#6389,.T.);
#6418=ORIENTED_EDGE('',*,*,#3207,.T.);
#6419=CARTESIAN_POINT('',(32.609118631,-26.784034,4.895));
#6420=DIRECTION('',(-0.,-0.,1.));
#6421=VECTOR('',#6420,1.601359641);
#6422=LINE('',#6419,#6421);
#6423=EDGE_CURVE('',#296,#3194,#6422,.T.);
#6424=ORIENTED_EDGE('',*,*,#6423,.F.);
#6425=ORIENTED_EDGE('',*,*,#301,.F.);
#6426=EDGE_LOOP('',(#6417,#6418,#6424,#6425));
#6427=FACE_BOUND('',#6426,.T.);
#6428=ADVANCED_FACE('',(#6427),#6416,.T.);
#6429=CARTESIAN_POINT('',(-54.128295369,-43.402902,4.895));
#6430=DIRECTION('',(0.139170501,-0.990268434,0.));
#6431=DIRECTION('',(-0.990268434,-0.139170501,0.));
#6432=AXIS2_PLACEMENT_3D('',#6429,#6430,#6431);
#6433=PLANE('',#6432);
#6434=CARTESIAN_POINT('',(-54.128295369,-43.402902,4.895));
#6435=DIRECTION('',(-0.,-0.,1.));
#6436=VECTOR('',#6435,1.601359641);
#6437=LINE('',#6434,#6436);
#6438=EDGE_CURVE('',#392,#3098,#6437,.T.);
#6439=ORIENTED_EDGE('',*,*,#6438,.T.);
#6440=ORIENTED_EDGE('',*,*,#3103,.T.);
#6441=ORIENTED_EDGE('',*,*,#6404,.F.);
#6442=ORIENTED_EDGE('',*,*,#405,.F.);
#6443=EDGE_LOOP('',(#6439,#6440,#6441,#6442));
#6444=FACE_BOUND('',#6443,.T.);
#6445=ADVANCED_FACE('',(#6444),#6433,.T.);
#6446=CARTESIAN_POINT('',(32.609118631,-26.784034,4.895));
#6447=DIRECTION('',(-0.25881797,-0.965926114,0.));
#6448=DIRECTION('',(-0.965926114,0.25881797,0.));
#6449=AXIS2_PLACEMENT_3D('',#6446,#6447,#6448);
#6450=PLANE('',#6449);
#6451=ORIENTED_EDGE('',*,*,#6423,.T.);
#6452=ORIENTED_EDGE('',*,*,#3199,.T.);
#6453=CARTESIAN_POINT('',(32.109118631,-26.65006,4.895));
#6454=DIRECTION('',(-0.,-0.,1.));
#6455=VECTOR('',#6454,1.601359641);
#6456=LINE('',#6453,#6455);
#6457=EDGE_CURVE('',#304,#3186,#6456,.T.);
#6458=ORIENTED_EDGE('',*,*,#6457,.F.);
#6459=ORIENTED_EDGE('',*,*,#309,.F.);
#6460=EDGE_LOOP('',(#6451,#6452,#6458,#6459));
#6461=FACE_BOUND('',#6460,.T.);
#6462=ADVANCED_FACE('',(#6461),#6450,.T.);
#6463=CARTESIAN_POINT('',(-33.626536369,-34.70047,4.895));
#6464=DIRECTION('',(0.390729288,-0.920505635,0.));
#6465=DIRECTION('',(-0.920505635,-0.390729288,0.));
#6466=AXIS2_PLACEMENT_3D('',#6463,#6464,#6465);
#6467=PLANE('',#6466);
#6468=CARTESIAN_POINT('',(-33.626536369,-34.70047,4.895));
#6469=DIRECTION('',(-0.,-0.,1.));
#6470=VECTOR('',#6469,1.601359641);
#6471=LINE('',#6468,#6470);
#6472=EDGE_CURVE('',#384,#3106,#6471,.T.);
#6473=ORIENTED_EDGE('',*,*,#6472,.T.);
#6474=ORIENTED_EDGE('',*,*,#3111,.T.);
#6475=ORIENTED_EDGE('',*,*,#6438,.F.);
#6476=ORIENTED_EDGE('',*,*,#397,.F.);
#6477=EDGE_LOOP('',(#6473,#6474,#6475,#6476));
#6478=FACE_BOUND('',#6477,.T.);
#6479=ADVANCED_FACE('',(#6478),#6467,.T.);
#6480=CARTESIAN_POINT('',(32.109118631,-26.65006,4.895));
#6481=DIRECTION('',(0.,-1.,0.));
#6482=DIRECTION('',(-1.,0.,0.));
#6483=AXIS2_PLACEMENT_3D('',#6480,#6481,#6482);
#6484=PLANE('',#6483);
#6485=ORIENTED_EDGE('',*,*,#6457,.T.);
#6486=ORIENTED_EDGE('',*,*,#3191,.T.);
#6487=CARTESIAN_POINT('',(17.109118631,-26.65006,4.895));
#6488=DIRECTION('',(-0.,-0.,1.));
#6489=VECTOR('',#6488,1.601359641);
#6490=LINE('',#6487,#6489);
#6491=EDGE_CURVE('',#312,#3178,#6490,.T.);
#6492=ORIENTED_EDGE('',*,*,#6491,.F.);
#6493=ORIENTED_EDGE('',*,*,#317,.F.);
#6494=EDGE_LOOP('',(#6485,#6486,#6492,#6493));
#6495=FACE_BOUND('',#6494,.T.);
#6496=ADVANCED_FACE('',(#6495),#6484,.T.);
#6497=CARTESIAN_POINT('',(-16.751251369,-31.13506,4.895));
#6498=DIRECTION('',(0.206716525,-0.978400878,0.));
#6499=DIRECTION('',(-0.978400878,-0.206716525,0.));
#6500=AXIS2_PLACEMENT_3D('',#6497,#6498,#6499);
#6501=PLANE('',#6500);
#6502=CARTESIAN_POINT('',(-16.751251369,-31.13506,4.895));
#6503=DIRECTION('',(-0.,-0.,1.));
#6504=VECTOR('',#6503,1.601359641);
#6505=LINE('',#6502,#6504);
#6506=EDGE_CURVE('',#376,#3114,#6505,.T.);
#6507=ORIENTED_EDGE('',*,*,#6506,.T.);
#6508=ORIENTED_EDGE('',*,*,#3119,.T.);
#6509=ORIENTED_EDGE('',*,*,#6472,.F.);
#6510=ORIENTED_EDGE('',*,*,#389,.F.);
#6511=EDGE_LOOP('',(#6507,#6508,#6509,#6510));
#6512=FACE_BOUND('',#6511,.T.);
#6513=ADVANCED_FACE('',(#6512),#6501,.T.);
#6514=CARTESIAN_POINT('',(17.109118631,-26.65006,4.895));
#6515=DIRECTION('',(0.25881797,-0.965926114,0.));
#6516=DIRECTION('',(-0.965926114,-0.25881797,0.));
#6517=AXIS2_PLACEMENT_3D('',#6514,#6515,#6516);
#6518=PLANE('',#6517);
#6519=ORIENTED_EDGE('',*,*,#6491,.T.);
#6520=ORIENTED_EDGE('',*,*,#3183,.T.);
#6521=CARTESIAN_POINT('',(16.609118631,-26.784034,4.895));
#6522=DIRECTION('',(-0.,-0.,1.));
#6523=VECTOR('',#6522,1.601359641);
#6524=LINE('',#6521,#6523);
#6525=EDGE_CURVE('',#320,#3170,#6524,.T.);
#6526=ORIENTED_EDGE('',*,*,#6525,.F.);
#6527=ORIENTED_EDGE('',*,*,#325,.F.);
#6528=EDGE_LOOP('',(#6519,#6520,#6526,#6527));
#6529=FACE_BOUND('',#6528,.T.);
#6530=ADVANCED_FACE('',(#6529),#6518,.T.);
#6531=CARTESIAN_POINT('',(15.109118631,-31.13506,4.895));
#6532=DIRECTION('',(0.,-1.,0.));
#6533=DIRECTION('',(-1.,0.,0.));
#6534=AXIS2_PLACEMENT_3D('',#6531,#6532,#6533);
#6535=PLANE('',#6534);
#6536=CARTESIAN_POINT('',(15.109118631,-31.13506,4.895));
#6537=DIRECTION('',(-0.,-0.,1.));
#6538=VECTOR('',#6537,1.601359641);
#6539=LINE('',#6536,#6538);
#6540=EDGE_CURVE('',#368,#3122,#6539,.T.);
#6541=ORIENTED_EDGE('',*,*,#6540,.T.);
#6542=ORIENTED_EDGE('',*,*,#3127,.T.);
#6543=ORIENTED_EDGE('',*,*,#6506,.F.);
#6544=ORIENTED_EDGE('',*,*,#381,.F.);
#6545=EDGE_LOOP('',(#6541,#6542,#6543,#6544));
#6546=FACE_BOUND('',#6545,.T.);
#6547=ADVANCED_FACE('',(#6546),#6535,.T.);
#6548=CARTESIAN_POINT('',(16.609118631,-26.784034,4.895));
#6549=DIRECTION('',(0.707107747,-0.707105815,0.));
#6550=DIRECTION('',(-0.707105815,-0.707107747,0.));
#6551=AXIS2_PLACEMENT_3D('',#6548,#6549,#6550);
#6552=PLANE('',#6551);
#6553=ORIENTED_EDGE('',*,*,#6525,.T.);
#6554=ORIENTED_EDGE('',*,*,#3175,.T.);
#6555=CARTESIAN_POINT('',(16.243093631,-27.15006,4.895));
#6556=DIRECTION('',(-0.,-0.,1.));
#6557=VECTOR('',#6556,1.601359641);
#6558=LINE('',#6555,#6557);
#6559=EDGE_CURVE('',#328,#3162,#6558,.T.);
#6560=ORIENTED_EDGE('',*,*,#6559,.F.);
#6561=ORIENTED_EDGE('',*,*,#333,.F.);
#6562=EDGE_LOOP('',(#6553,#6554,#6560,#6561));
#6563=FACE_BOUND('',#6562,.T.);
#6564=ADVANCED_FACE('',(#6563),#6552,.T.);
#6565=CARTESIAN_POINT('',(15.609118631,-31.001086,4.895));
#6566=DIRECTION('',(0.25881797,-0.965926114,0.));
#6567=DIRECTION('',(-0.965926114,-0.25881797,0.));
#6568=AXIS2_PLACEMENT_3D('',#6565,#6566,#6567);
#6569=PLANE('',#6568);
#6570=CARTESIAN_POINT('',(15.609118631,-31.001086,4.895));
#6571=DIRECTION('',(-0.,-0.,1.));
#6572=VECTOR('',#6571,1.601359641);
#6573=LINE('',#6570,#6572);
#6574=EDGE_CURVE('',#360,#3130,#6573,.T.);
#6575=ORIENTED_EDGE('',*,*,#6574,.T.);
#6576=ORIENTED_EDGE('',*,*,#3135,.T.);
#6577=ORIENTED_EDGE('',*,*,#6540,.F.);
#6578=ORIENTED_EDGE('',*,*,#373,.F.);
#6579=EDGE_LOOP('',(#6575,#6576,#6577,#6578));
#6580=FACE_BOUND('',#6579,.T.);
#6581=ADVANCED_FACE('',(#6580),#6569,.T.);
#6582=CARTESIAN_POINT('',(16.243093631,-27.15006,4.895));
#6583=DIRECTION('',(0.965925631,-0.258819773,0.));
#6584=DIRECTION('',(-0.258819773,-0.965925631,0.));
#6585=AXIS2_PLACEMENT_3D('',#6582,#6583,#6584);
#6586=PLANE('',#6585);
#6587=ORIENTED_EDGE('',*,*,#6559,.T.);
#6588=ORIENTED_EDGE('',*,*,#3167,.T.);
#6589=CARTESIAN_POINT('',(16.109118631,-27.65006,4.895));
#6590=DIRECTION('',(-0.,-0.,1.));
#6591=VECTOR('',#6590,1.601359641);
#6592=LINE('',#6589,#6591);
#6593=EDGE_CURVE('',#336,#3154,#6592,.T.);
#6594=ORIENTED_EDGE('',*,*,#6593,.F.);
#6595=ORIENTED_EDGE('',*,*,#341,.F.);
#6596=EDGE_LOOP('',(#6587,#6588,#6594,#6595));
#6597=FACE_BOUND('',#6596,.T.);
#6598=ADVANCED_FACE('',(#6597),#6586,.T.);
#6599=CARTESIAN_POINT('',(15.975143631,-30.63506,4.895));
#6600=DIRECTION('',(0.707107747,-0.707105815,0.));
#6601=DIRECTION('',(-0.707105815,-0.707107747,0.));
#6602=AXIS2_PLACEMENT_3D('',#6599,#6600,#6601);
#6603=PLANE('',#6602);
#6604=CARTESIAN_POINT('',(15.975143631,-30.63506,4.895));
#6605=DIRECTION('',(-0.,-0.,1.));
#6606=VECTOR('',#6605,1.601359641);
#6607=LINE('',#6604,#6606);
#6608=EDGE_CURVE('',#352,#3138,#6607,.T.);
#6609=ORIENTED_EDGE('',*,*,#6608,.T.);
#6610=ORIENTED_EDGE('',*,*,#3143,.T.);
#6611=ORIENTED_EDGE('',*,*,#6574,.F.);
#6612=ORIENTED_EDGE('',*,*,#365,.F.);
#6613=EDGE_LOOP('',(#6609,#6610,#6611,#6612));
#6614=FACE_BOUND('',#6613,.T.);
#6615=ADVANCED_FACE('',(#6614),#6603,.T.);
#6616=CARTESIAN_POINT('',(16.109118631,-27.65006,4.895));
#6617=DIRECTION('',(1.,0.,0.));
#6618=DIRECTION('',(0.,-1.,0.));
#6619=AXIS2_PLACEMENT_3D('',#6616,#6617,#6618);
#6620=PLANE('',#6619);
#6621=ORIENTED_EDGE('',*,*,#6593,.T.);
#6622=ORIENTED_EDGE('',*,*,#3159,.T.);
#6623=CARTESIAN_POINT('',(16.109118631,-30.13506,4.895));
#6624=DIRECTION('',(-0.,-0.,1.));
#6625=VECTOR('',#6624,1.601359641);
#6626=LINE('',#6623,#6625);
#6627=EDGE_CURVE('',#344,#3146,#6626,.T.);
#6628=ORIENTED_EDGE('',*,*,#6627,.F.);
#6629=ORIENTED_EDGE('',*,*,#349,.F.);
#6630=EDGE_LOOP('',(#6621,#6622,#6628,#6629));
#6631=FACE_BOUND('',#6630,.T.);
#6632=ADVANCED_FACE('',(#6631),#6620,.T.);
#6633=CARTESIAN_POINT('',(16.109118631,-30.13506,4.895));
#6634=DIRECTION('',(0.965925631,-0.258819773,0.));
#6635=DIRECTION('',(-0.258819773,-0.965925631,0.));
#6636=AXIS2_PLACEMENT_3D('',#6633,#6634,#6635);
#6637=PLANE('',#6636);
#6638=ORIENTED_EDGE('',*,*,#6627,.T.);
#6639=ORIENTED_EDGE('',*,*,#3151,.T.);
#6640=ORIENTED_EDGE('',*,*,#6608,.F.);
#6641=ORIENTED_EDGE('',*,*,#357,.F.);
#6642=EDGE_LOOP('',(#6638,#6639,#6640,#6641));
#6643=FACE_BOUND('',#6642,.T.);
#6644=ADVANCED_FACE('',(#6643),#6637,.T.);
#6645=CARTESIAN_POINT('',(-47.910272369,-35.657651,4.849));
#6646=DIRECTION('',(0.,0.,-1.));
#6647=DIRECTION('',(0.,-1.,0.));
#6648=AXIS2_PLACEMENT_3D('',#6645,#6646,#6647);
#6649=CYLINDRICAL_SURFACE('',#6648,0.5);
#6650=ORIENTED_EDGE('',*,*,#584,.T.);
#6651=CARTESIAN_POINT('',(-47.910272369,-36.157651,4.895));
#6652=DIRECTION('',(-0.,-0.,1.));
#6653=VECTOR('',#6652,1.601359641);
#6654=LINE('',#6651,#6653);
#6655=EDGE_CURVE('',#578,#3371,#6654,.T.);
#6656=ORIENTED_EDGE('',*,*,#6655,.T.);
#6657=ORIENTED_EDGE('',*,*,#3377,.F.);
#6658=ORIENTED_EDGE('',*,*,#6655,.F.);
#6659=EDGE_LOOP('',(#6650,#6656,#6657,#6658));
#6660=FACE_BOUND('',#6659,.T.);
#6661=ADVANCED_FACE('',(#6660),#6649,.F.);
#6662=CARTESIAN_POINT('',(-48.620734369,-34.546956,4.849));
#6663=DIRECTION('',(0.,0.,-1.));
#6664=DIRECTION('',(0.,-1.,0.));
#6665=AXIS2_PLACEMENT_3D('',#6662,#6663,#6664);
#6666=CYLINDRICAL_SURFACE('',#6665,0.5);
#6667=ORIENTED_EDGE('',*,*,#595,.T.);
#6668=CARTESIAN_POINT('',(-48.620734369,-35.046956,4.895));
#6669=DIRECTION('',(-0.,-0.,1.));
#6670=VECTOR('',#6669,1.601359641);
#6671=LINE('',#6668,#6670);
#6672=EDGE_CURVE('',#589,#3382,#6671,.T.);
#6673=ORIENTED_EDGE('',*,*,#6672,.T.);
#6674=ORIENTED_EDGE('',*,*,#3388,.F.);
#6675=ORIENTED_EDGE('',*,*,#6672,.F.);
#6676=EDGE_LOOP('',(#6667,#6673,#6674,#6675));
#6677=FACE_BOUND('',#6676,.T.);
#6678=ADVANCED_FACE('',(#6677),#6666,.F.);
#6679=CARTESIAN_POINT('',(-50.519546369,-30.79024,4.849));
#6680=DIRECTION('',(0.,0.,-1.));
#6681=DIRECTION('',(0.,-1.,0.));
#6682=AXIS2_PLACEMENT_3D('',#6679,#6680,#6681);
#6683=CYLINDRICAL_SURFACE('',#6682,0.85);
#6684=ORIENTED_EDGE('',*,*,#606,.T.);
#6685=CARTESIAN_POINT('',(-50.519546369,-31.64024,4.895));
#6686=DIRECTION('',(-0.,-0.,1.));
#6687=VECTOR('',#6686,1.601359641);
#6688=LINE('',#6685,#6687);
#6689=EDGE_CURVE('',#600,#3393,#6688,.T.);
#6690=ORIENTED_EDGE('',*,*,#6689,.T.);
#6691=ORIENTED_EDGE('',*,*,#3399,.F.);
#6692=ORIENTED_EDGE('',*,*,#6689,.F.);
#6693=EDGE_LOOP('',(#6684,#6690,#6691,#6692));
#6694=FACE_BOUND('',#6693,.T.);
#6695=ADVANCED_FACE('',(#6694),#6683,.F.);
#6696=CARTESIAN_POINT('',(-45.456769369,-28.641219,4.849));
#6697=DIRECTION('',(0.,0.,-1.));
#6698=DIRECTION('',(0.,-1.,0.));
#6699=AXIS2_PLACEMENT_3D('',#6696,#6697,#6698);
#6700=CYLINDRICAL_SURFACE('',#6699,2.5);
#6701=ORIENTED_EDGE('',*,*,#617,.T.);
#6702=CARTESIAN_POINT('',(-45.456769369,-31.141219,4.895));
#6703=DIRECTION('',(-0.,-0.,1.));
#6704=VECTOR('',#6703,1.601359641);
#6705=LINE('',#6702,#6704);
#6706=EDGE_CURVE('',#611,#3404,#6705,.T.);
#6707=ORIENTED_EDGE('',*,*,#6706,.T.);
#6708=ORIENTED_EDGE('',*,*,#3410,.F.);
#6709=ORIENTED_EDGE('',*,*,#6706,.F.);
#6710=EDGE_LOOP('',(#6701,#6707,#6708,#6709));
#6711=FACE_BOUND('',#6710,.T.);
#6712=ADVANCED_FACE('',(#6711),#6700,.F.);
#6713=CARTESIAN_POINT('',(-40.393993369,-26.492197,4.849));
#6714=DIRECTION('',(0.,0.,-1.));
#6715=DIRECTION('',(0.,-1.,0.));
#6716=AXIS2_PLACEMENT_3D('',#6713,#6714,#6715);
#6717=CYLINDRICAL_SURFACE('',#6716,0.85);
#6718=ORIENTED_EDGE('',*,*,#628,.T.);
#6719=CARTESIAN_POINT('',(-40.393993369,-27.342197,4.895));
#6720=DIRECTION('',(-0.,-0.,1.));
#6721=VECTOR('',#6720,1.601359641);
#6722=LINE('',#6719,#6721);
#6723=EDGE_CURVE('',#622,#3415,#6722,.T.);
#6724=ORIENTED_EDGE('',*,*,#6723,.T.);
#6725=ORIENTED_EDGE('',*,*,#3421,.F.);
#6726=ORIENTED_EDGE('',*,*,#6723,.F.);
#6727=EDGE_LOOP('',(#6718,#6724,#6725,#6726));
#6728=FACE_BOUND('',#6727,.T.);
#6729=ADVANCED_FACE('',(#6728),#6717,.F.);
#6730=CARTESIAN_POINT('',(-31.328615369,-29.426172,4.849));
#6731=DIRECTION('',(0.,0.,-1.));
#6732=DIRECTION('',(0.,-1.,0.));
#6733=AXIS2_PLACEMENT_3D('',#6730,#6731,#6732);
#6734=CYLINDRICAL_SURFACE('',#6733,0.5);
#6735=ORIENTED_EDGE('',*,*,#639,.T.);
#6736=CARTESIAN_POINT('',(-31.328615369,-29.926172,4.895));
#6737=DIRECTION('',(-0.,-0.,1.));
#6738=VECTOR('',#6737,1.601359641);
#6739=LINE('',#6736,#6738);
#6740=EDGE_CURVE('',#633,#3426,#6739,.T.);
#6741=ORIENTED_EDGE('',*,*,#6740,.T.);
#6742=ORIENTED_EDGE('',*,*,#3432,.F.);
#6743=ORIENTED_EDGE('',*,*,#6740,.F.);
#6744=EDGE_LOOP('',(#6735,#6741,#6742,#6743));
#6745=FACE_BOUND('',#6744,.T.);
#6746=ADVANCED_FACE('',(#6745),#6734,.F.);
#6747=CARTESIAN_POINT('',(-31.814093369,-28.20032,4.849));
#6748=DIRECTION('',(0.,0.,-1.));
#6749=DIRECTION('',(0.,-1.,0.));
#6750=AXIS2_PLACEMENT_3D('',#6747,#6748,#6749);
#6751=CYLINDRICAL_SURFACE('',#6750,0.5);
#6752=ORIENTED_EDGE('',*,*,#650,.T.);
#6753=CARTESIAN_POINT('',(-31.814093369,-28.70032,4.895));
#6754=DIRECTION('',(-0.,-0.,1.));
#6755=VECTOR('',#6754,1.601359641);
#6756=LINE('',#6753,#6755);
#6757=EDGE_CURVE('',#644,#3437,#6756,.T.);
#6758=ORIENTED_EDGE('',*,*,#6757,.T.);
#6759=ORIENTED_EDGE('',*,*,#3443,.F.);
#6760=ORIENTED_EDGE('',*,*,#6757,.F.);
#6761=EDGE_LOOP('',(#6752,#6758,#6759,#6760));
#6762=FACE_BOUND('',#6761,.T.);
#6763=ADVANCED_FACE('',(#6762),#6751,.F.);
#6764=CARTESIAN_POINT('',(-47.762083369,-23.21024,4.849));
#6765=DIRECTION('',(0.,0.,-1.));
#6766=DIRECTION('',(0.,-1.,0.));
#6767=AXIS2_PLACEMENT_3D('',#6764,#6765,#6766);
#6768=CYLINDRICAL_SURFACE('',#6767,1.5);
#6769=ORIENTED_EDGE('',*,*,#661,.T.);
#6770=CARTESIAN_POINT('',(-47.762083369,-24.71024,4.895));
#6771=DIRECTION('',(-0.,-0.,1.));
#6772=VECTOR('',#6771,1.601359641);
#6773=LINE('',#6770,#6772);
#6774=EDGE_CURVE('',#655,#3448,#6773,.T.);
#6775=ORIENTED_EDGE('',*,*,#6774,.T.);
#6776=ORIENTED_EDGE('',*,*,#3454,.F.);
#6777=ORIENTED_EDGE('',*,*,#6774,.F.);
#6778=EDGE_LOOP('',(#6769,#6775,#6776,#6777));
#6779=FACE_BOUND('',#6778,.T.);
#6780=ADVANCED_FACE('',(#6779),#6768,.F.);
#6781=CARTESIAN_POINT('',(-42.299950369,-23.281695,4.849));
#6782=DIRECTION('',(0.,0.,-1.));
#6783=DIRECTION('',(0.,-1.,0.));
#6784=AXIS2_PLACEMENT_3D('',#6781,#6782,#6783);
#6785=CYLINDRICAL_SURFACE('',#6784,1.5);
#6786=ORIENTED_EDGE('',*,*,#672,.T.);
#6787=CARTESIAN_POINT('',(-42.299950369,-24.781695,4.895));
#6788=DIRECTION('',(-0.,-0.,1.));
#6789=VECTOR('',#6788,1.601359641);
#6790=LINE('',#6787,#6789);
#6791=EDGE_CURVE('',#666,#3459,#6790,.T.);
#6792=ORIENTED_EDGE('',*,*,#6791,.T.);
#6793=ORIENTED_EDGE('',*,*,#3465,.F.);
#6794=ORIENTED_EDGE('',*,*,#6791,.F.);
#6795=EDGE_LOOP('',(#6786,#6792,#6793,#6794));
#6796=FACE_BOUND('',#6795,.T.);
#6797=ADVANCED_FACE('',(#6796),#6785,.F.);
#6798=CARTESIAN_POINT('',(-32.961203369,-24.150318,4.849));
#6799=DIRECTION('',(-0.,0.,-1.));
#6800=DIRECTION('',(-0.,-1.,0.));
#6801=AXIS2_PLACEMENT_3D('',#6798,#6799,#6800);
#6802=CYLINDRICAL_SURFACE('',#6801,0.85);
#6803=ORIENTED_EDGE('',*,*,#683,.T.);
#6804=CARTESIAN_POINT('',(-32.961203369,-25.000318,4.895));
#6805=DIRECTION('',(-0.,-0.,1.));
#6806=VECTOR('',#6805,1.601359641);
#6807=LINE('',#6804,#6806);
#6808=EDGE_CURVE('',#677,#3470,#6807,.T.);
#6809=ORIENTED_EDGE('',*,*,#6808,.T.);
#6810=ORIENTED_EDGE('',*,*,#3476,.F.);
#6811=ORIENTED_EDGE('',*,*,#6808,.F.);
#6812=EDGE_LOOP('',(#6803,#6809,#6810,#6811));
#6813=FACE_BOUND('',#6812,.T.);
#6814=ADVANCED_FACE('',(#6813),#6802,.F.);
#6815=CARTESIAN_POINT('',(-27.581392369,-23.006801,4.849));
#6816=DIRECTION('',(0.,0.,-1.));
#6817=DIRECTION('',(0.,-1.,0.));
#6818=AXIS2_PLACEMENT_3D('',#6815,#6816,#6817);
#6819=CYLINDRICAL_SURFACE('',#6818,2.5);
#6820=ORIENTED_EDGE('',*,*,#694,.T.);
#6821=CARTESIAN_POINT('',(-27.581392369,-25.506801,4.895));
#6822=DIRECTION('',(-0.,-0.,1.));
#6823=VECTOR('',#6822,1.601359641);
#6824=LINE('',#6821,#6823);
#6825=EDGE_CURVE('',#688,#3481,#6824,.T.);
#6826=ORIENTED_EDGE('',*,*,#6825,.T.);
#6827=ORIENTED_EDGE('',*,*,#3487,.F.);
#6828=ORIENTED_EDGE('',*,*,#6825,.F.);
#6829=EDGE_LOOP('',(#6820,#6826,#6827,#6828));
#6830=FACE_BOUND('',#6829,.T.);
#6831=ADVANCED_FACE('',(#6830),#6819,.F.);
#6832=CARTESIAN_POINT('',(-22.201580369,-21.863287,4.849));
#6833=DIRECTION('',(-0.,0.,-1.));
#6834=DIRECTION('',(-0.,-1.,0.));
#6835=AXIS2_PLACEMENT_3D('',#6832,#6833,#6834);
#6836=CYLINDRICAL_SURFACE('',#6835,0.85);
#6837=ORIENTED_EDGE('',*,*,#705,.T.);
#6838=CARTESIAN_POINT('',(-22.201580369,-22.713287,4.895));
#6839=DIRECTION('',(-0.,-0.,1.));
#6840=VECTOR('',#6839,1.601359641);
#6841=LINE('',#6838,#6840);
#6842=EDGE_CURVE('',#699,#3492,#6841,.T.);
#6843=ORIENTED_EDGE('',*,*,#6842,.T.);
#6844=ORIENTED_EDGE('',*,*,#3498,.F.);
#6845=ORIENTED_EDGE('',*,*,#6842,.F.);
#6846=EDGE_LOOP('',(#6837,#6843,#6844,#6845));
#6847=FACE_BOUND('',#6846,.T.);
#6848=ADVANCED_FACE('',(#6847),#6836,.F.);
#6849=CARTESIAN_POINT('',(-28.808071369,-17.23573,4.849));
#6850=DIRECTION('',(0.,0.,-1.));
#6851=DIRECTION('',(0.,-1.,0.));
#6852=AXIS2_PLACEMENT_3D('',#6849,#6850,#6851);
#6853=CYLINDRICAL_SURFACE('',#6852,1.5);
#6854=ORIENTED_EDGE('',*,*,#716,.T.);
#6855=CARTESIAN_POINT('',(-28.808071369,-18.73573,4.895));
#6856=DIRECTION('',(-0.,-0.,1.));
#6857=VECTOR('',#6856,1.601359641);
#6858=LINE('',#6855,#6857);
#6859=EDGE_CURVE('',#710,#3503,#6858,.T.);
#6860=ORIENTED_EDGE('',*,*,#6859,.T.);
#6861=ORIENTED_EDGE('',*,*,#3509,.F.);
#6862=ORIENTED_EDGE('',*,*,#6859,.F.);
#6863=EDGE_LOOP('',(#6854,#6860,#6861,#6862));
#6864=FACE_BOUND('',#6863,.T.);
#6865=ADVANCED_FACE('',(#6864),#6853,.F.);
#6866=CARTESIAN_POINT('',(-23.459927369,-18.348097,4.849));
#6867=DIRECTION('',(0.,0.,-1.));
#6868=DIRECTION('',(0.,-1.,0.));
#6869=AXIS2_PLACEMENT_3D('',#6866,#6867,#6868);
#6870=CYLINDRICAL_SURFACE('',#6869,1.5);
#6871=ORIENTED_EDGE('',*,*,#727,.T.);
#6872=CARTESIAN_POINT('',(-23.459927369,-19.848097,4.895));
#6873=DIRECTION('',(-0.,-0.,1.));
#6874=VECTOR('',#6873,1.601359641);
#6875=LINE('',#6872,#6874);
#6876=EDGE_CURVE('',#721,#3514,#6875,.T.);
#6877=ORIENTED_EDGE('',*,*,#6876,.T.);
#6878=ORIENTED_EDGE('',*,*,#3520,.F.);
#6879=ORIENTED_EDGE('',*,*,#6876,.F.);
#6880=EDGE_LOOP('',(#6871,#6877,#6878,#6879));
#6881=FACE_BOUND('',#6880,.T.);
#6882=ADVANCED_FACE('',(#6881),#6870,.F.);
#6883=CARTESIAN_POINT('',(-9.390881369,-26.43506,4.849));
#6884=DIRECTION('',(0.,0.,-1.));
#6885=DIRECTION('',(0.,-1.,0.));
#6886=AXIS2_PLACEMENT_3D('',#6883,#6884,#6885);
#6887=CYLINDRICAL_SURFACE('',#6886,0.5);
#6888=ORIENTED_EDGE('',*,*,#738,.T.);
#6889=CARTESIAN_POINT('',(-9.390881369,-26.93506,4.895));
#6890=DIRECTION('',(-0.,-0.,1.));
#6891=VECTOR('',#6890,1.601359641);
#6892=LINE('',#6889,#6891);
#6893=EDGE_CURVE('',#732,#3525,#6892,.T.);
#6894=ORIENTED_EDGE('',*,*,#6893,.T.);
#6895=ORIENTED_EDGE('',*,*,#3531,.F.);
#6896=ORIENTED_EDGE('',*,*,#6893,.F.);
#6897=EDGE_LOOP('',(#6888,#6894,#6895,#6896));
#6898=FACE_BOUND('',#6897,.T.);
#6899=ADVANCED_FACE('',(#6898),#6887,.F.);
#6900=CARTESIAN_POINT('',(-9.610881369,-25.13506,4.849));
#6901=DIRECTION('',(0.,0.,-1.));
#6902=DIRECTION('',(0.,-1.,0.));
#6903=AXIS2_PLACEMENT_3D('',#6900,#6901,#6902);
#6904=CYLINDRICAL_SURFACE('',#6903,0.5);
#6905=ORIENTED_EDGE('',*,*,#749,.T.);
#6906=CARTESIAN_POINT('',(-9.610881369,-25.63506,4.895));
#6907=DIRECTION('',(-0.,-0.,1.));
#6908=VECTOR('',#6907,1.601359641);
#6909=LINE('',#6906,#6908);
#6910=EDGE_CURVE('',#743,#3536,#6909,.T.);
#6911=ORIENTED_EDGE('',*,*,#6910,.T.);
#6912=ORIENTED_EDGE('',*,*,#3542,.F.);
#6913=ORIENTED_EDGE('',*,*,#6910,.F.);
#6914=EDGE_LOOP('',(#6905,#6911,#6912,#6913));
#6915=FACE_BOUND('',#6914,.T.);
#6916=ADVANCED_FACE('',(#6915),#6904,.F.);
#6917=CARTESIAN_POINT('',(-9.890881369,-20.93506,4.849));
#6918=DIRECTION('',(0.,0.,-1.));
#6919=DIRECTION('',(0.,-1.,0.));
#6920=AXIS2_PLACEMENT_3D('',#6917,#6918,#6919);
#6921=CYLINDRICAL_SURFACE('',#6920,0.85);
#6922=ORIENTED_EDGE('',*,*,#760,.T.);
#6923=CARTESIAN_POINT('',(-9.890881369,-21.78506,4.895));
#6924=DIRECTION('',(-0.,-0.,1.));
#6925=VECTOR('',#6924,1.601359641);
#6926=LINE('',#6923,#6925);
#6927=EDGE_CURVE('',#754,#3547,#6926,.T.);
#6928=ORIENTED_EDGE('',*,*,#6927,.T.);
#6929=ORIENTED_EDGE('',*,*,#3553,.F.);
#6930=ORIENTED_EDGE('',*,*,#6927,.F.);
#6931=EDGE_LOOP('',(#6922,#6928,#6929,#6930));
#6932=FACE_BOUND('',#6931,.T.);
#6933=ADVANCED_FACE('',(#6932),#6921,.F.);
#6934=CARTESIAN_POINT('',(-4.390881369,-20.93506,4.849));
#6935=DIRECTION('',(0.,0.,-1.));
#6936=DIRECTION('',(0.,-1.,0.));
#6937=AXIS2_PLACEMENT_3D('',#6934,#6935,#6936);
#6938=CYLINDRICAL_SURFACE('',#6937,2.5);
#6939=ORIENTED_EDGE('',*,*,#771,.T.);
#6940=CARTESIAN_POINT('',(-4.390881369,-23.43506,4.895));
#6941=DIRECTION('',(-0.,-0.,1.));
#6942=VECTOR('',#6941,1.601359641);
#6943=LINE('',#6940,#6942);
#6944=EDGE_CURVE('',#765,#3558,#6943,.T.);
#6945=ORIENTED_EDGE('',*,*,#6944,.T.);
#6946=ORIENTED_EDGE('',*,*,#3564,.F.);
#6947=ORIENTED_EDGE('',*,*,#6944,.F.);
#6948=EDGE_LOOP('',(#6939,#6945,#6946,#6947));
#6949=FACE_BOUND('',#6948,.T.);
#6950=ADVANCED_FACE('',(#6949),#6938,.F.);
#6951=CARTESIAN_POINT('',(1.109118631,-20.93506,4.849));
#6952=DIRECTION('',(0.,0.,-1.));
#6953=DIRECTION('',(0.,-1.,0.));
#6954=AXIS2_PLACEMENT_3D('',#6951,#6952,#6953);
#6955=CYLINDRICAL_SURFACE('',#6954,0.85);
#6956=ORIENTED_EDGE('',*,*,#782,.T.);
#6957=CARTESIAN_POINT('',(1.109118631,-21.78506,4.895));
#6958=DIRECTION('',(-0.,-0.,1.));
#6959=VECTOR('',#6958,1.601359641);
#6960=LINE('',#6957,#6959);
#6961=EDGE_CURVE('',#776,#3569,#6960,.T.);
#6962=ORIENTED_EDGE('',*,*,#6961,.T.);
#6963=ORIENTED_EDGE('',*,*,#3575,.F.);
#6964=ORIENTED_EDGE('',*,*,#6961,.F.);
#6965=EDGE_LOOP('',(#6956,#6962,#6963,#6964));
#6966=FACE_BOUND('',#6965,.T.);
#6967=ADVANCED_FACE('',(#6966),#6955,.F.);
#6968=CARTESIAN_POINT('',(0.609118631,-17.23506,4.849));
#6969=DIRECTION('',(0.,0.,-1.));
#6970=DIRECTION('',(0.,-1.,0.));
#6971=AXIS2_PLACEMENT_3D('',#6968,#6969,#6970);
#6972=CYLINDRICAL_SURFACE('',#6971,1.5);
#6973=ORIENTED_EDGE('',*,*,#793,.T.);
#6974=CARTESIAN_POINT('',(0.609118631,-18.73506,4.895));
#6975=DIRECTION('',(-0.,-0.,1.));
#6976=VECTOR('',#6975,1.601359641);
#6977=LINE('',#6974,#6976);
#6978=EDGE_CURVE('',#787,#3580,#6977,.T.);
#6979=ORIENTED_EDGE('',*,*,#6978,.T.);
#6980=ORIENTED_EDGE('',*,*,#3586,.F.);
#6981=ORIENTED_EDGE('',*,*,#6978,.F.);
#6982=EDGE_LOOP('',(#6973,#6979,#6980,#6981));
#6983=FACE_BOUND('',#6982,.T.);
#6984=ADVANCED_FACE('',(#6983),#6972,.F.);
#6985=CARTESIAN_POINT('',(-30.640881369,-8.07506,4.849));
#6986=DIRECTION('',(0.,0.,-1.));
#6987=DIRECTION('',(0.,-1.,0.));
#6988=AXIS2_PLACEMENT_3D('',#6985,#6986,#6987);
#6989=CYLINDRICAL_SURFACE('',#6988,0.5);
#6990=ORIENTED_EDGE('',*,*,#804,.T.);
#6991=CARTESIAN_POINT('',(-30.640881369,-8.57506,4.895));
#6992=DIRECTION('',(-0.,-0.,1.));
#6993=VECTOR('',#6992,1.601359641);
#6994=LINE('',#6991,#6993);
#6995=EDGE_CURVE('',#798,#3591,#6994,.T.);
#6996=ORIENTED_EDGE('',*,*,#6995,.T.);
#6997=ORIENTED_EDGE('',*,*,#3597,.F.);
#6998=ORIENTED_EDGE('',*,*,#6995,.F.);
#6999=EDGE_LOOP('',(#6990,#6996,#6997,#6998));
#7000=FACE_BOUND('',#6999,.T.);
#7001=ADVANCED_FACE('',(#7000),#6989,.F.);
#7002=CARTESIAN_POINT('',(-30.860881369,-6.77506,4.849));
#7003=DIRECTION('',(0.,0.,-1.));
#7004=DIRECTION('',(0.,-1.,0.));
#7005=AXIS2_PLACEMENT_3D('',#7002,#7003,#7004);
#7006=CYLINDRICAL_SURFACE('',#7005,0.5);
#7007=ORIENTED_EDGE('',*,*,#815,.T.);
#7008=CARTESIAN_POINT('',(-30.860881369,-7.27506,4.895));
#7009=DIRECTION('',(-0.,-0.,1.));
#7010=VECTOR('',#7009,1.601359641);
#7011=LINE('',#7008,#7010);
#7012=EDGE_CURVE('',#809,#3602,#7011,.T.);
#7013=ORIENTED_EDGE('',*,*,#7012,.T.);
#7014=ORIENTED_EDGE('',*,*,#3608,.F.);
#7015=ORIENTED_EDGE('',*,*,#7012,.F.);
#7016=EDGE_LOOP('',(#7007,#7013,#7014,#7015));
#7017=FACE_BOUND('',#7016,.T.);
#7018=ADVANCED_FACE('',(#7017),#7006,.F.);
#7019=CARTESIAN_POINT('',(-47.860881369,-2.52506,4.849));
#7020=DIRECTION('',(0.,0.,-1.));
#7021=DIRECTION('',(0.,-1.,0.));
#7022=AXIS2_PLACEMENT_3D('',#7019,#7020,#7021);
#7023=CYLINDRICAL_SURFACE('',#7022,0.5);
#7024=ORIENTED_EDGE('',*,*,#826,.T.);
#7025=CARTESIAN_POINT('',(-47.860881369,-3.02506,4.895));
#7026=DIRECTION('',(-0.,-0.,1.));
#7027=VECTOR('',#7026,1.601359641);
#7028=LINE('',#7025,#7027);
#7029=EDGE_CURVE('',#820,#3613,#7028,.T.);
#7030=ORIENTED_EDGE('',*,*,#7029,.T.);
#7031=ORIENTED_EDGE('',*,*,#3619,.F.);
#7032=ORIENTED_EDGE('',*,*,#7029,.F.);
#7033=EDGE_LOOP('',(#7024,#7030,#7031,#7032));
#7034=FACE_BOUND('',#7033,.T.);
#7035=ADVANCED_FACE('',(#7034),#7023,.F.);
#7036=CARTESIAN_POINT('',(-47.640881369,-3.82506,4.849));
#7037=DIRECTION('',(0.,0.,-1.));
#7038=DIRECTION('',(0.,-1.,0.));
#7039=AXIS2_PLACEMENT_3D('',#7036,#7037,#7038);
#7040=CYLINDRICAL_SURFACE('',#7039,0.5);
#7041=ORIENTED_EDGE('',*,*,#837,.T.);
#7042=CARTESIAN_POINT('',(-47.640881369,-4.32506,4.895));
#7043=DIRECTION('',(-0.,-0.,1.));
#7044=VECTOR('',#7043,1.601359641);
#7045=LINE('',#7042,#7044);
#7046=EDGE_CURVE('',#831,#3624,#7045,.T.);
#7047=ORIENTED_EDGE('',*,*,#7046,.T.);
#7048=ORIENTED_EDGE('',*,*,#3630,.F.);
#7049=ORIENTED_EDGE('',*,*,#7046,.F.);
#7050=EDGE_LOOP('',(#7041,#7047,#7048,#7049));
#7051=FACE_BOUND('',#7050,.T.);
#7052=ADVANCED_FACE('',(#7051),#7040,.F.);
#7053=CARTESIAN_POINT('',(-45.137281369,-2.72506,4.849));
#7054=DIRECTION('',(0.,0.,-1.));
#7055=DIRECTION('',(0.,-1.,0.));
#7056=AXIS2_PLACEMENT_3D('',#7053,#7054,#7055);
#7057=CYLINDRICAL_SURFACE('',#7056,0.4064);
#7058=ORIENTED_EDGE('',*,*,#873,.T.);
#7059=CARTESIAN_POINT('',(-45.137281369,-3.13146,4.895));
#7060=DIRECTION('',(-0.,-0.,1.));
#7061=VECTOR('',#7060,1.601359641);
#7062=LINE('',#7059,#7061);
#7063=EDGE_CURVE('',#861,#3637,#7062,.T.);
#7064=ORIENTED_EDGE('',*,*,#7063,.T.);
#7065=ORIENTED_EDGE('',*,*,#3643,.F.);
#7066=CARTESIAN_POINT('',(-45.137281369,-2.31866,4.895));
#7067=DIRECTION('',(-0.,-0.,1.));
#7068=VECTOR('',#7067,1.601359641);
#7069=LINE('',#7066,#7068);
#7070=EDGE_CURVE('',#844,#3635,#7069,.T.);
#7071=ORIENTED_EDGE('',*,*,#7070,.F.);
#7072=EDGE_LOOP('',(#7058,#7064,#7065,#7071));
#7073=FACE_BOUND('',#7072,.T.);
#7074=ADVANCED_FACE('',(#7073),#7057,.F.);
#7075=CARTESIAN_POINT('',(-45.137281369,-2.31866,4.849));
#7076=DIRECTION('',(0.,-1.,0.));
#7077=DIRECTION('',(-1.,0.,0.));
#7078=AXIS2_PLACEMENT_3D('',#7075,#7076,#7077);
#7079=PLANE('',#7078);
#7080=ORIENTED_EDGE('',*,*,#849,.T.);
#7081=ORIENTED_EDGE('',*,*,#7070,.T.);
#7082=ORIENTED_EDGE('',*,*,#3666,.F.);
#7083=CARTESIAN_POINT('',(-45.144481369,-2.31866,4.895));
#7084=DIRECTION('',(-0.,-0.,1.));
#7085=VECTOR('',#7084,1.601359641);
#7086=LINE('',#7083,#7085);
#7087=EDGE_CURVE('',#842,#3654,#7086,.T.);
#7088=ORIENTED_EDGE('',*,*,#7087,.F.);
#7089=EDGE_LOOP('',(#7080,#7081,#7082,#7088));
#7090=FACE_BOUND('',#7089,.T.);
#7091=ADVANCED_FACE('',(#7090),#7079,.T.);
#7092=CARTESIAN_POINT('',(-45.144481369,-2.72506,4.849));
#7093=DIRECTION('',(0.,0.,-1.));
#7094=DIRECTION('',(0.,1.,0.));
#7095=AXIS2_PLACEMENT_3D('',#7092,#7093,#7094);
#7096=CYLINDRICAL_SURFACE('',#7095,0.4064);
#7097=ORIENTED_EDGE('',*,*,#858,.T.);
#7098=ORIENTED_EDGE('',*,*,#7087,.T.);
#7099=ORIENTED_EDGE('',*,*,#3660,.F.);
#7100=CARTESIAN_POINT('',(-45.144481369,-3.13146,4.895));
#7101=DIRECTION('',(-0.,-0.,1.));
#7102=VECTOR('',#7101,1.601359641);
#7103=LINE('',#7100,#7102);
#7104=EDGE_CURVE('',#852,#3646,#7103,.T.);
#7105=ORIENTED_EDGE('',*,*,#7104,.F.);
#7106=EDGE_LOOP('',(#7097,#7098,#7099,#7105));
#7107=FACE_BOUND('',#7106,.T.);
#7108=ADVANCED_FACE('',(#7107),#7096,.F.);
#7109=CARTESIAN_POINT('',(-45.144481369,-3.13146,4.849));
#7110=DIRECTION('',(0.,1.,0.));
#7111=DIRECTION('',(1.,0.,0.));
#7112=AXIS2_PLACEMENT_3D('',#7109,#7110,#7111);
#7113=PLANE('',#7112);
#7114=ORIENTED_EDGE('',*,*,#866,.T.);
#7115=ORIENTED_EDGE('',*,*,#7104,.T.);
#7116=ORIENTED_EDGE('',*,*,#3651,.F.);
#7117=ORIENTED_EDGE('',*,*,#7063,.F.);
#7118=EDGE_LOOP('',(#7114,#7115,#7116,#7117));
#7119=FACE_BOUND('',#7118,.T.);
#7120=ADVANCED_FACE('',(#7119),#7113,.T.);
#7121=CARTESIAN_POINT('',(-42.637281369,-2.72506,4.849));
#7122=DIRECTION('',(0.,0.,-1.));
#7123=DIRECTION('',(0.,-1.,0.));
#7124=AXIS2_PLACEMENT_3D('',#7121,#7122,#7123);
#7125=CYLINDRICAL_SURFACE('',#7124,0.4064);
#7126=ORIENTED_EDGE('',*,*,#909,.T.);
#7127=CARTESIAN_POINT('',(-42.637281369,-3.13146,4.895));
#7128=DIRECTION('',(-0.,-0.,1.));
#7129=VECTOR('',#7128,1.601359641);
#7130=LINE('',#7127,#7129);
#7131=EDGE_CURVE('',#897,#3673,#7130,.T.);
#7132=ORIENTED_EDGE('',*,*,#7131,.T.);
#7133=ORIENTED_EDGE('',*,*,#3679,.F.);
#7134=CARTESIAN_POINT('',(-42.637281369,-2.31866,4.895));
#7135=DIRECTION('',(-0.,-0.,1.));
#7136=VECTOR('',#7135,1.601359641);
#7137=LINE('',#7134,#7136);
#7138=EDGE_CURVE('',#880,#3671,#7137,.T.);
#7139=ORIENTED_EDGE('',*,*,#7138,.F.);
#7140=EDGE_LOOP('',(#7126,#7132,#7133,#7139));
#7141=FACE_BOUND('',#7140,.T.);
#7142=ADVANCED_FACE('',(#7141),#7125,.F.);
#7143=CARTESIAN_POINT('',(-42.637281369,-2.31866,4.849));
#7144=DIRECTION('',(0.,-1.,0.));
#7145=DIRECTION('',(-1.,0.,0.));
#7146=AXIS2_PLACEMENT_3D('',#7143,#7144,#7145);
#7147=PLANE('',#7146);
#7148=ORIENTED_EDGE('',*,*,#885,.T.);
#7149=ORIENTED_EDGE('',*,*,#7138,.T.);
#7150=ORIENTED_EDGE('',*,*,#3702,.F.);
#7151=CARTESIAN_POINT('',(-42.644481369,-2.31866,4.895));
#7152=DIRECTION('',(-0.,-0.,1.));
#7153=VECTOR('',#7152,1.601359641);
#7154=LINE('',#7151,#7153);
#7155=EDGE_CURVE('',#878,#3690,#7154,.T.);
#7156=ORIENTED_EDGE('',*,*,#7155,.F.);
#7157=EDGE_LOOP('',(#7148,#7149,#7150,#7156));
#7158=FACE_BOUND('',#7157,.T.);
#7159=ADVANCED_FACE('',(#7158),#7147,.T.);
#7160=CARTESIAN_POINT('',(-42.644481369,-2.72506,4.849));
#7161=DIRECTION('',(0.,0.,-1.));
#7162=DIRECTION('',(0.,1.,0.));
#7163=AXIS2_PLACEMENT_3D('',#7160,#7161,#7162);
#7164=CYLINDRICAL_SURFACE('',#7163,0.4064);
#7165=ORIENTED_EDGE('',*,*,#894,.T.);
#7166=ORIENTED_EDGE('',*,*,#7155,.T.);
#7167=ORIENTED_EDGE('',*,*,#3696,.F.);
#7168=CARTESIAN_POINT('',(-42.644481369,-3.13146,4.895));
#7169=DIRECTION('',(-0.,-0.,1.));
#7170=VECTOR('',#7169,1.601359641);
#7171=LINE('',#7168,#7170);
#7172=EDGE_CURVE('',#888,#3682,#7171,.T.);
#7173=ORIENTED_EDGE('',*,*,#7172,.F.);
#7174=EDGE_LOOP('',(#7165,#7166,#7167,#7173));
#7175=FACE_BOUND('',#7174,.T.);
#7176=ADVANCED_FACE('',(#7175),#7164,.F.);
#7177=CARTESIAN_POINT('',(-42.644481369,-3.13146,4.849));
#7178=DIRECTION('',(0.,1.,0.));
#7179=DIRECTION('',(1.,0.,0.));
#7180=AXIS2_PLACEMENT_3D('',#7177,#7178,#7179);
#7181=PLANE('',#7180);
#7182=ORIENTED_EDGE('',*,*,#902,.T.);
#7183=ORIENTED_EDGE('',*,*,#7172,.T.);
#7184=ORIENTED_EDGE('',*,*,#3687,.F.);
#7185=ORIENTED_EDGE('',*,*,#7131,.F.);
#7186=EDGE_LOOP('',(#7182,#7183,#7184,#7185));
#7187=FACE_BOUND('',#7186,.T.);
#7188=ADVANCED_FACE('',(#7187),#7181,.T.);
#7189=CARTESIAN_POINT('',(-40.137281369,-2.72506,4.849));
#7190=DIRECTION('',(0.,0.,-1.));
#7191=DIRECTION('',(0.,-1.,0.));
#7192=AXIS2_PLACEMENT_3D('',#7189,#7190,#7191);
#7193=CYLINDRICAL_SURFACE('',#7192,0.4064);
#7194=ORIENTED_EDGE('',*,*,#945,.T.);
#7195=CARTESIAN_POINT('',(-40.137281369,-3.13146,4.895));
#7196=DIRECTION('',(-0.,-0.,1.));
#7197=VECTOR('',#7196,1.601359641);
#7198=LINE('',#7195,#7197);
#7199=EDGE_CURVE('',#933,#3709,#7198,.T.);
#7200=ORIENTED_EDGE('',*,*,#7199,.T.);
#7201=ORIENTED_EDGE('',*,*,#3715,.F.);
#7202=CARTESIAN_POINT('',(-40.137281369,-2.31866,4.895));
#7203=DIRECTION('',(-0.,-0.,1.));
#7204=VECTOR('',#7203,1.601359641);
#7205=LINE('',#7202,#7204);
#7206=EDGE_CURVE('',#916,#3707,#7205,.T.);
#7207=ORIENTED_EDGE('',*,*,#7206,.F.);
#7208=EDGE_LOOP('',(#7194,#7200,#7201,#7207));
#7209=FACE_BOUND('',#7208,.T.);
#7210=ADVANCED_FACE('',(#7209),#7193,.F.);
#7211=CARTESIAN_POINT('',(-40.137281369,-2.31866,4.849));
#7212=DIRECTION('',(0.,-1.,0.));
#7213=DIRECTION('',(-1.,0.,0.));
#7214=AXIS2_PLACEMENT_3D('',#7211,#7212,#7213);
#7215=PLANE('',#7214);
#7216=ORIENTED_EDGE('',*,*,#921,.T.);
#7217=ORIENTED_EDGE('',*,*,#7206,.T.);
#7218=ORIENTED_EDGE('',*,*,#3738,.F.);
#7219=CARTESIAN_POINT('',(-40.144481369,-2.31866,4.895));
#7220=DIRECTION('',(-0.,-0.,1.));
#7221=VECTOR('',#7220,1.601359641);
#7222=LINE('',#7219,#7221);
#7223=EDGE_CURVE('',#914,#3726,#7222,.T.);
#7224=ORIENTED_EDGE('',*,*,#7223,.F.);
#7225=EDGE_LOOP('',(#7216,#7217,#7218,#7224));
#7226=FACE_BOUND('',#7225,.T.);
#7227=ADVANCED_FACE('',(#7226),#7215,.T.);
#7228=CARTESIAN_POINT('',(-40.144481369,-2.72506,4.849));
#7229=DIRECTION('',(0.,0.,-1.));
#7230=DIRECTION('',(0.,1.,0.));
#7231=AXIS2_PLACEMENT_3D('',#7228,#7229,#7230);
#7232=CYLINDRICAL_SURFACE('',#7231,0.4064);
#7233=ORIENTED_EDGE('',*,*,#930,.T.);
#7234=ORIENTED_EDGE('',*,*,#7223,.T.);
#7235=ORIENTED_EDGE('',*,*,#3732,.F.);
#7236=CARTESIAN_POINT('',(-40.144481369,-3.13146,4.895));
#7237=DIRECTION('',(-0.,-0.,1.));
#7238=VECTOR('',#7237,1.601359641);
#7239=LINE('',#7236,#7238);
#7240=EDGE_CURVE('',#924,#3718,#7239,.T.);
#7241=ORIENTED_EDGE('',*,*,#7240,.F.);
#7242=EDGE_LOOP('',(#7233,#7234,#7235,#7241));
#7243=FACE_BOUND('',#7242,.T.);
#7244=ADVANCED_FACE('',(#7243),#7232,.F.);
#7245=CARTESIAN_POINT('',(-40.144481369,-3.13146,4.849));
#7246=DIRECTION('',(0.,1.,0.));
#7247=DIRECTION('',(1.,0.,0.));
#7248=AXIS2_PLACEMENT_3D('',#7245,#7246,#7247);
#7249=PLANE('',#7248);
#7250=ORIENTED_EDGE('',*,*,#938,.T.);
#7251=ORIENTED_EDGE('',*,*,#7240,.T.);
#7252=ORIENTED_EDGE('',*,*,#3723,.F.);
#7253=ORIENTED_EDGE('',*,*,#7199,.F.);
#7254=EDGE_LOOP('',(#7250,#7251,#7252,#7253));
#7255=FACE_BOUND('',#7254,.T.);
#7256=ADVANCED_FACE('',(#7255),#7249,.T.);
#7257=CARTESIAN_POINT('',(-48.140881369,1.67494,4.849));
#7258=DIRECTION('',(0.,0.,-1.));
#7259=DIRECTION('',(0.,-1.,0.));
#7260=AXIS2_PLACEMENT_3D('',#7257,#7258,#7259);
#7261=CYLINDRICAL_SURFACE('',#7260,0.85);
#7262=ORIENTED_EDGE('',*,*,#956,.T.);
#7263=CARTESIAN_POINT('',(-48.140881369,0.82494,4.895));
#7264=DIRECTION('',(-0.,-0.,1.));
#7265=VECTOR('',#7264,1.601359641);
#7266=LINE('',#7263,#7265);
#7267=EDGE_CURVE('',#950,#3743,#7266,.T.);
#7268=ORIENTED_EDGE('',*,*,#7267,.T.);
#7269=ORIENTED_EDGE('',*,*,#3749,.F.);
#7270=ORIENTED_EDGE('',*,*,#7267,.F.);
#7271=EDGE_LOOP('',(#7262,#7268,#7269,#7270));
#7272=FACE_BOUND('',#7271,.T.);
#7273=ADVANCED_FACE('',(#7272),#7261,.F.);
#7274=CARTESIAN_POINT('',(-42.640881369,1.67494,4.849));
#7275=DIRECTION('',(0.,0.,-1.));
#7276=DIRECTION('',(0.,-1.,0.));
#7277=AXIS2_PLACEMENT_3D('',#7274,#7275,#7276);
#7278=CYLINDRICAL_SURFACE('',#7277,2.5);
#7279=ORIENTED_EDGE('',*,*,#967,.T.);
#7280=CARTESIAN_POINT('',(-42.640881369,-0.82506,4.895));
#7281=DIRECTION('',(-0.,-0.,1.));
#7282=VECTOR('',#7281,1.601359641);
#7283=LINE('',#7280,#7282);
#7284=EDGE_CURVE('',#961,#3754,#7283,.T.);
#7285=ORIENTED_EDGE('',*,*,#7284,.T.);
#7286=ORIENTED_EDGE('',*,*,#3760,.F.);
#7287=ORIENTED_EDGE('',*,*,#7284,.F.);
#7288=EDGE_LOOP('',(#7279,#7285,#7286,#7287));
#7289=FACE_BOUND('',#7288,.T.);
#7290=ADVANCED_FACE('',(#7289),#7278,.F.);
#7291=CARTESIAN_POINT('',(-37.140881369,1.67494,4.849));
#7292=DIRECTION('',(0.,0.,-1.));
#7293=DIRECTION('',(0.,-1.,0.));
#7294=AXIS2_PLACEMENT_3D('',#7291,#7292,#7293);
#7295=CYLINDRICAL_SURFACE('',#7294,0.85);
#7296=ORIENTED_EDGE('',*,*,#978,.T.);
#7297=CARTESIAN_POINT('',(-37.140881369,0.82494,4.895));
#7298=DIRECTION('',(-0.,-0.,1.));
#7299=VECTOR('',#7298,1.601359641);
#7300=LINE('',#7297,#7299);
#7301=EDGE_CURVE('',#972,#3765,#7300,.T.);
#7302=ORIENTED_EDGE('',*,*,#7301,.T.);
#7303=ORIENTED_EDGE('',*,*,#3771,.F.);
#7304=ORIENTED_EDGE('',*,*,#7301,.F.);
#7305=EDGE_LOOP('',(#7296,#7302,#7303,#7304));
#7306=FACE_BOUND('',#7305,.T.);
#7307=ADVANCED_FACE('',(#7306),#7295,.F.);
#7308=CARTESIAN_POINT('',(-31.140881369,-2.57506,4.849));
#7309=DIRECTION('',(0.,0.,-1.));
#7310=DIRECTION('',(0.,-1.,0.));
#7311=AXIS2_PLACEMENT_3D('',#7308,#7309,#7310);
#7312=CYLINDRICAL_SURFACE('',#7311,0.85);
#7313=ORIENTED_EDGE('',*,*,#989,.T.);
#7314=CARTESIAN_POINT('',(-31.140881369,-3.42506,4.895));
#7315=DIRECTION('',(-0.,-0.,1.));
#7316=VECTOR('',#7315,1.601359641);
#7317=LINE('',#7314,#7316);
#7318=EDGE_CURVE('',#983,#3776,#7317,.T.);
#7319=ORIENTED_EDGE('',*,*,#7318,.T.);
#7320=ORIENTED_EDGE('',*,*,#3782,.F.);
#7321=ORIENTED_EDGE('',*,*,#7318,.F.);
#7322=EDGE_LOOP('',(#7313,#7319,#7320,#7321));
#7323=FACE_BOUND('',#7322,.T.);
#7324=ADVANCED_FACE('',(#7323),#7312,.F.);
#7325=CARTESIAN_POINT('',(-25.640881369,-2.57506,4.849));
#7326=DIRECTION('',(0.,0.,-1.));
#7327=DIRECTION('',(0.,-1.,0.));
#7328=AXIS2_PLACEMENT_3D('',#7325,#7326,#7327);
#7329=CYLINDRICAL_SURFACE('',#7328,2.5);
#7330=ORIENTED_EDGE('',*,*,#1000,.T.);
#7331=CARTESIAN_POINT('',(-25.640881369,-5.07506,4.895));
#7332=DIRECTION('',(-0.,-0.,1.));
#7333=VECTOR('',#7332,1.601359641);
#7334=LINE('',#7331,#7333);
#7335=EDGE_CURVE('',#994,#3787,#7334,.T.);
#7336=ORIENTED_EDGE('',*,*,#7335,.T.);
#7337=ORIENTED_EDGE('',*,*,#3793,.F.);
#7338=ORIENTED_EDGE('',*,*,#7335,.F.);
#7339=EDGE_LOOP('',(#7330,#7336,#7337,#7338));
#7340=FACE_BOUND('',#7339,.T.);
#7341=ADVANCED_FACE('',(#7340),#7329,.F.);
#7342=CARTESIAN_POINT('',(-25.640881369,3.32494,4.849));
#7343=DIRECTION('',(0.,0.,-1.));
#7344=DIRECTION('',(0.,-1.,0.));
#7345=AXIS2_PLACEMENT_3D('',#7342,#7343,#7344);
#7346=CYLINDRICAL_SURFACE('',#7345,1.5);
#7347=ORIENTED_EDGE('',*,*,#1011,.T.);
#7348=CARTESIAN_POINT('',(-25.640881369,1.82494,4.895));
#7349=DIRECTION('',(-0.,-0.,1.));
#7350=VECTOR('',#7349,1.601359641);
#7351=LINE('',#7348,#7350);
#7352=EDGE_CURVE('',#1005,#3798,#7351,.T.);
#7353=ORIENTED_EDGE('',*,*,#7352,.T.);
#7354=ORIENTED_EDGE('',*,*,#3804,.F.);
#7355=ORIENTED_EDGE('',*,*,#7352,.F.);
#7356=EDGE_LOOP('',(#7347,#7353,#7354,#7355));
#7357=FACE_BOUND('',#7356,.T.);
#7358=ADVANCED_FACE('',(#7357),#7346,.F.);
#7359=CARTESIAN_POINT('',(-4.390881369,-15.03506,4.849));
#7360=DIRECTION('',(0.,0.,-1.));
#7361=DIRECTION('',(0.,-1.,0.));
#7362=AXIS2_PLACEMENT_3D('',#7359,#7360,#7361);
#7363=CYLINDRICAL_SURFACE('',#7362,1.5);
#7364=ORIENTED_EDGE('',*,*,#1022,.T.);
#7365=CARTESIAN_POINT('',(-4.390881369,-16.53506,4.895));
#7366=DIRECTION('',(-0.,-0.,1.));
#7367=VECTOR('',#7366,1.601359641);
#7368=LINE('',#7365,#7367);
#7369=EDGE_CURVE('',#1016,#3809,#7368,.T.);
#7370=ORIENTED_EDGE('',*,*,#7369,.T.);
#7371=ORIENTED_EDGE('',*,*,#3815,.F.);
#7372=ORIENTED_EDGE('',*,*,#7369,.F.);
#7373=EDGE_LOOP('',(#7364,#7370,#7371,#7372));
#7374=FACE_BOUND('',#7373,.T.);
#7375=ADVANCED_FACE('',(#7374),#7363,.F.);
#7376=CARTESIAN_POINT('',(-20.140881369,-2.57506,4.849));
#7377=DIRECTION('',(0.,0.,-1.));
#7378=DIRECTION('',(0.,-1.,0.));
#7379=AXIS2_PLACEMENT_3D('',#7376,#7377,#7378);
#7380=CYLINDRICAL_SURFACE('',#7379,0.85);
#7381=ORIENTED_EDGE('',*,*,#1033,.T.);
#7382=CARTESIAN_POINT('',(-20.140881369,-3.42506,4.895));
#7383=DIRECTION('',(-0.,-0.,1.));
#7384=VECTOR('',#7383,1.601359641);
#7385=LINE('',#7382,#7384);
#7386=EDGE_CURVE('',#1027,#3820,#7385,.T.);
#7387=ORIENTED_EDGE('',*,*,#7386,.T.);
#7388=ORIENTED_EDGE('',*,*,#3826,.F.);
#7389=ORIENTED_EDGE('',*,*,#7386,.F.);
#7390=EDGE_LOOP('',(#7381,#7387,#7388,#7389));
#7391=FACE_BOUND('',#7390,.T.);
#7392=ADVANCED_FACE('',(#7391),#7380,.F.);
#7393=CARTESIAN_POINT('',(-13.640881369,-5.95006,4.849));
#7394=DIRECTION('',(-0.,0.,-1.));
#7395=DIRECTION('',(-0.,-1.,0.));
#7396=AXIS2_PLACEMENT_3D('',#7393,#7394,#7395);
#7397=CYLINDRICAL_SURFACE('',#7396,0.5);
#7398=ORIENTED_EDGE('',*,*,#1044,.T.);
#7399=CARTESIAN_POINT('',(-13.640881369,-6.45006,4.895));
#7400=DIRECTION('',(-0.,-0.,1.));
#7401=VECTOR('',#7400,1.601359641);
#7402=LINE('',#7399,#7401);
#7403=EDGE_CURVE('',#1038,#3831,#7402,.T.);
#7404=ORIENTED_EDGE('',*,*,#7403,.T.);
#7405=ORIENTED_EDGE('',*,*,#3837,.F.);
#7406=ORIENTED_EDGE('',*,*,#7403,.F.);
#7407=EDGE_LOOP('',(#7398,#7404,#7405,#7406));
#7408=FACE_BOUND('',#7407,.T.);
#7409=ADVANCED_FACE('',(#7408),#7397,.F.);
#7410=CARTESIAN_POINT('',(-13.860881369,-4.65006,4.849));
#7411=DIRECTION('',(0.,0.,-1.));
#7412=DIRECTION('',(0.,-1.,0.));
#7413=AXIS2_PLACEMENT_3D('',#7410,#7411,#7412);
#7414=CYLINDRICAL_SURFACE('',#7413,0.5);
#7415=ORIENTED_EDGE('',*,*,#1055,.T.);
#7416=CARTESIAN_POINT('',(-13.860881369,-5.15006,4.895));
#7417=DIRECTION('',(-0.,-0.,1.));
#7418=VECTOR('',#7417,1.601359641);
#7419=LINE('',#7416,#7418);
#7420=EDGE_CURVE('',#1049,#3842,#7419,.T.);
#7421=ORIENTED_EDGE('',*,*,#7420,.T.);
#7422=ORIENTED_EDGE('',*,*,#3848,.F.);
#7423=ORIENTED_EDGE('',*,*,#7420,.F.);
#7424=EDGE_LOOP('',(#7415,#7421,#7422,#7423));
#7425=FACE_BOUND('',#7424,.T.);
#7426=ADVANCED_FACE('',(#7425),#7414,.F.);
#7427=CARTESIAN_POINT('',(-20.640881369,1.12494,4.849));
#7428=DIRECTION('',(0.,0.,-1.));
#7429=DIRECTION('',(0.,-1.,0.));
#7430=AXIS2_PLACEMENT_3D('',#7427,#7428,#7429);
#7431=CYLINDRICAL_SURFACE('',#7430,1.5);
#7432=ORIENTED_EDGE('',*,*,#1066,.T.);
#7433=CARTESIAN_POINT('',(-20.640881369,-0.37506,4.895));
#7434=DIRECTION('',(-0.,-0.,1.));
#7435=VECTOR('',#7434,1.601359641);
#7436=LINE('',#7433,#7435);
#7437=EDGE_CURVE('',#1060,#3853,#7436,.T.);
#7438=ORIENTED_EDGE('',*,*,#7437,.T.);
#7439=ORIENTED_EDGE('',*,*,#3859,.F.);
#7440=ORIENTED_EDGE('',*,*,#7437,.F.);
#7441=EDGE_LOOP('',(#7432,#7438,#7439,#7440));
#7442=FACE_BOUND('',#7441,.T.);
#7443=ADVANCED_FACE('',(#7442),#7431,.F.);
#7444=CARTESIAN_POINT('',(-14.140881369,-0.45006,4.849));
#7445=DIRECTION('',(0.,0.,-1.));
#7446=DIRECTION('',(0.,-1.,0.));
#7447=AXIS2_PLACEMENT_3D('',#7444,#7445,#7446);
#7448=CYLINDRICAL_SURFACE('',#7447,0.85);
#7449=ORIENTED_EDGE('',*,*,#1077,.T.);
#7450=CARTESIAN_POINT('',(-14.140881369,-1.30006,4.895));
#7451=DIRECTION('',(-0.,-0.,1.));
#7452=VECTOR('',#7451,1.601359641);
#7453=LINE('',#7450,#7452);
#7454=EDGE_CURVE('',#1071,#3864,#7453,.T.);
#7455=ORIENTED_EDGE('',*,*,#7454,.T.);
#7456=ORIENTED_EDGE('',*,*,#3870,.F.);
#7457=ORIENTED_EDGE('',*,*,#7454,.F.);
#7458=EDGE_LOOP('',(#7449,#7455,#7456,#7457));
#7459=FACE_BOUND('',#7458,.T.);
#7460=ADVANCED_FACE('',(#7459),#7448,.F.);
#7461=CARTESIAN_POINT('',(-8.640881369,-0.45006,4.849));
#7462=DIRECTION('',(0.,0.,-1.));
#7463=DIRECTION('',(0.,-1.,0.));
#7464=AXIS2_PLACEMENT_3D('',#7461,#7462,#7463);
#7465=CYLINDRICAL_SURFACE('',#7464,2.5);
#7466=ORIENTED_EDGE('',*,*,#1088,.T.);
#7467=CARTESIAN_POINT('',(-8.640881369,-2.95006,4.895));
#7468=DIRECTION('',(-0.,-0.,1.));
#7469=VECTOR('',#7468,1.601359641);
#7470=LINE('',#7467,#7469);
#7471=EDGE_CURVE('',#1082,#3875,#7470,.T.);
#7472=ORIENTED_EDGE('',*,*,#7471,.T.);
#7473=ORIENTED_EDGE('',*,*,#3881,.F.);
#7474=ORIENTED_EDGE('',*,*,#7471,.F.);
#7475=EDGE_LOOP('',(#7466,#7472,#7473,#7474));
#7476=FACE_BOUND('',#7475,.T.);
#7477=ADVANCED_FACE('',(#7476),#7465,.F.);
#7478=CARTESIAN_POINT('',(3.359118631,-3.82506,4.849));
#7479=DIRECTION('',(0.,0.,-1.));
#7480=DIRECTION('',(0.,-1.,0.));
#7481=AXIS2_PLACEMENT_3D('',#7478,#7479,#7480);
#7482=CYLINDRICAL_SURFACE('',#7481,0.5);
#7483=ORIENTED_EDGE('',*,*,#1099,.T.);
#7484=CARTESIAN_POINT('',(3.359118631,-4.32506,4.895));
#7485=DIRECTION('',(-0.,-0.,1.));
#7486=VECTOR('',#7485,1.601359641);
#7487=LINE('',#7484,#7486);
#7488=EDGE_CURVE('',#1093,#3886,#7487,.T.);
#7489=ORIENTED_EDGE('',*,*,#7488,.T.);
#7490=ORIENTED_EDGE('',*,*,#3892,.F.);
#7491=ORIENTED_EDGE('',*,*,#7488,.F.);
#7492=EDGE_LOOP('',(#7483,#7489,#7490,#7491));
#7493=FACE_BOUND('',#7492,.T.);
#7494=ADVANCED_FACE('',(#7493),#7482,.F.);
#7495=CARTESIAN_POINT('',(3.139118631,-2.52506,4.849));
#7496=DIRECTION('',(0.,0.,-1.));
#7497=DIRECTION('',(0.,-1.,0.));
#7498=AXIS2_PLACEMENT_3D('',#7495,#7496,#7497);
#7499=CYLINDRICAL_SURFACE('',#7498,0.5);
#7500=ORIENTED_EDGE('',*,*,#1110,.T.);
#7501=CARTESIAN_POINT('',(3.139118631,-3.02506,4.895));
#7502=DIRECTION('',(-0.,-0.,1.));
#7503=VECTOR('',#7502,1.601359641);
#7504=LINE('',#7501,#7503);
#7505=EDGE_CURVE('',#1104,#3897,#7504,.T.);
#7506=ORIENTED_EDGE('',*,*,#7505,.T.);
#7507=ORIENTED_EDGE('',*,*,#3903,.F.);
#7508=ORIENTED_EDGE('',*,*,#7505,.F.);
#7509=EDGE_LOOP('',(#7500,#7506,#7507,#7508));
#7510=FACE_BOUND('',#7509,.T.);
#7511=ADVANCED_FACE('',(#7510),#7499,.F.);
#7512=CARTESIAN_POINT('',(-3.140881369,-0.45006,4.849));
#7513=DIRECTION('',(0.,0.,-1.));
#7514=DIRECTION('',(0.,-1.,0.));
#7515=AXIS2_PLACEMENT_3D('',#7512,#7513,#7514);
#7516=CYLINDRICAL_SURFACE('',#7515,0.85);
#7517=ORIENTED_EDGE('',*,*,#1121,.T.);
#7518=CARTESIAN_POINT('',(-3.140881369,-1.30006,4.895));
#7519=DIRECTION('',(-0.,-0.,1.));
#7520=VECTOR('',#7519,1.601359641);
#7521=LINE('',#7518,#7520);
#7522=EDGE_CURVE('',#1115,#3908,#7521,.T.);
#7523=ORIENTED_EDGE('',*,*,#7522,.T.);
#7524=ORIENTED_EDGE('',*,*,#3914,.F.);
#7525=ORIENTED_EDGE('',*,*,#7522,.F.);
#7526=EDGE_LOOP('',(#7517,#7523,#7524,#7525));
#7527=FACE_BOUND('',#7526,.T.);
#7528=ADVANCED_FACE('',(#7527),#7516,.F.);
#7529=CARTESIAN_POINT('',(-3.640881369,3.24994,4.849));
#7530=DIRECTION('',(0.,0.,-1.));
#7531=DIRECTION('',(0.,-1.,0.));
#7532=AXIS2_PLACEMENT_3D('',#7529,#7530,#7531);
#7533=CYLINDRICAL_SURFACE('',#7532,1.5);
#7534=ORIENTED_EDGE('',*,*,#1132,.T.);
#7535=CARTESIAN_POINT('',(-3.640881369,1.74994,4.895));
#7536=DIRECTION('',(-0.,-0.,1.));
#7537=VECTOR('',#7536,1.601359641);
#7538=LINE('',#7535,#7537);
#7539=EDGE_CURVE('',#1126,#3919,#7538,.T.);
#7540=ORIENTED_EDGE('',*,*,#7539,.T.);
#7541=ORIENTED_EDGE('',*,*,#3925,.F.);
#7542=ORIENTED_EDGE('',*,*,#7539,.F.);
#7543=EDGE_LOOP('',(#7534,#7540,#7541,#7542));
#7544=FACE_BOUND('',#7543,.T.);
#7545=ADVANCED_FACE('',(#7544),#7533,.F.);
#7546=CARTESIAN_POINT('',(2.859118631,1.67494,4.849));
#7547=DIRECTION('',(0.,0.,-1.));
#7548=DIRECTION('',(0.,-1.,0.));
#7549=AXIS2_PLACEMENT_3D('',#7546,#7547,#7548);
#7550=CYLINDRICAL_SURFACE('',#7549,0.85);
#7551=ORIENTED_EDGE('',*,*,#1143,.T.);
#7552=CARTESIAN_POINT('',(2.859118631,0.82494,4.895));
#7553=DIRECTION('',(-0.,-0.,1.));
#7554=VECTOR('',#7553,1.601359641);
#7555=LINE('',#7552,#7554);
#7556=EDGE_CURVE('',#1137,#3930,#7555,.T.);
#7557=ORIENTED_EDGE('',*,*,#7556,.T.);
#7558=ORIENTED_EDGE('',*,*,#3936,.F.);
#7559=ORIENTED_EDGE('',*,*,#7556,.F.);
#7560=EDGE_LOOP('',(#7551,#7557,#7558,#7559));
#7561=FACE_BOUND('',#7560,.T.);
#7562=ADVANCED_FACE('',(#7561),#7550,.F.);
#7563=CARTESIAN_POINT('',(20.359118631,-22.95006,4.849));
#7564=DIRECTION('',(0.,0.,-1.));
#7565=DIRECTION('',(0.,-1.,0.));
#7566=AXIS2_PLACEMENT_3D('',#7563,#7564,#7565);
#7567=CYLINDRICAL_SURFACE('',#7566,0.5);
#7568=ORIENTED_EDGE('',*,*,#1154,.T.);
#7569=CARTESIAN_POINT('',(20.359118631,-23.45006,4.895));
#7570=DIRECTION('',(-0.,-0.,1.));
#7571=VECTOR('',#7570,1.601359641);
#7572=LINE('',#7569,#7571);
#7573=EDGE_CURVE('',#1148,#3941,#7572,.T.);
#7574=ORIENTED_EDGE('',*,*,#7573,.T.);
#7575=ORIENTED_EDGE('',*,*,#3947,.F.);
#7576=ORIENTED_EDGE('',*,*,#7573,.F.);
#7577=EDGE_LOOP('',(#7568,#7574,#7575,#7576));
#7578=FACE_BOUND('',#7577,.T.);
#7579=ADVANCED_FACE('',(#7578),#7567,.F.);
#7580=CARTESIAN_POINT('',(20.139118631,-21.65006,4.849));
#7581=DIRECTION('',(0.,0.,-1.));
#7582=DIRECTION('',(0.,-1.,0.));
#7583=AXIS2_PLACEMENT_3D('',#7580,#7581,#7582);
#7584=CYLINDRICAL_SURFACE('',#7583,0.5);
#7585=ORIENTED_EDGE('',*,*,#1165,.T.);
#7586=CARTESIAN_POINT('',(20.139118631,-22.15006,4.895));
#7587=DIRECTION('',(-0.,-0.,1.));
#7588=VECTOR('',#7587,1.601359641);
#7589=LINE('',#7586,#7588);
#7590=EDGE_CURVE('',#1159,#3952,#7589,.T.);
#7591=ORIENTED_EDGE('',*,*,#7590,.T.);
#7592=ORIENTED_EDGE('',*,*,#3958,.F.);
#7593=ORIENTED_EDGE('',*,*,#7590,.F.);
#7594=EDGE_LOOP('',(#7585,#7591,#7592,#7593));
#7595=FACE_BOUND('',#7594,.T.);
#7596=ADVANCED_FACE('',(#7595),#7584,.F.);
#7597=CARTESIAN_POINT('',(19.859118631,-17.45006,4.849));
#7598=DIRECTION('',(0.,0.,-1.));
#7599=DIRECTION('',(0.,-1.,0.));
#7600=AXIS2_PLACEMENT_3D('',#7597,#7598,#7599);
#7601=CYLINDRICAL_SURFACE('',#7600,0.85);
#7602=ORIENTED_EDGE('',*,*,#1176,.T.);
#7603=CARTESIAN_POINT('',(19.859118631,-18.30006,4.895));
#7604=DIRECTION('',(-0.,-0.,1.));
#7605=VECTOR('',#7604,1.601359641);
#7606=LINE('',#7603,#7605);
#7607=EDGE_CURVE('',#1170,#3963,#7606,.T.);
#7608=ORIENTED_EDGE('',*,*,#7607,.T.);
#7609=ORIENTED_EDGE('',*,*,#3969,.F.);
#7610=ORIENTED_EDGE('',*,*,#7607,.F.);
#7611=EDGE_LOOP('',(#7602,#7608,#7609,#7610));
#7612=FACE_BOUND('',#7611,.T.);
#7613=ADVANCED_FACE('',(#7612),#7601,.F.);
#7614=CARTESIAN_POINT('',(25.359118631,-17.45006,4.849));
#7615=DIRECTION('',(0.,0.,-1.));
#7616=DIRECTION('',(0.,-1.,0.));
#7617=AXIS2_PLACEMENT_3D('',#7614,#7615,#7616);
#7618=CYLINDRICAL_SURFACE('',#7617,2.5);
#7619=ORIENTED_EDGE('',*,*,#1187,.T.);
#7620=CARTESIAN_POINT('',(25.359118631,-19.95006,4.895));
#7621=DIRECTION('',(-0.,-0.,1.));
#7622=VECTOR('',#7621,1.601359641);
#7623=LINE('',#7620,#7622);
#7624=EDGE_CURVE('',#1181,#3974,#7623,.T.);
#7625=ORIENTED_EDGE('',*,*,#7624,.T.);
#7626=ORIENTED_EDGE('',*,*,#3980,.F.);
#7627=ORIENTED_EDGE('',*,*,#7624,.F.);
#7628=EDGE_LOOP('',(#7619,#7625,#7626,#7627));
#7629=FACE_BOUND('',#7628,.T.);
#7630=ADVANCED_FACE('',(#7629),#7618,.F.);
#7631=CARTESIAN_POINT('',(30.859118631,-17.45006,4.849));
#7632=DIRECTION('',(0.,0.,-1.));
#7633=DIRECTION('',(0.,-1.,0.));
#7634=AXIS2_PLACEMENT_3D('',#7631,#7632,#7633);
#7635=CYLINDRICAL_SURFACE('',#7634,0.85);
#7636=ORIENTED_EDGE('',*,*,#1198,.T.);
#7637=CARTESIAN_POINT('',(30.859118631,-18.30006,4.895));
#7638=DIRECTION('',(-0.,-0.,1.));
#7639=VECTOR('',#7638,1.601359641);
#7640=LINE('',#7637,#7639);
#7641=EDGE_CURVE('',#1192,#3985,#7640,.T.);
#7642=ORIENTED_EDGE('',*,*,#7641,.T.);
#7643=ORIENTED_EDGE('',*,*,#3991,.F.);
#7644=ORIENTED_EDGE('',*,*,#7641,.F.);
#7645=EDGE_LOOP('',(#7636,#7642,#7643,#7644));
#7646=FACE_BOUND('',#7645,.T.);
#7647=ADVANCED_FACE('',(#7646),#7635,.F.);
#7648=CARTESIAN_POINT('',(37.359118631,-27.20006,4.849));
#7649=DIRECTION('',(0.,0.,-1.));
#7650=DIRECTION('',(0.,-1.,0.));
#7651=AXIS2_PLACEMENT_3D('',#7648,#7649,#7650);
#7652=CYLINDRICAL_SURFACE('',#7651,0.5);
#7653=ORIENTED_EDGE('',*,*,#1209,.T.);
#7654=CARTESIAN_POINT('',(37.359118631,-27.70006,4.895));
#7655=DIRECTION('',(-0.,-0.,1.));
#7656=VECTOR('',#7655,1.601359641);
#7657=LINE('',#7654,#7656);
#7658=EDGE_CURVE('',#1203,#3996,#7657,.T.);
#7659=ORIENTED_EDGE('',*,*,#7658,.T.);
#7660=ORIENTED_EDGE('',*,*,#4002,.F.);
#7661=ORIENTED_EDGE('',*,*,#7658,.F.);
#7662=EDGE_LOOP('',(#7653,#7659,#7660,#7661));
#7663=FACE_BOUND('',#7662,.T.);
#7664=ADVANCED_FACE('',(#7663),#7652,.F.);
#7665=CARTESIAN_POINT('',(54.359118631,-27.20006,4.849));
#7666=DIRECTION('',(0.,0.,-1.));
#7667=DIRECTION('',(0.,-1.,0.));
#7668=AXIS2_PLACEMENT_3D('',#7665,#7666,#7667);
#7669=CYLINDRICAL_SURFACE('',#7668,0.5);
#7670=ORIENTED_EDGE('',*,*,#1220,.T.);
#7671=CARTESIAN_POINT('',(54.359118631,-27.70006,4.895));
#7672=DIRECTION('',(-0.,-0.,1.));
#7673=VECTOR('',#7672,1.601359641);
#7674=LINE('',#7671,#7673);
#7675=EDGE_CURVE('',#1214,#4007,#7674,.T.);
#7676=ORIENTED_EDGE('',*,*,#7675,.T.);
#7677=ORIENTED_EDGE('',*,*,#4013,.F.);
#7678=ORIENTED_EDGE('',*,*,#7675,.F.);
#7679=EDGE_LOOP('',(#7670,#7676,#7677,#7678));
#7680=FACE_BOUND('',#7679,.T.);
#7681=ADVANCED_FACE('',(#7680),#7669,.F.);
#7682=CARTESIAN_POINT('',(37.139118631,-25.90006,4.849));
#7683=DIRECTION('',(0.,0.,-1.));
#7684=DIRECTION('',(0.,-1.,0.));
#7685=AXIS2_PLACEMENT_3D('',#7682,#7683,#7684);
#7686=CYLINDRICAL_SURFACE('',#7685,0.5);
#7687=ORIENTED_EDGE('',*,*,#1231,.T.);
#7688=CARTESIAN_POINT('',(37.139118631,-26.40006,4.895));
#7689=DIRECTION('',(-0.,-0.,1.));
#7690=VECTOR('',#7689,1.601359641);
#7691=LINE('',#7688,#7690);
#7692=EDGE_CURVE('',#1225,#4018,#7691,.T.);
#7693=ORIENTED_EDGE('',*,*,#7692,.T.);
#7694=ORIENTED_EDGE('',*,*,#4024,.F.);
#7695=ORIENTED_EDGE('',*,*,#7692,.F.);
#7696=EDGE_LOOP('',(#7687,#7693,#7694,#7695));
#7697=FACE_BOUND('',#7696,.T.);
#7698=ADVANCED_FACE('',(#7697),#7686,.F.);
#7699=CARTESIAN_POINT('',(36.859118631,-21.70006,4.849));
#7700=DIRECTION('',(0.,0.,-1.));
#7701=DIRECTION('',(0.,-1.,0.));
#7702=AXIS2_PLACEMENT_3D('',#7699,#7700,#7701);
#7703=CYLINDRICAL_SURFACE('',#7702,0.85);
#7704=ORIENTED_EDGE('',*,*,#1242,.T.);
#7705=CARTESIAN_POINT('',(36.859118631,-22.55006,4.895));
#7706=DIRECTION('',(-0.,-0.,1.));
#7707=VECTOR('',#7706,1.601359641);
#7708=LINE('',#7705,#7707);
#7709=EDGE_CURVE('',#1236,#4029,#7708,.T.);
#7710=ORIENTED_EDGE('',*,*,#7709,.T.);
#7711=ORIENTED_EDGE('',*,*,#4035,.F.);
#7712=ORIENTED_EDGE('',*,*,#7709,.F.);
#7713=EDGE_LOOP('',(#7704,#7710,#7711,#7712));
#7714=FACE_BOUND('',#7713,.T.);
#7715=ADVANCED_FACE('',(#7714),#7703,.F.);
#7716=CARTESIAN_POINT('',(42.359118631,-21.70006,4.849));
#7717=DIRECTION('',(0.,0.,-1.));
#7718=DIRECTION('',(0.,-1.,0.));
#7719=AXIS2_PLACEMENT_3D('',#7716,#7717,#7718);
#7720=CYLINDRICAL_SURFACE('',#7719,2.5);
#7721=ORIENTED_EDGE('',*,*,#1253,.T.);
#7722=CARTESIAN_POINT('',(42.359118631,-24.20006,4.895));
#7723=DIRECTION('',(-0.,-0.,1.));
#7724=VECTOR('',#7723,1.601359641);
#7725=LINE('',#7722,#7724);
#7726=EDGE_CURVE('',#1247,#4040,#7725,.T.);
#7727=ORIENTED_EDGE('',*,*,#7726,.T.);
#7728=ORIENTED_EDGE('',*,*,#4046,.F.);
#7729=ORIENTED_EDGE('',*,*,#7726,.F.);
#7730=EDGE_LOOP('',(#7721,#7727,#7728,#7729));
#7731=FACE_BOUND('',#7730,.T.);
#7732=ADVANCED_FACE('',(#7731),#7720,.F.);
#7733=CARTESIAN_POINT('',(47.859118631,-21.70006,4.849));
#7734=DIRECTION('',(0.,0.,-1.));
#7735=DIRECTION('',(0.,-1.,0.));
#7736=AXIS2_PLACEMENT_3D('',#7733,#7734,#7735);
#7737=CYLINDRICAL_SURFACE('',#7736,0.85);
#7738=ORIENTED_EDGE('',*,*,#1264,.T.);
#7739=CARTESIAN_POINT('',(47.859118631,-22.55006,4.895));
#7740=DIRECTION('',(-0.,-0.,1.));
#7741=VECTOR('',#7740,1.601359641);
#7742=LINE('',#7739,#7741);
#7743=EDGE_CURVE('',#1258,#4051,#7742,.T.);
#7744=ORIENTED_EDGE('',*,*,#7743,.T.);
#7745=ORIENTED_EDGE('',*,*,#4057,.F.);
#7746=ORIENTED_EDGE('',*,*,#7743,.F.);
#7747=EDGE_LOOP('',(#7738,#7744,#7745,#7746));
#7748=FACE_BOUND('',#7747,.T.);
#7749=ADVANCED_FACE('',(#7748),#7737,.F.);
#7750=CARTESIAN_POINT('',(47.359118631,-18.00006,4.849));
#7751=DIRECTION('',(0.,0.,-1.));
#7752=DIRECTION('',(0.,-1.,0.));
#7753=AXIS2_PLACEMENT_3D('',#7750,#7751,#7752);
#7754=CYLINDRICAL_SURFACE('',#7753,1.5);
#7755=ORIENTED_EDGE('',*,*,#1275,.T.);
#7756=CARTESIAN_POINT('',(47.359118631,-19.50006,4.895));
#7757=DIRECTION('',(-0.,-0.,1.));
#7758=VECTOR('',#7757,1.601359641);
#7759=LINE('',#7756,#7758);
#7760=EDGE_CURVE('',#1269,#4062,#7759,.T.);
#7761=ORIENTED_EDGE('',*,*,#7760,.T.);
#7762=ORIENTED_EDGE('',*,*,#4068,.F.);
#7763=ORIENTED_EDGE('',*,*,#7760,.F.);
#7764=EDGE_LOOP('',(#7755,#7761,#7762,#7763));
#7765=FACE_BOUND('',#7764,.T.);
#7766=ADVANCED_FACE('',(#7765),#7754,.F.);
#7767=CARTESIAN_POINT('',(54.139118631,-25.90006,4.849));
#7768=DIRECTION('',(0.,0.,-1.));
#7769=DIRECTION('',(0.,-1.,0.));
#7770=AXIS2_PLACEMENT_3D('',#7767,#7768,#7769);
#7771=CYLINDRICAL_SURFACE('',#7770,0.5);
#7772=ORIENTED_EDGE('',*,*,#1286,.T.);
#7773=CARTESIAN_POINT('',(54.139118631,-26.40006,4.895));
#7774=DIRECTION('',(-0.,-0.,1.));
#7775=VECTOR('',#7774,1.601359641);
#7776=LINE('',#7773,#7775);
#7777=EDGE_CURVE('',#1280,#4073,#7776,.T.);
#7778=ORIENTED_EDGE('',*,*,#7777,.T.);
#7779=ORIENTED_EDGE('',*,*,#4079,.F.);
#7780=ORIENTED_EDGE('',*,*,#7777,.F.);
#7781=EDGE_LOOP('',(#7772,#7778,#7779,#7780));
#7782=FACE_BOUND('',#7781,.T.);
#7783=ADVANCED_FACE('',(#7782),#7771,.F.);
#7784=CARTESIAN_POINT('',(53.859118631,-21.70006,4.849));
#7785=DIRECTION('',(0.,0.,-1.));
#7786=DIRECTION('',(0.,-1.,0.));
#7787=AXIS2_PLACEMENT_3D('',#7784,#7785,#7786);
#7788=CYLINDRICAL_SURFACE('',#7787,0.85);
#7789=ORIENTED_EDGE('',*,*,#1297,.T.);
#7790=CARTESIAN_POINT('',(53.859118631,-22.55006,4.895));
#7791=DIRECTION('',(-0.,-0.,1.));
#7792=VECTOR('',#7791,1.601359641);
#7793=LINE('',#7790,#7792);
#7794=EDGE_CURVE('',#1291,#4084,#7793,.T.);
#7795=ORIENTED_EDGE('',*,*,#7794,.T.);
#7796=ORIENTED_EDGE('',*,*,#4090,.F.);
#7797=ORIENTED_EDGE('',*,*,#7794,.F.);
#7798=EDGE_LOOP('',(#7789,#7795,#7796,#7797));
#7799=FACE_BOUND('',#7798,.T.);
#7800=ADVANCED_FACE('',(#7799),#7788,.F.);
#7801=CARTESIAN_POINT('',(59.359118631,-21.70006,4.849));
#7802=DIRECTION('',(0.,0.,-1.));
#7803=DIRECTION('',(0.,-1.,0.));
#7804=AXIS2_PLACEMENT_3D('',#7801,#7802,#7803);
#7805=CYLINDRICAL_SURFACE('',#7804,2.5);
#7806=ORIENTED_EDGE('',*,*,#1308,.T.);
#7807=CARTESIAN_POINT('',(59.359118631,-24.20006,4.895));
#7808=DIRECTION('',(-0.,-0.,1.));
#7809=VECTOR('',#7808,1.601359641);
#7810=LINE('',#7807,#7809);
#7811=EDGE_CURVE('',#1302,#4095,#7810,.T.);
#7812=ORIENTED_EDGE('',*,*,#7811,.T.);
#7813=ORIENTED_EDGE('',*,*,#4101,.F.);
#7814=ORIENTED_EDGE('',*,*,#7811,.F.);
#7815=EDGE_LOOP('',(#7806,#7812,#7813,#7814));
#7816=FACE_BOUND('',#7815,.T.);
#7817=ADVANCED_FACE('',(#7816),#7805,.F.);
#7818=CARTESIAN_POINT('',(64.859118631,-21.70006,4.849));
#7819=DIRECTION('',(0.,0.,-1.));
#7820=DIRECTION('',(0.,-1.,0.));
#7821=AXIS2_PLACEMENT_3D('',#7818,#7819,#7820);
#7822=CYLINDRICAL_SURFACE('',#7821,0.85);
#7823=ORIENTED_EDGE('',*,*,#1319,.T.);
#7824=CARTESIAN_POINT('',(64.859118631,-22.55006,4.895));
#7825=DIRECTION('',(-0.,-0.,1.));
#7826=VECTOR('',#7825,1.601359641);
#7827=LINE('',#7824,#7826);
#7828=EDGE_CURVE('',#1313,#4106,#7827,.T.);
#7829=ORIENTED_EDGE('',*,*,#7828,.T.);
#7830=ORIENTED_EDGE('',*,*,#4112,.F.);
#7831=ORIENTED_EDGE('',*,*,#7828,.F.);
#7832=EDGE_LOOP('',(#7823,#7829,#7830,#7831));
#7833=FACE_BOUND('',#7832,.T.);
#7834=ADVANCED_FACE('',(#7833),#7822,.F.);
#7835=CARTESIAN_POINT('',(64.359118631,-18.00006,4.849));
#7836=DIRECTION('',(0.,0.,-1.));
#7837=DIRECTION('',(0.,-1.,0.));
#7838=AXIS2_PLACEMENT_3D('',#7835,#7836,#7837);
#7839=CYLINDRICAL_SURFACE('',#7838,1.5);
#7840=ORIENTED_EDGE('',*,*,#1330,.T.);
#7841=CARTESIAN_POINT('',(64.359118631,-19.50006,4.895));
#7842=DIRECTION('',(-0.,-0.,1.));
#7843=VECTOR('',#7842,1.601359641);
#7844=LINE('',#7841,#7843);
#7845=EDGE_CURVE('',#1324,#4117,#7844,.T.);
#7846=ORIENTED_EDGE('',*,*,#7845,.T.);
#7847=ORIENTED_EDGE('',*,*,#4123,.F.);
#7848=ORIENTED_EDGE('',*,*,#7845,.F.);
#7849=EDGE_LOOP('',(#7840,#7846,#7847,#7848));
#7850=FACE_BOUND('',#7849,.T.);
#7851=ADVANCED_FACE('',(#7850),#7839,.F.);
#7852=CARTESIAN_POINT('',(25.359118631,-11.55006,4.849));
#7853=DIRECTION('',(0.,0.,-1.));
#7854=DIRECTION('',(0.,-1.,0.));
#7855=AXIS2_PLACEMENT_3D('',#7852,#7853,#7854);
#7856=CYLINDRICAL_SURFACE('',#7855,1.5);
#7857=ORIENTED_EDGE('',*,*,#1341,.T.);
#7858=CARTESIAN_POINT('',(25.359118631,-13.05006,4.895));
#7859=DIRECTION('',(-0.,-0.,1.));
#7860=VECTOR('',#7859,1.601359641);
#7861=LINE('',#7858,#7860);
#7862=EDGE_CURVE('',#1335,#4128,#7861,.T.);
#7863=ORIENTED_EDGE('',*,*,#7862,.T.);
#7864=ORIENTED_EDGE('',*,*,#4134,.F.);
#7865=ORIENTED_EDGE('',*,*,#7862,.F.);
#7866=EDGE_LOOP('',(#7857,#7863,#7864,#7865));
#7867=FACE_BOUND('',#7866,.T.);
#7868=ADVANCED_FACE('',(#7867),#7856,.F.);
#7869=CARTESIAN_POINT('',(30.359118631,-13.75006,4.849));
#7870=DIRECTION('',(0.,0.,-1.));
#7871=DIRECTION('',(0.,-1.,0.));
#7872=AXIS2_PLACEMENT_3D('',#7869,#7870,#7871);
#7873=CYLINDRICAL_SURFACE('',#7872,1.5);
#7874=ORIENTED_EDGE('',*,*,#1352,.T.);
#7875=CARTESIAN_POINT('',(30.359118631,-15.25006,4.895));
#7876=DIRECTION('',(-0.,-0.,1.));
#7877=VECTOR('',#7876,1.601359641);
#7878=LINE('',#7875,#7877);
#7879=EDGE_CURVE('',#1346,#4139,#7878,.T.);
#7880=ORIENTED_EDGE('',*,*,#7879,.T.);
#7881=ORIENTED_EDGE('',*,*,#4145,.F.);
#7882=ORIENTED_EDGE('',*,*,#7879,.F.);
#7883=EDGE_LOOP('',(#7874,#7880,#7881,#7882));
#7884=FACE_BOUND('',#7883,.T.);
#7885=ADVANCED_FACE('',(#7884),#7873,.F.);
#7886=CARTESIAN_POINT('',(20.359118631,-5.95006,4.849));
#7887=DIRECTION('',(0.,0.,-1.));
#7888=DIRECTION('',(0.,-1.,0.));
#7889=AXIS2_PLACEMENT_3D('',#7886,#7887,#7888);
#7890=CYLINDRICAL_SURFACE('',#7889,0.5);
#7891=ORIENTED_EDGE('',*,*,#1363,.T.);
#7892=CARTESIAN_POINT('',(20.359118631,-6.45006,4.895));
#7893=DIRECTION('',(-0.,-0.,1.));
#7894=VECTOR('',#7893,1.601359641);
#7895=LINE('',#7892,#7894);
#7896=EDGE_CURVE('',#1357,#4150,#7895,.T.);
#7897=ORIENTED_EDGE('',*,*,#7896,.T.);
#7898=ORIENTED_EDGE('',*,*,#4156,.F.);
#7899=ORIENTED_EDGE('',*,*,#7896,.F.);
#7900=EDGE_LOOP('',(#7891,#7897,#7898,#7899));
#7901=FACE_BOUND('',#7900,.T.);
#7902=ADVANCED_FACE('',(#7901),#7890,.F.);
#7903=CARTESIAN_POINT('',(20.139118631,-4.65006,4.849));
#7904=DIRECTION('',(0.,0.,-1.));
#7905=DIRECTION('',(0.,-1.,0.));
#7906=AXIS2_PLACEMENT_3D('',#7903,#7904,#7905);
#7907=CYLINDRICAL_SURFACE('',#7906,0.5);
#7908=ORIENTED_EDGE('',*,*,#1374,.T.);
#7909=CARTESIAN_POINT('',(20.139118631,-5.15006,4.895));
#7910=DIRECTION('',(-0.,-0.,1.));
#7911=VECTOR('',#7910,1.601359641);
#7912=LINE('',#7909,#7911);
#7913=EDGE_CURVE('',#1368,#4161,#7912,.T.);
#7914=ORIENTED_EDGE('',*,*,#7913,.T.);
#7915=ORIENTED_EDGE('',*,*,#4167,.F.);
#7916=ORIENTED_EDGE('',*,*,#7913,.F.);
#7917=EDGE_LOOP('',(#7908,#7914,#7915,#7916));
#7918=FACE_BOUND('',#7917,.T.);
#7919=ADVANCED_FACE('',(#7918),#7907,.F.);
#7920=CARTESIAN_POINT('',(8.359118631,1.67494,4.849));
#7921=DIRECTION('',(0.,0.,-1.));
#7922=DIRECTION('',(0.,-1.,0.));
#7923=AXIS2_PLACEMENT_3D('',#7920,#7921,#7922);
#7924=CYLINDRICAL_SURFACE('',#7923,2.5);
#7925=ORIENTED_EDGE('',*,*,#1385,.T.);
#7926=CARTESIAN_POINT('',(8.359118631,-0.82506,4.895));
#7927=DIRECTION('',(-0.,-0.,1.));
#7928=VECTOR('',#7927,1.601359641);
#7929=LINE('',#7926,#7928);
#7930=EDGE_CURVE('',#1379,#4172,#7929,.T.);
#7931=ORIENTED_EDGE('',*,*,#7930,.T.);
#7932=ORIENTED_EDGE('',*,*,#4178,.F.);
#7933=ORIENTED_EDGE('',*,*,#7930,.F.);
#7934=EDGE_LOOP('',(#7925,#7931,#7932,#7933));
#7935=FACE_BOUND('',#7934,.T.);
#7936=ADVANCED_FACE('',(#7935),#7924,.F.);
#7937=CARTESIAN_POINT('',(13.859118631,1.67494,4.849));
#7938=DIRECTION('',(0.,0.,-1.));
#7939=DIRECTION('',(0.,-1.,0.));
#7940=AXIS2_PLACEMENT_3D('',#7937,#7938,#7939);
#7941=CYLINDRICAL_SURFACE('',#7940,0.85);
#7942=ORIENTED_EDGE('',*,*,#1396,.T.);
#7943=CARTESIAN_POINT('',(13.859118631,0.82494,4.895));
#7944=DIRECTION('',(-0.,-0.,1.));
#7945=VECTOR('',#7944,1.601359641);
#7946=LINE('',#7943,#7945);
#7947=EDGE_CURVE('',#1390,#4183,#7946,.T.);
#7948=ORIENTED_EDGE('',*,*,#7947,.T.);
#7949=ORIENTED_EDGE('',*,*,#4189,.F.);
#7950=ORIENTED_EDGE('',*,*,#7947,.F.);
#7951=EDGE_LOOP('',(#7942,#7948,#7949,#7950));
#7952=FACE_BOUND('',#7951,.T.);
#7953=ADVANCED_FACE('',(#7952),#7941,.F.);
#7954=CARTESIAN_POINT('',(19.859118631,-0.45006,4.849));
#7955=DIRECTION('',(0.,0.,-1.));
#7956=DIRECTION('',(0.,-1.,0.));
#7957=AXIS2_PLACEMENT_3D('',#7954,#7955,#7956);
#7958=CYLINDRICAL_SURFACE('',#7957,0.85);
#7959=ORIENTED_EDGE('',*,*,#1407,.T.);
#7960=CARTESIAN_POINT('',(19.859118631,-1.30006,4.895));
#7961=DIRECTION('',(-0.,-0.,1.));
#7962=VECTOR('',#7961,1.601359641);
#7963=LINE('',#7960,#7962);
#7964=EDGE_CURVE('',#1401,#4194,#7963,.T.);
#7965=ORIENTED_EDGE('',*,*,#7964,.T.);
#7966=ORIENTED_EDGE('',*,*,#4200,.F.);
#7967=ORIENTED_EDGE('',*,*,#7964,.F.);
#7968=EDGE_LOOP('',(#7959,#7965,#7966,#7967));
#7969=FACE_BOUND('',#7968,.T.);
#7970=ADVANCED_FACE('',(#7969),#7958,.F.);
#7971=CARTESIAN_POINT('',(25.359118631,-0.45006,4.849));
#7972=DIRECTION('',(0.,0.,-1.));
#7973=DIRECTION('',(0.,-1.,0.));
#7974=AXIS2_PLACEMENT_3D('',#7971,#7972,#7973);
#7975=CYLINDRICAL_SURFACE('',#7974,2.5);
#7976=ORIENTED_EDGE('',*,*,#1418,.T.);
#7977=CARTESIAN_POINT('',(25.359118631,-2.95006,4.895));
#7978=DIRECTION('',(-0.,-0.,1.));
#7979=VECTOR('',#7978,1.601359641);
#7980=LINE('',#7977,#7979);
#7981=EDGE_CURVE('',#1412,#4205,#7980,.T.);
#7982=ORIENTED_EDGE('',*,*,#7981,.T.);
#7983=ORIENTED_EDGE('',*,*,#4211,.F.);
#7984=ORIENTED_EDGE('',*,*,#7981,.F.);
#7985=EDGE_LOOP('',(#7976,#7982,#7983,#7984));
#7986=FACE_BOUND('',#7985,.T.);
#7987=ADVANCED_FACE('',(#7986),#7975,.F.);
#7988=CARTESIAN_POINT('',(30.859118631,-0.45006,4.849));
#7989=DIRECTION('',(0.,0.,-1.));
#7990=DIRECTION('',(0.,-1.,0.));
#7991=AXIS2_PLACEMENT_3D('',#7988,#7989,#7990);
#7992=CYLINDRICAL_SURFACE('',#7991,0.85);
#7993=ORIENTED_EDGE('',*,*,#1429,.T.);
#7994=CARTESIAN_POINT('',(30.859118631,-1.30006,4.895));
#7995=DIRECTION('',(-0.,-0.,1.));
#7996=VECTOR('',#7995,1.601359641);
#7997=LINE('',#7994,#7996);
#7998=EDGE_CURVE('',#1423,#4216,#7997,.T.);
#7999=ORIENTED_EDGE('',*,*,#7998,.T.);
#8000=ORIENTED_EDGE('',*,*,#4222,.F.);
#8001=ORIENTED_EDGE('',*,*,#7998,.F.);
#8002=EDGE_LOOP('',(#7993,#7999,#8000,#8001));
#8003=FACE_BOUND('',#8002,.T.);
#8004=ADVANCED_FACE('',(#8003),#7992,.F.);
#8005=CARTESIAN_POINT('',(30.359118631,3.24994,4.849));
#8006=DIRECTION('',(0.,0.,-1.));
#8007=DIRECTION('',(0.,-1.,0.));
#8008=AXIS2_PLACEMENT_3D('',#8005,#8006,#8007);
#8009=CYLINDRICAL_SURFACE('',#8008,1.5);
#8010=ORIENTED_EDGE('',*,*,#1440,.T.);
#8011=CARTESIAN_POINT('',(30.359118631,1.74994,4.895));
#8012=DIRECTION('',(-0.,-0.,1.));
#8013=VECTOR('',#8012,1.601359641);
#8014=LINE('',#8011,#8013);
#8015=EDGE_CURVE('',#1434,#4227,#8014,.T.);
#8016=ORIENTED_EDGE('',*,*,#8015,.T.);
#8017=ORIENTED_EDGE('',*,*,#4233,.F.);
#8018=ORIENTED_EDGE('',*,*,#8015,.F.);
#8019=EDGE_LOOP('',(#8010,#8016,#8017,#8018));
#8020=FACE_BOUND('',#8019,.T.);
#8021=ADVANCED_FACE('',(#8020),#8009,.F.);
#8022=CARTESIAN_POINT('',(42.359118631,-15.80006,4.849));
#8023=DIRECTION('',(0.,0.,-1.));
#8024=DIRECTION('',(0.,-1.,0.));
#8025=AXIS2_PLACEMENT_3D('',#8022,#8023,#8024);
#8026=CYLINDRICAL_SURFACE('',#8025,1.5);
#8027=ORIENTED_EDGE('',*,*,#1451,.T.);
#8028=CARTESIAN_POINT('',(42.359118631,-17.30006,4.895));
#8029=DIRECTION('',(-0.,-0.,1.));
#8030=VECTOR('',#8029,1.601359641);
#8031=LINE('',#8028,#8030);
#8032=EDGE_CURVE('',#1445,#4238,#8031,.T.);
#8033=ORIENTED_EDGE('',*,*,#8032,.T.);
#8034=ORIENTED_EDGE('',*,*,#4244,.F.);
#8035=ORIENTED_EDGE('',*,*,#8032,.F.);
#8036=EDGE_LOOP('',(#8027,#8033,#8034,#8035));
#8037=FACE_BOUND('',#8036,.T.);
#8038=ADVANCED_FACE('',(#8037),#8026,.F.);
#8039=CARTESIAN_POINT('',(37.359118631,-10.20006,4.849));
#8040=DIRECTION('',(0.,0.,-1.));
#8041=DIRECTION('',(0.,-1.,0.));
#8042=AXIS2_PLACEMENT_3D('',#8039,#8040,#8041);
#8043=CYLINDRICAL_SURFACE('',#8042,0.5);
#8044=ORIENTED_EDGE('',*,*,#1462,.T.);
#8045=CARTESIAN_POINT('',(37.359118631,-10.70006,4.895));
#8046=DIRECTION('',(-0.,-0.,1.));
#8047=VECTOR('',#8046,1.601359641);
#8048=LINE('',#8045,#8047);
#8049=EDGE_CURVE('',#1456,#4249,#8048,.T.);
#8050=ORIENTED_EDGE('',*,*,#8049,.T.);
#8051=ORIENTED_EDGE('',*,*,#4255,.F.);
#8052=ORIENTED_EDGE('',*,*,#8049,.F.);
#8053=EDGE_LOOP('',(#8044,#8050,#8051,#8052));
#8054=FACE_BOUND('',#8053,.T.);
#8055=ADVANCED_FACE('',(#8054),#8043,.F.);
#8056=CARTESIAN_POINT('',(37.139118631,-8.90006,4.849));
#8057=DIRECTION('',(0.,0.,-1.));
#8058=DIRECTION('',(0.,-1.,0.));
#8059=AXIS2_PLACEMENT_3D('',#8056,#8057,#8058);
#8060=CYLINDRICAL_SURFACE('',#8059,0.5);
#8061=ORIENTED_EDGE('',*,*,#1473,.T.);
#8062=CARTESIAN_POINT('',(37.139118631,-9.40006,4.895));
#8063=DIRECTION('',(-0.,-0.,1.));
#8064=VECTOR('',#8063,1.601359641);
#8065=LINE('',#8062,#8064);
#8066=EDGE_CURVE('',#1467,#4260,#8065,.T.);
#8067=ORIENTED_EDGE('',*,*,#8066,.T.);
#8068=ORIENTED_EDGE('',*,*,#4266,.F.);
#8069=ORIENTED_EDGE('',*,*,#8066,.F.);
#8070=EDGE_LOOP('',(#8061,#8067,#8068,#8069));
#8071=FACE_BOUND('',#8070,.T.);
#8072=ADVANCED_FACE('',(#8071),#8060,.F.);
#8073=CARTESIAN_POINT('',(59.359118631,-15.80006,4.849));
#8074=DIRECTION('',(0.,0.,-1.));
#8075=DIRECTION('',(0.,-1.,0.));
#8076=AXIS2_PLACEMENT_3D('',#8073,#8074,#8075);
#8077=CYLINDRICAL_SURFACE('',#8076,1.5);
#8078=ORIENTED_EDGE('',*,*,#1484,.T.);
#8079=CARTESIAN_POINT('',(59.359118631,-17.30006,4.895));
#8080=DIRECTION('',(-0.,-0.,1.));
#8081=VECTOR('',#8080,1.601359641);
#8082=LINE('',#8079,#8081);
#8083=EDGE_CURVE('',#1478,#4271,#8082,.T.);
#8084=ORIENTED_EDGE('',*,*,#8083,.T.);
#8085=ORIENTED_EDGE('',*,*,#4277,.F.);
#8086=ORIENTED_EDGE('',*,*,#8083,.F.);
#8087=EDGE_LOOP('',(#8078,#8084,#8085,#8086));
#8088=FACE_BOUND('',#8087,.T.);
#8089=ADVANCED_FACE('',(#8088),#8077,.F.);
#8090=CARTESIAN_POINT('',(54.359118631,-10.20006,4.849));
#8091=DIRECTION('',(0.,0.,-1.));
#8092=DIRECTION('',(0.,-1.,0.));
#8093=AXIS2_PLACEMENT_3D('',#8090,#8091,#8092);
#8094=CYLINDRICAL_SURFACE('',#8093,0.5);
#8095=ORIENTED_EDGE('',*,*,#1495,.T.);
#8096=CARTESIAN_POINT('',(54.359118631,-10.70006,4.895));
#8097=DIRECTION('',(-0.,-0.,1.));
#8098=VECTOR('',#8097,1.601359641);
#8099=LINE('',#8096,#8098);
#8100=EDGE_CURVE('',#1489,#4282,#8099,.T.);
#8101=ORIENTED_EDGE('',*,*,#8100,.T.);
#8102=ORIENTED_EDGE('',*,*,#4288,.F.);
#8103=ORIENTED_EDGE('',*,*,#8100,.F.);
#8104=EDGE_LOOP('',(#8095,#8101,#8102,#8103));
#8105=FACE_BOUND('',#8104,.T.);
#8106=ADVANCED_FACE('',(#8105),#8094,.F.);
#8107=CARTESIAN_POINT('',(54.139118631,-8.90006,4.849));
#8108=DIRECTION('',(0.,0.,-1.));
#8109=DIRECTION('',(0.,-1.,0.));
#8110=AXIS2_PLACEMENT_3D('',#8107,#8108,#8109);
#8111=CYLINDRICAL_SURFACE('',#8110,0.5);
#8112=ORIENTED_EDGE('',*,*,#1506,.T.);
#8113=CARTESIAN_POINT('',(54.139118631,-9.40006,4.895));
#8114=DIRECTION('',(-0.,-0.,1.));
#8115=VECTOR('',#8114,1.601359641);
#8116=LINE('',#8113,#8115);
#8117=EDGE_CURVE('',#1500,#4293,#8116,.T.);
#8118=ORIENTED_EDGE('',*,*,#8117,.T.);
#8119=ORIENTED_EDGE('',*,*,#4299,.F.);
#8120=ORIENTED_EDGE('',*,*,#8117,.F.);
#8121=EDGE_LOOP('',(#8112,#8118,#8119,#8120));
#8122=FACE_BOUND('',#8121,.T.);
#8123=ADVANCED_FACE('',(#8122),#8111,.F.);
#8124=CARTESIAN_POINT('',(36.859118631,-4.70006,4.849));
#8125=DIRECTION('',(0.,0.,-1.));
#8126=DIRECTION('',(0.,-1.,0.));
#8127=AXIS2_PLACEMENT_3D('',#8124,#8125,#8126);
#8128=CYLINDRICAL_SURFACE('',#8127,0.85);
#8129=ORIENTED_EDGE('',*,*,#1517,.T.);
#8130=CARTESIAN_POINT('',(36.859118631,-5.55006,4.895));
#8131=DIRECTION('',(-0.,-0.,1.));
#8132=VECTOR('',#8131,1.601359641);
#8133=LINE('',#8130,#8132);
#8134=EDGE_CURVE('',#1511,#4304,#8133,.T.);
#8135=ORIENTED_EDGE('',*,*,#8134,.T.);
#8136=ORIENTED_EDGE('',*,*,#4310,.F.);
#8137=ORIENTED_EDGE('',*,*,#8134,.F.);
#8138=EDGE_LOOP('',(#8129,#8135,#8136,#8137));
#8139=FACE_BOUND('',#8138,.T.);
#8140=ADVANCED_FACE('',(#8139),#8128,.F.);
#8141=CARTESIAN_POINT('',(42.359118631,-4.70006,4.849));
#8142=DIRECTION('',(0.,0.,-1.));
#8143=DIRECTION('',(0.,-1.,0.));
#8144=AXIS2_PLACEMENT_3D('',#8141,#8142,#8143);
#8145=CYLINDRICAL_SURFACE('',#8144,2.5);
#8146=ORIENTED_EDGE('',*,*,#1528,.T.);
#8147=CARTESIAN_POINT('',(42.359118631,-7.20006,4.895));
#8148=DIRECTION('',(-0.,-0.,1.));
#8149=VECTOR('',#8148,1.601359641);
#8150=LINE('',#8147,#8149);
#8151=EDGE_CURVE('',#1522,#4315,#8150,.T.);
#8152=ORIENTED_EDGE('',*,*,#8151,.T.);
#8153=ORIENTED_EDGE('',*,*,#4321,.F.);
#8154=ORIENTED_EDGE('',*,*,#8151,.F.);
#8155=EDGE_LOOP('',(#8146,#8152,#8153,#8154));
#8156=FACE_BOUND('',#8155,.T.);
#8157=ADVANCED_FACE('',(#8156),#8145,.F.);
#8158=CARTESIAN_POINT('',(47.859118631,-4.70006,4.849));
#8159=DIRECTION('',(0.,0.,-1.));
#8160=DIRECTION('',(0.,-1.,0.));
#8161=AXIS2_PLACEMENT_3D('',#8158,#8159,#8160);
#8162=CYLINDRICAL_SURFACE('',#8161,0.85);
#8163=ORIENTED_EDGE('',*,*,#1539,.T.);
#8164=CARTESIAN_POINT('',(47.859118631,-5.55006,4.895));
#8165=DIRECTION('',(-0.,-0.,1.));
#8166=VECTOR('',#8165,1.601359641);
#8167=LINE('',#8164,#8166);
#8168=EDGE_CURVE('',#1533,#4326,#8167,.T.);
#8169=ORIENTED_EDGE('',*,*,#8168,.T.);
#8170=ORIENTED_EDGE('',*,*,#4332,.F.);
#8171=ORIENTED_EDGE('',*,*,#8168,.F.);
#8172=EDGE_LOOP('',(#8163,#8169,#8170,#8171));
#8173=FACE_BOUND('',#8172,.T.);
#8174=ADVANCED_FACE('',(#8173),#8162,.F.);
#8175=CARTESIAN_POINT('',(42.359118631,1.19994,4.849));
#8176=DIRECTION('',(0.,0.,-1.));
#8177=DIRECTION('',(0.,-1.,0.));
#8178=AXIS2_PLACEMENT_3D('',#8175,#8176,#8177);
#8179=CYLINDRICAL_SURFACE('',#8178,1.5);
#8180=ORIENTED_EDGE('',*,*,#1550,.T.);
#8181=CARTESIAN_POINT('',(42.359118631,-0.30006,4.895));
#8182=DIRECTION('',(-0.,-0.,1.));
#8183=VECTOR('',#8182,1.601359641);
#8184=LINE('',#8181,#8183);
#8185=EDGE_CURVE('',#1544,#4337,#8184,.T.);
#8186=ORIENTED_EDGE('',*,*,#8185,.T.);
#8187=ORIENTED_EDGE('',*,*,#4343,.F.);
#8188=ORIENTED_EDGE('',*,*,#8185,.F.);
#8189=EDGE_LOOP('',(#8180,#8186,#8187,#8188));
#8190=FACE_BOUND('',#8189,.T.);
#8191=ADVANCED_FACE('',(#8190),#8179,.F.);
#8192=CARTESIAN_POINT('',(47.359118631,-1.00006,4.849));
#8193=DIRECTION('',(0.,0.,-1.));
#8194=DIRECTION('',(0.,-1.,0.));
#8195=AXIS2_PLACEMENT_3D('',#8192,#8193,#8194);
#8196=CYLINDRICAL_SURFACE('',#8195,1.5);
#8197=ORIENTED_EDGE('',*,*,#1561,.T.);
#8198=CARTESIAN_POINT('',(47.359118631,-2.50006,4.895));
#8199=DIRECTION('',(-0.,-0.,1.));
#8200=VECTOR('',#8199,1.601359641);
#8201=LINE('',#8198,#8200);
#8202=EDGE_CURVE('',#1555,#4348,#8201,.T.);
#8203=ORIENTED_EDGE('',*,*,#8202,.T.);
#8204=ORIENTED_EDGE('',*,*,#4354,.F.);
#8205=ORIENTED_EDGE('',*,*,#8202,.F.);
#8206=EDGE_LOOP('',(#8197,#8203,#8204,#8205));
#8207=FACE_BOUND('',#8206,.T.);
#8208=ADVANCED_FACE('',(#8207),#8196,.F.);
#8209=CARTESIAN_POINT('',(53.859118631,-4.70006,4.849));
#8210=DIRECTION('',(0.,0.,-1.));
#8211=DIRECTION('',(0.,-1.,0.));
#8212=AXIS2_PLACEMENT_3D('',#8209,#8210,#8211);
#8213=CYLINDRICAL_SURFACE('',#8212,0.85);
#8214=ORIENTED_EDGE('',*,*,#1572,.T.);
#8215=CARTESIAN_POINT('',(53.859118631,-5.55006,4.895));
#8216=DIRECTION('',(-0.,-0.,1.));
#8217=VECTOR('',#8216,1.601359641);
#8218=LINE('',#8215,#8217);
#8219=EDGE_CURVE('',#1566,#4359,#8218,.T.);
#8220=ORIENTED_EDGE('',*,*,#8219,.T.);
#8221=ORIENTED_EDGE('',*,*,#4365,.F.);
#8222=ORIENTED_EDGE('',*,*,#8219,.F.);
#8223=EDGE_LOOP('',(#8214,#8220,#8221,#8222));
#8224=FACE_BOUND('',#8223,.T.);
#8225=ADVANCED_FACE('',(#8224),#8213,.F.);
#8226=CARTESIAN_POINT('',(59.359118631,-4.70006,4.849));
#8227=DIRECTION('',(0.,0.,-1.));
#8228=DIRECTION('',(0.,-1.,0.));
#8229=AXIS2_PLACEMENT_3D('',#8226,#8227,#8228);
#8230=CYLINDRICAL_SURFACE('',#8229,2.5);
#8231=ORIENTED_EDGE('',*,*,#1583,.T.);
#8232=CARTESIAN_POINT('',(59.359118631,-7.20006,4.895));
#8233=DIRECTION('',(-0.,-0.,1.));
#8234=VECTOR('',#8233,1.601359641);
#8235=LINE('',#8232,#8234);
#8236=EDGE_CURVE('',#1577,#4370,#8235,.T.);
#8237=ORIENTED_EDGE('',*,*,#8236,.T.);
#8238=ORIENTED_EDGE('',*,*,#4376,.F.);
#8239=ORIENTED_EDGE('',*,*,#8236,.F.);
#8240=EDGE_LOOP('',(#8231,#8237,#8238,#8239));
#8241=FACE_BOUND('',#8240,.T.);
#8242=ADVANCED_FACE('',(#8241),#8230,.F.);
#8243=CARTESIAN_POINT('',(64.859118631,-4.70006,4.849));
#8244=DIRECTION('',(0.,0.,-1.));
#8245=DIRECTION('',(0.,-1.,0.));
#8246=AXIS2_PLACEMENT_3D('',#8243,#8244,#8245);
#8247=CYLINDRICAL_SURFACE('',#8246,0.85);
#8248=ORIENTED_EDGE('',*,*,#1594,.T.);
#8249=CARTESIAN_POINT('',(64.859118631,-5.55006,4.895));
#8250=DIRECTION('',(-0.,-0.,1.));
#8251=VECTOR('',#8250,1.601359641);
#8252=LINE('',#8249,#8251);
#8253=EDGE_CURVE('',#1588,#4381,#8252,.T.);
#8254=ORIENTED_EDGE('',*,*,#8253,.T.);
#8255=ORIENTED_EDGE('',*,*,#4387,.F.);
#8256=ORIENTED_EDGE('',*,*,#8253,.F.);
#8257=EDGE_LOOP('',(#8248,#8254,#8255,#8256));
#8258=FACE_BOUND('',#8257,.T.);
#8259=ADVANCED_FACE('',(#8258),#8247,.F.);
#8260=CARTESIAN_POINT('',(64.359118631,-1.00006,4.849));
#8261=DIRECTION('',(0.,0.,-1.));
#8262=DIRECTION('',(0.,-1.,0.));
#8263=AXIS2_PLACEMENT_3D('',#8260,#8261,#8262);
#8264=CYLINDRICAL_SURFACE('',#8263,1.5);
#8265=ORIENTED_EDGE('',*,*,#1605,.T.);
#8266=CARTESIAN_POINT('',(64.359118631,-2.50006,4.895));
#8267=DIRECTION('',(-0.,-0.,1.));
#8268=VECTOR('',#8267,1.601359641);
#8269=LINE('',#8266,#8268);
#8270=EDGE_CURVE('',#1599,#4392,#8269,.T.);
#8271=ORIENTED_EDGE('',*,*,#8270,.T.);
#8272=ORIENTED_EDGE('',*,*,#4398,.F.);
#8273=ORIENTED_EDGE('',*,*,#8270,.F.);
#8274=EDGE_LOOP('',(#8265,#8271,#8272,#8273));
#8275=FACE_BOUND('',#8274,.T.);
#8276=ADVANCED_FACE('',(#8275),#8264,.F.);
#8277=CARTESIAN_POINT('',(59.359118631,1.19994,4.849));
#8278=DIRECTION('',(0.,0.,-1.));
#8279=DIRECTION('',(0.,-1.,0.));
#8280=AXIS2_PLACEMENT_3D('',#8277,#8278,#8279);
#8281=CYLINDRICAL_SURFACE('',#8280,1.5);
#8282=ORIENTED_EDGE('',*,*,#1616,.T.);
#8283=CARTESIAN_POINT('',(59.359118631,-0.30006,4.895));
#8284=DIRECTION('',(-0.,-0.,1.));
#8285=VECTOR('',#8284,1.601359641);
#8286=LINE('',#8283,#8285);
#8287=EDGE_CURVE('',#1610,#4403,#8286,.T.);
#8288=ORIENTED_EDGE('',*,*,#8287,.T.);
#8289=ORIENTED_EDGE('',*,*,#4409,.F.);
#8290=ORIENTED_EDGE('',*,*,#8287,.F.);
#8291=EDGE_LOOP('',(#8282,#8288,#8289,#8290));
#8292=FACE_BOUND('',#8291,.T.);
#8293=ADVANCED_FACE('',(#8292),#8281,.F.);
#8294=CARTESIAN_POINT('',(-37.640881369,5.37494,4.849));
#8295=DIRECTION('',(0.,0.,-1.));
#8296=DIRECTION('',(0.,-1.,0.));
#8297=AXIS2_PLACEMENT_3D('',#8294,#8295,#8296);
#8298=CYLINDRICAL_SURFACE('',#8297,1.5);
#8299=ORIENTED_EDGE('',*,*,#1627,.T.);
#8300=CARTESIAN_POINT('',(-37.640881369,3.87494,4.895));
#8301=DIRECTION('',(-0.,-0.,1.));
#8302=VECTOR('',#8301,1.601359641);
#8303=LINE('',#8300,#8302);
#8304=EDGE_CURVE('',#1621,#4414,#8303,.T.);
#8305=ORIENTED_EDGE('',*,*,#8304,.T.);
#8306=ORIENTED_EDGE('',*,*,#4420,.F.);
#8307=ORIENTED_EDGE('',*,*,#8304,.F.);
#8308=EDGE_LOOP('',(#8299,#8305,#8306,#8307));
#8309=FACE_BOUND('',#8308,.T.);
#8310=ADVANCED_FACE('',(#8309),#8298,.F.);
#8311=CARTESIAN_POINT('',(-42.640881369,7.57494,4.849));
#8312=DIRECTION('',(0.,0.,-1.));
#8313=DIRECTION('',(0.,-1.,0.));
#8314=AXIS2_PLACEMENT_3D('',#8311,#8312,#8313);
#8315=CYLINDRICAL_SURFACE('',#8314,1.5);
#8316=ORIENTED_EDGE('',*,*,#1638,.T.);
#8317=CARTESIAN_POINT('',(-42.640881369,6.07494,4.895));
#8318=DIRECTION('',(-0.,-0.,1.));
#8319=VECTOR('',#8318,1.601359641);
#8320=LINE('',#8317,#8319);
#8321=EDGE_CURVE('',#1632,#4425,#8320,.T.);
#8322=ORIENTED_EDGE('',*,*,#8321,.T.);
#8323=ORIENTED_EDGE('',*,*,#4431,.F.);
#8324=ORIENTED_EDGE('',*,*,#8321,.F.);
#8325=EDGE_LOOP('',(#8316,#8322,#8323,#8324));
#8326=FACE_BOUND('',#8325,.T.);
#8327=ADVANCED_FACE('',(#8326),#8315,.F.);
#8328=CARTESIAN_POINT('',(-30.640881369,8.92494,4.849));
#8329=DIRECTION('',(0.,0.,-1.));
#8330=DIRECTION('',(0.,-1.,0.));
#8331=AXIS2_PLACEMENT_3D('',#8328,#8329,#8330);
#8332=CYLINDRICAL_SURFACE('',#8331,0.5);
#8333=ORIENTED_EDGE('',*,*,#1649,.T.);
#8334=CARTESIAN_POINT('',(-30.640881369,8.42494,4.895));
#8335=DIRECTION('',(-0.,-0.,1.));
#8336=VECTOR('',#8335,1.601359641);
#8337=LINE('',#8334,#8336);
#8338=EDGE_CURVE('',#1643,#4436,#8337,.T.);
#8339=ORIENTED_EDGE('',*,*,#8338,.T.);
#8340=ORIENTED_EDGE('',*,*,#4442,.F.);
#8341=ORIENTED_EDGE('',*,*,#8338,.F.);
#8342=EDGE_LOOP('',(#8333,#8339,#8340,#8341));
#8343=FACE_BOUND('',#8342,.T.);
#8344=ADVANCED_FACE('',(#8343),#8332,.F.);
#8345=CARTESIAN_POINT('',(-30.860881369,10.22494,4.849));
#8346=DIRECTION('',(0.,0.,-1.));
#8347=DIRECTION('',(0.,-1.,0.));
#8348=AXIS2_PLACEMENT_3D('',#8345,#8346,#8347);
#8349=CYLINDRICAL_SURFACE('',#8348,0.5);
#8350=ORIENTED_EDGE('',*,*,#1660,.T.);
#8351=CARTESIAN_POINT('',(-30.860881369,9.72494,4.895));
#8352=DIRECTION('',(-0.,-0.,1.));
#8353=VECTOR('',#8352,1.601359641);
#8354=LINE('',#8351,#8353);
#8355=EDGE_CURVE('',#1654,#4447,#8354,.T.);
#8356=ORIENTED_EDGE('',*,*,#8355,.T.);
#8357=ORIENTED_EDGE('',*,*,#4453,.F.);
#8358=ORIENTED_EDGE('',*,*,#8355,.F.);
#8359=EDGE_LOOP('',(#8350,#8356,#8357,#8358));
#8360=FACE_BOUND('',#8359,.T.);
#8361=ADVANCED_FACE('',(#8360),#8349,.F.);
#8362=CARTESIAN_POINT('',(-48.716781369,22.48324,4.849));
#8363=DIRECTION('',(-0.,0.,-1.));
#8364=DIRECTION('',(-0.,-1.,0.));
#8365=AXIS2_PLACEMENT_3D('',#8362,#8363,#8364);
#8366=CYLINDRICAL_SURFACE('',#8365,0.4064);
#8367=ORIENTED_EDGE('',*,*,#1671,.T.);
#8368=CARTESIAN_POINT('',(-48.716781369,22.07684,4.895));
#8369=DIRECTION('',(-0.,-0.,1.));
#8370=VECTOR('',#8369,1.601359641);
#8371=LINE('',#8368,#8370);
#8372=EDGE_CURVE('',#1665,#4458,#8371,.T.);
#8373=ORIENTED_EDGE('',*,*,#8372,.T.);
#8374=ORIENTED_EDGE('',*,*,#4464,.F.);
#8375=ORIENTED_EDGE('',*,*,#8372,.F.);
#8376=EDGE_LOOP('',(#8367,#8373,#8374,#8375));
#8377=FACE_BOUND('',#8376,.T.);
#8378=ADVANCED_FACE('',(#8377),#8366,.F.);
#8379=CARTESIAN_POINT('',(-45.050028369,23.192487,4.895));
#8380=DIRECTION('',(0.,-1.,0.));
#8381=DIRECTION('',(-1.,0.,0.));
#8382=AXIS2_PLACEMENT_3D('',#8379,#8380,#8381);
#8383=PLANE('',#8382);
#8384=CARTESIAN_POINT('',(-45.050028369,23.192487,4.895));
#8385=DIRECTION('',(-0.,-0.,1.));
#8386=VECTOR('',#8385,1.601359641);
#8387=LINE('',#8384,#8386);
#8388=EDGE_CURVE('',#1754,#4469,#8387,.T.);
#8389=ORIENTED_EDGE('',*,*,#8388,.T.);
#8390=ORIENTED_EDGE('',*,*,#4476,.T.);
#8391=CARTESIAN_POINT('',(-46.701028369,23.192487,4.895));
#8392=DIRECTION('',(-0.,-0.,1.));
#8393=VECTOR('',#8392,1.601359641);
#8394=LINE('',#8391,#8393);
#8395=EDGE_CURVE('',#1676,#4471,#8394,.T.);
#8396=ORIENTED_EDGE('',*,*,#8395,.F.);
#8397=ORIENTED_EDGE('',*,*,#1765,.F.);
#8398=EDGE_LOOP('',(#8389,#8390,#8396,#8397));
#8399=FACE_BOUND('',#8398,.T.);
#8400=ADVANCED_FACE('',(#8399),#8383,.T.);
#8401=CARTESIAN_POINT('',(-46.701028369,23.192487,4.895));
#8402=DIRECTION('',(0.707106781,-0.707106781,0.));
#8403=DIRECTION('',(-0.707106781,-0.707106781,0.));
#8404=AXIS2_PLACEMENT_3D('',#8401,#8402,#8403);
#8405=PLANE('',#8404);
#8406=ORIENTED_EDGE('',*,*,#8395,.T.);
#8407=ORIENTED_EDGE('',*,*,#4558,.T.);
#8408=CARTESIAN_POINT('',(-47.082028369,22.811487,4.895));
#8409=DIRECTION('',(-0.,-0.,1.));
#8410=VECTOR('',#8409,1.601359641);
#8411=LINE('',#8408,#8410);
#8412=EDGE_CURVE('',#1678,#4547,#8411,.T.);
#8413=ORIENTED_EDGE('',*,*,#8412,.F.);
#8414=ORIENTED_EDGE('',*,*,#1683,.F.);
#8415=EDGE_LOOP('',(#8406,#8407,#8413,#8414));
#8416=FACE_BOUND('',#8415,.T.);
#8417=ADVANCED_FACE('',(#8416),#8405,.T.);
#8418=CARTESIAN_POINT('',(-47.082028369,22.811487,4.895));
#8419=DIRECTION('',(1.,0.,0.));
#8420=DIRECTION('',(0.,-1.,0.));
#8421=AXIS2_PLACEMENT_3D('',#8418,#8419,#8420);
#8422=PLANE('',#8421);
#8423=ORIENTED_EDGE('',*,*,#1691,.F.);
#8424=ORIENTED_EDGE('',*,*,#8412,.T.);
#8425=ORIENTED_EDGE('',*,*,#4552,.T.);
#8426=CARTESIAN_POINT('',(-47.082028369,21.211913934,6.496359641));
#8427=DIRECTION('',(0.,0.,-1.));
#8428=VECTOR('',#8427,1.601359641);
#8429=LINE('',#8426,#8428);
#8430=EDGE_CURVE('',#4538,#1686,#8429,.T.);
#8431=ORIENTED_EDGE('',*,*,#8430,.T.);
#8432=EDGE_LOOP('',(#8423,#8424,#8425,#8431));
#8433=FACE_BOUND('',#8432,.T.);
#8434=ADVANCED_FACE('',(#8433),#8422,.T.);
#8435=CARTESIAN_POINT('',(-46.811781369,20.79124,4.849));
#8436=DIRECTION('',(0.,0.,-1.));
#8437=DIRECTION('',(0.,-1.,0.));
#8438=AXIS2_PLACEMENT_3D('',#8435,#8436,#8437);
#8439=CYLINDRICAL_SURFACE('',#8438,0.5);
#8440=CARTESIAN_POINT('',(-46.811781369,20.29124,4.895));
#8441=DIRECTION('',(-0.,-0.,1.));
#8442=VECTOR('',#8441,1.601359641);
#8443=LINE('',#8440,#8442);
#8444=EDGE_CURVE('',#1694,#4529,#8443,.T.);
#8445=ORIENTED_EDGE('',*,*,#8444,.F.);
#8446=ORIENTED_EDGE('',*,*,#1700,.T.);
#8447=ORIENTED_EDGE('',*,*,#8430,.F.);
#8448=ORIENTED_EDGE('',*,*,#4544,.F.);
#8449=EDGE_LOOP('',(#8445,#8446,#8447,#8448));
#8450=FACE_BOUND('',#8449,.T.);
#8451=ADVANCED_FACE('',(#8450),#8439,.F.);
#8452=CARTESIAN_POINT('',(-46.811781369,20.79124,4.849));
#8453=DIRECTION('',(0.,0.,-1.));
#8454=DIRECTION('',(0.,-1.,0.));
#8455=AXIS2_PLACEMENT_3D('',#8452,#8453,#8454);
#8456=CYLINDRICAL_SURFACE('',#8455,0.5);
#8457=ORIENTED_EDGE('',*,*,#1709,.T.);
#8458=ORIENTED_EDGE('',*,*,#8444,.T.);
#8459=ORIENTED_EDGE('',*,*,#4535,.F.);
#8460=CARTESIAN_POINT('',(-46.388254106,20.525487,6.496359641));
#8461=DIRECTION('',(0.,0.,-1.));
#8462=VECTOR('',#8461,1.601359641);
#8463=LINE('',#8460,#8462);
#8464=EDGE_CURVE('',#4521,#1703,#8463,.T.);
#8465=ORIENTED_EDGE('',*,*,#8464,.T.);
#8466=EDGE_LOOP('',(#8457,#8458,#8459,#8465));
#8467=FACE_BOUND('',#8466,.T.);
#8468=ADVANCED_FACE('',(#8467),#8456,.F.);
#8469=CARTESIAN_POINT('',(-46.396228369,20.525487,4.895));
#8470=DIRECTION('',(0.,1.,0.));
#8471=DIRECTION('',(1.,0.,0.));
#8472=AXIS2_PLACEMENT_3D('',#8469,#8470,#8471);
#8473=PLANE('',#8472);
#8474=ORIENTED_EDGE('',*,*,#1717,.F.);
#8475=ORIENTED_EDGE('',*,*,#8464,.F.);
#8476=ORIENTED_EDGE('',*,*,#4526,.T.);
#8477=CARTESIAN_POINT('',(-45.355708633,20.525487,6.496359641));
#8478=DIRECTION('',(0.,0.,-1.));
#8479=VECTOR('',#8478,1.601359641);
#8480=LINE('',#8477,#8479);
#8481=EDGE_CURVE('',#4512,#1712,#8480,.T.);
#8482=ORIENTED_EDGE('',*,*,#8481,.T.);
#8483=EDGE_LOOP('',(#8474,#8475,#8476,#8482));
#8484=FACE_BOUND('',#8483,.T.);
#8485=ADVANCED_FACE('',(#8484),#8473,.T.);
#8486=CARTESIAN_POINT('',(-44.932181369,20.79124,4.849));
#8487=DIRECTION('',(0.,0.,-1.));
#8488=DIRECTION('',(0.,-1.,0.));
#8489=AXIS2_PLACEMENT_3D('',#8486,#8487,#8488);
#8490=CYLINDRICAL_SURFACE('',#8489,0.5);
#8491=CARTESIAN_POINT('',(-44.932181369,20.29124,4.895));
#8492=DIRECTION('',(-0.,-0.,1.));
#8493=VECTOR('',#8492,1.601359641);
#8494=LINE('',#8491,#8493);
#8495=EDGE_CURVE('',#1720,#4503,#8494,.T.);
#8496=ORIENTED_EDGE('',*,*,#8495,.F.);
#8497=ORIENTED_EDGE('',*,*,#1726,.T.);
#8498=ORIENTED_EDGE('',*,*,#8481,.F.);
#8499=ORIENTED_EDGE('',*,*,#4518,.F.);
#8500=EDGE_LOOP('',(#8496,#8497,#8498,#8499));
#8501=FACE_BOUND('',#8500,.T.);
#8502=ADVANCED_FACE('',(#8501),#8490,.F.);
#8503=CARTESIAN_POINT('',(-44.932181369,20.79124,4.849));
#8504=DIRECTION('',(0.,0.,-1.));
#8505=DIRECTION('',(0.,-1.,0.));
#8506=AXIS2_PLACEMENT_3D('',#8503,#8504,#8505);
#8507=CYLINDRICAL_SURFACE('',#8506,0.5);
#8508=ORIENTED_EDGE('',*,*,#1735,.T.);
#8509=ORIENTED_EDGE('',*,*,#8495,.T.);
#8510=ORIENTED_EDGE('',*,*,#4509,.F.);
#8511=CARTESIAN_POINT('',(-44.669028369,21.21638762,6.496359641));
#8512=DIRECTION('',(0.,0.,-1.));
#8513=VECTOR('',#8512,1.601359641);
#8514=LINE('',#8511,#8513);
#8515=EDGE_CURVE('',#4495,#1729,#8514,.T.);
#8516=ORIENTED_EDGE('',*,*,#8515,.T.);
#8517=EDGE_LOOP('',(#8508,#8509,#8510,#8516));
#8518=FACE_BOUND('',#8517,.T.);
#8519=ADVANCED_FACE('',(#8518),#8507,.F.);
#8520=CARTESIAN_POINT('',(-44.669028369,21.211287,4.895));
#8521=DIRECTION('',(-1.,0.,0.));
#8522=DIRECTION('',(0.,1.,0.));
#8523=AXIS2_PLACEMENT_3D('',#8520,#8521,#8522);
#8524=PLANE('',#8523);
#8525=ORIENTED_EDGE('',*,*,#1743,.F.);
#8526=ORIENTED_EDGE('',*,*,#8515,.F.);
#8527=ORIENTED_EDGE('',*,*,#4500,.T.);
#8528=CARTESIAN_POINT('',(-44.669028369,22.811487,4.895));
#8529=DIRECTION('',(-0.,-0.,1.));
#8530=VECTOR('',#8529,1.601359641);
#8531=LINE('',#8528,#8530);
#8532=EDGE_CURVE('',#1738,#4487,#8531,.T.);
#8533=ORIENTED_EDGE('',*,*,#8532,.F.);
#8534=EDGE_LOOP('',(#8525,#8526,#8527,#8533));
#8535=FACE_BOUND('',#8534,.T.);
#8536=ADVANCED_FACE('',(#8535),#8524,.T.);
#8537=CARTESIAN_POINT('',(-44.669028369,22.811487,4.895));
#8538=DIRECTION('',(-0.762754631,-0.646688003,0.));
#8539=DIRECTION('',(-0.646688003,0.762754631,0.));
#8540=AXIS2_PLACEMENT_3D('',#8537,#8538,#8539);
#8541=PLANE('',#8540);
#8542=ORIENTED_EDGE('',*,*,#8532,.T.);
#8543=ORIENTED_EDGE('',*,*,#4492,.T.);
#8544=CARTESIAN_POINT('',(-44.990058369,23.190135,4.895));
#8545=DIRECTION('',(-0.,-0.,1.));
#8546=VECTOR('',#8545,1.601359641);
#8547=LINE('',#8544,#8546);
#8548=EDGE_CURVE('',#1746,#4479,#8547,.T.);
#8549=ORIENTED_EDGE('',*,*,#8548,.F.);
#8550=ORIENTED_EDGE('',*,*,#1751,.F.);
#8551=EDGE_LOOP('',(#8542,#8543,#8549,#8550));
#8552=FACE_BOUND('',#8551,.T.);
#8553=ADVANCED_FACE('',(#8552),#8541,.T.);
#8554=CARTESIAN_POINT('',(-44.990058369,23.190135,4.895));
#8555=DIRECTION('',(-0.039189481,-0.999231797,0.));
#8556=DIRECTION('',(-0.999231797,0.039189481,0.));
#8557=AXIS2_PLACEMENT_3D('',#8554,#8555,#8556);
#8558=PLANE('',#8557);
#8559=ORIENTED_EDGE('',*,*,#8548,.T.);
#8560=ORIENTED_EDGE('',*,*,#4484,.T.);
#8561=ORIENTED_EDGE('',*,*,#8388,.F.);
#8562=ORIENTED_EDGE('',*,*,#1759,.F.);
#8563=EDGE_LOOP('',(#8559,#8560,#8561,#8562));
#8564=FACE_BOUND('',#8563,.T.);
#8565=ADVANCED_FACE('',(#8564),#8558,.T.);
#8566=CARTESIAN_POINT('',(-31.140881369,14.42494,4.849));
#8567=DIRECTION('',(0.,0.,-1.));
#8568=DIRECTION('',(0.,-1.,0.));
#8569=AXIS2_PLACEMENT_3D('',#8566,#8567,#8568);
#8570=CYLINDRICAL_SURFACE('',#8569,0.85);
#8571=ORIENTED_EDGE('',*,*,#1776,.T.);
#8572=CARTESIAN_POINT('',(-31.140881369,13.57494,4.895));
#8573=DIRECTION('',(-0.,-0.,1.));
#8574=VECTOR('',#8573,1.601359641);
#8575=LINE('',#8572,#8574);
#8576=EDGE_CURVE('',#1770,#4563,#8575,.T.);
#8577=ORIENTED_EDGE('',*,*,#8576,.T.);
#8578=ORIENTED_EDGE('',*,*,#4569,.F.);
#8579=ORIENTED_EDGE('',*,*,#8576,.F.);
#8580=EDGE_LOOP('',(#8571,#8577,#8578,#8579));
#8581=FACE_BOUND('',#8580,.T.);
#8582=ADVANCED_FACE('',(#8581),#8570,.F.);
#8583=CARTESIAN_POINT('',(-25.640881369,14.42494,4.849));
#8584=DIRECTION('',(0.,0.,-1.));
#8585=DIRECTION('',(0.,-1.,0.));
#8586=AXIS2_PLACEMENT_3D('',#8583,#8584,#8585);
#8587=CYLINDRICAL_SURFACE('',#8586,2.5);
#8588=ORIENTED_EDGE('',*,*,#1787,.T.);
#8589=CARTESIAN_POINT('',(-25.640881369,11.92494,4.895));
#8590=DIRECTION('',(-0.,-0.,1.));
#8591=VECTOR('',#8590,1.601359641);
#8592=LINE('',#8589,#8591);
#8593=EDGE_CURVE('',#1781,#4574,#8592,.T.);
#8594=ORIENTED_EDGE('',*,*,#8593,.T.);
#8595=ORIENTED_EDGE('',*,*,#4580,.F.);
#8596=ORIENTED_EDGE('',*,*,#8593,.F.);
#8597=EDGE_LOOP('',(#8588,#8594,#8595,#8596));
#8598=FACE_BOUND('',#8597,.T.);
#8599=ADVANCED_FACE('',(#8598),#8587,.F.);
#8600=CARTESIAN_POINT('',(-33.476781369,22.48324,4.849));
#8601=DIRECTION('',(0.,0.,-1.));
#8602=DIRECTION('',(0.,-1.,0.));
#8603=AXIS2_PLACEMENT_3D('',#8600,#8601,#8602);
#8604=CYLINDRICAL_SURFACE('',#8603,0.4064);
#8605=ORIENTED_EDGE('',*,*,#1798,.T.);
#8606=CARTESIAN_POINT('',(-33.476781369,22.07684,4.895));
#8607=DIRECTION('',(-0.,-0.,1.));
#8608=VECTOR('',#8607,1.601359641);
#8609=LINE('',#8606,#8608);
#8610=EDGE_CURVE('',#1792,#4585,#8609,.T.);
#8611=ORIENTED_EDGE('',*,*,#8610,.T.);
#8612=ORIENTED_EDGE('',*,*,#4591,.F.);
#8613=ORIENTED_EDGE('',*,*,#8610,.F.);
#8614=EDGE_LOOP('',(#8605,#8611,#8612,#8613));
#8615=FACE_BOUND('',#8614,.T.);
#8616=ADVANCED_FACE('',(#8615),#8604,.F.);
#8617=CARTESIAN_POINT('',(-25.640881369,20.32494,4.849));
#8618=DIRECTION('',(0.,0.,-1.));
#8619=DIRECTION('',(0.,-1.,0.));
#8620=AXIS2_PLACEMENT_3D('',#8617,#8618,#8619);
#8621=CYLINDRICAL_SURFACE('',#8620,1.5);
#8622=ORIENTED_EDGE('',*,*,#1809,.T.);
#8623=CARTESIAN_POINT('',(-25.640881369,18.82494,4.895));
#8624=DIRECTION('',(-0.,-0.,1.));
#8625=VECTOR('',#8624,1.601359641);
#8626=LINE('',#8623,#8625);
#8627=EDGE_CURVE('',#1803,#4596,#8626,.T.);
#8628=ORIENTED_EDGE('',*,*,#8627,.T.);
#8629=ORIENTED_EDGE('',*,*,#4602,.F.);
#8630=ORIENTED_EDGE('',*,*,#8627,.F.);
#8631=EDGE_LOOP('',(#8622,#8628,#8629,#8630));
#8632=FACE_BOUND('',#8631,.T.);
#8633=ADVANCED_FACE('',(#8632),#8621,.F.);
#8634=CARTESIAN_POINT('',(-8.640881369,5.44994,4.849));
#8635=DIRECTION('',(0.,0.,-1.));
#8636=DIRECTION('',(0.,-1.,0.));
#8637=AXIS2_PLACEMENT_3D('',#8634,#8635,#8636);
#8638=CYLINDRICAL_SURFACE('',#8637,1.5);
#8639=ORIENTED_EDGE('',*,*,#1820,.T.);
#8640=CARTESIAN_POINT('',(-8.640881369,3.94994,4.895));
#8641=DIRECTION('',(-0.,-0.,1.));
#8642=VECTOR('',#8641,1.601359641);
#8643=LINE('',#8640,#8642);
#8644=EDGE_CURVE('',#1814,#4607,#8643,.T.);
#8645=ORIENTED_EDGE('',*,*,#8644,.T.);
#8646=ORIENTED_EDGE('',*,*,#4613,.F.);
#8647=ORIENTED_EDGE('',*,*,#8644,.F.);
#8648=EDGE_LOOP('',(#8639,#8645,#8646,#8647));
#8649=FACE_BOUND('',#8648,.T.);
#8650=ADVANCED_FACE('',(#8649),#8638,.F.);
#8651=CARTESIAN_POINT('',(-13.640881369,11.04994,4.849));
#8652=DIRECTION('',(-0.,0.,-1.));
#8653=DIRECTION('',(-0.,-1.,0.));
#8654=AXIS2_PLACEMENT_3D('',#8651,#8652,#8653);
#8655=CYLINDRICAL_SURFACE('',#8654,0.5);
#8656=ORIENTED_EDGE('',*,*,#1831,.T.);
#8657=CARTESIAN_POINT('',(-13.640881369,10.54994,4.895));
#8658=DIRECTION('',(-0.,-0.,1.));
#8659=VECTOR('',#8658,1.601359641);
#8660=LINE('',#8657,#8659);
#8661=EDGE_CURVE('',#1825,#4618,#8660,.T.);
#8662=ORIENTED_EDGE('',*,*,#8661,.T.);
#8663=ORIENTED_EDGE('',*,*,#4624,.F.);
#8664=ORIENTED_EDGE('',*,*,#8661,.F.);
#8665=EDGE_LOOP('',(#8656,#8662,#8663,#8664));
#8666=FACE_BOUND('',#8665,.T.);
#8667=ADVANCED_FACE('',(#8666),#8655,.F.);
#8668=CARTESIAN_POINT('',(-13.860881369,12.34994,4.849));
#8669=DIRECTION('',(0.,0.,-1.));
#8670=DIRECTION('',(0.,-1.,0.));
#8671=AXIS2_PLACEMENT_3D('',#8668,#8669,#8670);
#8672=CYLINDRICAL_SURFACE('',#8671,0.5);
#8673=ORIENTED_EDGE('',*,*,#1842,.T.);
#8674=CARTESIAN_POINT('',(-13.860881369,11.84994,4.895));
#8675=DIRECTION('',(-0.,-0.,1.));
#8676=VECTOR('',#8675,1.601359641);
#8677=LINE('',#8674,#8676);
#8678=EDGE_CURVE('',#1836,#4629,#8677,.T.);
#8679=ORIENTED_EDGE('',*,*,#8678,.T.);
#8680=ORIENTED_EDGE('',*,*,#4635,.F.);
#8681=ORIENTED_EDGE('',*,*,#8678,.F.);
#8682=EDGE_LOOP('',(#8673,#8679,#8680,#8681));
#8683=FACE_BOUND('',#8682,.T.);
#8684=ADVANCED_FACE('',(#8683),#8672,.F.);
#8685=CARTESIAN_POINT('',(3.359118631,13.17494,4.849));
#8686=DIRECTION('',(0.,0.,-1.));
#8687=DIRECTION('',(0.,-1.,0.));
#8688=AXIS2_PLACEMENT_3D('',#8685,#8686,#8687);
#8689=CYLINDRICAL_SURFACE('',#8688,0.5);
#8690=ORIENTED_EDGE('',*,*,#1853,.T.);
#8691=CARTESIAN_POINT('',(3.359118631,12.67494,4.895));
#8692=DIRECTION('',(-0.,-0.,1.));
#8693=VECTOR('',#8692,1.601359641);
#8694=LINE('',#8691,#8693);
#8695=EDGE_CURVE('',#1847,#4640,#8694,.T.);
#8696=ORIENTED_EDGE('',*,*,#8695,.T.);
#8697=ORIENTED_EDGE('',*,*,#4646,.F.);
#8698=ORIENTED_EDGE('',*,*,#8695,.F.);
#8699=EDGE_LOOP('',(#8690,#8696,#8697,#8698));
#8700=FACE_BOUND('',#8699,.T.);
#8701=ADVANCED_FACE('',(#8700),#8689,.F.);
#8702=CARTESIAN_POINT('',(-20.140881369,14.42494,4.849));
#8703=DIRECTION('',(0.,0.,-1.));
#8704=DIRECTION('',(0.,-1.,0.));
#8705=AXIS2_PLACEMENT_3D('',#8702,#8703,#8704);
#8706=CYLINDRICAL_SURFACE('',#8705,0.85);
#8707=ORIENTED_EDGE('',*,*,#1864,.T.);
#8708=CARTESIAN_POINT('',(-20.140881369,13.57494,4.895));
#8709=DIRECTION('',(-0.,-0.,1.));
#8710=VECTOR('',#8709,1.601359641);
#8711=LINE('',#8708,#8710);
#8712=EDGE_CURVE('',#1858,#4651,#8711,.T.);
#8713=ORIENTED_EDGE('',*,*,#8712,.T.);
#8714=ORIENTED_EDGE('',*,*,#4657,.F.);
#8715=ORIENTED_EDGE('',*,*,#8712,.F.);
#8716=EDGE_LOOP('',(#8707,#8713,#8714,#8715));
#8717=FACE_BOUND('',#8716,.T.);
#8718=ADVANCED_FACE('',(#8717),#8706,.F.);
#8719=CARTESIAN_POINT('',(-20.640881369,18.12494,4.849));
#8720=DIRECTION('',(0.,0.,-1.));
#8721=DIRECTION('',(0.,-1.,0.));
#8722=AXIS2_PLACEMENT_3D('',#8719,#8720,#8721);
#8723=CYLINDRICAL_SURFACE('',#8722,1.5);
#8724=ORIENTED_EDGE('',*,*,#1875,.T.);
#8725=CARTESIAN_POINT('',(-20.640881369,16.62494,4.895));
#8726=DIRECTION('',(-0.,-0.,1.));
#8727=VECTOR('',#8726,1.601359641);
#8728=LINE('',#8725,#8727);
#8729=EDGE_CURVE('',#1869,#4662,#8728,.T.);
#8730=ORIENTED_EDGE('',*,*,#8729,.T.);
#8731=ORIENTED_EDGE('',*,*,#4668,.F.);
#8732=ORIENTED_EDGE('',*,*,#8729,.F.);
#8733=EDGE_LOOP('',(#8724,#8730,#8731,#8732));
#8734=FACE_BOUND('',#8733,.T.);
#8735=ADVANCED_FACE('',(#8734),#8723,.F.);
#8736=CARTESIAN_POINT('',(-14.140881369,16.54994,4.849));
#8737=DIRECTION('',(0.,0.,-1.));
#8738=DIRECTION('',(0.,-1.,0.));
#8739=AXIS2_PLACEMENT_3D('',#8736,#8737,#8738);
#8740=CYLINDRICAL_SURFACE('',#8739,0.85);
#8741=ORIENTED_EDGE('',*,*,#1886,.T.);
#8742=CARTESIAN_POINT('',(-14.140881369,15.69994,4.895));
#8743=DIRECTION('',(-0.,-0.,1.));
#8744=VECTOR('',#8743,1.601359641);
#8745=LINE('',#8742,#8744);
#8746=EDGE_CURVE('',#1880,#4673,#8745,.T.);
#8747=ORIENTED_EDGE('',*,*,#8746,.T.);
#8748=ORIENTED_EDGE('',*,*,#4679,.F.);
#8749=ORIENTED_EDGE('',*,*,#8746,.F.);
#8750=EDGE_LOOP('',(#8741,#8747,#8748,#8749));
#8751=FACE_BOUND('',#8750,.T.);
#8752=ADVANCED_FACE('',(#8751),#8740,.F.);
#8753=CARTESIAN_POINT('',(-8.640881369,16.54994,4.849));
#8754=DIRECTION('',(0.,0.,-1.));
#8755=DIRECTION('',(0.,-1.,0.));
#8756=AXIS2_PLACEMENT_3D('',#8753,#8754,#8755);
#8757=CYLINDRICAL_SURFACE('',#8756,2.5);
#8758=ORIENTED_EDGE('',*,*,#1897,.T.);
#8759=CARTESIAN_POINT('',(-8.640881369,14.04994,4.895));
#8760=DIRECTION('',(-0.,-0.,1.));
#8761=VECTOR('',#8760,1.601359641);
#8762=LINE('',#8759,#8761);
#8763=EDGE_CURVE('',#1891,#4684,#8762,.T.);
#8764=ORIENTED_EDGE('',*,*,#8763,.T.);
#8765=ORIENTED_EDGE('',*,*,#4690,.F.);
#8766=ORIENTED_EDGE('',*,*,#8763,.F.);
#8767=EDGE_LOOP('',(#8758,#8764,#8765,#8766));
#8768=FACE_BOUND('',#8767,.T.);
#8769=ADVANCED_FACE('',(#8768),#8757,.F.);
#8770=CARTESIAN_POINT('',(-8.640881369,22.44994,4.849));
#8771=DIRECTION('',(0.,0.,-1.));
#8772=DIRECTION('',(0.,-1.,0.));
#8773=AXIS2_PLACEMENT_3D('',#8770,#8771,#8772);
#8774=CYLINDRICAL_SURFACE('',#8773,1.5);
#8775=ORIENTED_EDGE('',*,*,#1908,.T.);
#8776=CARTESIAN_POINT('',(-8.640881369,20.94994,4.895));
#8777=DIRECTION('',(-0.,-0.,1.));
#8778=VECTOR('',#8777,1.601359641);
#8779=LINE('',#8776,#8778);
#8780=EDGE_CURVE('',#1902,#4695,#8779,.T.);
#8781=ORIENTED_EDGE('',*,*,#8780,.T.);
#8782=ORIENTED_EDGE('',*,*,#4701,.F.);
#8783=ORIENTED_EDGE('',*,*,#8780,.F.);
#8784=EDGE_LOOP('',(#8775,#8781,#8782,#8783));
#8785=FACE_BOUND('',#8784,.T.);
#8786=ADVANCED_FACE('',(#8785),#8774,.F.);
#8787=CARTESIAN_POINT('',(-3.140881369,16.54994,4.849));
#8788=DIRECTION('',(0.,0.,-1.));
#8789=DIRECTION('',(0.,-1.,0.));
#8790=AXIS2_PLACEMENT_3D('',#8787,#8788,#8789);
#8791=CYLINDRICAL_SURFACE('',#8790,0.85);
#8792=ORIENTED_EDGE('',*,*,#1919,.T.);
#8793=CARTESIAN_POINT('',(-3.140881369,15.69994,4.895));
#8794=DIRECTION('',(-0.,-0.,1.));
#8795=VECTOR('',#8794,1.601359641);
#8796=LINE('',#8793,#8795);
#8797=EDGE_CURVE('',#1913,#4706,#8796,.T.);
#8798=ORIENTED_EDGE('',*,*,#8797,.T.);
#8799=ORIENTED_EDGE('',*,*,#4712,.F.);
#8800=ORIENTED_EDGE('',*,*,#8797,.F.);
#8801=EDGE_LOOP('',(#8792,#8798,#8799,#8800));
#8802=FACE_BOUND('',#8801,.T.);
#8803=ADVANCED_FACE('',(#8802),#8791,.F.);
#8804=CARTESIAN_POINT('',(3.139118631,14.47494,4.849));
#8805=DIRECTION('',(0.,0.,-1.));
#8806=DIRECTION('',(0.,-1.,0.));
#8807=AXIS2_PLACEMENT_3D('',#8804,#8805,#8806);
#8808=CYLINDRICAL_SURFACE('',#8807,0.5);
#8809=ORIENTED_EDGE('',*,*,#1930,.T.);
#8810=CARTESIAN_POINT('',(3.139118631,13.97494,4.895));
#8811=DIRECTION('',(-0.,-0.,1.));
#8812=VECTOR('',#8811,1.601359641);
#8813=LINE('',#8810,#8812);
#8814=EDGE_CURVE('',#1924,#4717,#8813,.T.);
#8815=ORIENTED_EDGE('',*,*,#8814,.T.);
#8816=ORIENTED_EDGE('',*,*,#4723,.F.);
#8817=ORIENTED_EDGE('',*,*,#8814,.F.);
#8818=EDGE_LOOP('',(#8809,#8815,#8816,#8817));
#8819=FACE_BOUND('',#8818,.T.);
#8820=ADVANCED_FACE('',(#8819),#8808,.F.);
#8821=CARTESIAN_POINT('',(-3.640881369,20.24994,4.849));
#8822=DIRECTION('',(0.,0.,-1.));
#8823=DIRECTION('',(0.,-1.,0.));
#8824=AXIS2_PLACEMENT_3D('',#8821,#8822,#8823);
#8825=CYLINDRICAL_SURFACE('',#8824,1.5);
#8826=ORIENTED_EDGE('',*,*,#1941,.T.);
#8827=CARTESIAN_POINT('',(-3.640881369,18.74994,4.895));
#8828=DIRECTION('',(-0.,-0.,1.));
#8829=VECTOR('',#8828,1.601359641);
#8830=LINE('',#8827,#8829);
#8831=EDGE_CURVE('',#1935,#4728,#8830,.T.);
#8832=ORIENTED_EDGE('',*,*,#8831,.T.);
#8833=ORIENTED_EDGE('',*,*,#4734,.F.);
#8834=ORIENTED_EDGE('',*,*,#8831,.F.);
#8835=EDGE_LOOP('',(#8826,#8832,#8833,#8834));
#8836=FACE_BOUND('',#8835,.T.);
#8837=ADVANCED_FACE('',(#8836),#8825,.F.);
#8838=CARTESIAN_POINT('',(2.859118631,18.67494,4.849));
#8839=DIRECTION('',(0.,0.,-1.));
#8840=DIRECTION('',(0.,-1.,0.));
#8841=AXIS2_PLACEMENT_3D('',#8838,#8839,#8840);
#8842=CYLINDRICAL_SURFACE('',#8841,0.85);
#8843=ORIENTED_EDGE('',*,*,#1952,.T.);
#8844=CARTESIAN_POINT('',(2.859118631,17.82494,4.895));
#8845=DIRECTION('',(-0.,-0.,1.));
#8846=VECTOR('',#8845,1.601359641);
#8847=LINE('',#8844,#8846);
#8848=EDGE_CURVE('',#1946,#4739,#8847,.T.);
#8849=ORIENTED_EDGE('',*,*,#8848,.T.);
#8850=ORIENTED_EDGE('',*,*,#4745,.F.);
#8851=ORIENTED_EDGE('',*,*,#8848,.F.);
#8852=EDGE_LOOP('',(#8843,#8849,#8850,#8851));
#8853=FACE_BOUND('',#8852,.T.);
#8854=ADVANCED_FACE('',(#8853),#8842,.F.);
#8855=CARTESIAN_POINT('',(-48.716781369,25.02324,4.849));
#8856=DIRECTION('',(-0.,0.,-1.));
#8857=DIRECTION('',(-0.,-1.,0.));
#8858=AXIS2_PLACEMENT_3D('',#8855,#8856,#8857);
#8859=CYLINDRICAL_SURFACE('',#8858,0.4064);
#8860=ORIENTED_EDGE('',*,*,#1963,.T.);
#8861=CARTESIAN_POINT('',(-48.716781369,24.61684,4.895));
#8862=DIRECTION('',(-0.,-0.,1.));
#8863=VECTOR('',#8862,1.601359641);
#8864=LINE('',#8861,#8863);
#8865=EDGE_CURVE('',#1957,#4750,#8864,.T.);
#8866=ORIENTED_EDGE('',*,*,#8865,.T.);
#8867=ORIENTED_EDGE('',*,*,#4756,.F.);
#8868=ORIENTED_EDGE('',*,*,#8865,.F.);
#8869=EDGE_LOOP('',(#8860,#8866,#8867,#8868));
#8870=FACE_BOUND('',#8869,.T.);
#8871=ADVANCED_FACE('',(#8870),#8859,.F.);
#8872=CARTESIAN_POINT('',(-48.716781369,27.56324,4.849));
#8873=DIRECTION('',(-0.,0.,-1.));
#8874=DIRECTION('',(-0.,-1.,0.));
#8875=AXIS2_PLACEMENT_3D('',#8872,#8873,#8874);
#8876=CYLINDRICAL_SURFACE('',#8875,0.4064);
#8877=ORIENTED_EDGE('',*,*,#1974,.T.);
#8878=CARTESIAN_POINT('',(-48.716781369,27.15684,4.895));
#8879=DIRECTION('',(-0.,-0.,1.));
#8880=VECTOR('',#8879,1.601359641);
#8881=LINE('',#8878,#8880);
#8882=EDGE_CURVE('',#1968,#4761,#8881,.T.);
#8883=ORIENTED_EDGE('',*,*,#8882,.T.);
#8884=ORIENTED_EDGE('',*,*,#4767,.F.);
#8885=ORIENTED_EDGE('',*,*,#8882,.F.);
#8886=EDGE_LOOP('',(#8877,#8883,#8884,#8885));
#8887=FACE_BOUND('',#8886,.T.);
#8888=ADVANCED_FACE('',(#8887),#8876,.F.);
#8889=CARTESIAN_POINT('',(-48.716781369,30.10324,4.849));
#8890=DIRECTION('',(-0.,0.,-1.));
#8891=DIRECTION('',(-0.,-1.,0.));
#8892=AXIS2_PLACEMENT_3D('',#8889,#8890,#8891);
#8893=CYLINDRICAL_SURFACE('',#8892,0.4064);
#8894=ORIENTED_EDGE('',*,*,#1985,.T.);
#8895=CARTESIAN_POINT('',(-48.716781369,29.69684,4.895));
#8896=DIRECTION('',(-0.,-0.,1.));
#8897=VECTOR('',#8896,1.601359641);
#8898=LINE('',#8895,#8897);
#8899=EDGE_CURVE('',#1979,#4772,#8898,.T.);
#8900=ORIENTED_EDGE('',*,*,#8899,.T.);
#8901=ORIENTED_EDGE('',*,*,#4778,.F.);
#8902=ORIENTED_EDGE('',*,*,#8899,.F.);
#8903=EDGE_LOOP('',(#8894,#8900,#8901,#8902));
#8904=FACE_BOUND('',#8903,.T.);
#8905=ADVANCED_FACE('',(#8904),#8893,.F.);
#8906=CARTESIAN_POINT('',(-48.716781369,32.64324,4.849));
#8907=DIRECTION('',(-0.,0.,-1.));
#8908=DIRECTION('',(-0.,-1.,0.));
#8909=AXIS2_PLACEMENT_3D('',#8906,#8907,#8908);
#8910=CYLINDRICAL_SURFACE('',#8909,0.4064);
#8911=ORIENTED_EDGE('',*,*,#1996,.T.);
#8912=CARTESIAN_POINT('',(-48.716781369,32.23684,4.895));
#8913=DIRECTION('',(-0.,-0.,1.));
#8914=VECTOR('',#8913,1.601359641);
#8915=LINE('',#8912,#8914);
#8916=EDGE_CURVE('',#1990,#4783,#8915,.T.);
#8917=ORIENTED_EDGE('',*,*,#8916,.T.);
#8918=ORIENTED_EDGE('',*,*,#4789,.F.);
#8919=ORIENTED_EDGE('',*,*,#8916,.F.);
#8920=EDGE_LOOP('',(#8911,#8917,#8918,#8919));
#8921=FACE_BOUND('',#8920,.T.);
#8922=ADVANCED_FACE('',(#8921),#8910,.F.);
#8923=CARTESIAN_POINT('',(-33.476781369,25.02324,4.849));
#8924=DIRECTION('',(0.,0.,-1.));
#8925=DIRECTION('',(0.,-1.,0.));
#8926=AXIS2_PLACEMENT_3D('',#8923,#8924,#8925);
#8927=CYLINDRICAL_SURFACE('',#8926,0.4064);
#8928=ORIENTED_EDGE('',*,*,#2007,.T.);
#8929=CARTESIAN_POINT('',(-33.476781369,24.61684,4.895));
#8930=DIRECTION('',(-0.,-0.,1.));
#8931=VECTOR('',#8930,1.601359641);
#8932=LINE('',#8929,#8931);
#8933=EDGE_CURVE('',#2001,#4794,#8932,.T.);
#8934=ORIENTED_EDGE('',*,*,#8933,.T.);
#8935=ORIENTED_EDGE('',*,*,#4800,.F.);
#8936=ORIENTED_EDGE('',*,*,#8933,.F.);
#8937=EDGE_LOOP('',(#8928,#8934,#8935,#8936));
#8938=FACE_BOUND('',#8937,.T.);
#8939=ADVANCED_FACE('',(#8938),#8927,.F.);
#8940=CARTESIAN_POINT('',(-33.476781369,27.56324,4.849));
#8941=DIRECTION('',(0.,0.,-1.));
#8942=DIRECTION('',(0.,-1.,0.));
#8943=AXIS2_PLACEMENT_3D('',#8940,#8941,#8942);
#8944=CYLINDRICAL_SURFACE('',#8943,0.4064);
#8945=ORIENTED_EDGE('',*,*,#2018,.T.);
#8946=CARTESIAN_POINT('',(-33.476781369,27.15684,4.895));
#8947=DIRECTION('',(-0.,-0.,1.));
#8948=VECTOR('',#8947,1.601359641);
#8949=LINE('',#8946,#8948);
#8950=EDGE_CURVE('',#2012,#4805,#8949,.T.);
#8951=ORIENTED_EDGE('',*,*,#8950,.T.);
#8952=ORIENTED_EDGE('',*,*,#4811,.F.);
#8953=ORIENTED_EDGE('',*,*,#8950,.F.);
#8954=EDGE_LOOP('',(#8945,#8951,#8952,#8953));
#8955=FACE_BOUND('',#8954,.T.);
#8956=ADVANCED_FACE('',(#8955),#8944,.F.);
#8957=CARTESIAN_POINT('',(-30.640881369,25.92494,4.849));
#8958=DIRECTION('',(0.,0.,-1.));
#8959=DIRECTION('',(0.,-1.,0.));
#8960=AXIS2_PLACEMENT_3D('',#8957,#8958,#8959);
#8961=CYLINDRICAL_SURFACE('',#8960,0.5);
#8962=ORIENTED_EDGE('',*,*,#2029,.T.);
#8963=CARTESIAN_POINT('',(-30.640881369,25.42494,4.895));
#8964=DIRECTION('',(-0.,-0.,1.));
#8965=VECTOR('',#8964,1.601359641);
#8966=LINE('',#8963,#8965);
#8967=EDGE_CURVE('',#2023,#4816,#8966,.T.);
#8968=ORIENTED_EDGE('',*,*,#8967,.T.);
#8969=ORIENTED_EDGE('',*,*,#4822,.F.);
#8970=ORIENTED_EDGE('',*,*,#8967,.F.);
#8971=EDGE_LOOP('',(#8962,#8968,#8969,#8970));
#8972=FACE_BOUND('',#8971,.T.);
#8973=ADVANCED_FACE('',(#8972),#8961,.F.);
#8974=CARTESIAN_POINT('',(-30.860881369,27.22494,4.849));
#8975=DIRECTION('',(0.,0.,-1.));
#8976=DIRECTION('',(0.,-1.,0.));
#8977=AXIS2_PLACEMENT_3D('',#8974,#8975,#8976);
#8978=CYLINDRICAL_SURFACE('',#8977,0.5);
#8979=ORIENTED_EDGE('',*,*,#2040,.T.);
#8980=CARTESIAN_POINT('',(-30.860881369,26.72494,4.895));
#8981=DIRECTION('',(-0.,-0.,1.));
#8982=VECTOR('',#8981,1.601359641);
#8983=LINE('',#8980,#8982);
#8984=EDGE_CURVE('',#2034,#4827,#8983,.T.);
#8985=ORIENTED_EDGE('',*,*,#8984,.T.);
#8986=ORIENTED_EDGE('',*,*,#4833,.F.);
#8987=ORIENTED_EDGE('',*,*,#8984,.F.);
#8988=EDGE_LOOP('',(#8979,#8985,#8986,#8987));
#8989=FACE_BOUND('',#8988,.T.);
#8990=ADVANCED_FACE('',(#8989),#8978,.F.);
#8991=CARTESIAN_POINT('',(-36.651781369,30.42024,4.849));
#8992=DIRECTION('',(0.,0.,-1.));
#8993=DIRECTION('',(0.,-1.,0.));
#8994=AXIS2_PLACEMENT_3D('',#8991,#8992,#8993);
#8995=CYLINDRICAL_SURFACE('',#8994,0.5);
#8996=ORIENTED_EDGE('',*,*,#2051,.T.);
#8997=CARTESIAN_POINT('',(-36.651781369,29.92024,4.895));
#8998=DIRECTION('',(-0.,-0.,1.));
#8999=VECTOR('',#8998,1.601359641);
#9000=LINE('',#8997,#8999);
#9001=EDGE_CURVE('',#2045,#4838,#9000,.T.);
#9002=ORIENTED_EDGE('',*,*,#9001,.T.);
#9003=ORIENTED_EDGE('',*,*,#4844,.F.);
#9004=ORIENTED_EDGE('',*,*,#9001,.F.);
#9005=EDGE_LOOP('',(#8996,#9002,#9003,#9004));
#9006=FACE_BOUND('',#9005,.T.);
#9007=ADVANCED_FACE('',(#9006),#8995,.F.);
#9008=CARTESIAN_POINT('',(-33.476781369,30.10324,4.849));
#9009=DIRECTION('',(0.,0.,-1.));
#9010=DIRECTION('',(0.,-1.,0.));
#9011=AXIS2_PLACEMENT_3D('',#9008,#9009,#9010);
#9012=CYLINDRICAL_SURFACE('',#9011,0.4064);
#9013=ORIENTED_EDGE('',*,*,#2062,.T.);
#9014=CARTESIAN_POINT('',(-33.476781369,29.69684,4.895));
#9015=DIRECTION('',(-0.,-0.,1.));
#9016=VECTOR('',#9015,1.601359641);
#9017=LINE('',#9014,#9016);
#9018=EDGE_CURVE('',#2056,#4849,#9017,.T.);
#9019=ORIENTED_EDGE('',*,*,#9018,.T.);
#9020=ORIENTED_EDGE('',*,*,#4855,.F.);
#9021=ORIENTED_EDGE('',*,*,#9018,.F.);
#9022=EDGE_LOOP('',(#9013,#9019,#9020,#9021));
#9023=FACE_BOUND('',#9022,.T.);
#9024=ADVANCED_FACE('',(#9023),#9012,.F.);
#9025=CARTESIAN_POINT('',(-33.476781369,32.64324,4.849));
#9026=DIRECTION('',(0.,0.,-1.));
#9027=DIRECTION('',(0.,-1.,0.));
#9028=AXIS2_PLACEMENT_3D('',#9025,#9026,#9027);
#9029=CYLINDRICAL_SURFACE('',#9028,0.4064);
#9030=ORIENTED_EDGE('',*,*,#2073,.T.);
#9031=CARTESIAN_POINT('',(-33.476781369,32.23684,4.895));
#9032=DIRECTION('',(-0.,-0.,1.));
#9033=VECTOR('',#9032,1.601359641);
#9034=LINE('',#9031,#9033);
#9035=EDGE_CURVE('',#2067,#4860,#9034,.T.);
#9036=ORIENTED_EDGE('',*,*,#9035,.T.);
#9037=ORIENTED_EDGE('',*,*,#4866,.F.);
#9038=ORIENTED_EDGE('',*,*,#9035,.F.);
#9039=EDGE_LOOP('',(#9030,#9036,#9037,#9038));
#9040=FACE_BOUND('',#9039,.T.);
#9041=ADVANCED_FACE('',(#9040),#9029,.F.);
#9042=CARTESIAN_POINT('',(-31.140881369,31.42494,4.849));
#9043=DIRECTION('',(0.,0.,-1.));
#9044=DIRECTION('',(0.,-1.,0.));
#9045=AXIS2_PLACEMENT_3D('',#9042,#9043,#9044);
#9046=CYLINDRICAL_SURFACE('',#9045,0.85);
#9047=ORIENTED_EDGE('',*,*,#2084,.T.);
#9048=CARTESIAN_POINT('',(-31.140881369,30.57494,4.895));
#9049=DIRECTION('',(-0.,-0.,1.));
#9050=VECTOR('',#9049,1.601359641);
#9051=LINE('',#9048,#9050);
#9052=EDGE_CURVE('',#2078,#4871,#9051,.T.);
#9053=ORIENTED_EDGE('',*,*,#9052,.T.);
#9054=ORIENTED_EDGE('',*,*,#4877,.F.);
#9055=ORIENTED_EDGE('',*,*,#9052,.F.);
#9056=EDGE_LOOP('',(#9047,#9053,#9054,#9055));
#9057=FACE_BOUND('',#9056,.T.);
#9058=ADVANCED_FACE('',(#9057),#9046,.F.);
#9059=CARTESIAN_POINT('',(-25.640881369,31.42494,4.849));
#9060=DIRECTION('',(0.,0.,-1.));
#9061=DIRECTION('',(0.,-1.,0.));
#9062=AXIS2_PLACEMENT_3D('',#9059,#9060,#9061);
#9063=CYLINDRICAL_SURFACE('',#9062,2.5);
#9064=ORIENTED_EDGE('',*,*,#2095,.T.);
#9065=CARTESIAN_POINT('',(-25.640881369,28.92494,4.895));
#9066=DIRECTION('',(-0.,-0.,1.));
#9067=VECTOR('',#9066,1.601359641);
#9068=LINE('',#9065,#9067);
#9069=EDGE_CURVE('',#2089,#4882,#9068,.T.);
#9070=ORIENTED_EDGE('',*,*,#9069,.T.);
#9071=ORIENTED_EDGE('',*,*,#4888,.F.);
#9072=ORIENTED_EDGE('',*,*,#9069,.F.);
#9073=EDGE_LOOP('',(#9064,#9070,#9071,#9072));
#9074=FACE_BOUND('',#9073,.T.);
#9075=ADVANCED_FACE('',(#9074),#9063,.F.);
#9076=CARTESIAN_POINT('',(-48.716781369,35.18324,4.849));
#9077=DIRECTION('',(-0.,0.,-1.));
#9078=DIRECTION('',(-0.,-1.,0.));
#9079=AXIS2_PLACEMENT_3D('',#9076,#9077,#9078);
#9080=CYLINDRICAL_SURFACE('',#9079,0.4064);
#9081=ORIENTED_EDGE('',*,*,#2106,.T.);
#9082=CARTESIAN_POINT('',(-48.716781369,34.77684,4.895));
#9083=DIRECTION('',(-0.,-0.,1.));
#9084=VECTOR('',#9083,1.601359641);
#9085=LINE('',#9082,#9084);
#9086=EDGE_CURVE('',#2100,#4893,#9085,.T.);
#9087=ORIENTED_EDGE('',*,*,#9086,.T.);
#9088=ORIENTED_EDGE('',*,*,#4899,.F.);
#9089=ORIENTED_EDGE('',*,*,#9086,.F.);
#9090=EDGE_LOOP('',(#9081,#9087,#9088,#9089));
#9091=FACE_BOUND('',#9090,.T.);
#9092=ADVANCED_FACE('',(#9091),#9080,.F.);
#9093=CARTESIAN_POINT('',(-48.716781369,37.72324,4.849));
#9094=DIRECTION('',(-0.,0.,-1.));
#9095=DIRECTION('',(-0.,-1.,0.));
#9096=AXIS2_PLACEMENT_3D('',#9093,#9094,#9095);
#9097=CYLINDRICAL_SURFACE('',#9096,0.4064);
#9098=ORIENTED_EDGE('',*,*,#2117,.T.);
#9099=CARTESIAN_POINT('',(-48.716781369,37.31684,4.895));
#9100=DIRECTION('',(-0.,-0.,1.));
#9101=VECTOR('',#9100,1.601359641);
#9102=LINE('',#9099,#9101);
#9103=EDGE_CURVE('',#2111,#4904,#9102,.T.);
#9104=ORIENTED_EDGE('',*,*,#9103,.T.);
#9105=ORIENTED_EDGE('',*,*,#4910,.F.);
#9106=ORIENTED_EDGE('',*,*,#9103,.F.);
#9107=EDGE_LOOP('',(#9098,#9104,#9105,#9106));
#9108=FACE_BOUND('',#9107,.T.);
#9109=ADVANCED_FACE('',(#9108),#9097,.F.);
#9110=CARTESIAN_POINT('',(-42.596781369,35.771386,4.895));
#9111=DIRECTION('',(0.,1.,0.));
#9112=DIRECTION('',(1.,0.,0.));
#9113=AXIS2_PLACEMENT_3D('',#9110,#9111,#9112);
#9114=PLANE('',#9113);
#9115=ORIENTED_EDGE('',*,*,#2169,.F.);
#9116=CARTESIAN_POINT('',(-42.596781369,35.771386,4.895));
#9117=DIRECTION('',(-0.,-0.,1.));
#9118=VECTOR('',#9117,1.601359641);
#9119=LINE('',#9116,#9118);
#9120=EDGE_CURVE('',#2158,#4915,#9119,.T.);
#9121=ORIENTED_EDGE('',*,*,#9120,.T.);
#9122=ORIENTED_EDGE('',*,*,#4922,.T.);
#9123=CARTESIAN_POINT('',(-40.318568603,35.771386,6.496359641));
#9124=DIRECTION('',(0.,0.,-1.));
#9125=VECTOR('',#9124,1.601359641);
#9126=LINE('',#9123,#9125);
#9127=EDGE_CURVE('',#4917,#2124,#9126,.T.);
#9128=ORIENTED_EDGE('',*,*,#9127,.T.);
#9129=EDGE_LOOP('',(#9115,#9121,#9122,#9128));
#9130=FACE_BOUND('',#9129,.T.);
#9131=ADVANCED_FACE('',(#9130),#9114,.T.);
#9132=CARTESIAN_POINT('',(-39.882271369,36.031595,4.849));
#9133=DIRECTION('',(0.,0.,-1.));
#9134=DIRECTION('',(0.,-1.,0.));
#9135=AXIS2_PLACEMENT_3D('',#9132,#9133,#9134);
#9136=CYLINDRICAL_SURFACE('',#9135,0.508);
#9137=CARTESIAN_POINT('',(-39.882271369,35.523595,4.895));
#9138=DIRECTION('',(-0.,-0.,1.));
#9139=VECTOR('',#9138,1.601359641);
#9140=LINE('',#9137,#9139);
#9141=EDGE_CURVE('',#2122,#4949,#9140,.T.);
#9142=ORIENTED_EDGE('',*,*,#9141,.F.);
#9143=ORIENTED_EDGE('',*,*,#2130,.T.);
#9144=ORIENTED_EDGE('',*,*,#9127,.F.);
#9145=ORIENTED_EDGE('',*,*,#4962,.F.);
#9146=EDGE_LOOP('',(#9142,#9143,#9144,#9145));
#9147=FACE_BOUND('',#9146,.T.);
#9148=ADVANCED_FACE('',(#9147),#9136,.F.);
#9149=CARTESIAN_POINT('',(-39.882271369,36.031595,4.849));
#9150=DIRECTION('',(0.,0.,-1.));
#9151=DIRECTION('',(0.,-1.,0.));
#9152=AXIS2_PLACEMENT_3D('',#9149,#9150,#9151);
#9153=CYLINDRICAL_SURFACE('',#9152,0.508);
#9154=ORIENTED_EDGE('',*,*,#2139,.T.);
#9155=ORIENTED_EDGE('',*,*,#9141,.T.);
#9156=ORIENTED_EDGE('',*,*,#4955,.F.);
#9157=CARTESIAN_POINT('',(-39.628081536,36.47142625,6.496359641));
#9158=DIRECTION('',(0.,0.,-1.));
#9159=VECTOR('',#9158,1.601359641);
#9160=LINE('',#9157,#9159);
#9161=EDGE_CURVE('',#4941,#2133,#9160,.T.);
#9162=ORIENTED_EDGE('',*,*,#9161,.T.);
#9163=EDGE_LOOP('',(#9154,#9155,#9156,#9162));
#9164=FACE_BOUND('',#9163,.T.);
#9165=ADVANCED_FACE('',(#9164),#9153,.F.);
#9166=CARTESIAN_POINT('',(-39.628271369,36.457186,4.895));
#9167=DIRECTION('',(-0.999911157,0.013329609,0.));
#9168=DIRECTION('',(0.013329609,0.999911157,0.));
#9169=AXIS2_PLACEMENT_3D('',#9166,#9167,#9168);
#9170=PLANE('',#9169);
#9171=ORIENTED_EDGE('',*,*,#2147,.F.);
#9172=ORIENTED_EDGE('',*,*,#9161,.F.);
#9173=ORIENTED_EDGE('',*,*,#4946,.T.);
#9174=CARTESIAN_POINT('',(-39.596781369,38.819386,4.895));
#9175=DIRECTION('',(-0.,-0.,1.));
#9176=VECTOR('',#9175,1.601359641);
#9177=LINE('',#9174,#9176);
#9178=EDGE_CURVE('',#2142,#4933,#9177,.T.);
#9179=ORIENTED_EDGE('',*,*,#9178,.F.);
#9180=EDGE_LOOP('',(#9171,#9172,#9173,#9179));
#9181=FACE_BOUND('',#9180,.T.);
#9182=ADVANCED_FACE('',(#9181),#9170,.T.);
#9183=CARTESIAN_POINT('',(-39.596781369,38.819386,4.895));
#9184=DIRECTION('',(0.,-1.,0.));
#9185=DIRECTION('',(-1.,0.,0.));
#9186=AXIS2_PLACEMENT_3D('',#9183,#9184,#9185);
#9187=PLANE('',#9186);
#9188=ORIENTED_EDGE('',*,*,#9178,.T.);
#9189=ORIENTED_EDGE('',*,*,#4938,.T.);
#9190=CARTESIAN_POINT('',(-42.596781369,38.819386,4.895));
#9191=DIRECTION('',(-0.,-0.,1.));
#9192=VECTOR('',#9191,1.601359641);
#9193=LINE('',#9190,#9192);
#9194=EDGE_CURVE('',#2150,#4925,#9193,.T.);
#9195=ORIENTED_EDGE('',*,*,#9194,.F.);
#9196=ORIENTED_EDGE('',*,*,#2155,.F.);
#9197=EDGE_LOOP('',(#9188,#9189,#9195,#9196));
#9198=FACE_BOUND('',#9197,.T.);
#9199=ADVANCED_FACE('',(#9198),#9187,.T.);
#9200=CARTESIAN_POINT('',(-42.596781369,38.819386,4.895));
#9201=DIRECTION('',(1.,0.,0.));
#9202=DIRECTION('',(0.,-1.,0.));
#9203=AXIS2_PLACEMENT_3D('',#9200,#9201,#9202);
#9204=PLANE('',#9203);
#9205=ORIENTED_EDGE('',*,*,#9194,.T.);
#9206=ORIENTED_EDGE('',*,*,#4930,.T.);
#9207=ORIENTED_EDGE('',*,*,#9120,.F.);
#9208=ORIENTED_EDGE('',*,*,#2163,.F.);
#9209=EDGE_LOOP('',(#9205,#9206,#9207,#9208));
#9210=FACE_BOUND('',#9209,.T.);
#9211=ADVANCED_FACE('',(#9210),#9204,.T.);
#9212=CARTESIAN_POINT('',(-33.476781369,35.18324,4.849));
#9213=DIRECTION('',(0.,0.,-1.));
#9214=DIRECTION('',(0.,-1.,0.));
#9215=AXIS2_PLACEMENT_3D('',#9212,#9213,#9214);
#9216=CYLINDRICAL_SURFACE('',#9215,0.4064);
#9217=ORIENTED_EDGE('',*,*,#2180,.T.);
#9218=CARTESIAN_POINT('',(-33.476781369,34.77684,4.895));
#9219=DIRECTION('',(-0.,-0.,1.));
#9220=VECTOR('',#9219,1.601359641);
#9221=LINE('',#9218,#9220);
#9222=EDGE_CURVE('',#2174,#4967,#9221,.T.);
#9223=ORIENTED_EDGE('',*,*,#9222,.T.);
#9224=ORIENTED_EDGE('',*,*,#4973,.F.);
#9225=ORIENTED_EDGE('',*,*,#9222,.F.);
#9226=EDGE_LOOP('',(#9217,#9223,#9224,#9225));
#9227=FACE_BOUND('',#9226,.T.);
#9228=ADVANCED_FACE('',(#9227),#9216,.F.);
#9229=CARTESIAN_POINT('',(-33.476781369,37.72324,4.849));
#9230=DIRECTION('',(0.,0.,-1.));
#9231=DIRECTION('',(0.,-1.,0.));
#9232=AXIS2_PLACEMENT_3D('',#9229,#9230,#9231);
#9233=CYLINDRICAL_SURFACE('',#9232,0.4064);
#9234=ORIENTED_EDGE('',*,*,#2191,.T.);
#9235=CARTESIAN_POINT('',(-33.476781369,37.31684,4.895));
#9236=DIRECTION('',(-0.,-0.,1.));
#9237=VECTOR('',#9236,1.601359641);
#9238=LINE('',#9235,#9237);
#9239=EDGE_CURVE('',#2185,#4978,#9238,.T.);
#9240=ORIENTED_EDGE('',*,*,#9239,.T.);
#9241=ORIENTED_EDGE('',*,*,#4984,.F.);
#9242=ORIENTED_EDGE('',*,*,#9239,.F.);
#9243=EDGE_LOOP('',(#9234,#9240,#9241,#9242));
#9244=FACE_BOUND('',#9243,.T.);
#9245=ADVANCED_FACE('',(#9244),#9233,.F.);
#9246=CARTESIAN_POINT('',(-25.640881369,37.32494,4.849));
#9247=DIRECTION('',(0.,0.,-1.));
#9248=DIRECTION('',(0.,-1.,0.));
#9249=AXIS2_PLACEMENT_3D('',#9246,#9247,#9248);
#9250=CYLINDRICAL_SURFACE('',#9249,1.5);
#9251=ORIENTED_EDGE('',*,*,#2202,.T.);
#9252=CARTESIAN_POINT('',(-25.640881369,35.82494,4.895));
#9253=DIRECTION('',(-0.,-0.,1.));
#9254=VECTOR('',#9253,1.601359641);
#9255=LINE('',#9252,#9254);
#9256=EDGE_CURVE('',#2196,#4989,#9255,.T.);
#9257=ORIENTED_EDGE('',*,*,#9256,.T.);
#9258=ORIENTED_EDGE('',*,*,#4995,.F.);
#9259=ORIENTED_EDGE('',*,*,#9256,.F.);
#9260=EDGE_LOOP('',(#9251,#9257,#9258,#9259));
#9261=FACE_BOUND('',#9260,.T.);
#9262=ADVANCED_FACE('',(#9261),#9250,.F.);
#9263=CARTESIAN_POINT('',(-13.640881369,28.04994,4.849));
#9264=DIRECTION('',(-0.,0.,-1.));
#9265=DIRECTION('',(-0.,-1.,0.));
#9266=AXIS2_PLACEMENT_3D('',#9263,#9264,#9265);
#9267=CYLINDRICAL_SURFACE('',#9266,0.5);
#9268=ORIENTED_EDGE('',*,*,#2213,.T.);
#9269=CARTESIAN_POINT('',(-13.640881369,27.54994,4.895));
#9270=DIRECTION('',(-0.,-0.,1.));
#9271=VECTOR('',#9270,1.601359641);
#9272=LINE('',#9269,#9271);
#9273=EDGE_CURVE('',#2207,#5000,#9272,.T.);
#9274=ORIENTED_EDGE('',*,*,#9273,.T.);
#9275=ORIENTED_EDGE('',*,*,#5006,.F.);
#9276=ORIENTED_EDGE('',*,*,#9273,.F.);
#9277=EDGE_LOOP('',(#9268,#9274,#9275,#9276));
#9278=FACE_BOUND('',#9277,.T.);
#9279=ADVANCED_FACE('',(#9278),#9267,.F.);
#9280=CARTESIAN_POINT('',(-20.140881369,31.42494,4.849));
#9281=DIRECTION('',(0.,0.,-1.));
#9282=DIRECTION('',(0.,-1.,0.));
#9283=AXIS2_PLACEMENT_3D('',#9280,#9281,#9282);
#9284=CYLINDRICAL_SURFACE('',#9283,0.85);
#9285=ORIENTED_EDGE('',*,*,#2224,.T.);
#9286=CARTESIAN_POINT('',(-20.140881369,30.57494,4.895));
#9287=DIRECTION('',(-0.,-0.,1.));
#9288=VECTOR('',#9287,1.601359641);
#9289=LINE('',#9286,#9288);
#9290=EDGE_CURVE('',#2218,#5011,#9289,.T.);
#9291=ORIENTED_EDGE('',*,*,#9290,.T.);
#9292=ORIENTED_EDGE('',*,*,#5017,.F.);
#9293=ORIENTED_EDGE('',*,*,#9290,.F.);
#9294=EDGE_LOOP('',(#9285,#9291,#9292,#9293));
#9295=FACE_BOUND('',#9294,.T.);
#9296=ADVANCED_FACE('',(#9295),#9284,.F.);
#9297=CARTESIAN_POINT('',(-13.860881369,29.34994,4.849));
#9298=DIRECTION('',(0.,0.,-1.));
#9299=DIRECTION('',(0.,-1.,0.));
#9300=AXIS2_PLACEMENT_3D('',#9297,#9298,#9299);
#9301=CYLINDRICAL_SURFACE('',#9300,0.5);
#9302=ORIENTED_EDGE('',*,*,#2235,.T.);
#9303=CARTESIAN_POINT('',(-13.860881369,28.84994,4.895));
#9304=DIRECTION('',(-0.,-0.,1.));
#9305=VECTOR('',#9304,1.601359641);
#9306=LINE('',#9303,#9305);
#9307=EDGE_CURVE('',#2229,#5022,#9306,.T.);
#9308=ORIENTED_EDGE('',*,*,#9307,.T.);
#9309=ORIENTED_EDGE('',*,*,#5028,.F.);
#9310=ORIENTED_EDGE('',*,*,#9307,.F.);
#9311=EDGE_LOOP('',(#9302,#9308,#9309,#9310));
#9312=FACE_BOUND('',#9311,.T.);
#9313=ADVANCED_FACE('',(#9312),#9301,.F.);
#9314=CARTESIAN_POINT('',(3.359118631,30.17494,4.849));
#9315=DIRECTION('',(0.,0.,-1.));
#9316=DIRECTION('',(0.,-1.,0.));
#9317=AXIS2_PLACEMENT_3D('',#9314,#9315,#9316);
#9318=CYLINDRICAL_SURFACE('',#9317,0.5);
#9319=ORIENTED_EDGE('',*,*,#2246,.T.);
#9320=CARTESIAN_POINT('',(3.359118631,29.67494,4.895));
#9321=DIRECTION('',(-0.,-0.,1.));
#9322=VECTOR('',#9321,1.601359641);
#9323=LINE('',#9320,#9322);
#9324=EDGE_CURVE('',#2240,#5033,#9323,.T.);
#9325=ORIENTED_EDGE('',*,*,#9324,.T.);
#9326=ORIENTED_EDGE('',*,*,#5039,.F.);
#9327=ORIENTED_EDGE('',*,*,#9324,.F.);
#9328=EDGE_LOOP('',(#9319,#9325,#9326,#9327));
#9329=FACE_BOUND('',#9328,.T.);
#9330=ADVANCED_FACE('',(#9329),#9318,.F.);
#9331=CARTESIAN_POINT('',(3.139118631,31.47494,4.849));
#9332=DIRECTION('',(0.,0.,-1.));
#9333=DIRECTION('',(0.,-1.,0.));
#9334=AXIS2_PLACEMENT_3D('',#9331,#9332,#9333);
#9335=CYLINDRICAL_SURFACE('',#9334,0.5);
#9336=ORIENTED_EDGE('',*,*,#2257,.T.);
#9337=CARTESIAN_POINT('',(3.139118631,30.97494,4.895));
#9338=DIRECTION('',(-0.,-0.,1.));
#9339=VECTOR('',#9338,1.601359641);
#9340=LINE('',#9337,#9339);
#9341=EDGE_CURVE('',#2251,#5044,#9340,.T.);
#9342=ORIENTED_EDGE('',*,*,#9341,.T.);
#9343=ORIENTED_EDGE('',*,*,#5050,.F.);
#9344=ORIENTED_EDGE('',*,*,#9341,.F.);
#9345=EDGE_LOOP('',(#9336,#9342,#9343,#9344));
#9346=FACE_BOUND('',#9345,.T.);
#9347=ADVANCED_FACE('',(#9346),#9335,.F.);
#9348=CARTESIAN_POINT('',(-20.640881369,35.12494,4.849));
#9349=DIRECTION('',(0.,0.,-1.));
#9350=DIRECTION('',(0.,-1.,0.));
#9351=AXIS2_PLACEMENT_3D('',#9348,#9349,#9350);
#9352=CYLINDRICAL_SURFACE('',#9351,1.5);
#9353=ORIENTED_EDGE('',*,*,#2268,.T.);
#9354=CARTESIAN_POINT('',(-20.640881369,33.62494,4.895));
#9355=DIRECTION('',(-0.,-0.,1.));
#9356=VECTOR('',#9355,1.601359641);
#9357=LINE('',#9354,#9356);
#9358=EDGE_CURVE('',#2262,#5055,#9357,.T.);
#9359=ORIENTED_EDGE('',*,*,#9358,.T.);
#9360=ORIENTED_EDGE('',*,*,#5061,.F.);
#9361=ORIENTED_EDGE('',*,*,#9358,.F.);
#9362=EDGE_LOOP('',(#9353,#9359,#9360,#9361));
#9363=FACE_BOUND('',#9362,.T.);
#9364=ADVANCED_FACE('',(#9363),#9352,.F.);
#9365=CARTESIAN_POINT('',(-14.140881369,33.54994,4.849));
#9366=DIRECTION('',(0.,0.,-1.));
#9367=DIRECTION('',(0.,-1.,0.));
#9368=AXIS2_PLACEMENT_3D('',#9365,#9366,#9367);
#9369=CYLINDRICAL_SURFACE('',#9368,0.85);
#9370=ORIENTED_EDGE('',*,*,#2279,.T.);
#9371=CARTESIAN_POINT('',(-14.140881369,32.69994,4.895));
#9372=DIRECTION('',(-0.,-0.,1.));
#9373=VECTOR('',#9372,1.601359641);
#9374=LINE('',#9371,#9373);
#9375=EDGE_CURVE('',#2273,#5066,#9374,.T.);
#9376=ORIENTED_EDGE('',*,*,#9375,.T.);
#9377=ORIENTED_EDGE('',*,*,#5072,.F.);
#9378=ORIENTED_EDGE('',*,*,#9375,.F.);
#9379=EDGE_LOOP('',(#9370,#9376,#9377,#9378));
#9380=FACE_BOUND('',#9379,.T.);
#9381=ADVANCED_FACE('',(#9380),#9369,.F.);
#9382=CARTESIAN_POINT('',(-8.640881369,33.54994,4.849));
#9383=DIRECTION('',(0.,0.,-1.));
#9384=DIRECTION('',(0.,-1.,0.));
#9385=AXIS2_PLACEMENT_3D('',#9382,#9383,#9384);
#9386=CYLINDRICAL_SURFACE('',#9385,2.5);
#9387=ORIENTED_EDGE('',*,*,#2290,.T.);
#9388=CARTESIAN_POINT('',(-8.640881369,31.04994,4.895));
#9389=DIRECTION('',(-0.,-0.,1.));
#9390=VECTOR('',#9389,1.601359641);
#9391=LINE('',#9388,#9390);
#9392=EDGE_CURVE('',#2284,#5077,#9391,.T.);
#9393=ORIENTED_EDGE('',*,*,#9392,.T.);
#9394=ORIENTED_EDGE('',*,*,#5083,.F.);
#9395=ORIENTED_EDGE('',*,*,#9392,.F.);
#9396=EDGE_LOOP('',(#9387,#9393,#9394,#9395));
#9397=FACE_BOUND('',#9396,.T.);
#9398=ADVANCED_FACE('',(#9397),#9386,.F.);
#9399=CARTESIAN_POINT('',(-8.640881369,39.44994,4.849));
#9400=DIRECTION('',(0.,0.,-1.));
#9401=DIRECTION('',(0.,-1.,0.));
#9402=AXIS2_PLACEMENT_3D('',#9399,#9400,#9401);
#9403=CYLINDRICAL_SURFACE('',#9402,1.5);
#9404=ORIENTED_EDGE('',*,*,#2301,.T.);
#9405=CARTESIAN_POINT('',(-8.640881369,37.94994,4.895));
#9406=DIRECTION('',(-0.,-0.,1.));
#9407=VECTOR('',#9406,1.601359641);
#9408=LINE('',#9405,#9407);
#9409=EDGE_CURVE('',#2295,#5088,#9408,.T.);
#9410=ORIENTED_EDGE('',*,*,#9409,.T.);
#9411=ORIENTED_EDGE('',*,*,#5094,.F.);
#9412=ORIENTED_EDGE('',*,*,#9409,.F.);
#9413=EDGE_LOOP('',(#9404,#9410,#9411,#9412));
#9414=FACE_BOUND('',#9413,.T.);
#9415=ADVANCED_FACE('',(#9414),#9403,.F.);
#9416=CARTESIAN_POINT('',(-3.140881369,33.54994,4.849));
#9417=DIRECTION('',(0.,0.,-1.));
#9418=DIRECTION('',(0.,-1.,0.));
#9419=AXIS2_PLACEMENT_3D('',#9416,#9417,#9418);
#9420=CYLINDRICAL_SURFACE('',#9419,0.85);
#9421=ORIENTED_EDGE('',*,*,#2312,.T.);
#9422=CARTESIAN_POINT('',(-3.140881369,32.69994,4.895));
#9423=DIRECTION('',(-0.,-0.,1.));
#9424=VECTOR('',#9423,1.601359641);
#9425=LINE('',#9422,#9424);
#9426=EDGE_CURVE('',#2306,#5099,#9425,.T.);
#9427=ORIENTED_EDGE('',*,*,#9426,.T.);
#9428=ORIENTED_EDGE('',*,*,#5105,.F.);
#9429=ORIENTED_EDGE('',*,*,#9426,.F.);
#9430=EDGE_LOOP('',(#9421,#9427,#9428,#9429));
#9431=FACE_BOUND('',#9430,.T.);
#9432=ADVANCED_FACE('',(#9431),#9420,.F.);
#9433=CARTESIAN_POINT('',(-3.640881369,37.24994,4.849));
#9434=DIRECTION('',(0.,0.,-1.));
#9435=DIRECTION('',(0.,-1.,0.));
#9436=AXIS2_PLACEMENT_3D('',#9433,#9434,#9435);
#9437=CYLINDRICAL_SURFACE('',#9436,1.5);
#9438=ORIENTED_EDGE('',*,*,#2323,.T.);
#9439=CARTESIAN_POINT('',(-3.640881369,35.74994,4.895));
#9440=DIRECTION('',(-0.,-0.,1.));
#9441=VECTOR('',#9440,1.601359641);
#9442=LINE('',#9439,#9441);
#9443=EDGE_CURVE('',#2317,#5110,#9442,.T.);
#9444=ORIENTED_EDGE('',*,*,#9443,.T.);
#9445=ORIENTED_EDGE('',*,*,#5116,.F.);
#9446=ORIENTED_EDGE('',*,*,#9443,.F.);
#9447=EDGE_LOOP('',(#9438,#9444,#9445,#9446));
#9448=FACE_BOUND('',#9447,.T.);
#9449=ADVANCED_FACE('',(#9448),#9437,.F.);
#9450=CARTESIAN_POINT('',(2.859118631,35.67494,4.849));
#9451=DIRECTION('',(-0.,0.,-1.));
#9452=DIRECTION('',(-0.,-1.,0.));
#9453=AXIS2_PLACEMENT_3D('',#9450,#9451,#9452);
#9454=CYLINDRICAL_SURFACE('',#9453,0.85);
#9455=ORIENTED_EDGE('',*,*,#2334,.T.);
#9456=CARTESIAN_POINT('',(2.859118631,34.82494,4.895));
#9457=DIRECTION('',(-0.,-0.,1.));
#9458=VECTOR('',#9457,1.601359641);
#9459=LINE('',#9456,#9458);
#9460=EDGE_CURVE('',#2328,#5121,#9459,.T.);
#9461=ORIENTED_EDGE('',*,*,#9460,.T.);
#9462=ORIENTED_EDGE('',*,*,#5127,.F.);
#9463=ORIENTED_EDGE('',*,*,#9460,.F.);
#9464=EDGE_LOOP('',(#9455,#9461,#9462,#9463));
#9465=FACE_BOUND('',#9464,.T.);
#9466=ADVANCED_FACE('',(#9465),#9454,.F.);
#9467=CARTESIAN_POINT('',(13.359118631,5.37494,4.849));
#9468=DIRECTION('',(0.,0.,-1.));
#9469=DIRECTION('',(0.,-1.,0.));
#9470=AXIS2_PLACEMENT_3D('',#9467,#9468,#9469);
#9471=CYLINDRICAL_SURFACE('',#9470,1.5);
#9472=ORIENTED_EDGE('',*,*,#2345,.T.);
#9473=CARTESIAN_POINT('',(13.359118631,3.87494,4.895));
#9474=DIRECTION('',(-0.,-0.,1.));
#9475=VECTOR('',#9474,1.601359641);
#9476=LINE('',#9473,#9475);
#9477=EDGE_CURVE('',#2339,#5132,#9476,.T.);
#9478=ORIENTED_EDGE('',*,*,#9477,.T.);
#9479=ORIENTED_EDGE('',*,*,#5138,.F.);
#9480=ORIENTED_EDGE('',*,*,#9477,.F.);
#9481=EDGE_LOOP('',(#9472,#9478,#9479,#9480));
#9482=FACE_BOUND('',#9481,.T.);
#9483=ADVANCED_FACE('',(#9482),#9471,.F.);
#9484=CARTESIAN_POINT('',(8.359118631,7.57494,4.849));
#9485=DIRECTION('',(0.,0.,-1.));
#9486=DIRECTION('',(0.,-1.,0.));
#9487=AXIS2_PLACEMENT_3D('',#9484,#9485,#9486);
#9488=CYLINDRICAL_SURFACE('',#9487,1.5);
#9489=ORIENTED_EDGE('',*,*,#2356,.T.);
#9490=CARTESIAN_POINT('',(8.359118631,6.07494,4.895));
#9491=DIRECTION('',(-0.,-0.,1.));
#9492=VECTOR('',#9491,1.601359641);
#9493=LINE('',#9490,#9492);
#9494=EDGE_CURVE('',#2350,#5143,#9493,.T.);
#9495=ORIENTED_EDGE('',*,*,#9494,.T.);
#9496=ORIENTED_EDGE('',*,*,#5149,.F.);
#9497=ORIENTED_EDGE('',*,*,#9494,.F.);
#9498=EDGE_LOOP('',(#9489,#9495,#9496,#9497));
#9499=FACE_BOUND('',#9498,.T.);
#9500=ADVANCED_FACE('',(#9499),#9488,.F.);
#9501=CARTESIAN_POINT('',(20.359118631,11.04994,4.849));
#9502=DIRECTION('',(0.,0.,-1.));
#9503=DIRECTION('',(0.,-1.,0.));
#9504=AXIS2_PLACEMENT_3D('',#9501,#9502,#9503);
#9505=CYLINDRICAL_SURFACE('',#9504,0.5);
#9506=ORIENTED_EDGE('',*,*,#2367,.T.);
#9507=CARTESIAN_POINT('',(20.359118631,10.54994,4.895));
#9508=DIRECTION('',(-0.,-0.,1.));
#9509=VECTOR('',#9508,1.601359641);
#9510=LINE('',#9507,#9509);
#9511=EDGE_CURVE('',#2361,#5154,#9510,.T.);
#9512=ORIENTED_EDGE('',*,*,#9511,.T.);
#9513=ORIENTED_EDGE('',*,*,#5160,.F.);
#9514=ORIENTED_EDGE('',*,*,#9511,.F.);
#9515=EDGE_LOOP('',(#9506,#9512,#9513,#9514));
#9516=FACE_BOUND('',#9515,.T.);
#9517=ADVANCED_FACE('',(#9516),#9505,.F.);
#9518=CARTESIAN_POINT('',(20.139118631,12.34994,4.849));
#9519=DIRECTION('',(0.,0.,-1.));
#9520=DIRECTION('',(0.,-1.,0.));
#9521=AXIS2_PLACEMENT_3D('',#9518,#9519,#9520);
#9522=CYLINDRICAL_SURFACE('',#9521,0.5);
#9523=ORIENTED_EDGE('',*,*,#2378,.T.);
#9524=CARTESIAN_POINT('',(20.139118631,11.84994,4.895));
#9525=DIRECTION('',(-0.,-0.,1.));
#9526=VECTOR('',#9525,1.601359641);
#9527=LINE('',#9524,#9526);
#9528=EDGE_CURVE('',#2372,#5165,#9527,.T.);
#9529=ORIENTED_EDGE('',*,*,#9528,.T.);
#9530=ORIENTED_EDGE('',*,*,#5171,.F.);
#9531=ORIENTED_EDGE('',*,*,#9528,.F.);
#9532=EDGE_LOOP('',(#9523,#9529,#9530,#9531));
#9533=FACE_BOUND('',#9532,.T.);
#9534=ADVANCED_FACE('',(#9533),#9522,.F.);
#9535=CARTESIAN_POINT('',(25.359118631,5.44994,4.849));
#9536=DIRECTION('',(0.,0.,-1.));
#9537=DIRECTION('',(0.,-1.,0.));
#9538=AXIS2_PLACEMENT_3D('',#9535,#9536,#9537);
#9539=CYLINDRICAL_SURFACE('',#9538,1.5);
#9540=ORIENTED_EDGE('',*,*,#2389,.T.);
#9541=CARTESIAN_POINT('',(25.359118631,3.94994,4.895));
#9542=DIRECTION('',(-0.,-0.,1.));
#9543=VECTOR('',#9542,1.601359641);
#9544=LINE('',#9541,#9543);
#9545=EDGE_CURVE('',#2383,#5176,#9544,.T.);
#9546=ORIENTED_EDGE('',*,*,#9545,.T.);
#9547=ORIENTED_EDGE('',*,*,#5182,.F.);
#9548=ORIENTED_EDGE('',*,*,#9545,.F.);
#9549=EDGE_LOOP('',(#9540,#9546,#9547,#9548));
#9550=FACE_BOUND('',#9549,.T.);
#9551=ADVANCED_FACE('',(#9550),#9539,.F.);
#9552=CARTESIAN_POINT('',(19.859118631,16.54994,4.849));
#9553=DIRECTION('',(0.,0.,-1.));
#9554=DIRECTION('',(0.,-1.,0.));
#9555=AXIS2_PLACEMENT_3D('',#9552,#9553,#9554);
#9556=CYLINDRICAL_SURFACE('',#9555,0.85);
#9557=ORIENTED_EDGE('',*,*,#2400,.T.);
#9558=CARTESIAN_POINT('',(19.859118631,15.69994,4.895));
#9559=DIRECTION('',(-0.,-0.,1.));
#9560=VECTOR('',#9559,1.601359641);
#9561=LINE('',#9558,#9560);
#9562=EDGE_CURVE('',#2394,#5187,#9561,.T.);
#9563=ORIENTED_EDGE('',*,*,#9562,.T.);
#9564=ORIENTED_EDGE('',*,*,#5193,.F.);
#9565=ORIENTED_EDGE('',*,*,#9562,.F.);
#9566=EDGE_LOOP('',(#9557,#9563,#9564,#9565));
#9567=FACE_BOUND('',#9566,.T.);
#9568=ADVANCED_FACE('',(#9567),#9556,.F.);
#9569=CARTESIAN_POINT('',(8.359118631,18.67494,4.849));
#9570=DIRECTION('',(0.,0.,-1.));
#9571=DIRECTION('',(0.,-1.,0.));
#9572=AXIS2_PLACEMENT_3D('',#9569,#9570,#9571);
#9573=CYLINDRICAL_SURFACE('',#9572,2.5);
#9574=ORIENTED_EDGE('',*,*,#2411,.T.);
#9575=CARTESIAN_POINT('',(8.359118631,16.17494,4.895));
#9576=DIRECTION('',(-0.,-0.,1.));
#9577=VECTOR('',#9576,1.601359641);
#9578=LINE('',#9575,#9577);
#9579=EDGE_CURVE('',#2405,#5198,#9578,.T.);
#9580=ORIENTED_EDGE('',*,*,#9579,.T.);
#9581=ORIENTED_EDGE('',*,*,#5204,.F.);
#9582=ORIENTED_EDGE('',*,*,#9579,.F.);
#9583=EDGE_LOOP('',(#9574,#9580,#9581,#9582));
#9584=FACE_BOUND('',#9583,.T.);
#9585=ADVANCED_FACE('',(#9584),#9573,.F.);
#9586=CARTESIAN_POINT('',(13.859118631,18.67494,4.849));
#9587=DIRECTION('',(0.,0.,-1.));
#9588=DIRECTION('',(0.,-1.,0.));
#9589=AXIS2_PLACEMENT_3D('',#9586,#9587,#9588);
#9590=CYLINDRICAL_SURFACE('',#9589,0.85);
#9591=ORIENTED_EDGE('',*,*,#2422,.T.);
#9592=CARTESIAN_POINT('',(13.859118631,17.82494,4.895));
#9593=DIRECTION('',(-0.,-0.,1.));
#9594=VECTOR('',#9593,1.601359641);
#9595=LINE('',#9592,#9594);
#9596=EDGE_CURVE('',#2416,#5209,#9595,.T.);
#9597=ORIENTED_EDGE('',*,*,#9596,.T.);
#9598=ORIENTED_EDGE('',*,*,#5215,.F.);
#9599=ORIENTED_EDGE('',*,*,#9596,.F.);
#9600=EDGE_LOOP('',(#9591,#9597,#9598,#9599));
#9601=FACE_BOUND('',#9600,.T.);
#9602=ADVANCED_FACE('',(#9601),#9590,.F.);
#9603=CARTESIAN_POINT('',(13.359118631,22.37494,4.849));
#9604=DIRECTION('',(0.,0.,-1.));
#9605=DIRECTION('',(0.,-1.,0.));
#9606=AXIS2_PLACEMENT_3D('',#9603,#9604,#9605);
#9607=CYLINDRICAL_SURFACE('',#9606,1.5);
#9608=ORIENTED_EDGE('',*,*,#2433,.T.);
#9609=CARTESIAN_POINT('',(13.359118631,20.87494,4.895));
#9610=DIRECTION('',(-0.,-0.,1.));
#9611=VECTOR('',#9610,1.601359641);
#9612=LINE('',#9609,#9611);
#9613=EDGE_CURVE('',#2427,#5220,#9612,.T.);
#9614=ORIENTED_EDGE('',*,*,#9613,.T.);
#9615=ORIENTED_EDGE('',*,*,#5226,.F.);
#9616=ORIENTED_EDGE('',*,*,#9613,.F.);
#9617=EDGE_LOOP('',(#9608,#9614,#9615,#9616));
#9618=FACE_BOUND('',#9617,.T.);
#9619=ADVANCED_FACE('',(#9618),#9607,.F.);
#9620=CARTESIAN_POINT('',(25.359118631,16.54994,4.849));
#9621=DIRECTION('',(0.,0.,-1.));
#9622=DIRECTION('',(0.,-1.,0.));
#9623=AXIS2_PLACEMENT_3D('',#9620,#9621,#9622);
#9624=CYLINDRICAL_SURFACE('',#9623,2.5);
#9625=ORIENTED_EDGE('',*,*,#2444,.T.);
#9626=CARTESIAN_POINT('',(25.359118631,14.04994,4.895));
#9627=DIRECTION('',(-0.,-0.,1.));
#9628=VECTOR('',#9627,1.601359641);
#9629=LINE('',#9626,#9628);
#9630=EDGE_CURVE('',#2438,#5231,#9629,.T.);
#9631=ORIENTED_EDGE('',*,*,#9630,.T.);
#9632=ORIENTED_EDGE('',*,*,#5237,.F.);
#9633=ORIENTED_EDGE('',*,*,#9630,.F.);
#9634=EDGE_LOOP('',(#9625,#9631,#9632,#9633));
#9635=FACE_BOUND('',#9634,.T.);
#9636=ADVANCED_FACE('',(#9635),#9624,.F.);
#9637=CARTESIAN_POINT('',(30.859118631,16.54994,4.849));
#9638=DIRECTION('',(0.,0.,-1.));
#9639=DIRECTION('',(0.,-1.,0.));
#9640=AXIS2_PLACEMENT_3D('',#9637,#9638,#9639);
#9641=CYLINDRICAL_SURFACE('',#9640,0.85);
#9642=ORIENTED_EDGE('',*,*,#2455,.T.);
#9643=CARTESIAN_POINT('',(30.859118631,15.69994,4.895));
#9644=DIRECTION('',(-0.,-0.,1.));
#9645=VECTOR('',#9644,1.601359641);
#9646=LINE('',#9643,#9645);
#9647=EDGE_CURVE('',#2449,#5242,#9646,.T.);
#9648=ORIENTED_EDGE('',*,*,#9647,.T.);
#9649=ORIENTED_EDGE('',*,*,#5248,.F.);
#9650=ORIENTED_EDGE('',*,*,#9647,.F.);
#9651=EDGE_LOOP('',(#9642,#9648,#9649,#9650));
#9652=FACE_BOUND('',#9651,.T.);
#9653=ADVANCED_FACE('',(#9652),#9641,.F.);
#9654=CARTESIAN_POINT('',(25.359118631,22.44994,4.849));
#9655=DIRECTION('',(0.,0.,-1.));
#9656=DIRECTION('',(0.,-1.,0.));
#9657=AXIS2_PLACEMENT_3D('',#9654,#9655,#9656);
#9658=CYLINDRICAL_SURFACE('',#9657,1.5);
#9659=ORIENTED_EDGE('',*,*,#2466,.T.);
#9660=CARTESIAN_POINT('',(25.359118631,20.94994,4.895));
#9661=DIRECTION('',(-0.,-0.,1.));
#9662=VECTOR('',#9661,1.601359641);
#9663=LINE('',#9660,#9662);
#9664=EDGE_CURVE('',#2460,#5253,#9663,.T.);
#9665=ORIENTED_EDGE('',*,*,#9664,.T.);
#9666=ORIENTED_EDGE('',*,*,#5259,.F.);
#9667=ORIENTED_EDGE('',*,*,#9664,.F.);
#9668=EDGE_LOOP('',(#9659,#9665,#9666,#9667));
#9669=FACE_BOUND('',#9668,.T.);
#9670=ADVANCED_FACE('',(#9669),#9658,.F.);
#9671=CARTESIAN_POINT('',(30.359118631,20.24994,4.849));
#9672=DIRECTION('',(0.,0.,-1.));
#9673=DIRECTION('',(0.,-1.,0.));
#9674=AXIS2_PLACEMENT_3D('',#9671,#9672,#9673);
#9675=CYLINDRICAL_SURFACE('',#9674,1.5);
#9676=ORIENTED_EDGE('',*,*,#2477,.T.);
#9677=CARTESIAN_POINT('',(30.359118631,18.74994,4.895));
#9678=DIRECTION('',(-0.,-0.,1.));
#9679=VECTOR('',#9678,1.601359641);
#9680=LINE('',#9677,#9679);
#9681=EDGE_CURVE('',#2471,#5264,#9680,.T.);
#9682=ORIENTED_EDGE('',*,*,#9681,.T.);
#9683=ORIENTED_EDGE('',*,*,#5270,.F.);
#9684=ORIENTED_EDGE('',*,*,#9681,.F.);
#9685=EDGE_LOOP('',(#9676,#9682,#9683,#9684));
#9686=FACE_BOUND('',#9685,.T.);
#9687=ADVANCED_FACE('',(#9686),#9675,.F.);
#9688=CARTESIAN_POINT('',(37.359118631,6.79994,4.849));
#9689=DIRECTION('',(0.,0.,-1.));
#9690=DIRECTION('',(0.,-1.,0.));
#9691=AXIS2_PLACEMENT_3D('',#9688,#9689,#9690);
#9692=CYLINDRICAL_SURFACE('',#9691,0.5);
#9693=ORIENTED_EDGE('',*,*,#2488,.T.);
#9694=CARTESIAN_POINT('',(37.359118631,6.29994,4.895));
#9695=DIRECTION('',(-0.,-0.,1.));
#9696=VECTOR('',#9695,1.601359641);
#9697=LINE('',#9694,#9696);
#9698=EDGE_CURVE('',#2482,#5275,#9697,.T.);
#9699=ORIENTED_EDGE('',*,*,#9698,.T.);
#9700=ORIENTED_EDGE('',*,*,#5281,.F.);
#9701=ORIENTED_EDGE('',*,*,#9698,.F.);
#9702=EDGE_LOOP('',(#9693,#9699,#9700,#9701));
#9703=FACE_BOUND('',#9702,.T.);
#9704=ADVANCED_FACE('',(#9703),#9692,.F.);
#9705=CARTESIAN_POINT('',(37.139118631,8.09994,4.849));
#9706=DIRECTION('',(0.,0.,-1.));
#9707=DIRECTION('',(0.,-1.,0.));
#9708=AXIS2_PLACEMENT_3D('',#9705,#9706,#9707);
#9709=CYLINDRICAL_SURFACE('',#9708,0.5);
#9710=ORIENTED_EDGE('',*,*,#2499,.T.);
#9711=CARTESIAN_POINT('',(37.139118631,7.59994,4.895));
#9712=DIRECTION('',(-0.,-0.,1.));
#9713=VECTOR('',#9712,1.601359641);
#9714=LINE('',#9711,#9713);
#9715=EDGE_CURVE('',#2493,#5286,#9714,.T.);
#9716=ORIENTED_EDGE('',*,*,#9715,.T.);
#9717=ORIENTED_EDGE('',*,*,#5292,.F.);
#9718=ORIENTED_EDGE('',*,*,#9715,.F.);
#9719=EDGE_LOOP('',(#9710,#9716,#9717,#9718));
#9720=FACE_BOUND('',#9719,.T.);
#9721=ADVANCED_FACE('',(#9720),#9709,.F.);
#9722=CARTESIAN_POINT('',(36.859118631,12.29994,4.849));
#9723=DIRECTION('',(0.,0.,-1.));
#9724=DIRECTION('',(0.,-1.,0.));
#9725=AXIS2_PLACEMENT_3D('',#9722,#9723,#9724);
#9726=CYLINDRICAL_SURFACE('',#9725,0.85);
#9727=ORIENTED_EDGE('',*,*,#2510,.T.);
#9728=CARTESIAN_POINT('',(36.859118631,11.44994,4.895));
#9729=DIRECTION('',(-0.,-0.,1.));
#9730=VECTOR('',#9729,1.601359641);
#9731=LINE('',#9728,#9730);
#9732=EDGE_CURVE('',#2504,#5297,#9731,.T.);
#9733=ORIENTED_EDGE('',*,*,#9732,.T.);
#9734=ORIENTED_EDGE('',*,*,#5303,.F.);
#9735=ORIENTED_EDGE('',*,*,#9732,.F.);
#9736=EDGE_LOOP('',(#9727,#9733,#9734,#9735));
#9737=FACE_BOUND('',#9736,.T.);
#9738=ADVANCED_FACE('',(#9737),#9726,.F.);
#9739=CARTESIAN_POINT('',(42.359118631,12.29994,4.849));
#9740=DIRECTION('',(0.,0.,-1.));
#9741=DIRECTION('',(0.,-1.,0.));
#9742=AXIS2_PLACEMENT_3D('',#9739,#9740,#9741);
#9743=CYLINDRICAL_SURFACE('',#9742,2.5);
#9744=ORIENTED_EDGE('',*,*,#2521,.T.);
#9745=CARTESIAN_POINT('',(42.359118631,9.79994,4.895));
#9746=DIRECTION('',(-0.,-0.,1.));
#9747=VECTOR('',#9746,1.601359641);
#9748=LINE('',#9745,#9747);
#9749=EDGE_CURVE('',#2515,#5308,#9748,.T.);
#9750=ORIENTED_EDGE('',*,*,#9749,.T.);
#9751=ORIENTED_EDGE('',*,*,#5314,.F.);
#9752=ORIENTED_EDGE('',*,*,#9749,.F.);
#9753=EDGE_LOOP('',(#9744,#9750,#9751,#9752));
#9754=FACE_BOUND('',#9753,.T.);
#9755=ADVANCED_FACE('',(#9754),#9743,.F.);
#9756=CARTESIAN_POINT('',(47.859118631,12.29994,4.849));
#9757=DIRECTION('',(0.,0.,-1.));
#9758=DIRECTION('',(0.,-1.,0.));
#9759=AXIS2_PLACEMENT_3D('',#9756,#9757,#9758);
#9760=CYLINDRICAL_SURFACE('',#9759,0.85);
#9761=ORIENTED_EDGE('',*,*,#2532,.T.);
#9762=CARTESIAN_POINT('',(47.859118631,11.44994,4.895));
#9763=DIRECTION('',(-0.,-0.,1.));
#9764=VECTOR('',#9763,1.601359641);
#9765=LINE('',#9762,#9764);
#9766=EDGE_CURVE('',#2526,#5319,#9765,.T.);
#9767=ORIENTED_EDGE('',*,*,#9766,.T.);
#9768=ORIENTED_EDGE('',*,*,#5325,.F.);
#9769=ORIENTED_EDGE('',*,*,#9766,.F.);
#9770=EDGE_LOOP('',(#9761,#9767,#9768,#9769));
#9771=FACE_BOUND('',#9770,.T.);
#9772=ADVANCED_FACE('',(#9771),#9760,.F.);
#9773=CARTESIAN_POINT('',(54.359118631,6.79994,4.849));
#9774=DIRECTION('',(0.,0.,-1.));
#9775=DIRECTION('',(0.,-1.,0.));
#9776=AXIS2_PLACEMENT_3D('',#9773,#9774,#9775);
#9777=CYLINDRICAL_SURFACE('',#9776,0.5);
#9778=ORIENTED_EDGE('',*,*,#2543,.T.);
#9779=CARTESIAN_POINT('',(54.359118631,6.29994,4.895));
#9780=DIRECTION('',(-0.,-0.,1.));
#9781=VECTOR('',#9780,1.601359641);
#9782=LINE('',#9779,#9781);
#9783=EDGE_CURVE('',#2537,#5330,#9782,.T.);
#9784=ORIENTED_EDGE('',*,*,#9783,.T.);
#9785=ORIENTED_EDGE('',*,*,#5336,.F.);
#9786=ORIENTED_EDGE('',*,*,#9783,.F.);
#9787=EDGE_LOOP('',(#9778,#9784,#9785,#9786));
#9788=FACE_BOUND('',#9787,.T.);
#9789=ADVANCED_FACE('',(#9788),#9777,.F.);
#9790=CARTESIAN_POINT('',(54.139118631,8.09994,4.849));
#9791=DIRECTION('',(0.,0.,-1.));
#9792=DIRECTION('',(0.,-1.,0.));
#9793=AXIS2_PLACEMENT_3D('',#9790,#9791,#9792);
#9794=CYLINDRICAL_SURFACE('',#9793,0.5);
#9795=ORIENTED_EDGE('',*,*,#2554,.T.);
#9796=CARTESIAN_POINT('',(54.139118631,7.59994,4.895));
#9797=DIRECTION('',(-0.,-0.,1.));
#9798=VECTOR('',#9797,1.601359641);
#9799=LINE('',#9796,#9798);
#9800=EDGE_CURVE('',#2548,#5341,#9799,.T.);
#9801=ORIENTED_EDGE('',*,*,#9800,.T.);
#9802=ORIENTED_EDGE('',*,*,#5347,.F.);
#9803=ORIENTED_EDGE('',*,*,#9800,.F.);
#9804=EDGE_LOOP('',(#9795,#9801,#9802,#9803));
#9805=FACE_BOUND('',#9804,.T.);
#9806=ADVANCED_FACE('',(#9805),#9794,.F.);
#9807=CARTESIAN_POINT('',(53.859118631,12.29994,4.849));
#9808=DIRECTION('',(0.,0.,-1.));
#9809=DIRECTION('',(0.,-1.,0.));
#9810=AXIS2_PLACEMENT_3D('',#9807,#9808,#9809);
#9811=CYLINDRICAL_SURFACE('',#9810,0.85);
#9812=ORIENTED_EDGE('',*,*,#2565,.T.);
#9813=CARTESIAN_POINT('',(53.859118631,11.44994,4.895));
#9814=DIRECTION('',(-0.,-0.,1.));
#9815=VECTOR('',#9814,1.601359641);
#9816=LINE('',#9813,#9815);
#9817=EDGE_CURVE('',#2559,#5352,#9816,.T.);
#9818=ORIENTED_EDGE('',*,*,#9817,.T.);
#9819=ORIENTED_EDGE('',*,*,#5358,.F.);
#9820=ORIENTED_EDGE('',*,*,#9817,.F.);
#9821=EDGE_LOOP('',(#9812,#9818,#9819,#9820));
#9822=FACE_BOUND('',#9821,.T.);
#9823=ADVANCED_FACE('',(#9822),#9811,.F.);
#9824=CARTESIAN_POINT('',(59.359118631,12.29994,4.849));
#9825=DIRECTION('',(0.,0.,-1.));
#9826=DIRECTION('',(0.,-1.,0.));
#9827=AXIS2_PLACEMENT_3D('',#9824,#9825,#9826);
#9828=CYLINDRICAL_SURFACE('',#9827,2.5);
#9829=ORIENTED_EDGE('',*,*,#2576,.T.);
#9830=CARTESIAN_POINT('',(59.359118631,9.79994,4.895));
#9831=DIRECTION('',(-0.,-0.,1.));
#9832=VECTOR('',#9831,1.601359641);
#9833=LINE('',#9830,#9832);
#9834=EDGE_CURVE('',#2570,#5363,#9833,.T.);
#9835=ORIENTED_EDGE('',*,*,#9834,.T.);
#9836=ORIENTED_EDGE('',*,*,#5369,.F.);
#9837=ORIENTED_EDGE('',*,*,#9834,.F.);
#9838=EDGE_LOOP('',(#9829,#9835,#9836,#9837));
#9839=FACE_BOUND('',#9838,.T.);
#9840=ADVANCED_FACE('',(#9839),#9828,.F.);
#9841=CARTESIAN_POINT('',(64.859118631,12.29994,4.849));
#9842=DIRECTION('',(0.,0.,-1.));
#9843=DIRECTION('',(0.,-1.,0.));
#9844=AXIS2_PLACEMENT_3D('',#9841,#9842,#9843);
#9845=CYLINDRICAL_SURFACE('',#9844,0.85);
#9846=ORIENTED_EDGE('',*,*,#2587,.T.);
#9847=CARTESIAN_POINT('',(64.859118631,11.44994,4.895));
#9848=DIRECTION('',(-0.,-0.,1.));
#9849=VECTOR('',#9848,1.601359641);
#9850=LINE('',#9847,#9849);
#9851=EDGE_CURVE('',#2581,#5374,#9850,.T.);
#9852=ORIENTED_EDGE('',*,*,#9851,.T.);
#9853=ORIENTED_EDGE('',*,*,#5380,.F.);
#9854=ORIENTED_EDGE('',*,*,#9851,.F.);
#9855=EDGE_LOOP('',(#9846,#9852,#9853,#9854));
#9856=FACE_BOUND('',#9855,.T.);
#9857=ADVANCED_FACE('',(#9856),#9845,.F.);
#9858=CARTESIAN_POINT('',(42.359118631,18.19994,4.849));
#9859=DIRECTION('',(0.,0.,-1.));
#9860=DIRECTION('',(0.,-1.,0.));
#9861=AXIS2_PLACEMENT_3D('',#9858,#9859,#9860);
#9862=CYLINDRICAL_SURFACE('',#9861,1.5);
#9863=ORIENTED_EDGE('',*,*,#2598,.T.);
#9864=CARTESIAN_POINT('',(42.359118631,16.69994,4.895));
#9865=DIRECTION('',(-0.,-0.,1.));
#9866=VECTOR('',#9865,1.601359641);
#9867=LINE('',#9864,#9866);
#9868=EDGE_CURVE('',#2592,#5385,#9867,.T.);
#9869=ORIENTED_EDGE('',*,*,#9868,.T.);
#9870=ORIENTED_EDGE('',*,*,#5391,.F.);
#9871=ORIENTED_EDGE('',*,*,#9868,.F.);
#9872=EDGE_LOOP('',(#9863,#9869,#9870,#9871));
#9873=FACE_BOUND('',#9872,.T.);
#9874=ADVANCED_FACE('',(#9873),#9862,.F.);
#9875=CARTESIAN_POINT('',(47.359118631,15.99994,4.849));
#9876=DIRECTION('',(0.,0.,-1.));
#9877=DIRECTION('',(0.,-1.,0.));
#9878=AXIS2_PLACEMENT_3D('',#9875,#9876,#9877);
#9879=CYLINDRICAL_SURFACE('',#9878,1.5);
#9880=ORIENTED_EDGE('',*,*,#2609,.T.);
#9881=CARTESIAN_POINT('',(47.359118631,14.49994,4.895));
#9882=DIRECTION('',(-0.,-0.,1.));
#9883=VECTOR('',#9882,1.601359641);
#9884=LINE('',#9881,#9883);
#9885=EDGE_CURVE('',#2603,#5396,#9884,.T.);
#9886=ORIENTED_EDGE('',*,*,#9885,.T.);
#9887=ORIENTED_EDGE('',*,*,#5402,.F.);
#9888=ORIENTED_EDGE('',*,*,#9885,.F.);
#9889=EDGE_LOOP('',(#9880,#9886,#9887,#9888));
#9890=FACE_BOUND('',#9889,.T.);
#9891=ADVANCED_FACE('',(#9890),#9879,.F.);
#9892=CARTESIAN_POINT('',(59.359118631,18.19994,4.849));
#9893=DIRECTION('',(0.,0.,-1.));
#9894=DIRECTION('',(0.,-1.,0.));
#9895=AXIS2_PLACEMENT_3D('',#9892,#9893,#9894);
#9896=CYLINDRICAL_SURFACE('',#9895,1.5);
#9897=ORIENTED_EDGE('',*,*,#2620,.T.);
#9898=CARTESIAN_POINT('',(59.359118631,16.69994,4.895));
#9899=DIRECTION('',(-0.,-0.,1.));
#9900=VECTOR('',#9899,1.601359641);
#9901=LINE('',#9898,#9900);
#9902=EDGE_CURVE('',#2614,#5407,#9901,.T.);
#9903=ORIENTED_EDGE('',*,*,#9902,.T.);
#9904=ORIENTED_EDGE('',*,*,#5413,.F.);
#9905=ORIENTED_EDGE('',*,*,#9902,.F.);
#9906=EDGE_LOOP('',(#9897,#9903,#9904,#9905));
#9907=FACE_BOUND('',#9906,.T.);
#9908=ADVANCED_FACE('',(#9907),#9896,.F.);
#9909=CARTESIAN_POINT('',(64.359118631,15.99994,4.849));
#9910=DIRECTION('',(0.,0.,-1.));
#9911=DIRECTION('',(0.,-1.,0.));
#9912=AXIS2_PLACEMENT_3D('',#9909,#9910,#9911);
#9913=CYLINDRICAL_SURFACE('',#9912,1.5);
#9914=ORIENTED_EDGE('',*,*,#2631,.T.);
#9915=CARTESIAN_POINT('',(64.359118631,14.49994,4.895));
#9916=DIRECTION('',(-0.,-0.,1.));
#9917=VECTOR('',#9916,1.601359641);
#9918=LINE('',#9915,#9917);
#9919=EDGE_CURVE('',#2625,#5418,#9918,.T.);
#9920=ORIENTED_EDGE('',*,*,#9919,.T.);
#9921=ORIENTED_EDGE('',*,*,#5424,.F.);
#9922=ORIENTED_EDGE('',*,*,#9919,.F.);
#9923=EDGE_LOOP('',(#9914,#9920,#9921,#9922));
#9924=FACE_BOUND('',#9923,.T.);
#9925=ADVANCED_FACE('',(#9924),#9913,.F.);
#9926=CARTESIAN_POINT('',(8.359118631,24.57494,4.849));
#9927=DIRECTION('',(0.,0.,-1.));
#9928=DIRECTION('',(0.,-1.,0.));
#9929=AXIS2_PLACEMENT_3D('',#9926,#9927,#9928);
#9930=CYLINDRICAL_SURFACE('',#9929,1.5);
#9931=ORIENTED_EDGE('',*,*,#2642,.T.);
#9932=CARTESIAN_POINT('',(8.359118631,23.07494,4.895));
#9933=DIRECTION('',(-0.,-0.,1.));
#9934=VECTOR('',#9933,1.601359641);
#9935=LINE('',#9932,#9934);
#9936=EDGE_CURVE('',#2636,#5429,#9935,.T.);
#9937=ORIENTED_EDGE('',*,*,#9936,.T.);
#9938=ORIENTED_EDGE('',*,*,#5435,.F.);
#9939=ORIENTED_EDGE('',*,*,#9936,.F.);
#9940=EDGE_LOOP('',(#9931,#9937,#9938,#9939));
#9941=FACE_BOUND('',#9940,.T.);
#9942=ADVANCED_FACE('',(#9941),#9930,.F.);
#9943=CARTESIAN_POINT('',(20.359118631,28.04994,4.849));
#9944=DIRECTION('',(0.,0.,-1.));
#9945=DIRECTION('',(0.,-1.,0.));
#9946=AXIS2_PLACEMENT_3D('',#9943,#9944,#9945);
#9947=CYLINDRICAL_SURFACE('',#9946,0.5);
#9948=ORIENTED_EDGE('',*,*,#2653,.T.);
#9949=CARTESIAN_POINT('',(20.359118631,27.54994,4.895));
#9950=DIRECTION('',(-0.,-0.,1.));
#9951=VECTOR('',#9950,1.601359641);
#9952=LINE('',#9949,#9951);
#9953=EDGE_CURVE('',#2647,#5440,#9952,.T.);
#9954=ORIENTED_EDGE('',*,*,#9953,.T.);
#9955=ORIENTED_EDGE('',*,*,#5446,.F.);
#9956=ORIENTED_EDGE('',*,*,#9953,.F.);
#9957=EDGE_LOOP('',(#9948,#9954,#9955,#9956));
#9958=FACE_BOUND('',#9957,.T.);
#9959=ADVANCED_FACE('',(#9958),#9947,.F.);
#9960=CARTESIAN_POINT('',(20.139118631,29.34994,4.849));
#9961=DIRECTION('',(0.,0.,-1.));
#9962=DIRECTION('',(0.,-1.,0.));
#9963=AXIS2_PLACEMENT_3D('',#9960,#9961,#9962);
#9964=CYLINDRICAL_SURFACE('',#9963,0.5);
#9965=ORIENTED_EDGE('',*,*,#2664,.T.);
#9966=CARTESIAN_POINT('',(20.139118631,28.84994,4.895));
#9967=DIRECTION('',(-0.,-0.,1.));
#9968=VECTOR('',#9967,1.601359641);
#9969=LINE('',#9966,#9968);
#9970=EDGE_CURVE('',#2658,#5451,#9969,.T.);
#9971=ORIENTED_EDGE('',*,*,#9970,.T.);
#9972=ORIENTED_EDGE('',*,*,#5457,.F.);
#9973=ORIENTED_EDGE('',*,*,#9970,.F.);
#9974=EDGE_LOOP('',(#9965,#9971,#9972,#9973));
#9975=FACE_BOUND('',#9974,.T.);
#9976=ADVANCED_FACE('',(#9975),#9964,.F.);
#9977=CARTESIAN_POINT('',(8.359118631,35.67494,4.849));
#9978=DIRECTION('',(0.,0.,-1.));
#9979=DIRECTION('',(0.,-1.,0.));
#9980=AXIS2_PLACEMENT_3D('',#9977,#9978,#9979);
#9981=CYLINDRICAL_SURFACE('',#9980,2.5);
#9982=ORIENTED_EDGE('',*,*,#2675,.T.);
#9983=CARTESIAN_POINT('',(8.359118631,33.17494,4.895));
#9984=DIRECTION('',(-0.,-0.,1.));
#9985=VECTOR('',#9984,1.601359641);
#9986=LINE('',#9983,#9985);
#9987=EDGE_CURVE('',#2669,#5462,#9986,.T.);
#9988=ORIENTED_EDGE('',*,*,#9987,.T.);
#9989=ORIENTED_EDGE('',*,*,#5468,.F.);
#9990=ORIENTED_EDGE('',*,*,#9987,.F.);
#9991=EDGE_LOOP('',(#9982,#9988,#9989,#9990));
#9992=FACE_BOUND('',#9991,.T.);
#9993=ADVANCED_FACE('',(#9992),#9981,.F.);
#9994=CARTESIAN_POINT('',(13.859118631,35.67494,4.849));
#9995=DIRECTION('',(0.,0.,-1.));
#9996=DIRECTION('',(0.,-1.,0.));
#9997=AXIS2_PLACEMENT_3D('',#9994,#9995,#9996);
#9998=CYLINDRICAL_SURFACE('',#9997,0.85);
#9999=ORIENTED_EDGE('',*,*,#2686,.T.);
#10000=CARTESIAN_POINT('',(13.859118631,34.82494,4.895));
#10001=DIRECTION('',(-0.,-0.,1.));
#10002=VECTOR('',#10001,1.601359641);
#10003=LINE('',#10000,#10002);
#10004=EDGE_CURVE('',#2680,#5473,#10003,.T.);
#10005=ORIENTED_EDGE('',*,*,#10004,.T.);
#10006=ORIENTED_EDGE('',*,*,#5479,.F.);
#10007=ORIENTED_EDGE('',*,*,#10004,.F.);
#10008=EDGE_LOOP('',(#9999,#10005,#10006,#10007));
#10009=FACE_BOUND('',#10008,.T.);
#10010=ADVANCED_FACE('',(#10009),#9998,.F.);
#10011=CARTESIAN_POINT('',(19.859118631,33.54994,4.849));
#10012=DIRECTION('',(0.,0.,-1.));
#10013=DIRECTION('',(0.,-1.,0.));
#10014=AXIS2_PLACEMENT_3D('',#10011,#10012,#10013);
#10015=CYLINDRICAL_SURFACE('',#10014,0.85);
#10016=ORIENTED_EDGE('',*,*,#2697,.T.);
#10017=CARTESIAN_POINT('',(19.859118631,32.69994,4.895));
#10018=DIRECTION('',(-0.,-0.,1.));
#10019=VECTOR('',#10018,1.601359641);
#10020=LINE('',#10017,#10019);
#10021=EDGE_CURVE('',#2691,#5484,#10020,.T.);
#10022=ORIENTED_EDGE('',*,*,#10021,.T.);
#10023=ORIENTED_EDGE('',*,*,#5490,.F.);
#10024=ORIENTED_EDGE('',*,*,#10021,.F.);
#10025=EDGE_LOOP('',(#10016,#10022,#10023,#10024));
#10026=FACE_BOUND('',#10025,.T.);
#10027=ADVANCED_FACE('',(#10026),#10015,.F.);
#10028=CARTESIAN_POINT('',(13.359118631,39.37494,4.849));
#10029=DIRECTION('',(0.,0.,-1.));
#10030=DIRECTION('',(0.,-1.,0.));
#10031=AXIS2_PLACEMENT_3D('',#10028,#10029,#10030);
#10032=CYLINDRICAL_SURFACE('',#10031,1.5);
#10033=ORIENTED_EDGE('',*,*,#2708,.T.);
#10034=CARTESIAN_POINT('',(13.359118631,37.87494,4.895));
#10035=DIRECTION('',(-0.,-0.,1.));
#10036=VECTOR('',#10035,1.601359641);
#10037=LINE('',#10034,#10036);
#10038=EDGE_CURVE('',#2702,#5495,#10037,.T.);
#10039=ORIENTED_EDGE('',*,*,#10038,.T.);
#10040=ORIENTED_EDGE('',*,*,#5501,.F.);
#10041=ORIENTED_EDGE('',*,*,#10038,.F.);
#10042=EDGE_LOOP('',(#10033,#10039,#10040,#10041));
#10043=FACE_BOUND('',#10042,.T.);
#10044=ADVANCED_FACE('',(#10043),#10032,.F.);
#10045=CARTESIAN_POINT('',(8.359118631,41.57494,4.849));
#10046=DIRECTION('',(0.,0.,-1.));
#10047=DIRECTION('',(0.,-1.,0.));
#10048=AXIS2_PLACEMENT_3D('',#10045,#10046,#10047);
#10049=CYLINDRICAL_SURFACE('',#10048,1.5);
#10050=ORIENTED_EDGE('',*,*,#2719,.T.);
#10051=CARTESIAN_POINT('',(8.359118631,40.07494,4.895));
#10052=DIRECTION('',(-0.,-0.,1.));
#10053=VECTOR('',#10052,1.601359641);
#10054=LINE('',#10051,#10053);
#10055=EDGE_CURVE('',#2713,#5506,#10054,.T.);
#10056=ORIENTED_EDGE('',*,*,#10055,.T.);
#10057=ORIENTED_EDGE('',*,*,#5512,.F.);
#10058=ORIENTED_EDGE('',*,*,#10055,.F.);
#10059=EDGE_LOOP('',(#10050,#10056,#10057,#10058));
#10060=FACE_BOUND('',#10059,.T.);
#10061=ADVANCED_FACE('',(#10060),#10049,.F.);
#10062=CARTESIAN_POINT('',(25.359118631,33.54994,4.849));
#10063=DIRECTION('',(0.,0.,-1.));
#10064=DIRECTION('',(0.,-1.,0.));
#10065=AXIS2_PLACEMENT_3D('',#10062,#10063,#10064);
#10066=CYLINDRICAL_SURFACE('',#10065,2.5);
#10067=ORIENTED_EDGE('',*,*,#2730,.T.);
#10068=CARTESIAN_POINT('',(25.359118631,31.04994,4.895));
#10069=DIRECTION('',(-0.,-0.,1.));
#10070=VECTOR('',#10069,1.601359641);
#10071=LINE('',#10068,#10070);
#10072=EDGE_CURVE('',#2724,#5517,#10071,.T.);
#10073=ORIENTED_EDGE('',*,*,#10072,.T.);
#10074=ORIENTED_EDGE('',*,*,#5523,.F.);
#10075=ORIENTED_EDGE('',*,*,#10072,.F.);
#10076=EDGE_LOOP('',(#10067,#10073,#10074,#10075));
#10077=FACE_BOUND('',#10076,.T.);
#10078=ADVANCED_FACE('',(#10077),#10066,.F.);
#10079=CARTESIAN_POINT('',(30.859118631,33.54994,4.849));
#10080=DIRECTION('',(0.,0.,-1.));
#10081=DIRECTION('',(0.,-1.,0.));
#10082=AXIS2_PLACEMENT_3D('',#10079,#10080,#10081);
#10083=CYLINDRICAL_SURFACE('',#10082,0.85);
#10084=ORIENTED_EDGE('',*,*,#2741,.T.);
#10085=CARTESIAN_POINT('',(30.859118631,32.69994,4.895));
#10086=DIRECTION('',(-0.,-0.,1.));
#10087=VECTOR('',#10086,1.601359641);
#10088=LINE('',#10085,#10087);
#10089=EDGE_CURVE('',#2735,#5528,#10088,.T.);
#10090=ORIENTED_EDGE('',*,*,#10089,.T.);
#10091=ORIENTED_EDGE('',*,*,#5534,.F.);
#10092=ORIENTED_EDGE('',*,*,#10089,.F.);
#10093=EDGE_LOOP('',(#10084,#10090,#10091,#10092));
#10094=FACE_BOUND('',#10093,.T.);
#10095=ADVANCED_FACE('',(#10094),#10083,.F.);
#10096=CARTESIAN_POINT('',(30.359118631,37.24994,4.849));
#10097=DIRECTION('',(0.,0.,-1.));
#10098=DIRECTION('',(0.,-1.,0.));
#10099=AXIS2_PLACEMENT_3D('',#10096,#10097,#10098);
#10100=CYLINDRICAL_SURFACE('',#10099,1.5);
#10101=ORIENTED_EDGE('',*,*,#2752,.T.);
#10102=CARTESIAN_POINT('',(30.359118631,35.74994,4.895));
#10103=DIRECTION('',(-0.,-0.,1.));
#10104=VECTOR('',#10103,1.601359641);
#10105=LINE('',#10102,#10104);
#10106=EDGE_CURVE('',#2746,#5539,#10105,.T.);
#10107=ORIENTED_EDGE('',*,*,#10106,.T.);
#10108=ORIENTED_EDGE('',*,*,#5545,.F.);
#10109=ORIENTED_EDGE('',*,*,#10106,.F.);
#10110=EDGE_LOOP('',(#10101,#10107,#10108,#10109));
#10111=FACE_BOUND('',#10110,.T.);
#10112=ADVANCED_FACE('',(#10111),#10100,.F.);
#10113=CARTESIAN_POINT('',(25.359118631,39.44994,4.849));
#10114=DIRECTION('',(0.,0.,-1.));
#10115=DIRECTION('',(0.,-1.,0.));
#10116=AXIS2_PLACEMENT_3D('',#10113,#10114,#10115);
#10117=CYLINDRICAL_SURFACE('',#10116,1.5);
#10118=ORIENTED_EDGE('',*,*,#2763,.T.);
#10119=CARTESIAN_POINT('',(25.359118631,37.94994,4.895));
#10120=DIRECTION('',(-0.,-0.,1.));
#10121=VECTOR('',#10120,1.601359641);
#10122=LINE('',#10119,#10121);
#10123=EDGE_CURVE('',#2757,#5550,#10122,.T.);
#10124=ORIENTED_EDGE('',*,*,#10123,.T.);
#10125=ORIENTED_EDGE('',*,*,#5556,.F.);
#10126=ORIENTED_EDGE('',*,*,#10123,.F.);
#10127=EDGE_LOOP('',(#10118,#10124,#10125,#10126));
#10128=FACE_BOUND('',#10127,.T.);
#10129=ADVANCED_FACE('',(#10128),#10117,.F.);
#10130=CARTESIAN_POINT('',(37.359118631,23.79994,4.849));
#10131=DIRECTION('',(0.,0.,-1.));
#10132=DIRECTION('',(0.,-1.,0.));
#10133=AXIS2_PLACEMENT_3D('',#10130,#10131,#10132);
#10134=CYLINDRICAL_SURFACE('',#10133,0.5);
#10135=ORIENTED_EDGE('',*,*,#2774,.T.);
#10136=CARTESIAN_POINT('',(37.359118631,23.29994,4.895));
#10137=DIRECTION('',(-0.,-0.,1.));
#10138=VECTOR('',#10137,1.601359641);
#10139=LINE('',#10136,#10138);
#10140=EDGE_CURVE('',#2768,#5561,#10139,.T.);
#10141=ORIENTED_EDGE('',*,*,#10140,.T.);
#10142=ORIENTED_EDGE('',*,*,#5567,.F.);
#10143=ORIENTED_EDGE('',*,*,#10140,.F.);
#10144=EDGE_LOOP('',(#10135,#10141,#10142,#10143));
#10145=FACE_BOUND('',#10144,.T.);
#10146=ADVANCED_FACE('',(#10145),#10134,.F.);
#10147=CARTESIAN_POINT('',(37.139118631,25.09994,4.849));
#10148=DIRECTION('',(0.,0.,-1.));
#10149=DIRECTION('',(0.,-1.,0.));
#10150=AXIS2_PLACEMENT_3D('',#10147,#10148,#10149);
#10151=CYLINDRICAL_SURFACE('',#10150,0.5);
#10152=ORIENTED_EDGE('',*,*,#2785,.T.);
#10153=CARTESIAN_POINT('',(37.139118631,24.59994,4.895));
#10154=DIRECTION('',(-0.,-0.,1.));
#10155=VECTOR('',#10154,1.601359641);
#10156=LINE('',#10153,#10155);
#10157=EDGE_CURVE('',#2779,#5572,#10156,.T.);
#10158=ORIENTED_EDGE('',*,*,#10157,.T.);
#10159=ORIENTED_EDGE('',*,*,#5578,.F.);
#10160=ORIENTED_EDGE('',*,*,#10157,.F.);
#10161=EDGE_LOOP('',(#10152,#10158,#10159,#10160));
#10162=FACE_BOUND('',#10161,.T.);
#10163=ADVANCED_FACE('',(#10162),#10151,.F.);
#10164=CARTESIAN_POINT('',(36.859118631,29.29994,4.849));
#10165=DIRECTION('',(0.,0.,-1.));
#10166=DIRECTION('',(0.,-1.,0.));
#10167=AXIS2_PLACEMENT_3D('',#10164,#10165,#10166);
#10168=CYLINDRICAL_SURFACE('',#10167,0.85);
#10169=ORIENTED_EDGE('',*,*,#2796,.T.);
#10170=CARTESIAN_POINT('',(36.859118631,28.44994,4.895));
#10171=DIRECTION('',(-0.,-0.,1.));
#10172=VECTOR('',#10171,1.601359641);
#10173=LINE('',#10170,#10172);
#10174=EDGE_CURVE('',#2790,#5583,#10173,.T.);
#10175=ORIENTED_EDGE('',*,*,#10174,.T.);
#10176=ORIENTED_EDGE('',*,*,#5589,.F.);
#10177=ORIENTED_EDGE('',*,*,#10174,.F.);
#10178=EDGE_LOOP('',(#10169,#10175,#10176,#10177));
#10179=FACE_BOUND('',#10178,.T.);
#10180=ADVANCED_FACE('',(#10179),#10168,.F.);
#10181=CARTESIAN_POINT('',(42.359118631,29.29994,4.849));
#10182=DIRECTION('',(0.,0.,-1.));
#10183=DIRECTION('',(0.,-1.,0.));
#10184=AXIS2_PLACEMENT_3D('',#10181,#10182,#10183);
#10185=CYLINDRICAL_SURFACE('',#10184,2.5);
#10186=ORIENTED_EDGE('',*,*,#2807,.T.);
#10187=CARTESIAN_POINT('',(42.359118631,26.79994,4.895));
#10188=DIRECTION('',(-0.,-0.,1.));
#10189=VECTOR('',#10188,1.601359641);
#10190=LINE('',#10187,#10189);
#10191=EDGE_CURVE('',#2801,#5594,#10190,.T.);
#10192=ORIENTED_EDGE('',*,*,#10191,.T.);
#10193=ORIENTED_EDGE('',*,*,#5600,.F.);
#10194=ORIENTED_EDGE('',*,*,#10191,.F.);
#10195=EDGE_LOOP('',(#10186,#10192,#10193,#10194));
#10196=FACE_BOUND('',#10195,.T.);
#10197=ADVANCED_FACE('',(#10196),#10185,.F.);
#10198=CARTESIAN_POINT('',(47.859118631,29.29994,4.849));
#10199=DIRECTION('',(0.,0.,-1.));
#10200=DIRECTION('',(0.,-1.,0.));
#10201=AXIS2_PLACEMENT_3D('',#10198,#10199,#10200);
#10202=CYLINDRICAL_SURFACE('',#10201,0.85);
#10203=ORIENTED_EDGE('',*,*,#2818,.T.);
#10204=CARTESIAN_POINT('',(47.859118631,28.44994,4.895));
#10205=DIRECTION('',(-0.,-0.,1.));
#10206=VECTOR('',#10205,1.601359641);
#10207=LINE('',#10204,#10206);
#10208=EDGE_CURVE('',#2812,#5605,#10207,.T.);
#10209=ORIENTED_EDGE('',*,*,#10208,.T.);
#10210=ORIENTED_EDGE('',*,*,#5611,.F.);
#10211=ORIENTED_EDGE('',*,*,#10208,.F.);
#10212=EDGE_LOOP('',(#10203,#10209,#10210,#10211));
#10213=FACE_BOUND('',#10212,.T.);
#10214=ADVANCED_FACE('',(#10213),#10202,.F.);
#10215=CARTESIAN_POINT('',(47.359118631,32.99994,4.849));
#10216=DIRECTION('',(0.,0.,-1.));
#10217=DIRECTION('',(0.,-1.,0.));
#10218=AXIS2_PLACEMENT_3D('',#10215,#10216,#10217);
#10219=CYLINDRICAL_SURFACE('',#10218,1.5);
#10220=ORIENTED_EDGE('',*,*,#2829,.T.);
#10221=CARTESIAN_POINT('',(47.359118631,31.49994,4.895));
#10222=DIRECTION('',(-0.,-0.,1.));
#10223=VECTOR('',#10222,1.601359641);
#10224=LINE('',#10221,#10223);
#10225=EDGE_CURVE('',#2823,#5616,#10224,.T.);
#10226=ORIENTED_EDGE('',*,*,#10225,.T.);
#10227=ORIENTED_EDGE('',*,*,#5622,.F.);
#10228=ORIENTED_EDGE('',*,*,#10225,.F.);
#10229=EDGE_LOOP('',(#10220,#10226,#10227,#10228));
#10230=FACE_BOUND('',#10229,.T.);
#10231=ADVANCED_FACE('',(#10230),#10219,.F.);
#10232=CARTESIAN_POINT('',(54.359118631,23.79994,4.849));
#10233=DIRECTION('',(0.,0.,-1.));
#10234=DIRECTION('',(0.,-1.,0.));
#10235=AXIS2_PLACEMENT_3D('',#10232,#10233,#10234);
#10236=CYLINDRICAL_SURFACE('',#10235,0.5);
#10237=ORIENTED_EDGE('',*,*,#2840,.T.);
#10238=CARTESIAN_POINT('',(54.359118631,23.29994,4.895));
#10239=DIRECTION('',(-0.,-0.,1.));
#10240=VECTOR('',#10239,1.601359641);
#10241=LINE('',#10238,#10240);
#10242=EDGE_CURVE('',#2834,#5627,#10241,.T.);
#10243=ORIENTED_EDGE('',*,*,#10242,.T.);
#10244=ORIENTED_EDGE('',*,*,#5633,.F.);
#10245=ORIENTED_EDGE('',*,*,#10242,.F.);
#10246=EDGE_LOOP('',(#10237,#10243,#10244,#10245));
#10247=FACE_BOUND('',#10246,.T.);
#10248=ADVANCED_FACE('',(#10247),#10236,.F.);
#10249=CARTESIAN_POINT('',(54.139118631,25.09994,4.849));
#10250=DIRECTION('',(0.,0.,-1.));
#10251=DIRECTION('',(0.,-1.,0.));
#10252=AXIS2_PLACEMENT_3D('',#10249,#10250,#10251);
#10253=CYLINDRICAL_SURFACE('',#10252,0.5);
#10254=ORIENTED_EDGE('',*,*,#2851,.T.);
#10255=CARTESIAN_POINT('',(54.139118631,24.59994,4.895));
#10256=DIRECTION('',(-0.,-0.,1.));
#10257=VECTOR('',#10256,1.601359641);
#10258=LINE('',#10255,#10257);
#10259=EDGE_CURVE('',#2845,#5638,#10258,.T.);
#10260=ORIENTED_EDGE('',*,*,#10259,.T.);
#10261=ORIENTED_EDGE('',*,*,#5644,.F.);
#10262=ORIENTED_EDGE('',*,*,#10259,.F.);
#10263=EDGE_LOOP('',(#10254,#10260,#10261,#10262));
#10264=FACE_BOUND('',#10263,.T.);
#10265=ADVANCED_FACE('',(#10264),#10253,.F.);
#10266=CARTESIAN_POINT('',(53.859118631,29.29994,4.849));
#10267=DIRECTION('',(0.,0.,-1.));
#10268=DIRECTION('',(0.,-1.,0.));
#10269=AXIS2_PLACEMENT_3D('',#10266,#10267,#10268);
#10270=CYLINDRICAL_SURFACE('',#10269,0.85);
#10271=ORIENTED_EDGE('',*,*,#2862,.T.);
#10272=CARTESIAN_POINT('',(53.859118631,28.44994,4.895));
#10273=DIRECTION('',(-0.,-0.,1.));
#10274=VECTOR('',#10273,1.601359641);
#10275=LINE('',#10272,#10274);
#10276=EDGE_CURVE('',#2856,#5649,#10275,.T.);
#10277=ORIENTED_EDGE('',*,*,#10276,.T.);
#10278=ORIENTED_EDGE('',*,*,#5655,.F.);
#10279=ORIENTED_EDGE('',*,*,#10276,.F.);
#10280=EDGE_LOOP('',(#10271,#10277,#10278,#10279));
#10281=FACE_BOUND('',#10280,.T.);
#10282=ADVANCED_FACE('',(#10281),#10270,.F.);
#10283=CARTESIAN_POINT('',(59.359118631,29.29994,4.849));
#10284=DIRECTION('',(0.,0.,-1.));
#10285=DIRECTION('',(0.,-1.,0.));
#10286=AXIS2_PLACEMENT_3D('',#10283,#10284,#10285);
#10287=CYLINDRICAL_SURFACE('',#10286,2.5);
#10288=ORIENTED_EDGE('',*,*,#2873,.T.);
#10289=CARTESIAN_POINT('',(59.359118631,26.79994,4.895));
#10290=DIRECTION('',(-0.,-0.,1.));
#10291=VECTOR('',#10290,1.601359641);
#10292=LINE('',#10289,#10291);
#10293=EDGE_CURVE('',#2867,#5660,#10292,.T.);
#10294=ORIENTED_EDGE('',*,*,#10293,.T.);
#10295=ORIENTED_EDGE('',*,*,#5666,.F.);
#10296=ORIENTED_EDGE('',*,*,#10293,.F.);
#10297=EDGE_LOOP('',(#10288,#10294,#10295,#10296));
#10298=FACE_BOUND('',#10297,.T.);
#10299=ADVANCED_FACE('',(#10298),#10287,.F.);
#10300=CARTESIAN_POINT('',(64.859118631,29.29994,4.849));
#10301=DIRECTION('',(0.,0.,-1.));
#10302=DIRECTION('',(0.,-1.,0.));
#10303=AXIS2_PLACEMENT_3D('',#10300,#10301,#10302);
#10304=CYLINDRICAL_SURFACE('',#10303,0.85);
#10305=ORIENTED_EDGE('',*,*,#2884,.T.);
#10306=CARTESIAN_POINT('',(64.859118631,28.44994,4.895));
#10307=DIRECTION('',(-0.,-0.,1.));
#10308=VECTOR('',#10307,1.601359641);
#10309=LINE('',#10306,#10308);
#10310=EDGE_CURVE('',#2878,#5671,#10309,.T.);
#10311=ORIENTED_EDGE('',*,*,#10310,.T.);
#10312=ORIENTED_EDGE('',*,*,#5677,.F.);
#10313=ORIENTED_EDGE('',*,*,#10310,.F.);
#10314=EDGE_LOOP('',(#10305,#10311,#10312,#10313));
#10315=FACE_BOUND('',#10314,.T.);
#10316=ADVANCED_FACE('',(#10315),#10304,.F.);
#10317=CARTESIAN_POINT('',(64.359118631,32.99994,4.849));
#10318=DIRECTION('',(0.,0.,-1.));
#10319=DIRECTION('',(0.,-1.,0.));
#10320=AXIS2_PLACEMENT_3D('',#10317,#10318,#10319);
#10321=CYLINDRICAL_SURFACE('',#10320,1.5);
#10322=ORIENTED_EDGE('',*,*,#2895,.T.);
#10323=CARTESIAN_POINT('',(64.359118631,31.49994,4.895));
#10324=DIRECTION('',(-0.,-0.,1.));
#10325=VECTOR('',#10324,1.601359641);
#10326=LINE('',#10323,#10325);
#10327=EDGE_CURVE('',#2889,#5682,#10326,.T.);
#10328=ORIENTED_EDGE('',*,*,#10327,.T.);
#10329=ORIENTED_EDGE('',*,*,#5688,.F.);
#10330=ORIENTED_EDGE('',*,*,#10327,.F.);
#10331=EDGE_LOOP('',(#10322,#10328,#10329,#10330));
#10332=FACE_BOUND('',#10331,.T.);
#10333=ADVANCED_FACE('',(#10332),#10321,.F.);
#10334=CARTESIAN_POINT('',(42.359118631,35.19994,4.849));
#10335=DIRECTION('',(0.,0.,-1.));
#10336=DIRECTION('',(0.,-1.,0.));
#10337=AXIS2_PLACEMENT_3D('',#10334,#10335,#10336);
#10338=CYLINDRICAL_SURFACE('',#10337,1.5);
#10339=ORIENTED_EDGE('',*,*,#2906,.T.);
#10340=CARTESIAN_POINT('',(42.359118631,33.69994,4.895));
#10341=DIRECTION('',(-0.,-0.,1.));
#10342=VECTOR('',#10341,1.601359641);
#10343=LINE('',#10340,#10342);
#10344=EDGE_CURVE('',#2900,#5693,#10343,.T.);
#10345=ORIENTED_EDGE('',*,*,#10344,.T.);
#10346=ORIENTED_EDGE('',*,*,#5699,.F.);
#10347=ORIENTED_EDGE('',*,*,#10344,.F.);
#10348=EDGE_LOOP('',(#10339,#10345,#10346,#10347));
#10349=FACE_BOUND('',#10348,.T.);
#10350=ADVANCED_FACE('',(#10349),#10338,.F.);
#10351=CARTESIAN_POINT('',(59.359118631,35.19994,4.849));
#10352=DIRECTION('',(0.,0.,-1.));
#10353=DIRECTION('',(0.,-1.,0.));
#10354=AXIS2_PLACEMENT_3D('',#10351,#10352,#10353);
#10355=CYLINDRICAL_SURFACE('',#10354,1.5);
#10356=ORIENTED_EDGE('',*,*,#2917,.T.);
#10357=CARTESIAN_POINT('',(59.359118631,33.69994,4.895));
#10358=DIRECTION('',(-0.,-0.,1.));
#10359=VECTOR('',#10358,1.601359641);
#10360=LINE('',#10357,#10359);
#10361=EDGE_CURVE('',#2911,#5704,#10360,.T.);
#10362=ORIENTED_EDGE('',*,*,#10361,.T.);
#10363=ORIENTED_EDGE('',*,*,#5710,.F.);
#10364=ORIENTED_EDGE('',*,*,#10361,.F.);
#10365=EDGE_LOOP('',(#10356,#10362,#10363,#10364));
#10366=FACE_BOUND('',#10365,.T.);
#10367=ADVANCED_FACE('',(#10366),#10355,.F.);
#10368=CLOSED_SHELL('',(#66,#97,#128,#2921,#5714,#5731,#5748,#5765,#5782,#5799,#5816,#5833,#5850,#5867,#5884,#5901,#5918,#5935,#5952,#5969,#5986,#6003,#6020,#6037,#6054,#6071,
#6088,#6105,#6122,#6139,#6156,#6173,#6190,#6207,#6224,#6241,#6258,#6275,#6292,#6309,#6326,#6343,#6360,#6377,#6394,#6411,#6428,#6445,#6462,#6479,#6496,
#6513,#6530,#6547,#6564,#6581,#6598,#6615,#6632,#6644,#6661,#6678,#6695,#6712,#6729,#6746,#6763,#6780,#6797,#6814,#6831,#6848,#6865,#6882,#6899,#6916,
#6933,#6950,#6967,#6984,#7001,#7018,#7035,#7052,#7074,#7091,#7108,#7120,#7142,#7159,#7176,#7188,#7210,#7227,#7244,#7256,#7273,#7290,#7307,#7324,#7341,
#7358,#7375,#7392,#7409,#7426,#7443,#7460,#7477,#7494,#7511,#7528,#7545,#7562,#7579,#7596,#7613,#7630,#7647,#7664,#7681,#7698,#7715,#7732,#7749,#7766,
#7783,#7800,#7817,#7834,#7851,#7868,#7885,#7902,#7919,#7936,#7953,#7970,#7987,#8004,#8021,#8038,#8055,#8072,#8089,#8106,#8123,#8140,#8157,#8174,#8191,
#8208,#8225,#8242,#8259,#8276,#8293,#8310,#8327,#8344,#8361,#8378,#8400,#8417,#8434,#8451,#8468,#8485,#8502,#8519,#8536,#8553,#8565,#8582,#8599,#8616,
#8633,#8650,#8667,#8684,#8701,#8718,#8735,#8752,#8769,#8786,#8803,#8820,#8837,#8854,#8871,#8888,#8905,#8922,#8939,#8956,#8973,#8990,#9007,#9024,#9041,
#9058,#9075,#9092,#9109,#9131,#9148,#9165,#9182,#9199,#9211,#9228,#9245,#9262,#9279,#9296,#9313,#9330,#9347,#9364,#9381,#9398,#9415,#9432,#9449,#9466,
#9483,#9500,#9517,#9534,#9551,#9568,#9585,#9602,#9619,#9636,#9653,#9670,#9687,#9704,#9721,#9738,#9755,#9772,#9789,#9806,#9823,#9840,#9857,#9874,#9891,
#9908,#9925,#9942,#9959,#9976,#9993,#10010,#10027,#10044,#10061,#10078,#10095,#10112,#10129,#10146,#10163,#10180,#10197,#10214,#10231,#10248,#10265,#10282,#10299,#10316,
#10333,#10350,#10367));
#10369=MANIFOLD_SOLID_BREP('PCB',#10368);
#10370=COLOUR_RGB('',0.313304156,0.484529197,0.410020918);
#10371=FILL_AREA_STYLE_COLOUR('',#10370);
#10372=FILL_AREA_STYLE('',(#10371));
#10373=SURFACE_STYLE_FILL_AREA(#10372);
#10374=SURFACE_SIDE_STYLE('',(#10373));
#10375=SURFACE_STYLE_USAGE(.BOTH.,#10374);
#10376=PRESENTATION_STYLE_ASSIGNMENT((#10375));
#26=STYLED_ITEM('',(#10376),#10369);
#16=SHAPE_REPRESENTATION('root',(#15),#10);
#17=ADVANCED_BREP_SHAPE_REPRESENTATION('root',(#10369),#10);
#10384=SHAPE_REPRESENTATION_RELATIONSHIP('','',#16,#17);
#10385=APPLICATION_CONTEXT('configuration controlled 3D design of mechanical parts and assemblies');
#10386=APPLICATION_PROTOCOL_DEFINITION('international standard','configuration_control_3d_design_ed2_mim',2004,#10385);
#10387=PRODUCT_CONTEXT('',#10385,'mechanical');
#10388=PRODUCT_DEFINITION_CONTEXT('part definition',#10385,'design');
#24=PRODUCT('root','root','',(#10387));
#10389=PRODUCT_RELATED_PRODUCT_CATEGORY('part','',(#24));
#10390=PRODUCT_DEFINITION_FORMATION_WITH_SPECIFIED_SOURCE('','',#24,.NOT_KNOWN.);
#25=PRODUCT_DEFINITION('design','',#10390,#10388);
#23=PRODUCT_DEFINITION_SHAPE('','',#25);
#10391=SHAPE_DEFINITION_REPRESENTATION(#23,#16);
#11=DRAUGHTING_MODEL('',(),#10);
#1=MECHANICAL_DESIGN_GEOMETRIC_PRESENTATION_REPRESENTATION('',(#26),#10);
ENDSEC;
END-ISO-10303-21;
