ISO-10303-21;
HEADER;

/* File generated by HOOPS Exchange Version 24.2.0 */

FILE_DESCRIPTION(('HOOPS Exchange Step'),'2;1');

FILE_NAME('/Users/zoesu_takanori/Desktop/Corchibi2-case/Top-plate-normal.stp',
'2026-06-29T23:10:02+09:00',
('zoesu_takanori'),
('Unknown organisation'),
'HOOPS Exchange 2024.2',
'HOOPS Exchange',
'Unknown authorisation');

FILE_SCHEMA( ('AP203_CONFIGURATION_CONTROLLED_3D_DESIGN_OF_MECHANICAL_PARTS_AND_ASSEMBLIES_MIM_LF') );

ENDSEC;

DATA;
#3=(NAMED_UNIT(*)PLANE_ANGLE_UNIT()SI_UNIT($,.RADIAN.));
#4=PLANE_ANGLE_MEASURE_WITH_UNIT(PLANE_ANGLE_MEASURE(0.0174532925),#3);
#5=(CONVERSION_BASED_UNIT('DEGREE',#4)NAMED_UNIT(#6)PLANE_ANGLE_UNIT());
#6=DIMENSIONAL_EXPONENTS(0.,0.,0.,0.,0.,0.,0.);
#7=(NAMED_UNIT(*)SI_UNIT($,.STERADIAN.)SOLID_ANGLE_UNIT());
#8=(LENGTH_UNIT()NAMED_UNIT(*)SI_UNIT(.MILLI.,.METRE.));
#9=UNCERTAINTY_MEASURE_WITH_UNIT(LENGTH_MEASURE(1.000000E-05),#8,'DISTANCE_ACCURACY_VALUE','Maximum Tolerance applied to model');
#10=(GEOMETRIC_REPRESENTATION_CONTEXT(3)GLOBAL_UNCERTAINTY_ASSIGNED_CONTEXT((#9))GLOBAL_UNIT_ASSIGNED_CONTEXT((#8,#5,#7))REPRESENTATION_CONTEXT('','root'));
#12=CARTESIAN_POINT('',(0.,0.,0.));
#13=DIRECTION('',(0.,0.,1.));
#14=DIRECTION('',(1.,0.,0.));
#15=AXIS2_PLACEMENT_3D('TS3D_PRODUCT_CSYS',#12,#13,#14);
#27=CARTESIAN_POINT('',(0.510243956,-31.126283336,5.5));
#28=DIRECTION('',(0.,1.,-0.));
#29=DIRECTION('',(-0.982417425,0.,-0.186697622));
#30=AXIS2_PLACEMENT_3D('',#27,#28,#29);
#31=PLANE('',#30);
#32=CARTESIAN_POINT('',(-16.750126107,-31.126283336,8.2));
#33=VERTEX_POINT('',#32);
#34=CARTESIAN_POINT('',(-10.584175587,-31.126283336,8.2));
#35=VERTEX_POINT('',#34);
#36=CARTESIAN_POINT('',(-16.750126107,-31.126283336,8.2));
#37=DIRECTION('',(1.,-0.,0.));
#38=VECTOR('',#37,6.16595052);
#39=LINE('',#36,#38);
#40=EDGE_CURVE('',#33,#35,#39,.T.);
#41=ORIENTED_EDGE('',*,*,#40,.T.);
#42=CARTESIAN_POINT('',(-10.584175587,-31.126283336,8.700000048));
#43=VERTEX_POINT('',#42);
#44=CARTESIAN_POINT('',(-10.584175587,-31.126283336,8.2));
#45=DIRECTION('',(0.,0.,1.));
#46=VECTOR('',#45,0.500000048);
#47=LINE('',#44,#46);
#48=EDGE_CURVE('',#35,#43,#47,.T.);
#49=ORIENTED_EDGE('',*,*,#48,.T.);
#50=CARTESIAN_POINT('',(-16.750126107,-31.126283336,8.700000048));
#51=VERTEX_POINT('',#50);
#52=CARTESIAN_POINT('',(-10.584175587,-31.126283336,8.700000048));
#53=DIRECTION('',(-1.,0.,0.));
#54=VECTOR('',#53,6.16595052);
#55=LINE('',#52,#54);
#56=EDGE_CURVE('',#43,#51,#55,.T.);
#57=ORIENTED_EDGE('',*,*,#56,.T.);
#58=CARTESIAN_POINT('',(-16.750126107,-31.126283336,8.700000048));
#59=DIRECTION('',(0.,-0.,-1.));
#60=VECTOR('',#59,0.500000048);
#61=LINE('',#58,#60);
#62=EDGE_CURVE('',#51,#33,#61,.T.);
#63=ORIENTED_EDGE('',*,*,#62,.T.);
#64=EDGE_LOOP('',(#41,#49,#57,#63));
#65=FACE_BOUND('',#64,.T.);
#66=ADVANCED_FACE('',(#65),#31,.F.);
#67=CARTESIAN_POINT('',(68.510243956,38.508718801,2.200000048));
#68=DIRECTION('',(-0.,-1.,0.));
#69=DIRECTION('',(0.,0.,1.));
#70=AXIS2_PLACEMENT_3D('',#67,#68,#69);
#71=PLANE('',#70);
#72=CARTESIAN_POINT('',(67.510243956,38.508718801,8.2));
#73=VERTEX_POINT('',#72);
#74=CARTESIAN_POINT('',(53.271327168,38.508718801,8.2));
#75=VERTEX_POINT('',#74);
#76=CARTESIAN_POINT('',(67.510243956,38.508718801,8.2));
#77=DIRECTION('',(-1.,0.,0.));
#78=VECTOR('',#77,14.238916788);
#79=LINE('',#76,#78);
#80=EDGE_CURVE('',#73,#75,#79,.T.);
#81=ORIENTED_EDGE('',*,*,#80,.T.);
#82=CARTESIAN_POINT('',(53.271327168,38.508718801,8.700000048));
#83=VERTEX_POINT('',#82);
#84=CARTESIAN_POINT('',(53.271327168,38.508718801,8.2));
#85=DIRECTION('',(0.,0.,1.));
#86=VECTOR('',#85,0.500000048);
#87=LINE('',#84,#86);
#88=EDGE_CURVE('',#75,#83,#87,.T.);
#89=ORIENTED_EDGE('',*,*,#88,.T.);
#90=CARTESIAN_POINT('',(67.510243956,38.508718801,8.700000048));
#91=VERTEX_POINT('',#90);
#92=CARTESIAN_POINT('',(53.271327168,38.508718801,8.700000048));
#93=DIRECTION('',(1.,-0.,0.));
#94=VECTOR('',#93,14.238916788);
#95=LINE('',#92,#94);
#96=EDGE_CURVE('',#83,#91,#95,.T.);
#97=ORIENTED_EDGE('',*,*,#96,.T.);
#98=CARTESIAN_POINT('',(67.510243956,38.508718801,8.700000048));
#99=DIRECTION('',(0.,0.,-1.));
#100=VECTOR('',#99,0.500000048);
#101=LINE('',#98,#100);
#102=EDGE_CURVE('',#91,#73,#101,.T.);
#103=ORIENTED_EDGE('',*,*,#102,.T.);
#104=EDGE_LOOP('',(#81,#89,#97,#103));
#105=FACE_BOUND('',#104,.T.);
#106=ADVANCED_FACE('',(#105),#71,.F.);
#107=CARTESIAN_POINT('',(-17.889755662,40.633718801,2.200000048));
#108=DIRECTION('',(-0.,-1.,0.));
#109=DIRECTION('',(-0.995322813,0.,0.096604854));
#110=AXIS2_PLACEMENT_3D('',#107,#108,#109);
#111=PLANE('',#110);
#112=CARTESIAN_POINT('',(-17.889755662,40.633718801,8.2));
#113=VERTEX_POINT('',#112);
#114=CARTESIAN_POINT('',(-23.566290736,40.633718801,8.2));
#115=VERTEX_POINT('',#114);
#116=CARTESIAN_POINT('',(-17.889755662,40.633718801,8.2));
#117=DIRECTION('',(-1.,0.,0.));
#118=VECTOR('',#117,5.676535074);
#119=LINE('',#116,#118);
#120=EDGE_CURVE('',#113,#115,#119,.T.);
#121=ORIENTED_EDGE('',*,*,#120,.T.);
#122=CARTESIAN_POINT('',(-23.566290736,40.633718801,8.700000048));
#123=VERTEX_POINT('',#122);
#124=CARTESIAN_POINT('',(-23.566290736,40.633718801,8.2));
#125=DIRECTION('',(0.,0.,1.));
#126=VECTOR('',#125,0.500000048);
#127=LINE('',#124,#126);
#128=EDGE_CURVE('',#115,#123,#127,.T.);
#129=ORIENTED_EDGE('',*,*,#128,.T.);
#130=CARTESIAN_POINT('',(-17.889755662,40.633718801,8.700000048));
#131=VERTEX_POINT('',#130);
#132=CARTESIAN_POINT('',(-23.566290736,40.633718801,8.700000048));
#133=DIRECTION('',(1.,-0.,0.));
#134=VECTOR('',#133,5.676535074);
#135=LINE('',#132,#134);
#136=EDGE_CURVE('',#123,#131,#135,.T.);
#137=ORIENTED_EDGE('',*,*,#136,.T.);
#138=CARTESIAN_POINT('',(-17.889755662,40.633718801,8.700000048));
#139=DIRECTION('',(-0.,-0.,-1.));
#140=VECTOR('',#139,0.500000048);
#141=LINE('',#138,#140);
#142=EDGE_CURVE('',#131,#113,#141,.T.);
#143=ORIENTED_EDGE('',*,*,#142,.T.);
#144=EDGE_LOOP('',(#121,#129,#137,#143));
#145=FACE_BOUND('',#144,.T.);
#146=ADVANCED_FACE('',(#145),#111,.F.);
#147=CARTESIAN_POINT('',(-17.889755662,40.633718801,2.200000048));
#148=DIRECTION('',(-0.,-1.,0.));
#149=DIRECTION('',(-0.995322813,0.,0.096604854));
#150=AXIS2_PLACEMENT_3D('',#147,#148,#149);
#151=PLANE('',#150);
#152=CARTESIAN_POINT('',(-55.455721915,40.633718801,8.700000048));
#153=VERTEX_POINT('',#152);
#154=CARTESIAN_POINT('',(-27.366290736,40.633718801,8.700000048));
#155=VERTEX_POINT('',#154);
#156=CARTESIAN_POINT('',(-55.455721915,40.633718801,8.700000048));
#157=DIRECTION('',(1.,-0.,0.));
#158=VECTOR('',#157,28.089431179);
#159=LINE('',#156,#158);
#160=EDGE_CURVE('',#153,#155,#159,.T.);
#161=ORIENTED_EDGE('',*,*,#160,.T.);
#162=CARTESIAN_POINT('',(-27.366290736,40.633718801,8.2));
#163=VERTEX_POINT('',#162);
#164=CARTESIAN_POINT('',(-27.366290736,40.633718801,8.700000048));
#165=DIRECTION('',(0.,0.,-1.));
#166=VECTOR('',#165,0.500000048);
#167=LINE('',#164,#166);
#168=EDGE_CURVE('',#155,#163,#167,.T.);
#169=ORIENTED_EDGE('',*,*,#168,.T.);
#170=CARTESIAN_POINT('',(-55.455721915,40.633718801,8.2));
#171=VERTEX_POINT('',#170);
#172=CARTESIAN_POINT('',(-27.366290736,40.633718801,8.2));
#173=DIRECTION('',(-1.,0.,0.));
#174=VECTOR('',#173,28.089431179);
#175=LINE('',#172,#174);
#176=EDGE_CURVE('',#163,#171,#175,.T.);
#177=ORIENTED_EDGE('',*,*,#176,.T.);
#178=CARTESIAN_POINT('',(-55.455721915,40.633718801,8.2));
#179=DIRECTION('',(0.,0.,1.));
#180=VECTOR('',#179,0.500000048);
#181=LINE('',#178,#180);
#182=EDGE_CURVE('',#171,#153,#181,.T.);
#183=ORIENTED_EDGE('',*,*,#182,.T.);
#184=EDGE_LOOP('',(#161,#169,#177,#183));
#185=FACE_BOUND('',#184,.T.);
#186=ADVANCED_FACE('',(#185),#151,.F.);
#187=CARTESIAN_POINT('',(-0.889756139,44.883718801,2.200000048));
#188=DIRECTION('',(-0.,-1.,0.));
#189=DIRECTION('',(1.,-0.,0.));
#190=AXIS2_PLACEMENT_3D('',#187,#188,#189);
#191=PLANE('',#190);
#192=CARTESIAN_POINT('',(16.510243956,44.883718801,8.2));
#193=VERTEX_POINT('',#192);
#194=CARTESIAN_POINT('',(10.639244691,44.883718801,8.2));
#195=VERTEX_POINT('',#194);
#196=CARTESIAN_POINT('',(16.510243956,44.883718801,8.2));
#197=DIRECTION('',(-1.,0.,0.));
#198=VECTOR('',#197,5.870999266);
#199=LINE('',#196,#198);
#200=EDGE_CURVE('',#193,#195,#199,.T.);
#201=ORIENTED_EDGE('',*,*,#200,.T.);
#202=CARTESIAN_POINT('',(10.639244691,44.883718801,8.700000048));
#203=VERTEX_POINT('',#202);
#204=CARTESIAN_POINT('',(10.639244691,44.883718801,8.2));
#205=DIRECTION('',(0.,0.,1.));
#206=VECTOR('',#205,0.500000048);
#207=LINE('',#204,#206);
#208=EDGE_CURVE('',#195,#203,#207,.T.);
#209=ORIENTED_EDGE('',*,*,#208,.T.);
#210=CARTESIAN_POINT('',(16.510243956,44.883718801,8.700000048));
#211=VERTEX_POINT('',#210);
#212=CARTESIAN_POINT('',(10.639244691,44.883718801,8.700000048));
#213=DIRECTION('',(1.,-0.,0.));
#214=VECTOR('',#213,5.870999266);
#215=LINE('',#212,#214);
#216=EDGE_CURVE('',#203,#211,#215,.T.);
#217=ORIENTED_EDGE('',*,*,#216,.T.);
#218=CARTESIAN_POINT('',(16.510243956,44.883718801,8.700000048));
#219=DIRECTION('',(-0.,-0.,-1.));
#220=VECTOR('',#219,0.500000048);
#221=LINE('',#218,#220);
#222=EDGE_CURVE('',#211,#193,#221,.T.);
#223=ORIENTED_EDGE('',*,*,#222,.T.);
#224=EDGE_LOOP('',(#201,#209,#217,#223));
#225=FACE_BOUND('',#224,.T.);
#226=ADVANCED_FACE('',(#225),#191,.F.);
#227=CARTESIAN_POINT('',(33.110244338,-26.641282725,5.5));
#228=DIRECTION('',(0.,1.,0.));
#229=DIRECTION('',(-0.981675448,0.,-0.190560525));
#230=AXIS2_PLACEMENT_3D('',#227,#228,#229);
#231=PLANE('',#230);
#232=CARTESIAN_POINT('',(17.110243956,-26.641282725,8.2));
#233=VERTEX_POINT('',#232);
#234=CARTESIAN_POINT('',(23.459438235,-26.641282725,8.2));
#235=VERTEX_POINT('',#234);
#236=CARTESIAN_POINT('',(17.110243956,-26.641282725,8.2));
#237=DIRECTION('',(1.,-0.,0.));
#238=VECTOR('',#237,6.349194278);
#239=LINE('',#236,#238);
#240=EDGE_CURVE('',#233,#235,#239,.T.);
#241=ORIENTED_EDGE('',*,*,#240,.T.);
#242=CARTESIAN_POINT('',(23.459438235,-26.641282725,8.700000048));
#243=VERTEX_POINT('',#242);
#244=CARTESIAN_POINT('',(23.459438235,-26.641282725,8.2));
#245=DIRECTION('',(0.,0.,1.));
#246=VECTOR('',#245,0.500000048);
#247=LINE('',#244,#246);
#248=EDGE_CURVE('',#235,#243,#247,.T.);
#249=ORIENTED_EDGE('',*,*,#248,.T.);
#250=CARTESIAN_POINT('',(17.110243956,-26.641282725,8.700000048));
#251=VERTEX_POINT('',#250);
#252=CARTESIAN_POINT('',(23.459438235,-26.641282725,8.700000048));
#253=DIRECTION('',(-1.,0.,0.));
#254=VECTOR('',#253,6.349194278);
#255=LINE('',#252,#254);
#256=EDGE_CURVE('',#243,#251,#255,.T.);
#257=ORIENTED_EDGE('',*,*,#256,.T.);
#258=CARTESIAN_POINT('',(17.110243956,-26.641282725,8.700000048));
#259=DIRECTION('',(0.,0.,-1.));
#260=VECTOR('',#259,0.500000048);
#261=LINE('',#258,#260);
#262=EDGE_CURVE('',#251,#233,#261,.T.);
#263=ORIENTED_EDGE('',*,*,#262,.T.);
#264=EDGE_LOOP('',(#241,#249,#257,#263));
#265=FACE_BOUND('',#264,.T.);
#266=ADVANCED_FACE('',(#265),#231,.F.);
#267=CARTESIAN_POINT('',(68.510243956,-30.891282725,5.5));
#268=DIRECTION('',(0.,1.,0.));
#269=DIRECTION('',(-0.995683099,0.,-0.092817916));
#270=AXIS2_PLACEMENT_3D('',#267,#268,#269);
#271=PLANE('',#270);
#272=CARTESIAN_POINT('',(34.110244338,-30.891282725,8.2));
#273=VERTEX_POINT('',#272);
#274=CARTESIAN_POINT('',(60.046318918,-30.891282725,8.2));
#275=VERTEX_POINT('',#274);
#276=CARTESIAN_POINT('',(34.110244338,-30.891282725,8.2));
#277=DIRECTION('',(1.,-0.,0.));
#278=VECTOR('',#277,25.936074581);
#279=LINE('',#276,#278);
#280=EDGE_CURVE('',#273,#275,#279,.T.);
#281=ORIENTED_EDGE('',*,*,#280,.T.);
#282=CARTESIAN_POINT('',(60.046318918,-30.891282725,8.700000048));
#283=VERTEX_POINT('',#282);
#284=CARTESIAN_POINT('',(60.046318918,-30.891282725,8.2));
#285=DIRECTION('',(0.,0.,1.));
#286=VECTOR('',#285,0.500000048);
#287=LINE('',#284,#286);
#288=EDGE_CURVE('',#275,#283,#287,.T.);
#289=ORIENTED_EDGE('',*,*,#288,.T.);
#290=CARTESIAN_POINT('',(34.110244338,-30.891282725,8.700000048));
#291=VERTEX_POINT('',#290);
#292=CARTESIAN_POINT('',(60.046318918,-30.891282725,8.700000048));
#293=DIRECTION('',(-1.,0.,0.));
#294=VECTOR('',#293,25.936074581);
#295=LINE('',#292,#294);
#296=EDGE_CURVE('',#283,#291,#295,.T.);
#297=ORIENTED_EDGE('',*,*,#296,.T.);
#298=CARTESIAN_POINT('',(34.110244338,-30.891282725,8.700000048));
#299=DIRECTION('',(-0.,-0.,-1.));
#300=VECTOR('',#299,0.500000048);
#301=LINE('',#298,#300);
#302=EDGE_CURVE('',#291,#273,#301,.T.);
#303=ORIENTED_EDGE('',*,*,#302,.T.);
#304=EDGE_LOOP('',(#281,#289,#297,#303));
#305=FACE_BOUND('',#304,.T.);
#306=ADVANCED_FACE('',(#305),#271,.F.);
#307=CARTESIAN_POINT('',(-33.536210131,-34.653829374,5.5));
#308=DIRECTION('',(-0.390729293,0.920505633,0.));
#309=DIRECTION('',(0.,0.,-1.));
#310=AXIS2_PLACEMENT_3D('',#307,#308,#309);
#311=PLANE('',#310);
#312=CARTESIAN_POINT('',(-54.12717017,-43.394124894,8.2));
#313=VERTEX_POINT('',#312);
#314=CARTESIAN_POINT('',(-43.876290771,-39.042908869,8.2));
#315=VERTEX_POINT('',#314);
#316=CARTESIAN_POINT('',(-54.12717017,-43.394124894,8.2));
#317=DIRECTION('',(0.920505633,0.390729293,0.));
#318=VECTOR('',#317,11.136139787);
#319=LINE('',#316,#318);
#320=EDGE_CURVE('',#313,#315,#319,.T.);
#321=ORIENTED_EDGE('',*,*,#320,.T.);
#322=CARTESIAN_POINT('',(-43.876290771,-39.042908869,8.700000048));
#323=VERTEX_POINT('',#322);
#324=CARTESIAN_POINT('',(-43.876290771,-39.042908869,8.2));
#325=DIRECTION('',(0.,0.,1.));
#326=VECTOR('',#325,0.500000048);
#327=LINE('',#324,#326);
#328=EDGE_CURVE('',#315,#323,#327,.T.);
#329=ORIENTED_EDGE('',*,*,#328,.T.);
#330=CARTESIAN_POINT('',(-54.12717017,-43.394124894,8.700000048));
#331=VERTEX_POINT('',#330);
#332=CARTESIAN_POINT('',(-43.876290771,-39.042908869,8.700000048));
#333=DIRECTION('',(-0.920505633,-0.390729293,0.));
#334=VECTOR('',#333,11.136139787);
#335=LINE('',#332,#334);
#336=EDGE_CURVE('',#323,#331,#335,.T.);
#337=ORIENTED_EDGE('',*,*,#336,.T.);
#338=CARTESIAN_POINT('',(-54.12717017,-43.394124894,8.700000048));
#339=DIRECTION('',(-0.,-0.,-1.));
#340=VECTOR('',#339,0.500000048);
#341=LINE('',#338,#340);
#342=EDGE_CURVE('',#331,#313,#341,.T.);
#343=ORIENTED_EDGE('',*,*,#342,.T.);
#344=EDGE_LOOP('',(#321,#329,#337,#343));
#345=FACE_BOUND('',#344,.T.);
#346=ADVANCED_FACE('',(#345),#311,.F.);
#347=CARTESIAN_POINT('',(-55.438409177,-42.86433894,5.5));
#348=DIRECTION('',(0.920506375,0.390727545,0.));
#349=DIRECTION('',(-0.38459119,0.906049873,-0.17653114));
#350=AXIS2_PLACEMENT_3D('',#347,#348,#349);
#351=PLANE('',#350);
#352=CARTESIAN_POINT('',(-64.63975757,-21.187085921,8.2));
#353=VERTEX_POINT('',#352);
#354=CARTESIAN_POINT('',(-55.438405838,-42.864346806,8.2));
#355=VERTEX_POINT('',#354);
#356=CARTESIAN_POINT('',(-64.63975757,-21.187085921,8.2));
#357=DIRECTION('',(0.390727545,-0.920506375,0.));
#358=VECTOR('',#357,23.5492784);
#359=LINE('',#356,#358);
#360=EDGE_CURVE('',#353,#355,#359,.T.);
#361=ORIENTED_EDGE('',*,*,#360,.T.);
#362=CARTESIAN_POINT('',(-55.438405838,-42.864346806,8.700000048));
#363=VERTEX_POINT('',#362);
#364=CARTESIAN_POINT('',(-55.438405838,-42.864346806,8.2));
#365=DIRECTION('',(0.,0.,1.));
#366=VECTOR('',#365,0.500000048);
#367=LINE('',#364,#366);
#368=EDGE_CURVE('',#355,#363,#367,.T.);
#369=ORIENTED_EDGE('',*,*,#368,.T.);
#370=CARTESIAN_POINT('',(-64.63975757,-21.187085921,8.700000048));
#371=VERTEX_POINT('',#370);
#372=CARTESIAN_POINT('',(-55.438405838,-42.864346806,8.700000048));
#373=DIRECTION('',(-0.390727545,0.920506375,0.));
#374=VECTOR('',#373,23.5492784);
#375=LINE('',#372,#374);
#376=EDGE_CURVE('',#363,#371,#375,.T.);
#377=ORIENTED_EDGE('',*,*,#376,.T.);
#378=CARTESIAN_POINT('',(-64.63975757,-21.187085921,8.2));
#379=DIRECTION('',(-0.,-0.,1.));
#380=VECTOR('',#379,0.500000048);
#381=LINE('',#378,#380);
#382=EDGE_CURVE('',#353,#371,#381,.T.);
#383=ORIENTED_EDGE('',*,*,#382,.F.);
#384=EDGE_LOOP('',(#361,#369,#377,#383));
#385=FACE_BOUND('',#384,.T.);
#386=ADVANCED_FACE('crnxx-right-top-case',(#385),#351,.F.);
#387=CARTESIAN_POINT('',(-16.647896269,-31.10468422,5.5));
#388=DIRECTION('',(-0.206716495,0.978400885,-0.));
#389=DIRECTION('',(-0.961359699,-0.203116034,-0.18582628));
#390=AXIS2_PLACEMENT_3D('',#387,#388,#389);
#391=PLANE('',#390);
#392=CARTESIAN_POINT('',(-33.625411372,-34.691692844,8.700000048));
#393=VERTEX_POINT('',#392);
#394=CARTESIAN_POINT('',(-33.625411372,-34.691692844,8.2));
#395=VERTEX_POINT('',#394);
#396=CARTESIAN_POINT('',(-33.625411372,-34.691692844,8.700000048));
#397=DIRECTION('',(-0.,-0.,-1.));
#398=VECTOR('',#397,0.500000048);
#399=LINE('',#396,#398);
#400=EDGE_CURVE('',#393,#395,#399,.T.);
#401=ORIENTED_EDGE('',*,*,#400,.T.);
#402=CARTESIAN_POINT('',(-33.625411372,-34.691692844,8.2));
#403=DIRECTION('',(0.978400885,0.206716495,0.));
#404=VECTOR('',#403,17.247822985);
#405=LINE('',#402,#404);
#406=EDGE_CURVE('',#395,#33,#405,.T.);
#407=ORIENTED_EDGE('',*,*,#406,.T.);
#408=ORIENTED_EDGE('',*,*,#62,.F.);
#409=CARTESIAN_POINT('',(-16.750126107,-31.126283336,8.700000048));
#410=DIRECTION('',(-0.978400885,-0.206716495,0.));
#411=VECTOR('',#410,17.247822985);
#412=LINE('',#409,#411);
#413=EDGE_CURVE('',#51,#393,#412,.T.);
#414=ORIENTED_EDGE('',*,*,#413,.T.);
#415=EDGE_LOOP('',(#401,#407,#408,#414));
#416=FACE_BOUND('',#415,.T.);
#417=ADVANCED_FACE('crnxx-right-top-case',(#416),#391,.F.);
#418=CARTESIAN_POINT('',(0.510243956,-31.126283336,5.5));
#419=DIRECTION('',(0.,1.,-0.));
#420=DIRECTION('',(-0.982417425,0.,-0.186697622));
#421=AXIS2_PLACEMENT_3D('',#418,#419,#420);
#422=PLANE('',#421);
#423=CARTESIAN_POINT('',(15.110243956,-31.126283336,8.700000048));
#424=VERTEX_POINT('',#423);
#425=CARTESIAN_POINT('',(-6.784175587,-31.126283336,8.700000048));
#426=VERTEX_POINT('',#425);
#427=CARTESIAN_POINT('',(15.110243956,-31.126283336,8.700000048));
#428=DIRECTION('',(-1.,0.,0.));
#429=VECTOR('',#428,21.894419543);
#430=LINE('',#427,#429);
#431=EDGE_CURVE('',#424,#426,#430,.T.);
#432=ORIENTED_EDGE('',*,*,#431,.T.);
#433=CARTESIAN_POINT('',(-6.784175587,-31.126283336,8.2));
#434=VERTEX_POINT('',#433);
#435=CARTESIAN_POINT('',(-6.784175587,-31.126283336,8.700000048));
#436=DIRECTION('',(0.,-0.,-1.));
#437=VECTOR('',#436,0.500000048);
#438=LINE('',#435,#437);
#439=EDGE_CURVE('',#426,#434,#438,.T.);
#440=ORIENTED_EDGE('',*,*,#439,.T.);
#441=CARTESIAN_POINT('',(15.110243956,-31.126283336,8.2));
#442=VERTEX_POINT('',#441);
#443=CARTESIAN_POINT('',(-6.784175587,-31.126283336,8.2));
#444=DIRECTION('',(1.,-0.,0.));
#445=VECTOR('',#444,21.894419543);
#446=LINE('',#443,#445);
#447=EDGE_CURVE('',#434,#442,#446,.T.);
#448=ORIENTED_EDGE('',*,*,#447,.T.);
#449=CARTESIAN_POINT('',(15.110243956,-31.126283336,8.2));
#450=DIRECTION('',(0.,0.,1.));
#451=VECTOR('',#450,0.500000048);
#452=LINE('',#449,#451);
#453=EDGE_CURVE('',#442,#424,#452,.T.);
#454=ORIENTED_EDGE('',*,*,#453,.T.);
#455=EDGE_LOOP('',(#432,#440,#448,#454));
#456=FACE_BOUND('',#455,.T.);
#457=ADVANCED_FACE('crnxx-right-top-case',(#456),#422,.F.);
#458=CARTESIAN_POINT('',(16.110243956,-7.516282725,5.5));
#459=DIRECTION('',(-1.,0.,0.));
#460=DIRECTION('',(-0.,-0.98951605,-0.144422947));
#461=AXIS2_PLACEMENT_3D('',#458,#459,#460);
#462=PLANE('',#461);
#463=CARTESIAN_POINT('',(16.110243956,-27.641282725,8.700000048));
#464=VERTEX_POINT('',#463);
#465=CARTESIAN_POINT('',(16.110243956,-30.126283336,8.700000048));
#466=VERTEX_POINT('',#465);
#467=CARTESIAN_POINT('',(16.110243956,-27.641282725,8.700000048));
#468=DIRECTION('',(-0.,-1.,0.));
#469=VECTOR('',#468,2.48500061);
#470=LINE('',#467,#469);
#471=EDGE_CURVE('',#464,#466,#470,.T.);
#472=ORIENTED_EDGE('',*,*,#471,.T.);
#473=CARTESIAN_POINT('',(16.110243956,-30.126283336,8.2));
#474=VERTEX_POINT('',#473);
#475=CARTESIAN_POINT('',(16.110243956,-30.126283336,8.700000048));
#476=DIRECTION('',(-0.,-0.,-1.));
#477=VECTOR('',#476,0.500000048);
#478=LINE('',#475,#477);
#479=EDGE_CURVE('',#466,#474,#478,.T.);
#480=ORIENTED_EDGE('',*,*,#479,.T.);
#481=CARTESIAN_POINT('',(16.110243956,-27.641282725,8.2));
#482=VERTEX_POINT('',#481);
#483=CARTESIAN_POINT('',(16.110243956,-30.126283336,8.2));
#484=DIRECTION('',(0.,1.,0.));
#485=VECTOR('',#484,2.48500061);
#486=LINE('',#483,#485);
#487=EDGE_CURVE('',#474,#482,#486,.T.);
#488=ORIENTED_EDGE('',*,*,#487,.T.);
#489=CARTESIAN_POINT('',(16.110243956,-27.641282725,8.2));
#490=DIRECTION('',(-0.,-0.,1.));
#491=VECTOR('',#490,0.500000048);
#492=LINE('',#489,#491);
#493=EDGE_CURVE('',#482,#464,#492,.T.);
#494=ORIENTED_EDGE('',*,*,#493,.T.);
#495=EDGE_LOOP('',(#472,#480,#488,#494));
#496=FACE_BOUND('',#495,.T.);
#497=ADVANCED_FACE('crnxx-right-top-case',(#496),#462,.F.);
#498=CARTESIAN_POINT('',(-64.63975757,13.733717275,5.5));
#499=DIRECTION('',(1.,-0.,0.));
#500=DIRECTION('',(0.,0.984295049,-0.176531178));
#501=AXIS2_PLACEMENT_3D('',#498,#499,#500);
#502=PLANE('',#501);
#503=CARTESIAN_POINT('',(-64.63975757,39.633718801,8.700000048));
#504=VERTEX_POINT('',#503);
#505=CARTESIAN_POINT('',(-64.63975757,-21.187085921,8.700000048));
#506=DIRECTION('',(0.,1.,0.));
#507=VECTOR('',#506,60.820804722);
#508=LINE('',#505,#507);
#509=EDGE_CURVE('',#371,#504,#508,.T.);
#510=ORIENTED_EDGE('',*,*,#509,.T.);
#511=CARTESIAN_POINT('',(-64.63975757,39.633718801,8.2));
#512=VERTEX_POINT('',#511);
#513=CARTESIAN_POINT('',(-64.63975757,39.633718801,8.700000048));
#514=DIRECTION('',(-0.,-0.,-1.));
#515=VECTOR('',#514,0.500000048);
#516=LINE('',#513,#515);
#517=EDGE_CURVE('',#504,#512,#516,.T.);
#518=ORIENTED_EDGE('',*,*,#517,.T.);
#519=CARTESIAN_POINT('',(-64.63975757,39.633718801,8.2));
#520=DIRECTION('',(-0.,-1.,0.));
#521=VECTOR('',#520,60.820804722);
#522=LINE('',#519,#521);
#523=EDGE_CURVE('',#512,#353,#522,.T.);
#524=ORIENTED_EDGE('',*,*,#523,.T.);
#525=ORIENTED_EDGE('',*,*,#382,.T.);
#526=EDGE_LOOP('',(#510,#518,#524,#525));
#527=FACE_BOUND('',#526,.T.);
#528=ADVANCED_FACE('crnxx-right-top-case',(#527),#502,.F.);
#529=CARTESIAN_POINT('',(68.510243956,38.508718801,2.200000048));
#530=DIRECTION('',(-0.,-1.,0.));
#531=DIRECTION('',(0.,0.,1.));
#532=AXIS2_PLACEMENT_3D('',#529,#530,#531);
#533=PLANE('',#532);
#534=CARTESIAN_POINT('',(34.510243956,38.508718801,8.700000048));
#535=VERTEX_POINT('',#534);
#536=CARTESIAN_POINT('',(49.471327168,38.508718801,8.700000048));
#537=VERTEX_POINT('',#536);
#538=CARTESIAN_POINT('',(34.510243956,38.508718801,8.700000048));
#539=DIRECTION('',(1.,-0.,0.));
#540=VECTOR('',#539,14.961083212);
#541=LINE('',#538,#540);
#542=EDGE_CURVE('',#535,#537,#541,.T.);
#543=ORIENTED_EDGE('',*,*,#542,.T.);
#544=CARTESIAN_POINT('',(49.471327168,38.508718801,8.2));
#545=VERTEX_POINT('',#544);
#546=CARTESIAN_POINT('',(49.471327168,38.508718801,8.700000048));
#547=DIRECTION('',(0.,0.,-1.));
#548=VECTOR('',#547,0.500000048);
#549=LINE('',#546,#548);
#550=EDGE_CURVE('',#537,#545,#549,.T.);
#551=ORIENTED_EDGE('',*,*,#550,.T.);
#552=CARTESIAN_POINT('',(34.510243956,38.508718801,8.2));
#553=VERTEX_POINT('',#552);
#554=CARTESIAN_POINT('',(49.471327168,38.508718801,8.2));
#555=DIRECTION('',(-1.,0.,0.));
#556=VECTOR('',#555,14.961083212);
#557=LINE('',#554,#556);
#558=EDGE_CURVE('',#545,#553,#557,.T.);
#559=ORIENTED_EDGE('',*,*,#558,.T.);
#560=CARTESIAN_POINT('',(34.510243956,38.508718801,8.2));
#561=DIRECTION('',(-0.,-0.,1.));
#562=VECTOR('',#561,0.500000048);
#563=LINE('',#560,#562);
#564=EDGE_CURVE('',#553,#535,#563,.T.);
#565=ORIENTED_EDGE('',*,*,#564,.T.);
#566=EDGE_LOOP('',(#543,#551,#559,#565));
#567=FACE_BOUND('',#566,.T.);
#568=ADVANCED_FACE('crnxx-right-top-case',(#567),#533,.F.);
#569=CARTESIAN_POINT('',(-17.889755662,40.633718801,2.200000048));
#570=DIRECTION('',(-0.,-1.,0.));
#571=DIRECTION('',(-0.995322813,0.,0.096604854));
#572=AXIS2_PLACEMENT_3D('',#569,#570,#571);
#573=PLANE('',#572);
#574=CARTESIAN_POINT('',(-63.63975757,40.633718801,8.700000048));
#575=VERTEX_POINT('',#574);
#576=CARTESIAN_POINT('',(-59.255721915,40.633718801,8.700000048));
#577=VERTEX_POINT('',#576);
#578=CARTESIAN_POINT('',(-63.63975757,40.633718801,8.700000048));
#579=DIRECTION('',(1.,-0.,0.));
#580=VECTOR('',#579,4.384035655);
#581=LINE('',#578,#580);
#582=EDGE_CURVE('',#575,#577,#581,.T.);
#583=ORIENTED_EDGE('',*,*,#582,.T.);
#584=CARTESIAN_POINT('',(-59.255721915,40.633718801,8.2));
#585=VERTEX_POINT('',#584);
#586=CARTESIAN_POINT('',(-59.255721915,40.633718801,8.700000048));
#587=DIRECTION('',(0.,0.,-1.));
#588=VECTOR('',#587,0.500000048);
#589=LINE('',#586,#588);
#590=EDGE_CURVE('',#577,#585,#589,.T.);
#591=ORIENTED_EDGE('',*,*,#590,.T.);
#592=CARTESIAN_POINT('',(-63.63975757,40.633718801,8.2));
#593=VERTEX_POINT('',#592);
#594=CARTESIAN_POINT('',(-59.255721915,40.633718801,8.2));
#595=DIRECTION('',(-1.,0.,0.));
#596=VECTOR('',#595,4.384035655);
#597=LINE('',#594,#596);
#598=EDGE_CURVE('',#585,#593,#597,.T.);
#599=ORIENTED_EDGE('',*,*,#598,.T.);
#600=CARTESIAN_POINT('',(-63.63975757,40.633718801,8.2));
#601=DIRECTION('',(0.,0.,1.));
#602=VECTOR('',#601,0.500000048);
#603=LINE('',#600,#602);
#604=EDGE_CURVE('',#593,#575,#603,.T.);
#605=ORIENTED_EDGE('',*,*,#604,.T.);
#606=EDGE_LOOP('',(#583,#591,#599,#605));
#607=FACE_BOUND('',#606,.T.);
#608=ADVANCED_FACE('crnxx-right-top-case',(#607),#573,.F.);
#609=CARTESIAN_POINT('',(68.510243956,38.508718801,5.5));
#610=DIRECTION('',(-1.,0.,0.));
#611=DIRECTION('',(0.,0.,-1.));
#612=AXIS2_PLACEMENT_3D('',#609,#610,#611);
#613=PLANE('',#612);
#614=CARTESIAN_POINT('',(68.510243956,37.508718801,8.700000048));
#615=VERTEX_POINT('',#614);
#616=CARTESIAN_POINT('',(68.510243956,-29.891282725,8.700000048));
#617=VERTEX_POINT('',#616);
#618=CARTESIAN_POINT('',(68.510243956,37.508718801,8.700000048));
#619=DIRECTION('',(-0.,-1.,0.));
#620=VECTOR('',#619,67.400001526);
#621=LINE('',#618,#620);
#622=EDGE_CURVE('',#615,#617,#621,.T.);
#623=ORIENTED_EDGE('',*,*,#622,.T.);
#624=CARTESIAN_POINT('',(68.510243956,-29.891282725,8.2));
#625=VERTEX_POINT('',#624);
#626=CARTESIAN_POINT('',(68.510243956,-29.891282725,8.700000048));
#627=DIRECTION('',(-0.,-0.,-1.));
#628=VECTOR('',#627,0.500000048);
#629=LINE('',#626,#628);
#630=EDGE_CURVE('',#617,#625,#629,.T.);
#631=ORIENTED_EDGE('',*,*,#630,.T.);
#632=CARTESIAN_POINT('',(68.510243956,37.508718801,8.2));
#633=VERTEX_POINT('',#632);
#634=CARTESIAN_POINT('',(68.510243956,-29.891282725,8.2));
#635=DIRECTION('',(0.,1.,0.));
#636=VECTOR('',#635,67.400001526);
#637=LINE('',#634,#636);
#638=EDGE_CURVE('',#625,#633,#637,.T.);
#639=ORIENTED_EDGE('',*,*,#638,.T.);
#640=CARTESIAN_POINT('',(68.510243956,37.508718801,8.2));
#641=DIRECTION('',(-0.,-0.,1.));
#642=VECTOR('',#641,0.500000048);
#643=LINE('',#640,#642);
#644=EDGE_CURVE('',#633,#615,#643,.T.);
#645=ORIENTED_EDGE('',*,*,#644,.T.);
#646=EDGE_LOOP('',(#623,#631,#639,#645));
#647=FACE_BOUND('',#646,.T.);
#648=ADVANCED_FACE('crnxx-right-top-case',(#647),#613,.F.);
#649=CARTESIAN_POINT('',(-17.889755662,40.633718801,5.5));
#650=DIRECTION('',(1.,-0.,0.));
#651=DIRECTION('',(0.,0.541401279,-0.840764328));
#652=AXIS2_PLACEMENT_3D('',#649,#650,#651);
#653=PLANE('',#652);
#654=CARTESIAN_POINT('',(-17.889755662,41.758718801,8.700000048));
#655=VERTEX_POINT('',#654);
#656=CARTESIAN_POINT('',(-17.889755662,40.633718801,8.700000048));
#657=DIRECTION('',(0.,1.,0.));
#658=VECTOR('',#657,1.125);
#659=LINE('',#656,#658);
#660=EDGE_CURVE('',#131,#655,#659,.T.);
#661=ORIENTED_EDGE('',*,*,#660,.T.);
#662=CARTESIAN_POINT('',(-17.889755662,41.758718801,8.2));
#663=VERTEX_POINT('',#662);
#664=CARTESIAN_POINT('',(-17.889755662,41.758718801,8.700000048));
#665=DIRECTION('',(0.,0.,-1.));
#666=VECTOR('',#665,0.500000048);
#667=LINE('',#664,#666);
#668=EDGE_CURVE('',#655,#663,#667,.T.);
#669=ORIENTED_EDGE('',*,*,#668,.T.);
#670=CARTESIAN_POINT('',(-17.889755662,41.758718801,8.2));
#671=DIRECTION('',(-0.,-1.,0.));
#672=VECTOR('',#671,1.125);
#673=LINE('',#670,#672);
#674=EDGE_CURVE('',#663,#113,#673,.T.);
#675=ORIENTED_EDGE('',*,*,#674,.T.);
#676=ORIENTED_EDGE('',*,*,#142,.F.);
#677=EDGE_LOOP('',(#661,#669,#675,#676));
#678=FACE_BOUND('',#677,.T.);
#679=ADVANCED_FACE('crnxx-right-top-case',(#678),#653,.F.);
#680=CARTESIAN_POINT('',(-17.889755662,42.758718801,5.5));
#681=DIRECTION('',(-0.,-1.,-0.));
#682=DIRECTION('',(0.981675447,-0.,-0.190560531));
#683=AXIS2_PLACEMENT_3D('',#680,#681,#682);
#684=PLANE('',#683);
#685=CARTESIAN_POINT('',(-0.889756139,42.758718801,8.2));
#686=VERTEX_POINT('',#685);
#687=CARTESIAN_POINT('',(-16.889755662,42.758718801,8.2));
#688=VERTEX_POINT('',#687);
#689=CARTESIAN_POINT('',(-0.889756139,42.758718801,8.2));
#690=DIRECTION('',(-1.,0.,0.));
#691=VECTOR('',#690,15.999999523);
#692=LINE('',#689,#691);
#693=EDGE_CURVE('',#686,#688,#692,.T.);
#694=ORIENTED_EDGE('',*,*,#693,.T.);
#695=CARTESIAN_POINT('',(-16.889755662,42.758718801,8.700000048));
#696=VERTEX_POINT('',#695);
#697=CARTESIAN_POINT('',(-16.889755662,42.758718801,8.2));
#698=DIRECTION('',(-0.,-0.,1.));
#699=VECTOR('',#698,0.500000048);
#700=LINE('',#697,#699);
#701=EDGE_CURVE('',#688,#696,#700,.T.);
#702=ORIENTED_EDGE('',*,*,#701,.T.);
#703=CARTESIAN_POINT('',(-0.889756139,42.758718801,8.700000048));
#704=VERTEX_POINT('',#703);
#705=CARTESIAN_POINT('',(-16.889755662,42.758718801,8.700000048));
#706=DIRECTION('',(1.,-0.,0.));
#707=VECTOR('',#706,15.999999523);
#708=LINE('',#705,#707);
#709=EDGE_CURVE('',#696,#704,#708,.T.);
#710=ORIENTED_EDGE('',*,*,#709,.T.);
#711=CARTESIAN_POINT('',(-0.889756139,42.758718801,8.700000048));
#712=DIRECTION('',(-0.,-0.,-1.));
#713=VECTOR('',#712,0.500000048);
#714=LINE('',#711,#713);
#715=EDGE_CURVE('',#704,#686,#714,.T.);
#716=ORIENTED_EDGE('',*,*,#715,.T.);
#717=EDGE_LOOP('',(#694,#702,#710,#716));
#718=FACE_BOUND('',#717,.T.);
#719=ADVANCED_FACE('crnxx-right-top-case',(#718),#684,.F.);
#720=CARTESIAN_POINT('',(-0.889756139,42.758718801,5.5));
#721=DIRECTION('',(1.,-0.,0.));
#722=DIRECTION('',(0.,0.541401279,-0.840764328));
#723=AXIS2_PLACEMENT_3D('',#720,#721,#722);
#724=PLANE('',#723);
#725=CARTESIAN_POINT('',(-0.889756139,43.883718801,8.700000048));
#726=VERTEX_POINT('',#725);
#727=CARTESIAN_POINT('',(-0.889756139,42.758718801,8.700000048));
#728=DIRECTION('',(0.,1.,0.));
#729=VECTOR('',#728,1.125);
#730=LINE('',#727,#729);
#731=EDGE_CURVE('',#704,#726,#730,.T.);
#732=ORIENTED_EDGE('',*,*,#731,.T.);
#733=CARTESIAN_POINT('',(-0.889756139,43.883718801,8.2));
#734=VERTEX_POINT('',#733);
#735=CARTESIAN_POINT('',(-0.889756139,43.883718801,8.700000048));
#736=DIRECTION('',(0.,0.,-1.));
#737=VECTOR('',#736,0.500000048);
#738=LINE('',#735,#737);
#739=EDGE_CURVE('',#726,#734,#738,.T.);
#740=ORIENTED_EDGE('',*,*,#739,.T.);
#741=CARTESIAN_POINT('',(-0.889756139,43.883718801,8.2));
#742=DIRECTION('',(-0.,-1.,0.));
#743=VECTOR('',#742,1.125);
#744=LINE('',#741,#743);
#745=EDGE_CURVE('',#734,#686,#744,.T.);
#746=ORIENTED_EDGE('',*,*,#745,.T.);
#747=ORIENTED_EDGE('',*,*,#715,.F.);
#748=EDGE_LOOP('',(#732,#740,#746,#747));
#749=FACE_BOUND('',#748,.T.);
#750=ADVANCED_FACE('crnxx-right-top-case',(#749),#724,.F.);
#751=CARTESIAN_POINT('',(34.510243956,42.758718801,2.200000048));
#752=DIRECTION('',(-1.,0.,0.));
#753=DIRECTION('',(-0.,-1.,0.));
#754=AXIS2_PLACEMENT_3D('',#751,#752,#753);
#755=PLANE('',#754);
#756=CARTESIAN_POINT('',(34.510243956,41.758718801,8.2));
#757=VERTEX_POINT('',#756);
#758=CARTESIAN_POINT('',(34.510243956,38.508718801,8.2));
#759=DIRECTION('',(0.,1.,0.));
#760=VECTOR('',#759,3.25);
#761=LINE('',#758,#760);
#762=EDGE_CURVE('',#553,#757,#761,.T.);
#763=ORIENTED_EDGE('',*,*,#762,.T.);
#764=CARTESIAN_POINT('',(34.510243956,41.758718801,8.700000048));
#765=VERTEX_POINT('',#764);
#766=CARTESIAN_POINT('',(34.510243956,41.758718801,8.2));
#767=DIRECTION('',(0.,0.,1.));
#768=VECTOR('',#767,0.500000048);
#769=LINE('',#766,#768);
#770=EDGE_CURVE('',#757,#765,#769,.T.);
#771=ORIENTED_EDGE('',*,*,#770,.T.);
#772=CARTESIAN_POINT('',(34.510243956,41.758718801,8.700000048));
#773=DIRECTION('',(-0.,-1.,0.));
#774=VECTOR('',#773,3.25);
#775=LINE('',#772,#774);
#776=EDGE_CURVE('',#765,#535,#775,.T.);
#777=ORIENTED_EDGE('',*,*,#776,.T.);
#778=ORIENTED_EDGE('',*,*,#564,.F.);
#779=EDGE_LOOP('',(#763,#771,#777,#778));
#780=FACE_BOUND('',#779,.T.);
#781=ADVANCED_FACE('crnxx-right-top-case',(#780),#755,.F.);
#782=CARTESIAN_POINT('',(17.510243956,42.758718801,2.200000048));
#783=DIRECTION('',(-0.,-1.,0.));
#784=DIRECTION('',(1.,-0.,0.));
#785=AXIS2_PLACEMENT_3D('',#782,#783,#784);
#786=PLANE('',#785);
#787=CARTESIAN_POINT('',(17.510243956,42.758718801,8.700000048));
#788=VERTEX_POINT('',#787);
#789=CARTESIAN_POINT('',(33.510243956,42.758718801,8.700000048));
#790=VERTEX_POINT('',#789);
#791=CARTESIAN_POINT('',(17.510243956,42.758718801,8.700000048));
#792=DIRECTION('',(1.,-0.,0.));
#793=VECTOR('',#792,16.);
#794=LINE('',#791,#793);
#795=EDGE_CURVE('',#788,#790,#794,.T.);
#796=ORIENTED_EDGE('',*,*,#795,.T.);
#797=CARTESIAN_POINT('',(33.510243956,42.758718801,8.2));
#798=VERTEX_POINT('',#797);
#799=CARTESIAN_POINT('',(33.510243956,42.758718801,8.700000048));
#800=DIRECTION('',(-0.,-0.,-1.));
#801=VECTOR('',#800,0.500000048);
#802=LINE('',#799,#801);
#803=EDGE_CURVE('',#790,#798,#802,.T.);
#804=ORIENTED_EDGE('',*,*,#803,.T.);
#805=CARTESIAN_POINT('',(17.510243956,42.758718801,8.2));
#806=VERTEX_POINT('',#805);
#807=CARTESIAN_POINT('',(33.510243956,42.758718801,8.2));
#808=DIRECTION('',(-1.,0.,0.));
#809=VECTOR('',#808,16.);
#810=LINE('',#807,#809);
#811=EDGE_CURVE('',#798,#806,#810,.T.);
#812=ORIENTED_EDGE('',*,*,#811,.T.);
#813=CARTESIAN_POINT('',(17.510243956,42.758718801,8.2));
#814=DIRECTION('',(-0.,-0.,1.));
#815=VECTOR('',#814,0.500000048);
#816=LINE('',#813,#815);
#817=EDGE_CURVE('',#806,#788,#816,.T.);
#818=ORIENTED_EDGE('',*,*,#817,.T.);
#819=EDGE_LOOP('',(#796,#804,#812,#818));
#820=FACE_BOUND('',#819,.T.);
#821=ADVANCED_FACE('crnxx-right-top-case',(#820),#786,.F.);
#822=CARTESIAN_POINT('',(17.510243956,44.883718801,2.200000048));
#823=DIRECTION('',(-1.,0.,0.));
#824=DIRECTION('',(-0.,-1.,0.));
#825=AXIS2_PLACEMENT_3D('',#822,#823,#824);
#826=PLANE('',#825);
#827=CARTESIAN_POINT('',(17.510243956,43.883718801,8.2));
#828=VERTEX_POINT('',#827);
#829=CARTESIAN_POINT('',(17.510243956,42.758718801,8.2));
#830=DIRECTION('',(0.,1.,0.));
#831=VECTOR('',#830,1.125);
#832=LINE('',#829,#831);
#833=EDGE_CURVE('',#806,#828,#832,.T.);
#834=ORIENTED_EDGE('',*,*,#833,.T.);
#835=CARTESIAN_POINT('',(17.510243956,43.883718801,8.700000048));
#836=VERTEX_POINT('',#835);
#837=CARTESIAN_POINT('',(17.510243956,43.883718801,8.2));
#838=DIRECTION('',(0.,0.,1.));
#839=VECTOR('',#838,0.500000048);
#840=LINE('',#837,#839);
#841=EDGE_CURVE('',#828,#836,#840,.T.);
#842=ORIENTED_EDGE('',*,*,#841,.T.);
#843=CARTESIAN_POINT('',(17.510243956,43.883718801,8.700000048));
#844=DIRECTION('',(-0.,-1.,0.));
#845=VECTOR('',#844,1.125);
#846=LINE('',#843,#845);
#847=EDGE_CURVE('',#836,#788,#846,.T.);
#848=ORIENTED_EDGE('',*,*,#847,.T.);
#849=ORIENTED_EDGE('',*,*,#817,.F.);
#850=EDGE_LOOP('',(#834,#842,#848,#849));
#851=FACE_BOUND('',#850,.T.);
#852=ADVANCED_FACE('crnxx-right-top-case',(#851),#826,.F.);
#853=CARTESIAN_POINT('',(-0.889756139,44.883718801,2.200000048));
#854=DIRECTION('',(-0.,-1.,0.));
#855=DIRECTION('',(1.,-0.,0.));
#856=AXIS2_PLACEMENT_3D('',#853,#854,#855);
#857=PLANE('',#856);
#858=CARTESIAN_POINT('',(0.110243861,44.883718801,8.700000048));
#859=VERTEX_POINT('',#858);
#860=CARTESIAN_POINT('',(6.839244691,44.883718801,8.700000048));
#861=VERTEX_POINT('',#860);
#862=CARTESIAN_POINT('',(0.110243861,44.883718801,8.700000048));
#863=DIRECTION('',(1.,-0.,0.));
#864=VECTOR('',#863,6.72900083);
#865=LINE('',#862,#864);
#866=EDGE_CURVE('',#859,#861,#865,.T.);
#867=ORIENTED_EDGE('',*,*,#866,.T.);
#868=CARTESIAN_POINT('',(6.839244691,44.883718801,8.2));
#869=VERTEX_POINT('',#868);
#870=CARTESIAN_POINT('',(6.839244691,44.883718801,8.700000048));
#871=DIRECTION('',(0.,0.,-1.));
#872=VECTOR('',#871,0.500000048);
#873=LINE('',#870,#872);
#874=EDGE_CURVE('',#861,#869,#873,.T.);
#875=ORIENTED_EDGE('',*,*,#874,.T.);
#876=CARTESIAN_POINT('',(0.110243861,44.883718801,8.2));
#877=VERTEX_POINT('',#876);
#878=CARTESIAN_POINT('',(6.839244691,44.883718801,8.2));
#879=DIRECTION('',(-1.,0.,0.));
#880=VECTOR('',#879,6.72900083);
#881=LINE('',#878,#880);
#882=EDGE_CURVE('',#869,#877,#881,.T.);
#883=ORIENTED_EDGE('',*,*,#882,.T.);
#884=CARTESIAN_POINT('',(0.110243861,44.883718801,8.2));
#885=DIRECTION('',(-0.,-0.,1.));
#886=VECTOR('',#885,0.500000048);
#887=LINE('',#884,#886);
#888=EDGE_CURVE('',#877,#859,#887,.T.);
#889=ORIENTED_EDGE('',*,*,#888,.T.);
#890=EDGE_LOOP('',(#867,#875,#883,#889));
#891=FACE_BOUND('',#890,.T.);
#892=ADVANCED_FACE('crnxx-right-top-case',(#891),#857,.F.);
#893=CARTESIAN_POINT('',(33.110244338,-26.641282725,5.5));
#894=DIRECTION('',(0.,1.,0.));
#895=DIRECTION('',(-0.981675448,0.,-0.190560525));
#896=AXIS2_PLACEMENT_3D('',#893,#894,#895);
#897=PLANE('',#896);
#898=CARTESIAN_POINT('',(32.110244338,-26.641282725,8.700000048));
#899=VERTEX_POINT('',#898);
#900=CARTESIAN_POINT('',(27.259438235,-26.641282725,8.700000048));
#901=VERTEX_POINT('',#900);
#902=CARTESIAN_POINT('',(32.110244338,-26.641282725,8.700000048));
#903=DIRECTION('',(-1.,0.,0.));
#904=VECTOR('',#903,4.850806103);
#905=LINE('',#902,#904);
#906=EDGE_CURVE('',#899,#901,#905,.T.);
#907=ORIENTED_EDGE('',*,*,#906,.T.);
#908=CARTESIAN_POINT('',(27.259438235,-26.641282725,8.2));
#909=VERTEX_POINT('',#908);
#910=CARTESIAN_POINT('',(27.259438235,-26.641282725,8.700000048));
#911=DIRECTION('',(0.,-0.,-1.));
#912=VECTOR('',#911,0.500000048);
#913=LINE('',#910,#912);
#914=EDGE_CURVE('',#901,#909,#913,.T.);
#915=ORIENTED_EDGE('',*,*,#914,.T.);
#916=CARTESIAN_POINT('',(32.110244338,-26.641282725,8.2));
#917=VERTEX_POINT('',#916);
#918=CARTESIAN_POINT('',(27.259438235,-26.641282725,8.2));
#919=DIRECTION('',(1.,-0.,0.));
#920=VECTOR('',#919,4.850806103);
#921=LINE('',#918,#920);
#922=EDGE_CURVE('',#909,#917,#921,.T.);
#923=ORIENTED_EDGE('',*,*,#922,.T.);
#924=CARTESIAN_POINT('',(32.110244338,-26.641282725,8.2));
#925=DIRECTION('',(-0.,-0.,1.));
#926=VECTOR('',#925,0.500000048);
#927=LINE('',#924,#926);
#928=EDGE_CURVE('',#917,#899,#927,.T.);
#929=ORIENTED_EDGE('',*,*,#928,.T.);
#930=EDGE_LOOP('',(#907,#915,#923,#929));
#931=FACE_BOUND('',#930,.T.);
#932=ADVANCED_FACE('crnxx-right-top-case',(#931),#897,.F.);
#933=CARTESIAN_POINT('',(33.110244338,-30.891282725,5.5));
#934=DIRECTION('',(1.,-0.,0.));
#935=DIRECTION('',(0.,0.789852318,-0.613297085));
#936=AXIS2_PLACEMENT_3D('',#933,#934,#935);
#937=PLANE('',#936);
#938=CARTESIAN_POINT('',(33.110244338,-29.891282725,8.700000048));
#939=VERTEX_POINT('',#938);
#940=CARTESIAN_POINT('',(33.110244338,-27.641282725,8.700000048));
#941=VERTEX_POINT('',#940);
#942=CARTESIAN_POINT('',(33.110244338,-29.891282725,8.700000048));
#943=DIRECTION('',(0.,1.,0.));
#944=VECTOR('',#943,2.25);
#945=LINE('',#942,#944);
#946=EDGE_CURVE('',#939,#941,#945,.T.);
#947=ORIENTED_EDGE('',*,*,#946,.T.);
#948=CARTESIAN_POINT('',(33.110244338,-27.641282725,8.2));
#949=VERTEX_POINT('',#948);
#950=CARTESIAN_POINT('',(33.110244338,-27.641282725,8.700000048));
#951=DIRECTION('',(0.,0.,-1.));
#952=VECTOR('',#951,0.500000048);
#953=LINE('',#950,#952);
#954=EDGE_CURVE('',#941,#949,#953,.T.);
#955=ORIENTED_EDGE('',*,*,#954,.T.);
#956=CARTESIAN_POINT('',(33.110244338,-29.891282725,8.2));
#957=VERTEX_POINT('',#956);
#958=CARTESIAN_POINT('',(33.110244338,-27.641282725,8.2));
#959=DIRECTION('',(-0.,-1.,0.));
#960=VECTOR('',#959,2.25);
#961=LINE('',#958,#960);
#962=EDGE_CURVE('',#949,#957,#961,.T.);
#963=ORIENTED_EDGE('',*,*,#962,.T.);
#964=CARTESIAN_POINT('',(33.110244338,-29.891282725,8.2));
#965=DIRECTION('',(0.,0.,1.));
#966=VECTOR('',#965,0.500000048);
#967=LINE('',#964,#966);
#968=EDGE_CURVE('',#957,#939,#967,.T.);
#969=ORIENTED_EDGE('',*,*,#968,.T.);
#970=EDGE_LOOP('',(#947,#955,#963,#969));
#971=FACE_BOUND('',#970,.T.);
#972=ADVANCED_FACE('crnxx-right-top-case',(#971),#937,.F.);
#973=CARTESIAN_POINT('',(68.510243956,-30.891282725,5.5));
#974=DIRECTION('',(0.,1.,0.));
#975=DIRECTION('',(-0.995683099,0.,-0.092817916));
#976=AXIS2_PLACEMENT_3D('',#973,#974,#975);
#977=PLANE('',#976);
#978=CARTESIAN_POINT('',(67.510243956,-30.891282725,8.700000048));
#979=VERTEX_POINT('',#978);
#980=CARTESIAN_POINT('',(63.846318918,-30.891282725,8.700000048));
#981=VERTEX_POINT('',#980);
#982=CARTESIAN_POINT('',(67.510243956,-30.891282725,8.700000048));
#983=DIRECTION('',(-1.,0.,0.));
#984=VECTOR('',#983,3.663925038);
#985=LINE('',#982,#984);
#986=EDGE_CURVE('',#979,#981,#985,.T.);
#987=ORIENTED_EDGE('',*,*,#986,.T.);
#988=CARTESIAN_POINT('',(63.846318918,-30.891282725,8.2));
#989=VERTEX_POINT('',#988);
#990=CARTESIAN_POINT('',(63.846318918,-30.891282725,8.700000048));
#991=DIRECTION('',(0.,-0.,-1.));
#992=VECTOR('',#991,0.500000048);
#993=LINE('',#990,#992);
#994=EDGE_CURVE('',#981,#989,#993,.T.);
#995=ORIENTED_EDGE('',*,*,#994,.T.);
#996=CARTESIAN_POINT('',(67.510243956,-30.891282725,8.2));
#997=VERTEX_POINT('',#996);
#998=CARTESIAN_POINT('',(63.846318918,-30.891282725,8.2));
#999=DIRECTION('',(1.,-0.,0.));
#1000=VECTOR('',#999,3.663925038);
#1001=LINE('',#998,#1000);
#1002=EDGE_CURVE('',#989,#997,#1001,.T.);
#1003=ORIENTED_EDGE('',*,*,#1002,.T.);
#1004=CARTESIAN_POINT('',(67.510243956,-30.891282725,8.2));
#1005=DIRECTION('',(0.,0.,1.));
#1006=VECTOR('',#1005,0.500000048);
#1007=LINE('',#1004,#1006);
#1008=EDGE_CURVE('',#997,#979,#1007,.T.);
#1009=ORIENTED_EDGE('',*,*,#1008,.T.);
#1010=EDGE_LOOP('',(#987,#995,#1003,#1009));
#1011=FACE_BOUND('',#1010,.T.);
#1012=ADVANCED_FACE('crnxx-right-top-case',(#1011),#977,.F.);
#1013=CARTESIAN_POINT('',(-33.536210131,-34.653829374,5.5));
#1014=DIRECTION('',(-0.390729293,0.920505633,0.));
#1015=DIRECTION('',(0.,0.,-1.));
#1016=AXIS2_PLACEMENT_3D('',#1013,#1014,#1015);
#1017=PLANE('',#1016);
#1018=CARTESIAN_POINT('',(-40.378369367,-37.558137556,8.700000048));
#1019=VERTEX_POINT('',#1018);
#1020=CARTESIAN_POINT('',(-33.625411372,-34.691692844,8.700000048));
#1021=DIRECTION('',(-0.920505633,-0.390729293,0.));
#1022=VECTOR('',#1021,7.336139787);
#1023=LINE('',#1020,#1022);
#1024=EDGE_CURVE('',#393,#1019,#1023,.T.);
#1025=ORIENTED_EDGE('',*,*,#1024,.T.);
#1026=CARTESIAN_POINT('',(-40.378369367,-37.558137556,8.2));
#1027=VERTEX_POINT('',#1026);
#1028=CARTESIAN_POINT('',(-40.378369367,-37.558137556,8.700000048));
#1029=DIRECTION('',(0.,0.,-1.));
#1030=VECTOR('',#1029,0.500000048);
#1031=LINE('',#1028,#1030);
#1032=EDGE_CURVE('',#1019,#1027,#1031,.T.);
#1033=ORIENTED_EDGE('',*,*,#1032,.T.);
#1034=CARTESIAN_POINT('',(-40.378369367,-37.558137556,8.2));
#1035=DIRECTION('',(0.920505633,0.390729293,0.));
#1036=VECTOR('',#1035,7.336139787);
#1037=LINE('',#1034,#1036);
#1038=EDGE_CURVE('',#1027,#395,#1037,.T.);
#1039=ORIENTED_EDGE('',*,*,#1038,.T.);
#1040=ORIENTED_EDGE('',*,*,#400,.F.);
#1041=EDGE_LOOP('',(#1025,#1033,#1039,#1040));
#1042=FACE_BOUND('',#1041,.T.);
#1043=ADVANCED_FACE('crnxx-right-top-case',(#1042),#1017,.F.);
#1044=CARTESIAN_POINT('',(66.36024243,19.358717275,2.200000048));
#1045=DIRECTION('',(-1.,0.,0.));
#1046=DIRECTION('',(-0.,-0.947340572,-0.320227795));
#1047=AXIS2_PLACEMENT_3D('',#1044,#1045,#1046);
#1048=PLANE('',#1047);
#1049=CARTESIAN_POINT('',(66.36024243,5.25871737,8.2));
#1050=VERTEX_POINT('',#1049);
#1051=CARTESIAN_POINT('',(66.36024243,19.358717275,8.2));
#1052=VERTEX_POINT('',#1051);
#1053=CARTESIAN_POINT('',(66.36024243,5.25871737,8.2));
#1054=DIRECTION('',(0.,1.,0.));
#1055=VECTOR('',#1054,14.099999905);
#1056=LINE('',#1053,#1055);
#1057=EDGE_CURVE('',#1050,#1052,#1056,.T.);
#1058=ORIENTED_EDGE('',*,*,#1057,.F.);
#1059=CARTESIAN_POINT('',(66.36024243,5.25871737,8.700000048));
#1060=VERTEX_POINT('',#1059);
#1061=CARTESIAN_POINT('',(66.36024243,5.25871737,8.700000048));
#1062=DIRECTION('',(0.,0.,-1.));
#1063=VECTOR('',#1062,0.500000048);
#1064=LINE('',#1061,#1063);
#1065=EDGE_CURVE('',#1060,#1050,#1064,.T.);
#1066=ORIENTED_EDGE('',*,*,#1065,.F.);
#1067=CARTESIAN_POINT('',(66.36024243,19.358717275,8.700000048));
#1068=VERTEX_POINT('',#1067);
#1069=CARTESIAN_POINT('',(66.36024243,19.358717275,8.700000048));
#1070=DIRECTION('',(-0.,-1.,0.));
#1071=VECTOR('',#1070,14.099999905);
#1072=LINE('',#1069,#1071);
#1073=EDGE_CURVE('',#1068,#1060,#1072,.T.);
#1074=ORIENTED_EDGE('',*,*,#1073,.F.);
#1075=CARTESIAN_POINT('',(66.36024243,19.358717275,8.2));
#1076=DIRECTION('',(0.,0.,1.));
#1077=VECTOR('',#1076,0.500000048);
#1078=LINE('',#1075,#1077);
#1079=EDGE_CURVE('',#1052,#1068,#1078,.T.);
#1080=ORIENTED_EDGE('',*,*,#1079,.F.);
#1081=EDGE_LOOP('',(#1058,#1066,#1074,#1080));
#1082=FACE_BOUND('',#1081,.T.);
#1083=ADVANCED_FACE('crnxx-right-top-case',(#1082),#1048,.T.);
#1084=CARTESIAN_POINT('',(35.260243956,15.808717084,1.));
#1085=DIRECTION('',(1.,-0.,-0.));
#1086=DIRECTION('',(0.,0.947340572,0.320227795));
#1087=AXIS2_PLACEMENT_3D('',#1084,#1085,#1086);
#1088=PLANE('',#1087);
#1089=CARTESIAN_POINT('',(35.260243956,19.358717275,8.2));
#1090=VERTEX_POINT('',#1089);
#1091=CARTESIAN_POINT('',(35.260243956,5.25871737,8.2));
#1092=VERTEX_POINT('',#1091);
#1093=CARTESIAN_POINT('',(35.260243956,19.358717275,8.2));
#1094=DIRECTION('',(-0.,-1.,0.));
#1095=VECTOR('',#1094,14.099999905);
#1096=LINE('',#1093,#1095);
#1097=EDGE_CURVE('',#1090,#1092,#1096,.T.);
#1098=ORIENTED_EDGE('',*,*,#1097,.F.);
#1099=CARTESIAN_POINT('',(35.260243956,19.358717275,8.700000048));
#1100=VERTEX_POINT('',#1099);
#1101=CARTESIAN_POINT('',(35.260243956,19.358717275,8.2));
#1102=DIRECTION('',(0.,0.,1.));
#1103=VECTOR('',#1102,0.500000048);
#1104=LINE('',#1101,#1103);
#1105=EDGE_CURVE('',#1090,#1100,#1104,.T.);
#1106=ORIENTED_EDGE('',*,*,#1105,.T.);
#1107=CARTESIAN_POINT('',(35.260243956,5.25871737,8.700000048));
#1108=VERTEX_POINT('',#1107);
#1109=CARTESIAN_POINT('',(35.260243956,19.358717275,8.700000048));
#1110=DIRECTION('',(-0.,-1.,0.));
#1111=VECTOR('',#1110,14.099999905);
#1112=LINE('',#1109,#1111);
#1113=EDGE_CURVE('',#1100,#1108,#1112,.T.);
#1114=ORIENTED_EDGE('',*,*,#1113,.T.);
#1115=CARTESIAN_POINT('',(35.260243956,5.25871737,8.700000048));
#1116=DIRECTION('',(0.,0.,-1.));
#1117=VECTOR('',#1116,0.500000048);
#1118=LINE('',#1115,#1117);
#1119=EDGE_CURVE('',#1108,#1092,#1118,.T.);
#1120=ORIENTED_EDGE('',*,*,#1119,.T.);
#1121=EDGE_LOOP('',(#1098,#1106,#1114,#1120));
#1122=FACE_BOUND('',#1121,.T.);
#1123=ADVANCED_FACE('crnxx-right-top-case',(#1122),#1088,.T.);
#1124=CARTESIAN_POINT('',(35.260243956,2.358717424,0.));
#1125=DIRECTION('',(1.,-0.,0.));
#1126=DIRECTION('',(0.,0.,1.));
#1127=AXIS2_PLACEMENT_3D('',#1124,#1125,#1126);
#1128=PLANE('',#1127);
#1129=CARTESIAN_POINT('',(35.260243956,2.358717424,8.2));
#1130=VERTEX_POINT('',#1129);
#1131=CARTESIAN_POINT('',(35.260243956,-11.741282153,8.2));
#1132=VERTEX_POINT('',#1131);
#1133=CARTESIAN_POINT('',(35.260243956,2.358717424,8.2));
#1134=DIRECTION('',(-0.,-1.,0.));
#1135=VECTOR('',#1134,14.099999577);
#1136=LINE('',#1133,#1135);
#1137=EDGE_CURVE('',#1130,#1132,#1136,.T.);
#1138=ORIENTED_EDGE('',*,*,#1137,.F.);
#1139=CARTESIAN_POINT('',(35.260243956,2.358717424,8.700000048));
#1140=VERTEX_POINT('',#1139);
#1141=CARTESIAN_POINT('',(35.260243956,2.358717424,8.2));
#1142=DIRECTION('',(0.,0.,1.));
#1143=VECTOR('',#1142,0.500000048);
#1144=LINE('',#1141,#1143);
#1145=EDGE_CURVE('',#1130,#1140,#1144,.T.);
#1146=ORIENTED_EDGE('',*,*,#1145,.T.);
#1147=CARTESIAN_POINT('',(35.260243956,-11.741282153,8.700000048));
#1148=VERTEX_POINT('',#1147);
#1149=CARTESIAN_POINT('',(35.260243956,2.358717424,8.700000048));
#1150=DIRECTION('',(-0.,-1.,0.));
#1151=VECTOR('',#1150,14.099999577);
#1152=LINE('',#1149,#1151);
#1153=EDGE_CURVE('',#1140,#1148,#1152,.T.);
#1154=ORIENTED_EDGE('',*,*,#1153,.T.);
#1155=CARTESIAN_POINT('',(35.260243956,-11.741282153,8.2));
#1156=DIRECTION('',(0.,0.,1.));
#1157=VECTOR('',#1156,0.500000048);
#1158=LINE('',#1155,#1157);
#1159=EDGE_CURVE('',#1132,#1148,#1158,.T.);
#1160=ORIENTED_EDGE('',*,*,#1159,.F.);
#1161=EDGE_LOOP('',(#1138,#1146,#1154,#1160));
#1162=FACE_BOUND('',#1161,.T.);
#1163=ADVANCED_FACE('crnxx-right-top-case',(#1162),#1128,.T.);
#1164=CARTESIAN_POINT('',(32.360244338,3.058717442,1.));
#1165=DIRECTION('',(-1.,0.,0.));
#1166=DIRECTION('',(0.,0.947340562,0.320227823));
#1167=AXIS2_PLACEMENT_3D('',#1164,#1165,#1166);
#1168=PLANE('',#1167);
#1169=CARTESIAN_POINT('',(32.360244338,-7.491282153,8.2));
#1170=VERTEX_POINT('',#1169);
#1171=CARTESIAN_POINT('',(32.360244338,6.608717275,8.2));
#1172=VERTEX_POINT('',#1171);
#1173=CARTESIAN_POINT('',(32.360244338,-7.491282153,8.2));
#1174=DIRECTION('',(0.,1.,0.));
#1175=VECTOR('',#1174,14.099999428);
#1176=LINE('',#1173,#1175);
#1177=EDGE_CURVE('',#1170,#1172,#1176,.T.);
#1178=ORIENTED_EDGE('',*,*,#1177,.F.);
#1179=CARTESIAN_POINT('',(32.360244338,-7.491282153,8.700000048));
#1180=VERTEX_POINT('',#1179);
#1181=CARTESIAN_POINT('',(32.360244338,-7.491282153,8.2));
#1182=DIRECTION('',(0.,0.,1.));
#1183=VECTOR('',#1182,0.500000048);
#1184=LINE('',#1181,#1183);
#1185=EDGE_CURVE('',#1170,#1180,#1184,.T.);
#1186=ORIENTED_EDGE('',*,*,#1185,.T.);
#1187=CARTESIAN_POINT('',(32.360244338,6.608717275,8.700000048));
#1188=VERTEX_POINT('',#1187);
#1189=CARTESIAN_POINT('',(32.360244338,6.608717275,8.700000048));
#1190=DIRECTION('',(-0.,-1.,0.));
#1191=VECTOR('',#1190,14.099999428);
#1192=LINE('',#1189,#1191);
#1193=EDGE_CURVE('',#1188,#1180,#1192,.T.);
#1194=ORIENTED_EDGE('',*,*,#1193,.F.);
#1195=CARTESIAN_POINT('',(32.360244338,6.608717275,8.700000048));
#1196=DIRECTION('',(0.,0.,-1.));
#1197=VECTOR('',#1196,0.500000048);
#1198=LINE('',#1195,#1197);
#1199=EDGE_CURVE('',#1188,#1172,#1198,.T.);
#1200=ORIENTED_EDGE('',*,*,#1199,.T.);
#1201=EDGE_LOOP('',(#1178,#1186,#1194,#1200));
#1202=FACE_BOUND('',#1201,.T.);
#1203=ADVANCED_FACE('crnxx-right-top-case',(#1202),#1168,.T.);
#1204=CARTESIAN_POINT('',(32.360244338,9.50871737,2.200000048));
#1205=DIRECTION('',(0.,1.,0.));
#1206=DIRECTION('',(0.,0.,-1.));
#1207=AXIS2_PLACEMENT_3D('',#1204,#1205,#1206);
#1208=PLANE('',#1207);
#1209=CARTESIAN_POINT('',(18.260243956,9.50871737,8.2));
#1210=VERTEX_POINT('',#1209);
#1211=CARTESIAN_POINT('',(32.360244338,9.50871737,8.2));
#1212=VERTEX_POINT('',#1211);
#1213=CARTESIAN_POINT('',(18.260243956,9.50871737,8.2));
#1214=DIRECTION('',(1.,-0.,0.));
#1215=VECTOR('',#1214,14.100000382);
#1216=LINE('',#1213,#1215);
#1217=EDGE_CURVE('',#1210,#1212,#1216,.T.);
#1218=ORIENTED_EDGE('',*,*,#1217,.F.);
#1219=CARTESIAN_POINT('',(18.260243956,9.50871737,8.700000048));
#1220=VERTEX_POINT('',#1219);
#1221=CARTESIAN_POINT('',(18.260243956,9.50871737,8.2));
#1222=DIRECTION('',(0.,0.,1.));
#1223=VECTOR('',#1222,0.500000048);
#1224=LINE('',#1221,#1223);
#1225=EDGE_CURVE('',#1210,#1220,#1224,.T.);
#1226=ORIENTED_EDGE('',*,*,#1225,.T.);
#1227=CARTESIAN_POINT('',(32.360244338,9.50871737,8.700000048));
#1228=VERTEX_POINT('',#1227);
#1229=CARTESIAN_POINT('',(18.260243956,9.50871737,8.700000048));
#1230=DIRECTION('',(1.,-0.,0.));
#1231=VECTOR('',#1230,14.100000382);
#1232=LINE('',#1229,#1231);
#1233=EDGE_CURVE('',#1220,#1228,#1232,.T.);
#1234=ORIENTED_EDGE('',*,*,#1233,.T.);
#1235=CARTESIAN_POINT('',(32.360244338,9.50871737,8.700000048));
#1236=DIRECTION('',(0.,0.,-1.));
#1237=VECTOR('',#1236,0.500000048);
#1238=LINE('',#1235,#1237);
#1239=EDGE_CURVE('',#1228,#1212,#1238,.T.);
#1240=ORIENTED_EDGE('',*,*,#1239,.T.);
#1241=EDGE_LOOP('',(#1218,#1226,#1234,#1240));
#1242=FACE_BOUND('',#1241,.T.);
#1243=ADVANCED_FACE('crnxx-right-top-case',(#1242),#1208,.T.);
#1244=CARTESIAN_POINT('',(18.260243956,6.608717275,0.));
#1245=DIRECTION('',(-0.,-1.,0.));
#1246=DIRECTION('',(1.,-0.,0.));
#1247=AXIS2_PLACEMENT_3D('',#1244,#1245,#1246);
#1248=PLANE('',#1247);
#1249=CARTESIAN_POINT('',(18.260243956,6.608717275,8.2));
#1250=VERTEX_POINT('',#1249);
#1251=CARTESIAN_POINT('',(32.360244338,6.608717275,8.2));
#1252=DIRECTION('',(-1.,0.,0.));
#1253=VECTOR('',#1252,14.100000382);
#1254=LINE('',#1251,#1253);
#1255=EDGE_CURVE('',#1172,#1250,#1254,.T.);
#1256=ORIENTED_EDGE('',*,*,#1255,.F.);
#1257=ORIENTED_EDGE('',*,*,#1199,.F.);
#1258=CARTESIAN_POINT('',(18.260243956,6.608717275,8.700000048));
#1259=VERTEX_POINT('',#1258);
#1260=CARTESIAN_POINT('',(32.360244338,6.608717275,8.700000048));
#1261=DIRECTION('',(-1.,0.,0.));
#1262=VECTOR('',#1261,14.100000382);
#1263=LINE('',#1260,#1262);
#1264=EDGE_CURVE('',#1188,#1259,#1263,.T.);
#1265=ORIENTED_EDGE('',*,*,#1264,.T.);
#1266=CARTESIAN_POINT('',(18.260243956,6.608717275,8.700000048));
#1267=DIRECTION('',(0.,0.,-1.));
#1268=VECTOR('',#1267,0.500000048);
#1269=LINE('',#1266,#1268);
#1270=EDGE_CURVE('',#1259,#1250,#1269,.T.);
#1271=ORIENTED_EDGE('',*,*,#1270,.T.);
#1272=EDGE_LOOP('',(#1256,#1257,#1265,#1271));
#1273=FACE_BOUND('',#1272,.T.);
#1274=ADVANCED_FACE('crnxx-right-top-case',(#1273),#1248,.T.);
#1275=CARTESIAN_POINT('',(32.360244338,9.50871737,8.700000048));
#1276=DIRECTION('',(0.,0.,1.));
#1277=DIRECTION('',(-0.,-1.,0.));
#1278=AXIS2_PLACEMENT_3D('',#1275,#1276,#1277);
#1279=PLANE('',#1278);
#1280=CARTESIAN_POINT('',(23.459438235,-27.141282725,8.700000048));
#1281=VERTEX_POINT('',#1280);
#1282=CARTESIAN_POINT('',(23.459438235,-27.141282725,8.700000048));
#1283=DIRECTION('',(0.,1.,-0.));
#1284=VECTOR('',#1283,0.5);
#1285=LINE('',#1282,#1284);
#1286=EDGE_CURVE('',#1281,#243,#1285,.T.);
#1287=ORIENTED_EDGE('',*,*,#1286,.F.);
#1288=CARTESIAN_POINT('',(23.959438235,-27.641282725,8.700000048));
#1289=VERTEX_POINT('',#1288);
#1290=CARTESIAN_POINT('',(23.959438235,-27.141282725,8.700000048));
#1291=DIRECTION('',(0.,0.,1.));
#1292=DIRECTION('',(1.,0.,-0.));
#1293=AXIS2_PLACEMENT_3D('',#1290,#1291,#1292);
#1294=CIRCLE('',#1293,0.5);
#1295=EDGE_CURVE('',#1281,#1289,#1294,.T.);
#1296=ORIENTED_EDGE('',*,*,#1295,.T.);
#1297=CARTESIAN_POINT('',(26.759438235,-27.641282725,8.700000048));
#1298=VERTEX_POINT('',#1297);
#1299=CARTESIAN_POINT('',(23.959438235,-27.641282725,8.700000048));
#1300=DIRECTION('',(1.,0.,-0.));
#1301=VECTOR('',#1300,2.8);
#1302=LINE('',#1299,#1301);
#1303=EDGE_CURVE('',#1289,#1298,#1302,.T.);
#1304=ORIENTED_EDGE('',*,*,#1303,.T.);
#1305=CARTESIAN_POINT('',(27.259438235,-27.141282725,8.700000048));
#1306=VERTEX_POINT('',#1305);
#1307=CARTESIAN_POINT('',(26.759438235,-27.141282725,8.700000048));
#1308=DIRECTION('',(0.,0.,1.));
#1309=DIRECTION('',(1.,0.,-0.));
#1310=AXIS2_PLACEMENT_3D('',#1307,#1308,#1309);
#1311=CIRCLE('',#1310,0.5);
#1312=EDGE_CURVE('',#1298,#1306,#1311,.T.);
#1313=ORIENTED_EDGE('',*,*,#1312,.T.);
#1314=CARTESIAN_POINT('',(27.259438235,-27.141282725,8.700000048));
#1315=DIRECTION('',(0.,1.,-0.));
#1316=VECTOR('',#1315,0.5);
#1317=LINE('',#1314,#1316);
#1318=EDGE_CURVE('',#1306,#901,#1317,.T.);
#1319=ORIENTED_EDGE('',*,*,#1318,.T.);
#1320=ORIENTED_EDGE('',*,*,#906,.F.);
#1321=CARTESIAN_POINT('',(32.110244338,-27.641282725,8.700000048));
#1322=DIRECTION('',(-0.,-0.,-1.));
#1323=DIRECTION('',(1.,0.,-0.));
#1324=AXIS2_PLACEMENT_3D('',#1321,#1322,#1323);
#1325=CIRCLE('',#1324,1.);
#1326=EDGE_CURVE('',#899,#941,#1325,.T.);
#1327=ORIENTED_EDGE('',*,*,#1326,.T.);
#1328=ORIENTED_EDGE('',*,*,#946,.F.);
#1329=CARTESIAN_POINT('',(34.110244338,-29.891282725,8.700000048));
#1330=DIRECTION('',(0.,0.,1.));
#1331=DIRECTION('',(1.,0.,-0.));
#1332=AXIS2_PLACEMENT_3D('',#1329,#1330,#1331);
#1333=CIRCLE('',#1332,1.);
#1334=EDGE_CURVE('',#939,#291,#1333,.T.);
#1335=ORIENTED_EDGE('',*,*,#1334,.T.);
#1336=ORIENTED_EDGE('',*,*,#296,.F.);
#1337=CARTESIAN_POINT('',(60.046318918,-31.391282725,8.700000048));
#1338=VERTEX_POINT('',#1337);
#1339=CARTESIAN_POINT('',(60.046318918,-31.391282725,8.700000048));
#1340=DIRECTION('',(0.,1.,-0.));
#1341=VECTOR('',#1340,0.5);
#1342=LINE('',#1339,#1341);
#1343=EDGE_CURVE('',#1338,#283,#1342,.T.);
#1344=ORIENTED_EDGE('',*,*,#1343,.F.);
#1345=CARTESIAN_POINT('',(60.546318918,-31.891282725,8.700000048));
#1346=VERTEX_POINT('',#1345);
#1347=CARTESIAN_POINT('',(60.546318918,-31.391282725,8.700000048));
#1348=DIRECTION('',(0.,0.,1.));
#1349=DIRECTION('',(1.,0.,-0.));
#1350=AXIS2_PLACEMENT_3D('',#1347,#1348,#1349);
#1351=CIRCLE('',#1350,0.5);
#1352=EDGE_CURVE('',#1338,#1346,#1351,.T.);
#1353=ORIENTED_EDGE('',*,*,#1352,.T.);
#1354=CARTESIAN_POINT('',(63.346318918,-31.891282725,8.700000048));
#1355=VERTEX_POINT('',#1354);
#1356=CARTESIAN_POINT('',(60.546318918,-31.891282725,8.700000048));
#1357=DIRECTION('',(1.,0.,0.));
#1358=VECTOR('',#1357,2.8);
#1359=LINE('',#1356,#1358);
#1360=EDGE_CURVE('',#1346,#1355,#1359,.T.);
#1361=ORIENTED_EDGE('',*,*,#1360,.T.);
#1362=CARTESIAN_POINT('',(63.846318918,-31.391282725,8.700000048));
#1363=VERTEX_POINT('',#1362);
#1364=CARTESIAN_POINT('',(63.346318918,-31.391282725,8.700000048));
#1365=DIRECTION('',(0.,0.,1.));
#1366=DIRECTION('',(1.,0.,-0.));
#1367=AXIS2_PLACEMENT_3D('',#1364,#1365,#1366);
#1368=CIRCLE('',#1367,0.5);
#1369=EDGE_CURVE('',#1355,#1363,#1368,.T.);
#1370=ORIENTED_EDGE('',*,*,#1369,.T.);
#1371=CARTESIAN_POINT('',(63.846318918,-31.391282725,8.700000048));
#1372=DIRECTION('',(0.,1.,-0.));
#1373=VECTOR('',#1372,0.5);
#1374=LINE('',#1371,#1373);
#1375=EDGE_CURVE('',#1363,#981,#1374,.T.);
#1376=ORIENTED_EDGE('',*,*,#1375,.T.);
#1377=ORIENTED_EDGE('',*,*,#986,.F.);
#1378=CARTESIAN_POINT('',(67.510243956,-29.891282725,8.700000048));
#1379=DIRECTION('',(0.,0.,1.));
#1380=DIRECTION('',(1.,0.,-0.));
#1381=AXIS2_PLACEMENT_3D('',#1378,#1379,#1380);
#1382=CIRCLE('',#1381,1.);
#1383=EDGE_CURVE('',#979,#617,#1382,.T.);
#1384=ORIENTED_EDGE('',*,*,#1383,.T.);
#1385=ORIENTED_EDGE('',*,*,#622,.F.);
#1386=CARTESIAN_POINT('',(67.510243956,37.508718801,8.700000048));
#1387=DIRECTION('',(0.,0.,1.));
#1388=DIRECTION('',(1.,0.,-0.));
#1389=AXIS2_PLACEMENT_3D('',#1386,#1387,#1388);
#1390=CIRCLE('',#1389,1.);
#1391=EDGE_CURVE('',#615,#91,#1390,.T.);
#1392=ORIENTED_EDGE('',*,*,#1391,.T.);
#1393=ORIENTED_EDGE('',*,*,#96,.F.);
#1394=CARTESIAN_POINT('',(53.271327168,39.508718801,8.700000048));
#1395=VERTEX_POINT('',#1394);
#1396=CARTESIAN_POINT('',(53.271327168,39.508718801,8.700000048));
#1397=DIRECTION('',(0.,-1.,0.));
#1398=VECTOR('',#1397,1.);
#1399=LINE('',#1396,#1398);
#1400=EDGE_CURVE('',#1395,#83,#1399,.T.);
#1401=ORIENTED_EDGE('',*,*,#1400,.F.);
#1402=CARTESIAN_POINT('',(52.771327168,40.008718801,8.700000048));
#1403=VERTEX_POINT('',#1402);
#1404=CARTESIAN_POINT('',(52.771327168,39.508718801,8.700000048));
#1405=DIRECTION('',(0.,0.,1.));
#1406=DIRECTION('',(1.,0.,-0.));
#1407=AXIS2_PLACEMENT_3D('',#1404,#1405,#1406);
#1408=CIRCLE('',#1407,0.5);
#1409=EDGE_CURVE('',#1395,#1403,#1408,.T.);
#1410=ORIENTED_EDGE('',*,*,#1409,.T.);
#1411=CARTESIAN_POINT('',(49.971327168,40.008718801,8.700000048));
#1412=VERTEX_POINT('',#1411);
#1413=CARTESIAN_POINT('',(52.771327168,40.008718801,8.700000048));
#1414=DIRECTION('',(-1.,0.,0.));
#1415=VECTOR('',#1414,2.8);
#1416=LINE('',#1413,#1415);
#1417=EDGE_CURVE('',#1403,#1412,#1416,.T.);
#1418=ORIENTED_EDGE('',*,*,#1417,.T.);
#1419=CARTESIAN_POINT('',(49.471327168,39.508718801,8.700000048));
#1420=VERTEX_POINT('',#1419);
#1421=CARTESIAN_POINT('',(49.971327168,39.508718801,8.700000048));
#1422=DIRECTION('',(0.,0.,1.));
#1423=DIRECTION('',(1.,0.,-0.));
#1424=AXIS2_PLACEMENT_3D('',#1421,#1422,#1423);
#1425=CIRCLE('',#1424,0.5);
#1426=EDGE_CURVE('',#1412,#1420,#1425,.T.);
#1427=ORIENTED_EDGE('',*,*,#1426,.T.);
#1428=CARTESIAN_POINT('',(49.471327168,39.508718801,8.700000048));
#1429=DIRECTION('',(0.,-1.,0.));
#1430=VECTOR('',#1429,1.);
#1431=LINE('',#1428,#1430);
#1432=EDGE_CURVE('',#1420,#537,#1431,.T.);
#1433=ORIENTED_EDGE('',*,*,#1432,.T.);
#1434=ORIENTED_EDGE('',*,*,#542,.F.);
#1435=ORIENTED_EDGE('',*,*,#776,.F.);
#1436=CARTESIAN_POINT('',(33.510243956,41.758718801,8.700000048));
#1437=DIRECTION('',(0.,0.,1.));
#1438=DIRECTION('',(1.,0.,-0.));
#1439=AXIS2_PLACEMENT_3D('',#1436,#1437,#1438);
#1440=CIRCLE('',#1439,1.);
#1441=EDGE_CURVE('',#765,#790,#1440,.T.);
#1442=ORIENTED_EDGE('',*,*,#1441,.T.);
#1443=ORIENTED_EDGE('',*,*,#795,.F.);
#1444=ORIENTED_EDGE('',*,*,#847,.F.);
#1445=CARTESIAN_POINT('',(16.510243956,43.883718801,8.700000048));
#1446=DIRECTION('',(0.,0.,1.));
#1447=DIRECTION('',(1.,0.,-0.));
#1448=AXIS2_PLACEMENT_3D('',#1445,#1446,#1447);
#1449=CIRCLE('',#1448,1.);
#1450=EDGE_CURVE('',#836,#211,#1449,.T.);
#1451=ORIENTED_EDGE('',*,*,#1450,.T.);
#1452=ORIENTED_EDGE('',*,*,#216,.F.);
#1453=CARTESIAN_POINT('',(10.639244691,45.883718801,8.700000048));
#1454=VERTEX_POINT('',#1453);
#1455=CARTESIAN_POINT('',(10.639244691,45.883718801,8.700000048));
#1456=DIRECTION('',(0.,-1.,0.));
#1457=VECTOR('',#1456,1.);
#1458=LINE('',#1455,#1457);
#1459=EDGE_CURVE('',#1454,#203,#1458,.T.);
#1460=ORIENTED_EDGE('',*,*,#1459,.F.);
#1461=CARTESIAN_POINT('',(10.139244691,46.383718801,8.700000048));
#1462=VERTEX_POINT('',#1461);
#1463=CARTESIAN_POINT('',(10.139244691,45.883718801,8.700000048));
#1464=DIRECTION('',(0.,0.,1.));
#1465=DIRECTION('',(1.,0.,-0.));
#1466=AXIS2_PLACEMENT_3D('',#1463,#1464,#1465);
#1467=CIRCLE('',#1466,0.5);
#1468=EDGE_CURVE('',#1454,#1462,#1467,.T.);
#1469=ORIENTED_EDGE('',*,*,#1468,.T.);
#1470=CARTESIAN_POINT('',(7.339244691,46.383718801,8.700000048));
#1471=VERTEX_POINT('',#1470);
#1472=CARTESIAN_POINT('',(10.139244691,46.383718801,8.700000048));
#1473=DIRECTION('',(-1.,0.,0.));
#1474=VECTOR('',#1473,2.8);
#1475=LINE('',#1472,#1474);
#1476=EDGE_CURVE('',#1462,#1471,#1475,.T.);
#1477=ORIENTED_EDGE('',*,*,#1476,.T.);
#1478=CARTESIAN_POINT('',(6.839244691,45.883718801,8.700000048));
#1479=VERTEX_POINT('',#1478);
#1480=CARTESIAN_POINT('',(7.339244691,45.883718801,8.700000048));
#1481=DIRECTION('',(0.,0.,1.));
#1482=DIRECTION('',(1.,0.,-0.));
#1483=AXIS2_PLACEMENT_3D('',#1480,#1481,#1482);
#1484=CIRCLE('',#1483,0.5);
#1485=EDGE_CURVE('',#1471,#1479,#1484,.T.);
#1486=ORIENTED_EDGE('',*,*,#1485,.T.);
#1487=CARTESIAN_POINT('',(6.839244691,45.883718801,8.700000048));
#1488=DIRECTION('',(0.,-1.,0.));
#1489=VECTOR('',#1488,1.);
#1490=LINE('',#1487,#1489);
#1491=EDGE_CURVE('',#1479,#861,#1490,.T.);
#1492=ORIENTED_EDGE('',*,*,#1491,.T.);
#1493=ORIENTED_EDGE('',*,*,#866,.F.);
#1494=CARTESIAN_POINT('',(0.110243861,43.883718801,8.700000048));
#1495=DIRECTION('',(0.,0.,1.));
#1496=DIRECTION('',(1.,0.,-0.));
#1497=AXIS2_PLACEMENT_3D('',#1494,#1495,#1496);
#1498=CIRCLE('',#1497,1.);
#1499=EDGE_CURVE('',#859,#726,#1498,.T.);
#1500=ORIENTED_EDGE('',*,*,#1499,.T.);
#1501=ORIENTED_EDGE('',*,*,#731,.F.);
#1502=ORIENTED_EDGE('',*,*,#709,.F.);
#1503=CARTESIAN_POINT('',(-16.889755662,41.758718801,8.700000048));
#1504=DIRECTION('',(0.,0.,1.));
#1505=DIRECTION('',(1.,0.,-0.));
#1506=AXIS2_PLACEMENT_3D('',#1503,#1504,#1505);
#1507=CIRCLE('',#1506,1.);
#1508=EDGE_CURVE('',#696,#655,#1507,.T.);
#1509=ORIENTED_EDGE('',*,*,#1508,.T.);
#1510=ORIENTED_EDGE('',*,*,#660,.F.);
#1511=ORIENTED_EDGE('',*,*,#136,.F.);
#1512=CARTESIAN_POINT('',(-23.566290736,41.633718801,8.700000048));
#1513=VERTEX_POINT('',#1512);
#1514=CARTESIAN_POINT('',(-23.566290736,41.633718801,8.700000048));
#1515=DIRECTION('',(0.,-1.,0.));
#1516=VECTOR('',#1515,1.);
#1517=LINE('',#1514,#1516);
#1518=EDGE_CURVE('',#1513,#123,#1517,.T.);
#1519=ORIENTED_EDGE('',*,*,#1518,.F.);
#1520=CARTESIAN_POINT('',(-24.066290736,42.133718801,8.700000048));
#1521=VERTEX_POINT('',#1520);
#1522=CARTESIAN_POINT('',(-24.066290736,41.633718801,8.700000048));
#1523=DIRECTION('',(0.,0.,1.));
#1524=DIRECTION('',(1.,0.,-0.));
#1525=AXIS2_PLACEMENT_3D('',#1522,#1523,#1524);
#1526=CIRCLE('',#1525,0.5);
#1527=EDGE_CURVE('',#1513,#1521,#1526,.T.);
#1528=ORIENTED_EDGE('',*,*,#1527,.T.);
#1529=CARTESIAN_POINT('',(-26.866290736,42.133718801,8.700000048));
#1530=VERTEX_POINT('',#1529);
#1531=CARTESIAN_POINT('',(-24.066290736,42.133718801,8.700000048));
#1532=DIRECTION('',(-1.,-0.,0.));
#1533=VECTOR('',#1532,2.8);
#1534=LINE('',#1531,#1533);
#1535=EDGE_CURVE('',#1521,#1530,#1534,.T.);
#1536=ORIENTED_EDGE('',*,*,#1535,.T.);
#1537=CARTESIAN_POINT('',(-27.366290736,41.633718801,8.700000048));
#1538=VERTEX_POINT('',#1537);
#1539=CARTESIAN_POINT('',(-26.866290736,41.633718801,8.700000048));
#1540=DIRECTION('',(0.,0.,1.));
#1541=DIRECTION('',(1.,0.,-0.));
#1542=AXIS2_PLACEMENT_3D('',#1539,#1540,#1541);
#1543=CIRCLE('',#1542,0.5);
#1544=EDGE_CURVE('',#1530,#1538,#1543,.T.);
#1545=ORIENTED_EDGE('',*,*,#1544,.T.);
#1546=CARTESIAN_POINT('',(-27.366290736,41.633718801,8.700000048));
#1547=DIRECTION('',(0.,-1.,0.));
#1548=VECTOR('',#1547,1.);
#1549=LINE('',#1546,#1548);
#1550=EDGE_CURVE('',#1538,#155,#1549,.T.);
#1551=ORIENTED_EDGE('',*,*,#1550,.T.);
#1552=ORIENTED_EDGE('',*,*,#160,.F.);
#1553=CARTESIAN_POINT('',(-55.455721915,41.633718801,8.700000048));
#1554=VERTEX_POINT('',#1553);
#1555=CARTESIAN_POINT('',(-55.455721915,41.633718801,8.700000048));
#1556=DIRECTION('',(0.,-1.,0.));
#1557=VECTOR('',#1556,1.);
#1558=LINE('',#1555,#1557);
#1559=EDGE_CURVE('',#1554,#153,#1558,.T.);
#1560=ORIENTED_EDGE('',*,*,#1559,.F.);
#1561=CARTESIAN_POINT('',(-55.955721915,42.133718801,8.700000048));
#1562=VERTEX_POINT('',#1561);
#1563=CARTESIAN_POINT('',(-55.955721915,41.633718801,8.700000048));
#1564=DIRECTION('',(0.,0.,1.));
#1565=DIRECTION('',(1.,0.,-0.));
#1566=AXIS2_PLACEMENT_3D('',#1563,#1564,#1565);
#1567=CIRCLE('',#1566,0.5);
#1568=EDGE_CURVE('',#1554,#1562,#1567,.T.);
#1569=ORIENTED_EDGE('',*,*,#1568,.T.);
#1570=CARTESIAN_POINT('',(-58.755721915,42.133718801,8.700000048));
#1571=VERTEX_POINT('',#1570);
#1572=CARTESIAN_POINT('',(-55.955721915,42.133718801,8.700000048));
#1573=DIRECTION('',(-1.,-0.,0.));
#1574=VECTOR('',#1573,2.8);
#1575=LINE('',#1572,#1574);
#1576=EDGE_CURVE('',#1562,#1571,#1575,.T.);
#1577=ORIENTED_EDGE('',*,*,#1576,.T.);
#1578=CARTESIAN_POINT('',(-59.255721915,41.633718801,8.700000048));
#1579=VERTEX_POINT('',#1578);
#1580=CARTESIAN_POINT('',(-58.755721915,41.633718801,8.700000048));
#1581=DIRECTION('',(0.,0.,1.));
#1582=DIRECTION('',(1.,0.,-0.));
#1583=AXIS2_PLACEMENT_3D('',#1580,#1581,#1582);
#1584=CIRCLE('',#1583,0.5);
#1585=EDGE_CURVE('',#1571,#1579,#1584,.T.);
#1586=ORIENTED_EDGE('',*,*,#1585,.T.);
#1587=CARTESIAN_POINT('',(-59.255721915,41.633718801,8.700000048));
#1588=DIRECTION('',(0.,-1.,0.));
#1589=VECTOR('',#1588,1.);
#1590=LINE('',#1587,#1589);
#1591=EDGE_CURVE('',#1579,#577,#1590,.T.);
#1592=ORIENTED_EDGE('',*,*,#1591,.T.);
#1593=ORIENTED_EDGE('',*,*,#582,.F.);
#1594=CARTESIAN_POINT('',(-63.63975757,39.633718801,8.700000048));
#1595=DIRECTION('',(0.,0.,1.));
#1596=DIRECTION('',(1.,0.,-0.));
#1597=AXIS2_PLACEMENT_3D('',#1594,#1595,#1596);
#1598=CIRCLE('',#1597,1.);
#1599=EDGE_CURVE('',#575,#504,#1598,.T.);
#1600=ORIENTED_EDGE('',*,*,#1599,.T.);
#1601=ORIENTED_EDGE('',*,*,#509,.F.);
#1602=ORIENTED_EDGE('',*,*,#376,.F.);
#1603=CARTESIAN_POINT('',(-54.517899463,-42.473619262,8.700000048));
#1604=DIRECTION('',(0.,0.,1.));
#1605=DIRECTION('',(1.,0.,-0.));
#1606=AXIS2_PLACEMENT_3D('',#1603,#1604,#1605);
#1607=CIRCLE('',#1606,1.);
#1608=EDGE_CURVE('',#363,#331,#1607,.T.);
#1609=ORIENTED_EDGE('',*,*,#1608,.T.);
#1610=ORIENTED_EDGE('',*,*,#336,.F.);
#1611=CARTESIAN_POINT('',(-43.680926124,-39.503161685,8.700000048));
#1612=VERTEX_POINT('',#1611);
#1613=CARTESIAN_POINT('',(-43.680926124,-39.503161685,8.700000048));
#1614=DIRECTION('',(-0.390729293,0.920505633,0.));
#1615=VECTOR('',#1614,0.5);
#1616=LINE('',#1613,#1615);
#1617=EDGE_CURVE('',#1612,#323,#1616,.T.);
#1618=ORIENTED_EDGE('',*,*,#1617,.F.);
#1619=CARTESIAN_POINT('',(-43.025308662,-39.768049855,8.700000048));
#1620=VERTEX_POINT('',#1619);
#1621=CARTESIAN_POINT('',(-43.220673308,-39.307797039,8.700000048));
#1622=DIRECTION('',(0.,0.,1.));
#1623=DIRECTION('',(1.,0.,-0.));
#1624=AXIS2_PLACEMENT_3D('',#1621,#1622,#1623);
#1625=CIRCLE('',#1624,0.5);
#1626=EDGE_CURVE('',#1612,#1620,#1625,.T.);
#1627=ORIENTED_EDGE('',*,*,#1626,.T.);
#1628=CARTESIAN_POINT('',(-40.44789289,-38.674007835,8.700000048));
#1629=VERTEX_POINT('',#1628);
#1630=CARTESIAN_POINT('',(-43.025308662,-39.768049855,8.700000048));
#1631=DIRECTION('',(0.920505633,0.390729293,0.));
#1632=VECTOR('',#1631,2.8);
#1633=LINE('',#1630,#1632);
#1634=EDGE_CURVE('',#1620,#1629,#1633,.T.);
#1635=ORIENTED_EDGE('',*,*,#1634,.T.);
#1636=CARTESIAN_POINT('',(-40.143257537,-38.213755019,8.700000048));
#1637=VERTEX_POINT('',#1636);
#1638=CARTESIAN_POINT('',(-40.643257537,-38.213755019,8.700000048));
#1639=DIRECTION('',(0.,0.,1.));
#1640=DIRECTION('',(1.,0.,-0.));
#1641=AXIS2_PLACEMENT_3D('',#1638,#1639,#1640);
#1642=CIRCLE('',#1641,0.5);
#1643=EDGE_CURVE('',#1629,#1637,#1642,.T.);
#1644=ORIENTED_EDGE('',*,*,#1643,.T.);
#1645=CARTESIAN_POINT('',(-40.183004721,-38.018390372,8.700000048));
#1646=VERTEX_POINT('',#1645);
#1647=CARTESIAN_POINT('',(-40.643257537,-38.213755019,8.700000048));
#1648=DIRECTION('',(0.,0.,1.));
#1649=DIRECTION('',(1.,0.,-0.));
#1650=AXIS2_PLACEMENT_3D('',#1647,#1648,#1649);
#1651=CIRCLE('',#1650,0.5);
#1652=EDGE_CURVE('',#1637,#1646,#1651,.T.);
#1653=ORIENTED_EDGE('',*,*,#1652,.T.);
#1654=CARTESIAN_POINT('',(-40.183004721,-38.018390372,8.700000048));
#1655=DIRECTION('',(-0.390729293,0.920505633,0.));
#1656=VECTOR('',#1655,0.5);
#1657=LINE('',#1654,#1656);
#1658=EDGE_CURVE('',#1646,#1019,#1657,.T.);
#1659=ORIENTED_EDGE('',*,*,#1658,.T.);
#1660=ORIENTED_EDGE('',*,*,#1024,.F.);
#1661=ORIENTED_EDGE('',*,*,#413,.F.);
#1662=ORIENTED_EDGE('',*,*,#56,.F.);
#1663=CARTESIAN_POINT('',(-10.584175587,-31.626283336,8.700000048));
#1664=VERTEX_POINT('',#1663);
#1665=CARTESIAN_POINT('',(-10.584175587,-31.626283336,8.700000048));
#1666=DIRECTION('',(-0.,1.,-0.));
#1667=VECTOR('',#1666,0.5);
#1668=LINE('',#1665,#1667);
#1669=EDGE_CURVE('',#1664,#43,#1668,.T.);
#1670=ORIENTED_EDGE('',*,*,#1669,.F.);
#1671=CARTESIAN_POINT('',(-10.084175587,-32.126283336,8.700000048));
#1672=VERTEX_POINT('',#1671);
#1673=CARTESIAN_POINT('',(-10.084175587,-31.626283336,8.700000048));
#1674=DIRECTION('',(0.,0.,1.));
#1675=DIRECTION('',(1.,0.,-0.));
#1676=AXIS2_PLACEMENT_3D('',#1673,#1674,#1675);
#1677=CIRCLE('',#1676,0.5);
#1678=EDGE_CURVE('',#1664,#1672,#1677,.T.);
#1679=ORIENTED_EDGE('',*,*,#1678,.T.);
#1680=CARTESIAN_POINT('',(-7.284175587,-32.126283336,8.700000048));
#1681=VERTEX_POINT('',#1680);
#1682=CARTESIAN_POINT('',(-10.084175587,-32.126283336,8.700000048));
#1683=DIRECTION('',(1.,0.,0.));
#1684=VECTOR('',#1683,2.8);
#1685=LINE('',#1682,#1684);
#1686=EDGE_CURVE('',#1672,#1681,#1685,.T.);
#1687=ORIENTED_EDGE('',*,*,#1686,.T.);
#1688=CARTESIAN_POINT('',(-6.784175587,-31.626283336,8.700000048));
#1689=VERTEX_POINT('',#1688);
#1690=CARTESIAN_POINT('',(-7.284175587,-31.626283336,8.700000048));
#1691=DIRECTION('',(0.,0.,1.));
#1692=DIRECTION('',(1.,0.,-0.));
#1693=AXIS2_PLACEMENT_3D('',#1690,#1691,#1692);
#1694=CIRCLE('',#1693,0.5);
#1695=EDGE_CURVE('',#1681,#1689,#1694,.T.);
#1696=ORIENTED_EDGE('',*,*,#1695,.T.);
#1697=CARTESIAN_POINT('',(-6.784175587,-31.626283336,8.700000048));
#1698=DIRECTION('',(-0.,1.,-0.));
#1699=VECTOR('',#1698,0.5);
#1700=LINE('',#1697,#1699);
#1701=EDGE_CURVE('',#1689,#426,#1700,.T.);
#1702=ORIENTED_EDGE('',*,*,#1701,.T.);
#1703=ORIENTED_EDGE('',*,*,#431,.F.);
#1704=CARTESIAN_POINT('',(15.110243956,-30.126283336,8.700000048));
#1705=DIRECTION('',(0.,0.,1.));
#1706=DIRECTION('',(1.,0.,-0.));
#1707=AXIS2_PLACEMENT_3D('',#1704,#1705,#1706);
#1708=CIRCLE('',#1707,1.);
#1709=EDGE_CURVE('',#424,#466,#1708,.T.);
#1710=ORIENTED_EDGE('',*,*,#1709,.T.);
#1711=ORIENTED_EDGE('',*,*,#471,.F.);
#1712=CARTESIAN_POINT('',(17.110243956,-27.641282725,8.700000048));
#1713=DIRECTION('',(-0.,-0.,-1.));
#1714=DIRECTION('',(1.,0.,-0.));
#1715=AXIS2_PLACEMENT_3D('',#1712,#1713,#1714);
#1716=CIRCLE('',#1715,1.);
#1717=EDGE_CURVE('',#464,#251,#1716,.T.);
#1718=ORIENTED_EDGE('',*,*,#1717,.T.);
#1719=ORIENTED_EDGE('',*,*,#256,.F.);
#1720=EDGE_LOOP('',(#1287,#1296,#1304,#1313,#1319,#1320,#1327,#1328,#1335,#1336,#1344,#1353,#1361,#1370,#1376,#1377,#1384,#1385,#1392,#1393,#1401,#1410,#1418,#1427,#1433,#1434,
#1435,#1442,#1443,#1444,#1451,#1452,#1460,#1469,#1477,#1486,#1492,#1493,#1500,#1501,#1502,#1509,#1510,#1511,#1519,#1528,#1536,#1545,#1551,#1552,#1560,
#1569,#1577,#1586,#1592,#1593,#1600,#1601,#1602,#1609,#1610,#1618,#1627,#1635,#1644,#1653,#1659,#1660,#1661,#1662,#1670,#1679,#1687,#1696,#1702,#1703,
#1710,#1711,#1718,#1719));
#1721=FACE_BOUND('',#1720,.T.);
#1722=CARTESIAN_POINT('',(32.360244338,40.608717275,8.700000048));
#1723=VERTEX_POINT('',#1722);
#1724=CARTESIAN_POINT('',(32.360244338,26.508716893,8.700000048));
#1725=VERTEX_POINT('',#1724);
#1726=CARTESIAN_POINT('',(32.360244338,40.608717275,8.700000048));
#1727=DIRECTION('',(-0.,-1.,0.));
#1728=VECTOR('',#1727,14.100000381);
#1729=LINE('',#1726,#1728);
#1730=EDGE_CURVE('',#1723,#1725,#1729,.T.);
#1731=ORIENTED_EDGE('',*,*,#1730,.T.);
#1732=CARTESIAN_POINT('',(18.260243956,26.508716893,8.700000048));
#1733=VERTEX_POINT('',#1732);
#1734=CARTESIAN_POINT('',(32.360244338,26.508716893,8.700000048));
#1735=DIRECTION('',(-1.,0.,0.));
#1736=VECTOR('',#1735,14.100000382);
#1737=LINE('',#1734,#1736);
#1738=EDGE_CURVE('',#1725,#1733,#1737,.T.);
#1739=ORIENTED_EDGE('',*,*,#1738,.T.);
#1740=CARTESIAN_POINT('',(18.260243956,40.608717275,8.700000048));
#1741=VERTEX_POINT('',#1740);
#1742=CARTESIAN_POINT('',(18.260243956,26.508716893,8.700000048));
#1743=DIRECTION('',(0.,1.,0.));
#1744=VECTOR('',#1743,14.100000381);
#1745=LINE('',#1742,#1744);
#1746=EDGE_CURVE('',#1733,#1741,#1745,.T.);
#1747=ORIENTED_EDGE('',*,*,#1746,.T.);
#1748=CARTESIAN_POINT('',(18.260243956,40.608717275,8.700000048));
#1749=DIRECTION('',(1.,-0.,0.));
#1750=VECTOR('',#1749,14.100000381);
#1751=LINE('',#1748,#1750);
#1752=EDGE_CURVE('',#1741,#1723,#1751,.T.);
#1753=ORIENTED_EDGE('',*,*,#1752,.T.);
#1754=EDGE_LOOP('',(#1731,#1739,#1747,#1753));
#1755=FACE_BOUND('',#1754,.T.);
#1756=CARTESIAN_POINT('',(-15.739756044,23.608717275,8.700000048));
#1757=VERTEX_POINT('',#1756);
#1758=CARTESIAN_POINT('',(-1.639756139,23.608717275,8.700000048));
#1759=VERTEX_POINT('',#1758);
#1760=CARTESIAN_POINT('',(-15.739756044,23.608717275,8.700000048));
#1761=DIRECTION('',(1.,-0.,0.));
#1762=VECTOR('',#1761,14.099999905);
#1763=LINE('',#1760,#1762);
#1764=EDGE_CURVE('',#1757,#1759,#1763,.T.);
#1765=ORIENTED_EDGE('',*,*,#1764,.T.);
#1766=CARTESIAN_POINT('',(-1.639756139,9.50871737,8.700000048));
#1767=VERTEX_POINT('',#1766);
#1768=CARTESIAN_POINT('',(-1.639756139,23.608717275,8.700000048));
#1769=DIRECTION('',(-0.,-1.,0.));
#1770=VECTOR('',#1769,14.099999905);
#1771=LINE('',#1768,#1770);
#1772=EDGE_CURVE('',#1759,#1767,#1771,.T.);
#1773=ORIENTED_EDGE('',*,*,#1772,.T.);
#1774=CARTESIAN_POINT('',(-15.739756044,9.50871737,8.700000048));
#1775=VERTEX_POINT('',#1774);
#1776=CARTESIAN_POINT('',(-1.639756139,9.50871737,8.700000048));
#1777=DIRECTION('',(-1.,0.,0.));
#1778=VECTOR('',#1777,14.099999905);
#1779=LINE('',#1776,#1778);
#1780=EDGE_CURVE('',#1767,#1775,#1779,.T.);
#1781=ORIENTED_EDGE('',*,*,#1780,.T.);
#1782=CARTESIAN_POINT('',(-15.739756044,9.50871737,8.700000048));
#1783=DIRECTION('',(0.,1.,0.));
#1784=VECTOR('',#1783,14.099999905);
#1785=LINE('',#1782,#1784);
#1786=EDGE_CURVE('',#1775,#1757,#1785,.T.);
#1787=ORIENTED_EDGE('',*,*,#1786,.T.);
#1788=EDGE_LOOP('',(#1765,#1773,#1781,#1787));
#1789=FACE_BOUND('',#1788,.T.);
#1790=CARTESIAN_POINT('',(-1.639756139,26.508716893,8.700000048));
#1791=VERTEX_POINT('',#1790);
#1792=CARTESIAN_POINT('',(-1.639756139,40.608717275,8.700000048));
#1793=VERTEX_POINT('',#1792);
#1794=CARTESIAN_POINT('',(-1.639756139,26.508716893,8.700000048));
#1795=DIRECTION('',(0.,1.,0.));
#1796=VECTOR('',#1795,14.100000381);
#1797=LINE('',#1794,#1796);
#1798=EDGE_CURVE('',#1791,#1793,#1797,.T.);
#1799=ORIENTED_EDGE('',*,*,#1798,.F.);
#1800=CARTESIAN_POINT('',(-15.739756044,26.508716893,8.700000048));
#1801=VERTEX_POINT('',#1800);
#1802=CARTESIAN_POINT('',(-1.639756139,26.508716893,8.700000048));
#1803=DIRECTION('',(-1.,0.,0.));
#1804=VECTOR('',#1803,14.099999905);
#1805=LINE('',#1802,#1804);
#1806=EDGE_CURVE('',#1791,#1801,#1805,.T.);
#1807=ORIENTED_EDGE('',*,*,#1806,.T.);
#1808=CARTESIAN_POINT('',(-15.739756044,40.608717275,8.700000048));
#1809=VERTEX_POINT('',#1808);
#1810=CARTESIAN_POINT('',(-15.739756044,40.608717275,8.700000048));
#1811=DIRECTION('',(-0.,-1.,0.));
#1812=VECTOR('',#1811,14.100000381);
#1813=LINE('',#1810,#1812);
#1814=EDGE_CURVE('',#1809,#1801,#1813,.T.);
#1815=ORIENTED_EDGE('',*,*,#1814,.F.);
#1816=CARTESIAN_POINT('',(-1.639756139,40.608717275,8.700000048));
#1817=DIRECTION('',(-1.,0.,0.));
#1818=VECTOR('',#1817,14.099999905);
#1819=LINE('',#1816,#1818);
#1820=EDGE_CURVE('',#1793,#1809,#1819,.T.);
#1821=ORIENTED_EDGE('',*,*,#1820,.F.);
#1822=EDGE_LOOP('',(#1799,#1807,#1815,#1821));
#1823=FACE_BOUND('',#1822,.T.);
#1824=CARTESIAN_POINT('',(66.36024243,22.258716893,8.700000048));
#1825=VERTEX_POINT('',#1824);
#1826=CARTESIAN_POINT('',(66.36024243,36.358717275,8.700000048));
#1827=VERTEX_POINT('',#1826);
#1828=CARTESIAN_POINT('',(66.36024243,22.258716893,8.700000048));
#1829=DIRECTION('',(0.,1.,0.));
#1830=VECTOR('',#1829,14.100000381);
#1831=LINE('',#1828,#1830);
#1832=EDGE_CURVE('',#1825,#1827,#1831,.T.);
#1833=ORIENTED_EDGE('',*,*,#1832,.F.);
#1834=CARTESIAN_POINT('',(52.260243956,22.258716893,8.700000048));
#1835=VERTEX_POINT('',#1834);
#1836=CARTESIAN_POINT('',(66.36024243,22.258716893,8.700000048));
#1837=DIRECTION('',(-1.,0.,0.));
#1838=VECTOR('',#1837,14.099998474);
#1839=LINE('',#1836,#1838);
#1840=EDGE_CURVE('',#1825,#1835,#1839,.T.);
#1841=ORIENTED_EDGE('',*,*,#1840,.T.);
#1842=CARTESIAN_POINT('',(52.260243956,36.358717275,8.700000048));
#1843=VERTEX_POINT('',#1842);
#1844=CARTESIAN_POINT('',(52.260243956,36.358717275,8.700000048));
#1845=DIRECTION('',(-0.,-1.,0.));
#1846=VECTOR('',#1845,14.100000382);
#1847=LINE('',#1844,#1846);
#1848=EDGE_CURVE('',#1843,#1835,#1847,.T.);
#1849=ORIENTED_EDGE('',*,*,#1848,.F.);
#1850=CARTESIAN_POINT('',(66.36024243,36.358717275,8.700000048));
#1851=DIRECTION('',(-1.,0.,0.));
#1852=VECTOR('',#1851,14.099998474);
#1853=LINE('',#1850,#1852);
#1854=EDGE_CURVE('',#1827,#1843,#1853,.T.);
#1855=ORIENTED_EDGE('',*,*,#1854,.F.);
#1856=EDGE_LOOP('',(#1833,#1841,#1849,#1855));
#1857=FACE_BOUND('',#1856,.T.);
#1858=CARTESIAN_POINT('',(52.260243956,19.358717275,8.700000048));
#1859=VERTEX_POINT('',#1858);
#1860=CARTESIAN_POINT('',(52.260243956,19.358717275,8.700000048));
#1861=DIRECTION('',(1.,-0.,0.));
#1862=VECTOR('',#1861,14.099998474);
#1863=LINE('',#1860,#1862);
#1864=EDGE_CURVE('',#1859,#1068,#1863,.T.);
#1865=ORIENTED_EDGE('',*,*,#1864,.T.);
#1866=ORIENTED_EDGE('',*,*,#1073,.T.);
#1867=CARTESIAN_POINT('',(52.260243956,5.25871737,8.700000048));
#1868=VERTEX_POINT('',#1867);
#1869=CARTESIAN_POINT('',(66.36024243,5.25871737,8.700000048));
#1870=DIRECTION('',(-1.,0.,0.));
#1871=VECTOR('',#1870,14.099998474);
#1872=LINE('',#1869,#1871);
#1873=EDGE_CURVE('',#1060,#1868,#1872,.T.);
#1874=ORIENTED_EDGE('',*,*,#1873,.T.);
#1875=CARTESIAN_POINT('',(52.260243956,19.358717275,8.700000048));
#1876=DIRECTION('',(-0.,-1.,0.));
#1877=VECTOR('',#1876,14.099999905);
#1878=LINE('',#1875,#1877);
#1879=EDGE_CURVE('',#1859,#1868,#1878,.T.);
#1880=ORIENTED_EDGE('',*,*,#1879,.F.);
#1881=EDGE_LOOP('',(#1865,#1866,#1874,#1880));
#1882=FACE_BOUND('',#1881,.T.);
#1883=CARTESIAN_POINT('',(-15.739756044,6.608717275,8.700000048));
#1884=VERTEX_POINT('',#1883);
#1885=CARTESIAN_POINT('',(-1.639756139,6.608717275,8.700000048));
#1886=VERTEX_POINT('',#1885);
#1887=CARTESIAN_POINT('',(-15.739756044,6.608717275,8.700000048));
#1888=DIRECTION('',(1.,-0.,0.));
#1889=VECTOR('',#1888,14.099999905);
#1890=LINE('',#1887,#1889);
#1891=EDGE_CURVE('',#1884,#1886,#1890,.T.);
#1892=ORIENTED_EDGE('',*,*,#1891,.T.);
#1893=CARTESIAN_POINT('',(-1.639756139,-7.491282153,8.700000048));
#1894=VERTEX_POINT('',#1893);
#1895=CARTESIAN_POINT('',(-1.639756139,6.608717275,8.700000048));
#1896=DIRECTION('',(-0.,-1.,0.));
#1897=VECTOR('',#1896,14.099999428);
#1898=LINE('',#1895,#1897);
#1899=EDGE_CURVE('',#1886,#1894,#1898,.T.);
#1900=ORIENTED_EDGE('',*,*,#1899,.T.);
#1901=CARTESIAN_POINT('',(-15.739756044,-7.491282153,8.700000048));
#1902=VERTEX_POINT('',#1901);
#1903=CARTESIAN_POINT('',(-1.639756139,-7.491282153,8.700000048));
#1904=DIRECTION('',(-1.,0.,0.));
#1905=VECTOR('',#1904,14.099999905);
#1906=LINE('',#1903,#1905);
#1907=EDGE_CURVE('',#1894,#1902,#1906,.T.);
#1908=ORIENTED_EDGE('',*,*,#1907,.T.);
#1909=CARTESIAN_POINT('',(-15.739756044,6.608717275,8.700000048));
#1910=DIRECTION('',(-0.,-1.,0.));
#1911=VECTOR('',#1910,14.099999428);
#1912=LINE('',#1909,#1911);
#1913=EDGE_CURVE('',#1884,#1902,#1912,.T.);
#1914=ORIENTED_EDGE('',*,*,#1913,.F.);
#1915=EDGE_LOOP('',(#1892,#1900,#1908,#1914));
#1916=FACE_BOUND('',#1915,.T.);
#1917=CARTESIAN_POINT('',(1.260243956,11.633717847,8.700000048));
#1918=VERTEX_POINT('',#1917);
#1919=CARTESIAN_POINT('',(1.260243956,25.733717275,8.700000048));
#1920=VERTEX_POINT('',#1919);
#1921=CARTESIAN_POINT('',(1.260243956,11.633717847,8.700000048));
#1922=DIRECTION('',(0.,1.,0.));
#1923=VECTOR('',#1922,14.099999428);
#1924=LINE('',#1921,#1923);
#1925=EDGE_CURVE('',#1918,#1920,#1924,.T.);
#1926=ORIENTED_EDGE('',*,*,#1925,.T.);
#1927=CARTESIAN_POINT('',(15.360244338,25.733717275,8.700000048));
#1928=VERTEX_POINT('',#1927);
#1929=CARTESIAN_POINT('',(15.360244338,25.733717275,8.700000048));
#1930=DIRECTION('',(-1.,0.,0.));
#1931=VECTOR('',#1930,14.100000381);
#1932=LINE('',#1929,#1931);
#1933=EDGE_CURVE('',#1928,#1920,#1932,.T.);
#1934=ORIENTED_EDGE('',*,*,#1933,.F.);
#1935=CARTESIAN_POINT('',(15.360244338,11.633717847,8.700000048));
#1936=VERTEX_POINT('',#1935);
#1937=CARTESIAN_POINT('',(15.360244338,11.633717847,8.700000048));
#1938=DIRECTION('',(0.,1.,0.));
#1939=VECTOR('',#1938,14.099999428);
#1940=LINE('',#1937,#1939);
#1941=EDGE_CURVE('',#1936,#1928,#1940,.T.);
#1942=ORIENTED_EDGE('',*,*,#1941,.F.);
#1943=CARTESIAN_POINT('',(1.260243956,11.633717847,8.700000048));
#1944=DIRECTION('',(1.,-0.,0.));
#1945=VECTOR('',#1944,14.100000381);
#1946=LINE('',#1943,#1945);
#1947=EDGE_CURVE('',#1918,#1936,#1946,.T.);
#1948=ORIENTED_EDGE('',*,*,#1947,.F.);
#1949=EDGE_LOOP('',(#1926,#1934,#1942,#1948));
#1950=FACE_BOUND('',#1949,.T.);
#1951=CARTESIAN_POINT('',(-18.639755662,38.483717275,8.700000048));
#1952=VERTEX_POINT('',#1951);
#1953=CARTESIAN_POINT('',(-32.739756044,38.483717275,8.700000048));
#1954=VERTEX_POINT('',#1953);
#1955=CARTESIAN_POINT('',(-18.639755662,38.483717275,8.700000048));
#1956=DIRECTION('',(-1.,0.,0.));
#1957=VECTOR('',#1956,14.100000382);
#1958=LINE('',#1955,#1957);
#1959=EDGE_CURVE('',#1952,#1954,#1958,.T.);
#1960=ORIENTED_EDGE('',*,*,#1959,.F.);
#1961=CARTESIAN_POINT('',(-18.639755662,24.383716893,8.700000048));
#1962=VERTEX_POINT('',#1961);
#1963=CARTESIAN_POINT('',(-18.639755662,24.383716893,8.700000048));
#1964=DIRECTION('',(0.,1.,0.));
#1965=VECTOR('',#1964,14.100000382);
#1966=LINE('',#1963,#1965);
#1967=EDGE_CURVE('',#1962,#1952,#1966,.T.);
#1968=ORIENTED_EDGE('',*,*,#1967,.F.);
#1969=CARTESIAN_POINT('',(-32.739756044,24.383716893,8.700000048));
#1970=VERTEX_POINT('',#1969);
#1971=CARTESIAN_POINT('',(-18.639755662,24.383716893,8.700000048));
#1972=DIRECTION('',(-1.,0.,0.));
#1973=VECTOR('',#1972,14.100000382);
#1974=LINE('',#1971,#1973);
#1975=EDGE_CURVE('',#1962,#1970,#1974,.T.);
#1976=ORIENTED_EDGE('',*,*,#1975,.T.);
#1977=CARTESIAN_POINT('',(-32.739756044,38.483717275,8.700000048));
#1978=DIRECTION('',(-0.,-1.,0.));
#1979=VECTOR('',#1978,14.100000382);
#1980=LINE('',#1977,#1979);
#1981=EDGE_CURVE('',#1954,#1970,#1980,.T.);
#1982=ORIENTED_EDGE('',*,*,#1981,.F.);
#1983=EDGE_LOOP('',(#1960,#1968,#1976,#1982));
#1984=FACE_BOUND('',#1983,.T.);
#1985=CARTESIAN_POINT('',(1.260243956,-5.36628263,8.700000048));
#1986=VERTEX_POINT('',#1985);
#1987=CARTESIAN_POINT('',(1.260243956,8.733717275,8.700000048));
#1988=VERTEX_POINT('',#1987);
#1989=CARTESIAN_POINT('',(1.260243956,-5.36628263,8.700000048));
#1990=DIRECTION('',(0.,1.,0.));
#1991=VECTOR('',#1990,14.099999905);
#1992=LINE('',#1989,#1991);
#1993=EDGE_CURVE('',#1986,#1988,#1992,.T.);
#1994=ORIENTED_EDGE('',*,*,#1993,.T.);
#1995=CARTESIAN_POINT('',(15.360244338,8.733717275,8.700000048));
#1996=VERTEX_POINT('',#1995);
#1997=CARTESIAN_POINT('',(15.360244338,8.733717275,8.700000048));
#1998=DIRECTION('',(-1.,0.,0.));
#1999=VECTOR('',#1998,14.100000381);
#2000=LINE('',#1997,#1999);
#2001=EDGE_CURVE('',#1996,#1988,#2000,.T.);
#2002=ORIENTED_EDGE('',*,*,#2001,.F.);
#2003=CARTESIAN_POINT('',(15.360244338,-5.36628263,8.700000048));
#2004=VERTEX_POINT('',#2003);
#2005=CARTESIAN_POINT('',(15.360244338,8.733717275,8.700000048));
#2006=DIRECTION('',(-0.,-1.,0.));
#2007=VECTOR('',#2006,14.099999905);
#2008=LINE('',#2005,#2007);
#2009=EDGE_CURVE('',#1996,#2004,#2008,.T.);
#2010=ORIENTED_EDGE('',*,*,#2009,.T.);
#2011=CARTESIAN_POINT('',(1.260243956,-5.36628263,8.700000048));
#2012=DIRECTION('',(1.,-0.,0.));
#2013=VECTOR('',#2012,14.100000381);
#2014=LINE('',#2011,#2013);
#2015=EDGE_CURVE('',#1986,#2004,#2014,.T.);
#2016=ORIENTED_EDGE('',*,*,#2015,.F.);
#2017=EDGE_LOOP('',(#1994,#2002,#2010,#2016));
#2018=FACE_BOUND('',#2017,.T.);
#2019=CARTESIAN_POINT('',(35.260243956,22.258716893,8.700000048));
#2020=VERTEX_POINT('',#2019);
#2021=CARTESIAN_POINT('',(35.260243956,36.358717275,8.700000048));
#2022=VERTEX_POINT('',#2021);
#2023=CARTESIAN_POINT('',(35.260243956,22.258716893,8.700000048));
#2024=DIRECTION('',(0.,1.,0.));
#2025=VECTOR('',#2024,14.100000381);
#2026=LINE('',#2023,#2025);
#2027=EDGE_CURVE('',#2020,#2022,#2026,.T.);
#2028=ORIENTED_EDGE('',*,*,#2027,.T.);
#2029=CARTESIAN_POINT('',(49.36024243,36.358717275,8.700000048));
#2030=VERTEX_POINT('',#2029);
#2031=CARTESIAN_POINT('',(49.36024243,36.358717275,8.700000048));
#2032=DIRECTION('',(-1.,0.,0.));
#2033=VECTOR('',#2032,14.099998474);
#2034=LINE('',#2031,#2033);
#2035=EDGE_CURVE('',#2030,#2022,#2034,.T.);
#2036=ORIENTED_EDGE('',*,*,#2035,.F.);
#2037=CARTESIAN_POINT('',(49.36024243,22.258716893,8.700000048));
#2038=VERTEX_POINT('',#2037);
#2039=CARTESIAN_POINT('',(49.36024243,22.258716893,8.700000048));
#2040=DIRECTION('',(0.,1.,0.));
#2041=VECTOR('',#2040,14.100000381);
#2042=LINE('',#2039,#2041);
#2043=EDGE_CURVE('',#2038,#2030,#2042,.T.);
#2044=ORIENTED_EDGE('',*,*,#2043,.F.);
#2045=CARTESIAN_POINT('',(49.36024243,22.258716893,8.700000048));
#2046=DIRECTION('',(-1.,0.,0.));
#2047=VECTOR('',#2046,14.099998474);
#2048=LINE('',#2045,#2047);
#2049=EDGE_CURVE('',#2038,#2020,#2048,.T.);
#2050=ORIENTED_EDGE('',*,*,#2049,.T.);
#2051=EDGE_LOOP('',(#2028,#2036,#2044,#2050));
#2052=FACE_BOUND('',#2051,.T.);
#2053=CARTESIAN_POINT('',(15.360244338,28.633716893,8.700000048));
#2054=VERTEX_POINT('',#2053);
#2055=CARTESIAN_POINT('',(1.260243956,28.633716893,8.700000048));
#2056=VERTEX_POINT('',#2055);
#2057=CARTESIAN_POINT('',(15.360244338,28.633716893,8.700000048));
#2058=DIRECTION('',(-1.,0.,0.));
#2059=VECTOR('',#2058,14.100000381);
#2060=LINE('',#2057,#2059);
#2061=EDGE_CURVE('',#2054,#2056,#2060,.T.);
#2062=ORIENTED_EDGE('',*,*,#2061,.T.);
#2063=CARTESIAN_POINT('',(1.260243956,42.733717275,8.700000048));
#2064=VERTEX_POINT('',#2063);
#2065=CARTESIAN_POINT('',(1.260243956,42.733717275,8.700000048));
#2066=DIRECTION('',(-0.,-1.,0.));
#2067=VECTOR('',#2066,14.100000381);
#2068=LINE('',#2065,#2067);
#2069=EDGE_CURVE('',#2064,#2056,#2068,.T.);
#2070=ORIENTED_EDGE('',*,*,#2069,.F.);
#2071=CARTESIAN_POINT('',(15.360244338,42.733717275,8.700000048));
#2072=VERTEX_POINT('',#2071);
#2073=CARTESIAN_POINT('',(1.260243956,42.733717275,8.700000048));
#2074=DIRECTION('',(1.,-0.,0.));
#2075=VECTOR('',#2074,14.100000381);
#2076=LINE('',#2073,#2075);
#2077=EDGE_CURVE('',#2064,#2072,#2076,.T.);
#2078=ORIENTED_EDGE('',*,*,#2077,.T.);
#2079=CARTESIAN_POINT('',(15.360244338,42.733717275,8.700000048));
#2080=DIRECTION('',(-0.,-1.,0.));
#2081=VECTOR('',#2080,14.100000381);
#2082=LINE('',#2079,#2081);
#2083=EDGE_CURVE('',#2072,#2054,#2082,.T.);
#2084=ORIENTED_EDGE('',*,*,#2083,.T.);
#2085=EDGE_LOOP('',(#2062,#2070,#2078,#2084));
#2086=FACE_BOUND('',#2085,.T.);
#2087=CARTESIAN_POINT('',(-18.639755662,21.483717275,8.700000048));
#2088=VERTEX_POINT('',#2087);
#2089=CARTESIAN_POINT('',(-18.639755662,7.38371737,8.700000048));
#2090=VERTEX_POINT('',#2089);
#2091=CARTESIAN_POINT('',(-18.639755662,21.483717275,8.700000048));
#2092=DIRECTION('',(-0.,-1.,0.));
#2093=VECTOR('',#2092,14.099999905);
#2094=LINE('',#2091,#2093);
#2095=EDGE_CURVE('',#2088,#2090,#2094,.T.);
#2096=ORIENTED_EDGE('',*,*,#2095,.T.);
#2097=CARTESIAN_POINT('',(-32.739756044,7.38371737,8.700000048));
#2098=VERTEX_POINT('',#2097);
#2099=CARTESIAN_POINT('',(-18.639755662,7.38371737,8.700000048));
#2100=DIRECTION('',(-1.,0.,0.));
#2101=VECTOR('',#2100,14.100000382);
#2102=LINE('',#2099,#2101);
#2103=EDGE_CURVE('',#2090,#2098,#2102,.T.);
#2104=ORIENTED_EDGE('',*,*,#2103,.T.);
#2105=CARTESIAN_POINT('',(-32.739756044,21.483717275,8.700000048));
#2106=VERTEX_POINT('',#2105);
#2107=CARTESIAN_POINT('',(-32.739756044,7.38371737,8.700000048));
#2108=DIRECTION('',(0.,1.,0.));
#2109=VECTOR('',#2108,14.099999905);
#2110=LINE('',#2107,#2109);
#2111=EDGE_CURVE('',#2098,#2106,#2110,.T.);
#2112=ORIENTED_EDGE('',*,*,#2111,.T.);
#2113=CARTESIAN_POINT('',(-32.739756044,21.483717275,8.700000048));
#2114=DIRECTION('',(1.,-0.,0.));
#2115=VECTOR('',#2114,14.100000382);
#2116=LINE('',#2113,#2115);
#2117=EDGE_CURVE('',#2106,#2088,#2116,.T.);
#2118=ORIENTED_EDGE('',*,*,#2117,.T.);
#2119=EDGE_LOOP('',(#2096,#2104,#2112,#2118));
#2120=FACE_BOUND('',#2119,.T.);
#2121=CARTESIAN_POINT('',(2.610243861,-13.876282382,8.700000048));
#2122=VERTEX_POINT('',#2121);
#2123=CARTESIAN_POINT('',(2.610243861,-27.97628181,8.700000048));
#2124=VERTEX_POINT('',#2123);
#2125=CARTESIAN_POINT('',(2.610243861,-13.876282382,8.700000048));
#2126=DIRECTION('',(-0.,-1.,0.));
#2127=VECTOR('',#2126,14.099999428);
#2128=LINE('',#2125,#2127);
#2129=EDGE_CURVE('',#2122,#2124,#2128,.T.);
#2130=ORIENTED_EDGE('',*,*,#2129,.T.);
#2131=CARTESIAN_POINT('',(-11.489756044,-27.97628181,8.700000048));
#2132=VERTEX_POINT('',#2131);
#2133=CARTESIAN_POINT('',(2.610243861,-27.97628181,8.700000048));
#2134=DIRECTION('',(-1.,0.,0.));
#2135=VECTOR('',#2134,14.099999905);
#2136=LINE('',#2133,#2135);
#2137=EDGE_CURVE('',#2124,#2132,#2136,.T.);
#2138=ORIENTED_EDGE('',*,*,#2137,.T.);
#2139=CARTESIAN_POINT('',(-11.489756044,-13.876282382,8.700000048));
#2140=VERTEX_POINT('',#2139);
#2141=CARTESIAN_POINT('',(-11.489756044,-27.97628181,8.700000048));
#2142=DIRECTION('',(0.,1.,0.));
#2143=VECTOR('',#2142,14.099999428);
#2144=LINE('',#2141,#2143);
#2145=EDGE_CURVE('',#2132,#2140,#2144,.T.);
#2146=ORIENTED_EDGE('',*,*,#2145,.T.);
#2147=CARTESIAN_POINT('',(2.610243861,-13.876282382,8.700000048));
#2148=DIRECTION('',(-1.,0.,0.));
#2149=VECTOR('',#2148,14.099999905);
#2150=LINE('',#2147,#2149);
#2151=EDGE_CURVE('',#2122,#2140,#2150,.T.);
#2152=ORIENTED_EDGE('',*,*,#2151,.F.);
#2153=EDGE_LOOP('',(#2130,#2138,#2146,#2152));
#2154=FACE_BOUND('',#2153,.T.);
#2155=CARTESIAN_POINT('',(-32.739756044,-9.616282153,8.700000048));
#2156=VERTEX_POINT('',#2155);
#2157=CARTESIAN_POINT('',(-32.739756044,4.483717513,8.700000048));
#2158=VERTEX_POINT('',#2157);
#2159=CARTESIAN_POINT('',(-32.739756044,-9.616282153,8.700000048));
#2160=DIRECTION('',(0.,1.,0.));
#2161=VECTOR('',#2160,14.099999666);
#2162=LINE('',#2159,#2161);
#2163=EDGE_CURVE('',#2156,#2158,#2162,.T.);
#2164=ORIENTED_EDGE('',*,*,#2163,.T.);
#2165=CARTESIAN_POINT('',(-18.639755662,4.483717513,8.700000048));
#2166=VERTEX_POINT('',#2165);
#2167=CARTESIAN_POINT('',(-32.739756044,4.483717513,8.700000048));
#2168=DIRECTION('',(1.,-0.,0.));
#2169=VECTOR('',#2168,14.100000382);
#2170=LINE('',#2167,#2169);
#2171=EDGE_CURVE('',#2158,#2166,#2170,.T.);
#2172=ORIENTED_EDGE('',*,*,#2171,.T.);
#2173=CARTESIAN_POINT('',(-18.639755662,-9.616282153,8.700000048));
#2174=VERTEX_POINT('',#2173);
#2175=CARTESIAN_POINT('',(-18.639755662,4.483717513,8.700000048));
#2176=DIRECTION('',(-0.,-1.,0.));
#2177=VECTOR('',#2176,14.099999666);
#2178=LINE('',#2175,#2177);
#2179=EDGE_CURVE('',#2166,#2174,#2178,.T.);
#2180=ORIENTED_EDGE('',*,*,#2179,.T.);
#2181=CARTESIAN_POINT('',(-18.639755662,-9.616282153,8.700000048));
#2182=DIRECTION('',(-1.,0.,0.));
#2183=VECTOR('',#2182,14.100000382);
#2184=LINE('',#2181,#2183);
#2185=EDGE_CURVE('',#2174,#2156,#2184,.T.);
#2186=ORIENTED_EDGE('',*,*,#2185,.T.);
#2187=EDGE_LOOP('',(#2164,#2172,#2180,#2186));
#2188=FACE_BOUND('',#2187,.T.);
#2189=CARTESIAN_POINT('',(-22.182184005,-14.643158322,8.700000048));
#2190=VERTEX_POINT('',#2189);
#2191=CARTESIAN_POINT('',(-19.267477449,-28.438609767,8.700000048));
#2192=VERTEX_POINT('',#2191);
#2193=CARTESIAN_POINT('',(-22.182184005,-14.643158322,8.700000048));
#2194=DIRECTION('',(0.20671678,-0.978400824,0.));
#2195=VECTOR('',#2194,14.099999818);
#2196=LINE('',#2193,#2195);
#2197=EDGE_CURVE('',#2190,#2192,#2196,.T.);
#2198=ORIENTED_EDGE('',*,*,#2197,.T.);
#2199=CARTESIAN_POINT('',(-33.06292638,-31.353310555,8.700000048));
#2200=VERTEX_POINT('',#2199);
#2201=CARTESIAN_POINT('',(-19.267477449,-28.438609767,8.700000048));
#2202=DIRECTION('',(-0.978400899,-0.206716424,0.));
#2203=VECTOR('',#2202,14.099996167);
#2204=LINE('',#2201,#2203);
#2205=EDGE_CURVE('',#2192,#2200,#2204,.T.);
#2206=ORIENTED_EDGE('',*,*,#2205,.T.);
#2207=CARTESIAN_POINT('',(-35.977632936,-17.557859111,8.700000048));
#2208=VERTEX_POINT('',#2207);
#2209=CARTESIAN_POINT('',(-33.06292638,-31.353310555,8.700000048));
#2210=DIRECTION('',(-0.20671678,0.978400824,0.));
#2211=VECTOR('',#2210,14.099999818);
#2212=LINE('',#2209,#2211);
#2213=EDGE_CURVE('',#2200,#2208,#2212,.T.);
#2214=ORIENTED_EDGE('',*,*,#2213,.T.);
#2215=CARTESIAN_POINT('',(-35.977632936,-17.557859111,8.700000048));
#2216=DIRECTION('',(0.978400899,0.206716424,0.));
#2217=VECTOR('',#2216,14.099996167);
#2218=LINE('',#2215,#2217);
#2219=EDGE_CURVE('',#2208,#2190,#2218,.T.);
#2220=ORIENTED_EDGE('',*,*,#2219,.T.);
#2221=EDGE_LOOP('',(#2198,#2206,#2214,#2220));
#2222=FACE_BOUND('',#2221,.T.);
#2223=CARTESIAN_POINT('',(-35.63975757,-5.36628263,8.700000048));
#2224=VERTEX_POINT('',#2223);
#2225=CARTESIAN_POINT('',(-35.63975757,8.733717275,8.700000048));
#2226=VERTEX_POINT('',#2225);
#2227=CARTESIAN_POINT('',(-35.63975757,-5.36628263,8.700000048));
#2228=DIRECTION('',(0.,1.,0.));
#2229=VECTOR('',#2228,14.099999905);
#2230=LINE('',#2227,#2229);
#2231=EDGE_CURVE('',#2224,#2226,#2230,.T.);
#2232=ORIENTED_EDGE('',*,*,#2231,.F.);
#2233=CARTESIAN_POINT('',(-49.739756044,-5.36628263,8.700000048));
#2234=VERTEX_POINT('',#2233);
#2235=CARTESIAN_POINT('',(-35.63975757,-5.36628263,8.700000048));
#2236=DIRECTION('',(-1.,0.,0.));
#2237=VECTOR('',#2236,14.099998474);
#2238=LINE('',#2235,#2237);
#2239=EDGE_CURVE('',#2224,#2234,#2238,.T.);
#2240=ORIENTED_EDGE('',*,*,#2239,.T.);
#2241=CARTESIAN_POINT('',(-49.739756044,8.733717275,8.700000048));
#2242=VERTEX_POINT('',#2241);
#2243=CARTESIAN_POINT('',(-49.739756044,-5.36628263,8.700000048));
#2244=DIRECTION('',(0.,1.,0.));
#2245=VECTOR('',#2244,14.099999905);
#2246=LINE('',#2243,#2245);
#2247=EDGE_CURVE('',#2234,#2242,#2246,.T.);
#2248=ORIENTED_EDGE('',*,*,#2247,.T.);
#2249=CARTESIAN_POINT('',(-35.63975757,8.733717275,8.700000048));
#2250=DIRECTION('',(-1.,0.,0.));
#2251=VECTOR('',#2250,14.099998474);
#2252=LINE('',#2249,#2251);
#2253=EDGE_CURVE('',#2226,#2242,#2252,.T.);
#2254=ORIENTED_EDGE('',*,*,#2253,.F.);
#2255=EDGE_LOOP('',(#2232,#2240,#2248,#2254));
#2256=FACE_BOUND('',#2255,.T.);
#2257=CARTESIAN_POINT('',(52.260243956,2.358717424,8.700000048));
#2258=VERTEX_POINT('',#2257);
#2259=CARTESIAN_POINT('',(66.36024243,2.358717424,8.700000048));
#2260=VERTEX_POINT('',#2259);
#2261=CARTESIAN_POINT('',(52.260243956,2.358717424,8.700000048));
#2262=DIRECTION('',(1.,-0.,0.));
#2263=VECTOR('',#2262,14.099998474);
#2264=LINE('',#2261,#2263);
#2265=EDGE_CURVE('',#2258,#2260,#2264,.T.);
#2266=ORIENTED_EDGE('',*,*,#2265,.T.);
#2267=CARTESIAN_POINT('',(66.36024243,-11.741282153,8.700000048));
#2268=VERTEX_POINT('',#2267);
#2269=CARTESIAN_POINT('',(66.36024243,-11.741282153,8.700000048));
#2270=DIRECTION('',(0.,1.,0.));
#2271=VECTOR('',#2270,14.099999577);
#2272=LINE('',#2269,#2271);
#2273=EDGE_CURVE('',#2268,#2260,#2272,.T.);
#2274=ORIENTED_EDGE('',*,*,#2273,.F.);
#2275=CARTESIAN_POINT('',(52.260243956,-11.741282153,8.700000048));
#2276=VERTEX_POINT('',#2275);
#2277=CARTESIAN_POINT('',(52.260243956,-11.741282153,8.700000048));
#2278=DIRECTION('',(1.,-0.,0.));
#2279=VECTOR('',#2278,14.099998474);
#2280=LINE('',#2277,#2279);
#2281=EDGE_CURVE('',#2276,#2268,#2280,.T.);
#2282=ORIENTED_EDGE('',*,*,#2281,.F.);
#2283=CARTESIAN_POINT('',(52.260243956,2.358717424,8.700000048));
#2284=DIRECTION('',(-0.,-1.,0.));
#2285=VECTOR('',#2284,14.099999577);
#2286=LINE('',#2283,#2285);
#2287=EDGE_CURVE('',#2258,#2276,#2286,.T.);
#2288=ORIENTED_EDGE('',*,*,#2287,.F.);
#2289=EDGE_LOOP('',(#2266,#2274,#2282,#2288));
#2290=FACE_BOUND('',#2289,.T.);
#2291=CARTESIAN_POINT('',(18.260243956,23.608717275,8.700000048));
#2292=VERTEX_POINT('',#2291);
#2293=CARTESIAN_POINT('',(18.260243956,23.608717275,8.700000048));
#2294=DIRECTION('',(-0.,-1.,0.));
#2295=VECTOR('',#2294,14.099999905);
#2296=LINE('',#2293,#2295);
#2297=EDGE_CURVE('',#2292,#1220,#2296,.T.);
#2298=ORIENTED_EDGE('',*,*,#2297,.F.);
#2299=CARTESIAN_POINT('',(32.360244338,23.608717275,8.700000048));
#2300=VERTEX_POINT('',#2299);
#2301=CARTESIAN_POINT('',(18.260243956,23.608717275,8.700000048));
#2302=DIRECTION('',(1.,-0.,0.));
#2303=VECTOR('',#2302,14.100000382);
#2304=LINE('',#2301,#2303);
#2305=EDGE_CURVE('',#2292,#2300,#2304,.T.);
#2306=ORIENTED_EDGE('',*,*,#2305,.T.);
#2307=CARTESIAN_POINT('',(32.360244338,23.608717275,8.700000048));
#2308=DIRECTION('',(-0.,-1.,0.));
#2309=VECTOR('',#2308,14.099999905);
#2310=LINE('',#2307,#2309);
#2311=EDGE_CURVE('',#2300,#1228,#2310,.T.);
#2312=ORIENTED_EDGE('',*,*,#2311,.T.);
#2313=ORIENTED_EDGE('',*,*,#1233,.F.);
#2314=EDGE_LOOP('',(#2298,#2306,#2312,#2313));
#2315=FACE_BOUND('',#2314,.T.);
#2316=CARTESIAN_POINT('',(66.36024243,-14.641282725,8.700000048));
#2317=VERTEX_POINT('',#2316);
#2318=CARTESIAN_POINT('',(52.260243956,-14.641282725,8.700000048));
#2319=VERTEX_POINT('',#2318);
#2320=CARTESIAN_POINT('',(66.36024243,-14.641282725,8.700000048));
#2321=DIRECTION('',(-1.,0.,0.));
#2322=VECTOR('',#2321,14.099998474);
#2323=LINE('',#2320,#2322);
#2324=EDGE_CURVE('',#2317,#2319,#2323,.T.);
#2325=ORIENTED_EDGE('',*,*,#2324,.F.);
#2326=CARTESIAN_POINT('',(66.36024243,-28.741283107,8.700000048));
#2327=VERTEX_POINT('',#2326);
#2328=CARTESIAN_POINT('',(66.36024243,-28.741283107,8.700000048));
#2329=DIRECTION('',(0.,1.,0.));
#2330=VECTOR('',#2329,14.100000382);
#2331=LINE('',#2328,#2330);
#2332=EDGE_CURVE('',#2327,#2317,#2331,.T.);
#2333=ORIENTED_EDGE('',*,*,#2332,.F.);
#2334=CARTESIAN_POINT('',(52.260243956,-28.741283107,8.700000048));
#2335=VERTEX_POINT('',#2334);
#2336=CARTESIAN_POINT('',(52.260243956,-28.741283107,8.700000048));
#2337=DIRECTION('',(1.,-0.,0.));
#2338=VECTOR('',#2337,14.099998474);
#2339=LINE('',#2336,#2338);
#2340=EDGE_CURVE('',#2335,#2327,#2339,.T.);
#2341=ORIENTED_EDGE('',*,*,#2340,.F.);
#2342=CARTESIAN_POINT('',(52.260243956,-14.641282725,8.700000048));
#2343=DIRECTION('',(-0.,-1.,0.));
#2344=VECTOR('',#2343,14.100000382);
#2345=LINE('',#2342,#2344);
#2346=EDGE_CURVE('',#2319,#2335,#2345,.T.);
#2347=ORIENTED_EDGE('',*,*,#2346,.F.);
#2348=EDGE_LOOP('',(#2325,#2333,#2341,#2347));
#2349=FACE_BOUND('',#2348,.T.);
#2350=CARTESIAN_POINT('',(49.36024243,-11.741282153,8.700000048));
#2351=VERTEX_POINT('',#2350);
#2352=CARTESIAN_POINT('',(49.36024243,2.358717424,8.700000048));
#2353=VERTEX_POINT('',#2352);
#2354=CARTESIAN_POINT('',(49.36024243,-11.741282153,8.700000048));
#2355=DIRECTION('',(0.,1.,0.));
#2356=VECTOR('',#2355,14.099999577);
#2357=LINE('',#2354,#2356);
#2358=EDGE_CURVE('',#2351,#2353,#2357,.T.);
#2359=ORIENTED_EDGE('',*,*,#2358,.F.);
#2360=CARTESIAN_POINT('',(35.260243956,-11.741282153,8.700000048));
#2361=DIRECTION('',(1.,-0.,0.));
#2362=VECTOR('',#2361,14.099998474);
#2363=LINE('',#2360,#2362);
#2364=EDGE_CURVE('',#1148,#2351,#2363,.T.);
#2365=ORIENTED_EDGE('',*,*,#2364,.F.);
#2366=ORIENTED_EDGE('',*,*,#1153,.F.);
#2367=CARTESIAN_POINT('',(35.260243956,2.358717424,8.700000048));
#2368=DIRECTION('',(1.,-0.,0.));
#2369=VECTOR('',#2368,14.099998474);
#2370=LINE('',#2367,#2369);
#2371=EDGE_CURVE('',#1140,#2353,#2370,.T.);
#2372=ORIENTED_EDGE('',*,*,#2371,.T.);
#2373=EDGE_LOOP('',(#2359,#2365,#2366,#2372));
#2374=FACE_BOUND('',#2373,.T.);
#2375=CARTESIAN_POINT('',(32.360244338,-10.391282725,8.700000048));
#2376=VERTEX_POINT('',#2375);
#2377=CARTESIAN_POINT('',(18.260243956,-10.391282725,8.700000048));
#2378=VERTEX_POINT('',#2377);
#2379=CARTESIAN_POINT('',(32.360244338,-10.391282725,8.700000048));
#2380=DIRECTION('',(-1.,0.,0.));
#2381=VECTOR('',#2380,14.100000382);
#2382=LINE('',#2379,#2381);
#2383=EDGE_CURVE('',#2376,#2378,#2382,.T.);
#2384=ORIENTED_EDGE('',*,*,#2383,.F.);
#2385=CARTESIAN_POINT('',(32.360244338,-24.491283107,8.700000048));
#2386=VERTEX_POINT('',#2385);
#2387=CARTESIAN_POINT('',(32.360244338,-24.491283107,8.700000048));
#2388=DIRECTION('',(0.,1.,0.));
#2389=VECTOR('',#2388,14.100000382);
#2390=LINE('',#2387,#2389);
#2391=EDGE_CURVE('',#2386,#2376,#2390,.T.);
#2392=ORIENTED_EDGE('',*,*,#2391,.F.);
#2393=CARTESIAN_POINT('',(18.260243956,-24.491283107,8.700000048));
#2394=VERTEX_POINT('',#2393);
#2395=CARTESIAN_POINT('',(18.260243956,-24.491283107,8.700000048));
#2396=DIRECTION('',(1.,-0.,0.));
#2397=VECTOR('',#2396,14.100000381);
#2398=LINE('',#2395,#2397);
#2399=EDGE_CURVE('',#2394,#2386,#2398,.T.);
#2400=ORIENTED_EDGE('',*,*,#2399,.F.);
#2401=CARTESIAN_POINT('',(18.260243956,-10.391282725,8.700000048));
#2402=DIRECTION('',(-0.,-1.,0.));
#2403=VECTOR('',#2402,14.100000382);
#2404=LINE('',#2401,#2403);
#2405=EDGE_CURVE('',#2378,#2394,#2404,.T.);
#2406=ORIENTED_EDGE('',*,*,#2405,.F.);
#2407=EDGE_LOOP('',(#2384,#2392,#2400,#2406));
#2408=FACE_BOUND('',#2407,.T.);
#2409=CARTESIAN_POINT('',(35.260243956,-14.641282725,8.700000048));
#2410=VERTEX_POINT('',#2409);
#2411=CARTESIAN_POINT('',(35.260243956,-28.741283107,8.700000048));
#2412=VERTEX_POINT('',#2411);
#2413=CARTESIAN_POINT('',(35.260243956,-14.641282725,8.700000048));
#2414=DIRECTION('',(-0.,-1.,0.));
#2415=VECTOR('',#2414,14.100000382);
#2416=LINE('',#2413,#2415);
#2417=EDGE_CURVE('',#2410,#2412,#2416,.T.);
#2418=ORIENTED_EDGE('',*,*,#2417,.F.);
#2419=CARTESIAN_POINT('',(49.36024243,-14.641282725,8.700000048));
#2420=VERTEX_POINT('',#2419);
#2421=CARTESIAN_POINT('',(49.36024243,-14.641282725,8.700000048));
#2422=DIRECTION('',(-1.,0.,0.));
#2423=VECTOR('',#2422,14.099998474);
#2424=LINE('',#2421,#2423);
#2425=EDGE_CURVE('',#2420,#2410,#2424,.T.);
#2426=ORIENTED_EDGE('',*,*,#2425,.F.);
#2427=CARTESIAN_POINT('',(49.36024243,-28.741283107,8.700000048));
#2428=VERTEX_POINT('',#2427);
#2429=CARTESIAN_POINT('',(49.36024243,-28.741283107,8.700000048));
#2430=DIRECTION('',(0.,1.,0.));
#2431=VECTOR('',#2430,14.100000382);
#2432=LINE('',#2429,#2431);
#2433=EDGE_CURVE('',#2428,#2420,#2432,.T.);
#2434=ORIENTED_EDGE('',*,*,#2433,.F.);
#2435=CARTESIAN_POINT('',(35.260243956,-28.741283107,8.700000048));
#2436=DIRECTION('',(1.,-0.,0.));
#2437=VECTOR('',#2436,14.099998474);
#2438=LINE('',#2435,#2437);
#2439=EDGE_CURVE('',#2412,#2428,#2438,.T.);
#2440=ORIENTED_EDGE('',*,*,#2439,.F.);
#2441=EDGE_LOOP('',(#2418,#2426,#2434,#2440));
#2442=FACE_BOUND('',#2441,.T.);
#2443=CARTESIAN_POINT('',(49.36024243,5.25871737,8.700000048));
#2444=VERTEX_POINT('',#2443);
#2445=CARTESIAN_POINT('',(49.36024243,5.25871737,8.700000048));
#2446=DIRECTION('',(-1.,0.,0.));
#2447=VECTOR('',#2446,14.099998474);
#2448=LINE('',#2445,#2447);
#2449=EDGE_CURVE('',#2444,#1108,#2448,.T.);
#2450=ORIENTED_EDGE('',*,*,#2449,.T.);
#2451=ORIENTED_EDGE('',*,*,#1113,.F.);
#2452=CARTESIAN_POINT('',(49.36024243,19.358717275,8.700000048));
#2453=VERTEX_POINT('',#2452);
#2454=CARTESIAN_POINT('',(35.260243956,19.358717275,8.700000048));
#2455=DIRECTION('',(1.,-0.,0.));
#2456=VECTOR('',#2455,14.099998474);
#2457=LINE('',#2454,#2456);
#2458=EDGE_CURVE('',#1100,#2453,#2457,.T.);
#2459=ORIENTED_EDGE('',*,*,#2458,.T.);
#2460=CARTESIAN_POINT('',(49.36024243,19.358717275,8.700000048));
#2461=DIRECTION('',(-0.,-1.,0.));
#2462=VECTOR('',#2461,14.099999905);
#2463=LINE('',#2460,#2462);
#2464=EDGE_CURVE('',#2453,#2444,#2463,.T.);
#2465=ORIENTED_EDGE('',*,*,#2464,.T.);
#2466=EDGE_LOOP('',(#2450,#2451,#2459,#2465));
#2467=FACE_BOUND('',#2466,.T.);
#2468=CARTESIAN_POINT('',(18.260243956,-7.491282153,8.700000048));
#2469=VERTEX_POINT('',#2468);
#2470=CARTESIAN_POINT('',(18.260243956,-7.491282153,8.700000048));
#2471=DIRECTION('',(1.,-0.,0.));
#2472=VECTOR('',#2471,14.100000381);
#2473=LINE('',#2470,#2472);
#2474=EDGE_CURVE('',#2469,#1180,#2473,.T.);
#2475=ORIENTED_EDGE('',*,*,#2474,.F.);
#2476=CARTESIAN_POINT('',(18.260243956,6.608717275,8.700000048));
#2477=DIRECTION('',(-0.,-1.,0.));
#2478=VECTOR('',#2477,14.099999428);
#2479=LINE('',#2476,#2478);
#2480=EDGE_CURVE('',#1259,#2469,#2479,.T.);
#2481=ORIENTED_EDGE('',*,*,#2480,.F.);
#2482=ORIENTED_EDGE('',*,*,#1264,.F.);
#2483=ORIENTED_EDGE('',*,*,#1193,.T.);
#2484=EDGE_LOOP('',(#2475,#2481,#2482,#2483));
#2485=FACE_BOUND('',#2484,.T.);
#2486=CARTESIAN_POINT('',(-49.236577747,-37.896203407,8.700000048));
#2487=VERTEX_POINT('',#2486);
#2488=CARTESIAN_POINT('',(-54.745890077,-24.917087245,8.700000048));
#2489=VERTEX_POINT('',#2488);
#2490=CARTESIAN_POINT('',(-49.236577747,-37.896203407,8.700000048));
#2491=DIRECTION('',(-0.390731392,0.920504742,0.));
#2492=VECTOR('',#2491,14.099999245);
#2493=LINE('',#2490,#2492);
#2494=EDGE_CURVE('',#2487,#2489,#2493,.T.);
#2495=ORIENTED_EDGE('',*,*,#2494,.T.);
#2496=CARTESIAN_POINT('',(-41.766769903,-19.407776701,8.700000048));
#2497=VERTEX_POINT('',#2496);
#2498=CARTESIAN_POINT('',(-54.745890077,-24.917087245,8.700000048));
#2499=DIRECTION('',(0.920504831,0.390731182,0.));
#2500=VECTOR('',#2499,14.10000224);
#2501=LINE('',#2498,#2500);
#2502=EDGE_CURVE('',#2489,#2497,#2501,.T.);
#2503=ORIENTED_EDGE('',*,*,#2502,.T.);
#2504=CARTESIAN_POINT('',(-36.257458227,-32.386895048,8.700000048));
#2505=VERTEX_POINT('',#2504);
#2506=CARTESIAN_POINT('',(-41.766769903,-19.407776701,8.700000048));
#2507=DIRECTION('',(0.390731297,-0.920504782,0.));
#2508=VECTOR('',#2507,14.100001);
#2509=LINE('',#2506,#2508);
#2510=EDGE_CURVE('',#2497,#2505,#2509,.T.);
#2511=ORIENTED_EDGE('',*,*,#2510,.T.);
#2512=CARTESIAN_POINT('',(-36.257458227,-32.386895048,8.700000048));
#2513=DIRECTION('',(-0.920504879,-0.390731068,0.));
#2514=VECTOR('',#2513,14.100000785);
#2515=LINE('',#2512,#2514);
#2516=EDGE_CURVE('',#2505,#2487,#2515,.T.);
#2517=ORIENTED_EDGE('',*,*,#2516,.T.);
#2518=EDGE_LOOP('',(#2495,#2503,#2511,#2517));
#2519=FACE_BOUND('',#2518,.T.);
#2520=ADVANCED_FACE('crnxx-right-top-case',(#1721,#1755,#1789,#1823,#1857,#1882,#1916,#1950,#1984,#2018,#2052,#2086,#2120,#2154,#2188,#2222,#2256,#2290,#2315,#2349,#2374,#2408,#2442,#2467,#2485,#2519),#1279,.T.);
#2521=CARTESIAN_POINT('',(18.260243956,20.058718038,0.));
#2522=DIRECTION('',(1.,-0.,0.));
#2523=DIRECTION('',(0.,1.,0.));
#2524=AXIS2_PLACEMENT_3D('',#2521,#2522,#2523);
#2525=PLANE('',#2524);
#2526=CARTESIAN_POINT('',(18.260243956,23.608717275,8.2));
#2527=VERTEX_POINT('',#2526);
#2528=CARTESIAN_POINT('',(18.260243956,23.608717275,8.2));
#2529=DIRECTION('',(-0.,-1.,0.));
#2530=VECTOR('',#2529,14.099999905);
#2531=LINE('',#2528,#2530);
#2532=EDGE_CURVE('',#2527,#1210,#2531,.T.);
#2533=ORIENTED_EDGE('',*,*,#2532,.F.);
#2534=CARTESIAN_POINT('',(18.260243956,23.608717275,8.2));
#2535=DIRECTION('',(0.,0.,1.));
#2536=VECTOR('',#2535,0.500000048);
#2537=LINE('',#2534,#2536);
#2538=EDGE_CURVE('',#2527,#2292,#2537,.T.);
#2539=ORIENTED_EDGE('',*,*,#2538,.T.);
#2540=ORIENTED_EDGE('',*,*,#2297,.T.);
#2541=ORIENTED_EDGE('',*,*,#1225,.F.);
#2542=EDGE_LOOP('',(#2533,#2539,#2540,#2541));
#2543=FACE_BOUND('',#2542,.T.);
#2544=ADVANCED_FACE('crnxx-right-top-case',(#2543),#2525,.T.);
#2545=CARTESIAN_POINT('',(15.360244338,22.183718038,1.));
#2546=DIRECTION('',(-1.,0.,-0.));
#2547=DIRECTION('',(0.,0.947340546,0.320227872));
#2548=AXIS2_PLACEMENT_3D('',#2545,#2546,#2547);
#2549=PLANE('',#2548);
#2550=CARTESIAN_POINT('',(15.360244338,11.633717847,8.2));
#2551=VERTEX_POINT('',#2550);
#2552=CARTESIAN_POINT('',(15.360244338,25.733717275,8.2));
#2553=VERTEX_POINT('',#2552);
#2554=CARTESIAN_POINT('',(15.360244338,11.633717847,8.2));
#2555=DIRECTION('',(0.,1.,0.));
#2556=VECTOR('',#2555,14.099999428);
#2557=LINE('',#2554,#2556);
#2558=EDGE_CURVE('',#2551,#2553,#2557,.T.);
#2559=ORIENTED_EDGE('',*,*,#2558,.F.);
#2560=CARTESIAN_POINT('',(15.360244338,11.633717847,8.2));
#2561=DIRECTION('',(0.,0.,1.));
#2562=VECTOR('',#2561,0.500000048);
#2563=LINE('',#2560,#2562);
#2564=EDGE_CURVE('',#2551,#1936,#2563,.T.);
#2565=ORIENTED_EDGE('',*,*,#2564,.T.);
#2566=ORIENTED_EDGE('',*,*,#1941,.T.);
#2567=CARTESIAN_POINT('',(15.360244338,25.733717275,8.700000048));
#2568=DIRECTION('',(0.,0.,-1.));
#2569=VECTOR('',#2568,0.500000048);
#2570=LINE('',#2567,#2569);
#2571=EDGE_CURVE('',#1928,#2553,#2570,.T.);
#2572=ORIENTED_EDGE('',*,*,#2571,.T.);
#2573=EDGE_LOOP('',(#2559,#2565,#2566,#2572));
#2574=FACE_BOUND('',#2573,.T.);
#2575=ADVANCED_FACE('crnxx-right-top-case',(#2574),#2549,.T.);
#2576=CARTESIAN_POINT('',(66.36024243,36.358717275,0.));
#2577=DIRECTION('',(-1.,0.,0.));
#2578=DIRECTION('',(-0.,-1.,0.));
#2579=AXIS2_PLACEMENT_3D('',#2576,#2577,#2578);
#2580=PLANE('',#2579);
#2581=CARTESIAN_POINT('',(66.36024243,22.258716893,8.2));
#2582=VERTEX_POINT('',#2581);
#2583=CARTESIAN_POINT('',(66.36024243,36.358717275,8.2));
#2584=VERTEX_POINT('',#2583);
#2585=CARTESIAN_POINT('',(66.36024243,22.258716893,8.2));
#2586=DIRECTION('',(0.,1.,0.));
#2587=VECTOR('',#2586,14.100000381);
#2588=LINE('',#2585,#2587);
#2589=EDGE_CURVE('',#2582,#2584,#2588,.T.);
#2590=ORIENTED_EDGE('',*,*,#2589,.F.);
#2591=CARTESIAN_POINT('',(66.36024243,22.258716893,8.2));
#2592=DIRECTION('',(0.,0.,1.));
#2593=VECTOR('',#2592,0.500000048);
#2594=LINE('',#2591,#2593);
#2595=EDGE_CURVE('',#2582,#1825,#2594,.T.);
#2596=ORIENTED_EDGE('',*,*,#2595,.T.);
#2597=ORIENTED_EDGE('',*,*,#1832,.T.);
#2598=CARTESIAN_POINT('',(66.36024243,36.358717275,8.700000048));
#2599=DIRECTION('',(0.,0.,-1.));
#2600=VECTOR('',#2599,0.500000048);
#2601=LINE('',#2598,#2600);
#2602=EDGE_CURVE('',#1827,#2584,#2601,.T.);
#2603=ORIENTED_EDGE('',*,*,#2602,.T.);
#2604=EDGE_LOOP('',(#2590,#2596,#2597,#2603));
#2605=FACE_BOUND('',#2604,.T.);
#2606=ADVANCED_FACE('crnxx-right-top-case',(#2605),#2580,.T.);
#2607=CARTESIAN_POINT('',(1.260243956,25.733717275,0.));
#2608=DIRECTION('',(-0.,-1.,0.));
#2609=DIRECTION('',(1.,-0.,0.));
#2610=AXIS2_PLACEMENT_3D('',#2607,#2608,#2609);
#2611=PLANE('',#2610);
#2612=CARTESIAN_POINT('',(1.260243956,25.733717275,8.2));
#2613=VERTEX_POINT('',#2612);
#2614=CARTESIAN_POINT('',(15.360244338,25.733717275,8.2));
#2615=DIRECTION('',(-1.,0.,0.));
#2616=VECTOR('',#2615,14.100000381);
#2617=LINE('',#2614,#2616);
#2618=EDGE_CURVE('',#2553,#2613,#2617,.T.);
#2619=ORIENTED_EDGE('',*,*,#2618,.F.);
#2620=ORIENTED_EDGE('',*,*,#2571,.F.);
#2621=ORIENTED_EDGE('',*,*,#1933,.T.);
#2622=CARTESIAN_POINT('',(1.260243956,25.733717275,8.700000048));
#2623=DIRECTION('',(0.,0.,-1.));
#2624=VECTOR('',#2623,0.500000048);
#2625=LINE('',#2622,#2624);
#2626=EDGE_CURVE('',#1920,#2613,#2625,.T.);
#2627=ORIENTED_EDGE('',*,*,#2626,.T.);
#2628=EDGE_LOOP('',(#2619,#2620,#2621,#2627));
#2629=FACE_BOUND('',#2628,.T.);
#2630=ADVANCED_FACE('crnxx-right-top-case',(#2629),#2611,.T.);
#2631=CARTESIAN_POINT('',(49.36024243,36.358717275,0.));
#2632=DIRECTION('',(-1.,0.,0.));
#2633=DIRECTION('',(-0.,-1.,0.));
#2634=AXIS2_PLACEMENT_3D('',#2631,#2632,#2633);
#2635=PLANE('',#2634);
#2636=CARTESIAN_POINT('',(49.36024243,22.258716893,8.2));
#2637=VERTEX_POINT('',#2636);
#2638=CARTESIAN_POINT('',(49.36024243,36.358717275,8.2));
#2639=VERTEX_POINT('',#2638);
#2640=CARTESIAN_POINT('',(49.36024243,22.258716893,8.2));
#2641=DIRECTION('',(0.,1.,0.));
#2642=VECTOR('',#2641,14.100000381);
#2643=LINE('',#2640,#2642);
#2644=EDGE_CURVE('',#2637,#2639,#2643,.T.);
#2645=ORIENTED_EDGE('',*,*,#2644,.F.);
#2646=CARTESIAN_POINT('',(49.36024243,22.258716893,8.700000048));
#2647=DIRECTION('',(0.,0.,-1.));
#2648=VECTOR('',#2647,0.500000048);
#2649=LINE('',#2646,#2648);
#2650=EDGE_CURVE('',#2038,#2637,#2649,.T.);
#2651=ORIENTED_EDGE('',*,*,#2650,.F.);
#2652=ORIENTED_EDGE('',*,*,#2043,.T.);
#2653=CARTESIAN_POINT('',(49.36024243,36.358717275,8.700000048));
#2654=DIRECTION('',(0.,0.,-1.));
#2655=VECTOR('',#2654,0.500000048);
#2656=LINE('',#2653,#2655);
#2657=EDGE_CURVE('',#2030,#2639,#2656,.T.);
#2658=ORIENTED_EDGE('',*,*,#2657,.T.);
#2659=EDGE_LOOP('',(#2645,#2651,#2652,#2658));
#2660=FACE_BOUND('',#2659,.T.);
#2661=ADVANCED_FACE('crnxx-right-top-case',(#2660),#2635,.T.);
#2662=CARTESIAN_POINT('',(15.360244338,5.183717322,1.));
#2663=DIRECTION('',(-1.,0.,-0.));
#2664=DIRECTION('',(0.,0.947340566,0.320227814));
#2665=AXIS2_PLACEMENT_3D('',#2662,#2663,#2664);
#2666=PLANE('',#2665);
#2667=CARTESIAN_POINT('',(15.360244338,-5.36628263,8.2));
#2668=VERTEX_POINT('',#2667);
#2669=CARTESIAN_POINT('',(15.360244338,8.733717275,8.2));
#2670=VERTEX_POINT('',#2669);
#2671=CARTESIAN_POINT('',(15.360244338,-5.36628263,8.2));
#2672=DIRECTION('',(0.,1.,0.));
#2673=VECTOR('',#2672,14.099999905);
#2674=LINE('',#2671,#2673);
#2675=EDGE_CURVE('',#2668,#2670,#2674,.T.);
#2676=ORIENTED_EDGE('',*,*,#2675,.F.);
#2677=CARTESIAN_POINT('',(15.360244338,-5.36628263,8.2));
#2678=DIRECTION('',(0.,0.,1.));
#2679=VECTOR('',#2678,0.500000048);
#2680=LINE('',#2677,#2679);
#2681=EDGE_CURVE('',#2668,#2004,#2680,.T.);
#2682=ORIENTED_EDGE('',*,*,#2681,.T.);
#2683=ORIENTED_EDGE('',*,*,#2009,.F.);
#2684=CARTESIAN_POINT('',(15.360244338,8.733717275,8.700000048));
#2685=DIRECTION('',(0.,0.,-1.));
#2686=VECTOR('',#2685,0.500000048);
#2687=LINE('',#2684,#2686);
#2688=EDGE_CURVE('',#1996,#2670,#2687,.T.);
#2689=ORIENTED_EDGE('',*,*,#2688,.T.);
#2690=EDGE_LOOP('',(#2676,#2682,#2683,#2689));
#2691=FACE_BOUND('',#2690,.T.);
#2692=ADVANCED_FACE('crnxx-right-top-case',(#2691),#2666,.T.);
#2693=CARTESIAN_POINT('',(18.260243956,3.058717442,0.));
#2694=DIRECTION('',(1.,-0.,0.));
#2695=DIRECTION('',(0.,1.,0.));
#2696=AXIS2_PLACEMENT_3D('',#2693,#2694,#2695);
#2697=PLANE('',#2696);
#2698=CARTESIAN_POINT('',(18.260243956,-7.491282153,8.2));
#2699=VERTEX_POINT('',#2698);
#2700=CARTESIAN_POINT('',(18.260243956,6.608717275,8.2));
#2701=DIRECTION('',(-0.,-1.,0.));
#2702=VECTOR('',#2701,14.099999428);
#2703=LINE('',#2700,#2702);
#2704=EDGE_CURVE('',#1250,#2699,#2703,.T.);
#2705=ORIENTED_EDGE('',*,*,#2704,.F.);
#2706=ORIENTED_EDGE('',*,*,#1270,.F.);
#2707=ORIENTED_EDGE('',*,*,#2480,.T.);
#2708=CARTESIAN_POINT('',(18.260243956,-7.491282153,8.2));
#2709=DIRECTION('',(0.,0.,1.));
#2710=VECTOR('',#2709,0.500000048);
#2711=LINE('',#2708,#2710);
#2712=EDGE_CURVE('',#2699,#2469,#2711,.T.);
#2713=ORIENTED_EDGE('',*,*,#2712,.F.);
#2714=EDGE_LOOP('',(#2705,#2706,#2707,#2713));
#2715=FACE_BOUND('',#2714,.T.);
#2716=ADVANCED_FACE('crnxx-right-top-case',(#2715),#2697,.T.);
#2717=CARTESIAN_POINT('',(15.360244338,11.633717847,2.200000048));
#2718=DIRECTION('',(0.,1.,0.));
#2719=DIRECTION('',(0.,0.,-1.));
#2720=AXIS2_PLACEMENT_3D('',#2717,#2718,#2719);
#2721=PLANE('',#2720);
#2722=CARTESIAN_POINT('',(1.260243956,11.633717847,8.2));
#2723=VERTEX_POINT('',#2722);
#2724=CARTESIAN_POINT('',(1.260243956,11.633717847,8.2));
#2725=DIRECTION('',(1.,-0.,0.));
#2726=VECTOR('',#2725,14.100000381);
#2727=LINE('',#2724,#2726);
#2728=EDGE_CURVE('',#2723,#2551,#2727,.T.);
#2729=ORIENTED_EDGE('',*,*,#2728,.F.);
#2730=CARTESIAN_POINT('',(1.260243956,11.633717847,8.2));
#2731=DIRECTION('',(0.,0.,1.));
#2732=VECTOR('',#2731,0.500000048);
#2733=LINE('',#2730,#2732);
#2734=EDGE_CURVE('',#2723,#1918,#2733,.T.);
#2735=ORIENTED_EDGE('',*,*,#2734,.T.);
#2736=ORIENTED_EDGE('',*,*,#1947,.T.);
#2737=ORIENTED_EDGE('',*,*,#2564,.F.);
#2738=EDGE_LOOP('',(#2729,#2735,#2736,#2737));
#2739=FACE_BOUND('',#2738,.T.);
#2740=ADVANCED_FACE('crnxx-right-top-case',(#2739),#2721,.T.);
#2741=CARTESIAN_POINT('',(1.260243956,8.733717275,0.));
#2742=DIRECTION('',(-0.,-1.,0.));
#2743=DIRECTION('',(1.,-0.,0.));
#2744=AXIS2_PLACEMENT_3D('',#2741,#2742,#2743);
#2745=PLANE('',#2744);
#2746=CARTESIAN_POINT('',(1.260243956,8.733717275,8.2));
#2747=VERTEX_POINT('',#2746);
#2748=CARTESIAN_POINT('',(15.360244338,8.733717275,8.2));
#2749=DIRECTION('',(-1.,0.,0.));
#2750=VECTOR('',#2749,14.100000381);
#2751=LINE('',#2748,#2750);
#2752=EDGE_CURVE('',#2670,#2747,#2751,.T.);
#2753=ORIENTED_EDGE('',*,*,#2752,.F.);
#2754=ORIENTED_EDGE('',*,*,#2688,.F.);
#2755=ORIENTED_EDGE('',*,*,#2001,.T.);
#2756=CARTESIAN_POINT('',(1.260243956,8.733717275,8.700000048));
#2757=DIRECTION('',(0.,0.,-1.));
#2758=VECTOR('',#2757,0.500000048);
#2759=LINE('',#2756,#2758);
#2760=EDGE_CURVE('',#1988,#2747,#2759,.T.);
#2761=ORIENTED_EDGE('',*,*,#2760,.T.);
#2762=EDGE_LOOP('',(#2753,#2754,#2755,#2761));
#2763=FACE_BOUND('',#2762,.T.);
#2764=ADVANCED_FACE('crnxx-right-top-case',(#2763),#2745,.T.);
#2765=CARTESIAN_POINT('',(32.360244338,13.058717084,0.));
#2766=DIRECTION('',(-1.,0.,0.));
#2767=DIRECTION('',(-0.,-1.,0.));
#2768=AXIS2_PLACEMENT_3D('',#2765,#2766,#2767);
#2769=PLANE('',#2768);
#2770=CARTESIAN_POINT('',(32.360244338,23.608717275,8.2));
#2771=VERTEX_POINT('',#2770);
#2772=CARTESIAN_POINT('',(32.360244338,9.50871737,8.2));
#2773=DIRECTION('',(0.,1.,0.));
#2774=VECTOR('',#2773,14.099999905);
#2775=LINE('',#2772,#2774);
#2776=EDGE_CURVE('',#1212,#2771,#2775,.T.);
#2777=ORIENTED_EDGE('',*,*,#2776,.F.);
#2778=ORIENTED_EDGE('',*,*,#1239,.F.);
#2779=ORIENTED_EDGE('',*,*,#2311,.F.);
#2780=CARTESIAN_POINT('',(32.360244338,23.608717275,8.2));
#2781=DIRECTION('',(0.,0.,1.));
#2782=VECTOR('',#2781,0.500000048);
#2783=LINE('',#2780,#2782);
#2784=EDGE_CURVE('',#2771,#2300,#2783,.T.);
#2785=ORIENTED_EDGE('',*,*,#2784,.F.);
#2786=EDGE_LOOP('',(#2777,#2778,#2779,#2785));
#2787=FACE_BOUND('',#2786,.T.);
#2788=ADVANCED_FACE('crnxx-right-top-case',(#2787),#2769,.T.);
#2789=CARTESIAN_POINT('',(66.36024243,-1.191282678,1.));
#2790=DIRECTION('',(-1.,0.,-0.));
#2791=DIRECTION('',(0.,0.962540444,-0.271138145));
#2792=AXIS2_PLACEMENT_3D('',#2789,#2790,#2791);
#2793=PLANE('',#2792);
#2794=CARTESIAN_POINT('',(66.36024243,-11.741282153,8.2));
#2795=VERTEX_POINT('',#2794);
#2796=CARTESIAN_POINT('',(66.36024243,2.358717424,8.2));
#2797=VERTEX_POINT('',#2796);
#2798=CARTESIAN_POINT('',(66.36024243,-11.741282153,8.2));
#2799=DIRECTION('',(0.,1.,0.));
#2800=VECTOR('',#2799,14.099999577);
#2801=LINE('',#2798,#2800);
#2802=EDGE_CURVE('',#2795,#2797,#2801,.T.);
#2803=ORIENTED_EDGE('',*,*,#2802,.F.);
#2804=CARTESIAN_POINT('',(66.36024243,-11.741282153,8.2));
#2805=DIRECTION('',(0.,0.,1.));
#2806=VECTOR('',#2805,0.500000048);
#2807=LINE('',#2804,#2806);
#2808=EDGE_CURVE('',#2795,#2268,#2807,.T.);
#2809=ORIENTED_EDGE('',*,*,#2808,.T.);
#2810=ORIENTED_EDGE('',*,*,#2273,.T.);
#2811=CARTESIAN_POINT('',(66.36024243,2.358717424,8.2));
#2812=DIRECTION('',(0.,0.,1.));
#2813=VECTOR('',#2812,0.500000048);
#2814=LINE('',#2811,#2813);
#2815=EDGE_CURVE('',#2797,#2260,#2814,.T.);
#2816=ORIENTED_EDGE('',*,*,#2815,.F.);
#2817=EDGE_LOOP('',(#2803,#2809,#2810,#2816));
#2818=FACE_BOUND('',#2817,.T.);
#2819=ADVANCED_FACE('crnxx-right-top-case',(#2818),#2793,.T.);
#2820=CARTESIAN_POINT('',(66.36024243,-14.641282725,0.));
#2821=DIRECTION('',(-1.,0.,0.));
#2822=DIRECTION('',(-0.,-1.,0.));
#2823=AXIS2_PLACEMENT_3D('',#2820,#2821,#2822);
#2824=PLANE('',#2823);
#2825=CARTESIAN_POINT('',(66.36024243,-28.741283107,8.2));
#2826=VERTEX_POINT('',#2825);
#2827=CARTESIAN_POINT('',(66.36024243,-14.641282725,8.2));
#2828=VERTEX_POINT('',#2827);
#2829=CARTESIAN_POINT('',(66.36024243,-28.741283107,8.2));
#2830=DIRECTION('',(0.,1.,0.));
#2831=VECTOR('',#2830,14.100000382);
#2832=LINE('',#2829,#2831);
#2833=EDGE_CURVE('',#2826,#2828,#2832,.T.);
#2834=ORIENTED_EDGE('',*,*,#2833,.F.);
#2835=CARTESIAN_POINT('',(66.36024243,-28.741283107,8.2));
#2836=DIRECTION('',(0.,0.,1.));
#2837=VECTOR('',#2836,0.500000048);
#2838=LINE('',#2835,#2837);
#2839=EDGE_CURVE('',#2826,#2327,#2838,.T.);
#2840=ORIENTED_EDGE('',*,*,#2839,.T.);
#2841=ORIENTED_EDGE('',*,*,#2332,.T.);
#2842=CARTESIAN_POINT('',(66.36024243,-14.641282725,8.700000048));
#2843=DIRECTION('',(0.,0.,-1.));
#2844=VECTOR('',#2843,0.500000048);
#2845=LINE('',#2842,#2844);
#2846=EDGE_CURVE('',#2317,#2828,#2845,.T.);
#2847=ORIENTED_EDGE('',*,*,#2846,.T.);
#2848=EDGE_LOOP('',(#2834,#2840,#2841,#2847));
#2849=FACE_BOUND('',#2848,.T.);
#2850=ADVANCED_FACE('crnxx-right-top-case',(#2849),#2824,.T.);
#2851=CARTESIAN_POINT('',(49.36024243,-1.191282678,1.));
#2852=DIRECTION('',(-1.,0.,-0.));
#2853=DIRECTION('',(0.,0.962540444,-0.271138145));
#2854=AXIS2_PLACEMENT_3D('',#2851,#2852,#2853);
#2855=PLANE('',#2854);
#2856=CARTESIAN_POINT('',(49.36024243,-11.741282153,8.2));
#2857=VERTEX_POINT('',#2856);
#2858=CARTESIAN_POINT('',(49.36024243,2.358717424,8.2));
#2859=VERTEX_POINT('',#2858);
#2860=CARTESIAN_POINT('',(49.36024243,-11.741282153,8.2));
#2861=DIRECTION('',(0.,1.,0.));
#2862=VECTOR('',#2861,14.099999577);
#2863=LINE('',#2860,#2862);
#2864=EDGE_CURVE('',#2857,#2859,#2863,.T.);
#2865=ORIENTED_EDGE('',*,*,#2864,.F.);
#2866=CARTESIAN_POINT('',(49.36024243,-11.741282153,8.2));
#2867=DIRECTION('',(0.,0.,1.));
#2868=VECTOR('',#2867,0.500000048);
#2869=LINE('',#2866,#2868);
#2870=EDGE_CURVE('',#2857,#2351,#2869,.T.);
#2871=ORIENTED_EDGE('',*,*,#2870,.T.);
#2872=ORIENTED_EDGE('',*,*,#2358,.T.);
#2873=CARTESIAN_POINT('',(49.36024243,2.358717424,8.2));
#2874=DIRECTION('',(0.,0.,1.));
#2875=VECTOR('',#2874,0.500000048);
#2876=LINE('',#2873,#2875);
#2877=EDGE_CURVE('',#2859,#2353,#2876,.T.);
#2878=ORIENTED_EDGE('',*,*,#2877,.F.);
#2879=EDGE_LOOP('',(#2865,#2871,#2872,#2878));
#2880=FACE_BOUND('',#2879,.T.);
#2881=ADVANCED_FACE('crnxx-right-top-case',(#2880),#2855,.T.);
#2882=CARTESIAN_POINT('',(52.260243956,-11.741282153,0.));
#2883=DIRECTION('',(1.,-0.,0.));
#2884=DIRECTION('',(0.,1.,0.));
#2885=AXIS2_PLACEMENT_3D('',#2882,#2883,#2884);
#2886=PLANE('',#2885);
#2887=CARTESIAN_POINT('',(52.260243956,2.358717424,8.2));
#2888=VERTEX_POINT('',#2887);
#2889=CARTESIAN_POINT('',(52.260243956,-11.741282153,8.2));
#2890=VERTEX_POINT('',#2889);
#2891=CARTESIAN_POINT('',(52.260243956,2.358717424,8.2));
#2892=DIRECTION('',(-0.,-1.,0.));
#2893=VECTOR('',#2892,14.099999577);
#2894=LINE('',#2891,#2893);
#2895=EDGE_CURVE('',#2888,#2890,#2894,.T.);
#2896=ORIENTED_EDGE('',*,*,#2895,.F.);
#2897=CARTESIAN_POINT('',(52.260243956,2.358717424,8.2));
#2898=DIRECTION('',(0.,0.,1.));
#2899=VECTOR('',#2898,0.500000048);
#2900=LINE('',#2897,#2899);
#2901=EDGE_CURVE('',#2888,#2258,#2900,.T.);
#2902=ORIENTED_EDGE('',*,*,#2901,.T.);
#2903=ORIENTED_EDGE('',*,*,#2287,.T.);
#2904=CARTESIAN_POINT('',(52.260243956,-11.741282153,8.700000048));
#2905=DIRECTION('',(0.,0.,-1.));
#2906=VECTOR('',#2905,0.500000048);
#2907=LINE('',#2904,#2906);
#2908=EDGE_CURVE('',#2276,#2890,#2907,.T.);
#2909=ORIENTED_EDGE('',*,*,#2908,.T.);
#2910=EDGE_LOOP('',(#2896,#2902,#2903,#2909));
#2911=FACE_BOUND('',#2910,.T.);
#2912=ADVANCED_FACE('crnxx-right-top-case',(#2911),#2886,.T.);
#2913=CARTESIAN_POINT('',(49.36024243,-14.641282725,0.));
#2914=DIRECTION('',(-1.,0.,0.));
#2915=DIRECTION('',(-0.,-1.,0.));
#2916=AXIS2_PLACEMENT_3D('',#2913,#2914,#2915);
#2917=PLANE('',#2916);
#2918=CARTESIAN_POINT('',(49.36024243,-28.741283107,8.2));
#2919=VERTEX_POINT('',#2918);
#2920=CARTESIAN_POINT('',(49.36024243,-14.641282725,8.2));
#2921=VERTEX_POINT('',#2920);
#2922=CARTESIAN_POINT('',(49.36024243,-28.741283107,8.2));
#2923=DIRECTION('',(0.,1.,0.));
#2924=VECTOR('',#2923,14.100000382);
#2925=LINE('',#2922,#2924);
#2926=EDGE_CURVE('',#2919,#2921,#2925,.T.);
#2927=ORIENTED_EDGE('',*,*,#2926,.F.);
#2928=CARTESIAN_POINT('',(49.36024243,-28.741283107,8.2));
#2929=DIRECTION('',(0.,0.,1.));
#2930=VECTOR('',#2929,0.500000048);
#2931=LINE('',#2928,#2930);
#2932=EDGE_CURVE('',#2919,#2428,#2931,.T.);
#2933=ORIENTED_EDGE('',*,*,#2932,.T.);
#2934=ORIENTED_EDGE('',*,*,#2433,.T.);
#2935=CARTESIAN_POINT('',(49.36024243,-14.641282725,8.700000048));
#2936=DIRECTION('',(0.,0.,-1.));
#2937=VECTOR('',#2936,0.500000048);
#2938=LINE('',#2935,#2937);
#2939=EDGE_CURVE('',#2420,#2921,#2938,.T.);
#2940=ORIENTED_EDGE('',*,*,#2939,.T.);
#2941=EDGE_LOOP('',(#2927,#2933,#2934,#2940));
#2942=FACE_BOUND('',#2941,.T.);
#2943=ADVANCED_FACE('crnxx-right-top-case',(#2942),#2917,.T.);
#2944=CARTESIAN_POINT('',(-54.745890077,-24.917087245,2.200000048));
#2945=DIRECTION('',(0.390731182,-0.920504831,-0.));
#2946=DIRECTION('',(0.909500574,0.386060152,-0.154163114));
#2947=AXIS2_PLACEMENT_3D('',#2944,#2945,#2946);
#2948=PLANE('',#2947);
#2949=CARTESIAN_POINT('',(-41.766770043,-19.40777676,8.2));
#2950=VERTEX_POINT('',#2949);
#2951=CARTESIAN_POINT('',(-54.745890077,-24.917087245,8.2));
#2952=VERTEX_POINT('',#2951);
#2953=CARTESIAN_POINT('',(-41.766770043,-19.40777676,8.2));
#2954=DIRECTION('',(-0.920504831,-0.390731182,0.));
#2955=VECTOR('',#2954,14.100002088);
#2956=LINE('',#2953,#2955);
#2957=EDGE_CURVE('',#2950,#2952,#2956,.T.);
#2958=ORIENTED_EDGE('',*,*,#2957,.F.);
#2959=CARTESIAN_POINT('',(-41.766770043,-19.40777676,8.2));
#2960=DIRECTION('',(0.000000281,0.000000119,1.));
#2961=VECTOR('',#2960,0.500000048);
#2962=LINE('',#2959,#2961);
#2963=EDGE_CURVE('',#2950,#2497,#2962,.T.);
#2964=ORIENTED_EDGE('',*,*,#2963,.T.);
#2965=ORIENTED_EDGE('',*,*,#2502,.F.);
#2966=CARTESIAN_POINT('',(-54.745890077,-24.917087245,8.700000048));
#2967=DIRECTION('',(-0.,0.,-1.));
#2968=VECTOR('',#2967,0.500000048);
#2969=LINE('',#2966,#2968);
#2970=EDGE_CURVE('',#2489,#2952,#2969,.T.);
#2971=ORIENTED_EDGE('',*,*,#2970,.T.);
#2972=EDGE_LOOP('',(#2958,#2964,#2965,#2971));
#2973=FACE_BOUND('',#2972,.T.);
#2974=ADVANCED_FACE('crnxx-right-top-case',(#2973),#2948,.T.);
#2975=CARTESIAN_POINT('',(-35.977632936,-17.557859111,2.200000048));
#2976=DIRECTION('',(0.978400824,0.20671678,0.));
#2977=DIRECTION('',(0.175711322,-0.831650448,-0.526766613));
#2978=AXIS2_PLACEMENT_3D('',#2975,#2976,#2977);
#2979=PLANE('',#2978);
#2980=CARTESIAN_POINT('',(-35.977632936,-17.557859111,8.2));
#2981=VERTEX_POINT('',#2980);
#2982=CARTESIAN_POINT('',(-33.06292638,-31.353310555,8.2));
#2983=VERTEX_POINT('',#2982);
#2984=CARTESIAN_POINT('',(-35.977632936,-17.557859111,8.2));
#2985=DIRECTION('',(0.20671678,-0.978400824,0.));
#2986=VECTOR('',#2985,14.099999818);
#2987=LINE('',#2984,#2986);
#2988=EDGE_CURVE('',#2981,#2983,#2987,.T.);
#2989=ORIENTED_EDGE('',*,*,#2988,.F.);
#2990=CARTESIAN_POINT('',(-35.977632936,-17.557859111,8.2));
#2991=DIRECTION('',(-0.,-0.,1.));
#2992=VECTOR('',#2991,0.500000048);
#2993=LINE('',#2990,#2992);
#2994=EDGE_CURVE('',#2981,#2208,#2993,.T.);
#2995=ORIENTED_EDGE('',*,*,#2994,.T.);
#2996=ORIENTED_EDGE('',*,*,#2213,.F.);
#2997=CARTESIAN_POINT('',(-33.06292638,-31.353310555,8.2));
#2998=DIRECTION('',(-0.,0.,1.));
#2999=VECTOR('',#2998,0.500000048);
#3000=LINE('',#2997,#2999);
#3001=EDGE_CURVE('',#2983,#2200,#3000,.T.);
#3002=ORIENTED_EDGE('',*,*,#3001,.F.);
#3003=EDGE_LOOP('',(#2989,#2995,#2996,#3002));
#3004=FACE_BOUND('',#3003,.T.);
#3005=ADVANCED_FACE('crnxx-right-top-case',(#3004),#2979,.T.);
#3006=CARTESIAN_POINT('',(-35.63975757,-5.36628263,2.200000048));
#3007=DIRECTION('',(0.,1.,-0.));
#3008=DIRECTION('',(-0.988045408,0.,-0.154163133));
#3009=AXIS2_PLACEMENT_3D('',#3006,#3007,#3008);
#3010=PLANE('',#3009);
#3011=CARTESIAN_POINT('',(-49.739756044,-5.36628263,8.2));
#3012=VERTEX_POINT('',#3011);
#3013=CARTESIAN_POINT('',(-35.63975757,-5.36628263,8.2));
#3014=VERTEX_POINT('',#3013);
#3015=CARTESIAN_POINT('',(-49.739756044,-5.36628263,8.2));
#3016=DIRECTION('',(1.,-0.,0.));
#3017=VECTOR('',#3016,14.099998474);
#3018=LINE('',#3015,#3017);
#3019=EDGE_CURVE('',#3012,#3014,#3018,.T.);
#3020=ORIENTED_EDGE('',*,*,#3019,.F.);
#3021=CARTESIAN_POINT('',(-49.739756044,-5.36628263,8.2));
#3022=DIRECTION('',(0.,0.,1.));
#3023=VECTOR('',#3022,0.500000048);
#3024=LINE('',#3021,#3023);
#3025=EDGE_CURVE('',#3012,#2234,#3024,.T.);
#3026=ORIENTED_EDGE('',*,*,#3025,.T.);
#3027=ORIENTED_EDGE('',*,*,#2239,.F.);
#3028=CARTESIAN_POINT('',(-35.63975757,-5.36628263,8.700000048));
#3029=DIRECTION('',(0.,0.,-1.));
#3030=VECTOR('',#3029,0.500000048);
#3031=LINE('',#3028,#3030);
#3032=EDGE_CURVE('',#2224,#3014,#3031,.T.);
#3033=ORIENTED_EDGE('',*,*,#3032,.T.);
#3034=EDGE_LOOP('',(#3020,#3026,#3027,#3033));
#3035=FACE_BOUND('',#3034,.T.);
#3036=ADVANCED_FACE('crnxx-right-top-case',(#3035),#3010,.T.);
#3037=CARTESIAN_POINT('',(-49.739756044,-5.36628263,0.));
#3038=DIRECTION('',(1.,-0.,0.));
#3039=DIRECTION('',(0.,0.962540443,0.27113815));
#3040=AXIS2_PLACEMENT_3D('',#3037,#3038,#3039);
#3041=PLANE('',#3040);
#3042=CARTESIAN_POINT('',(-49.739756044,8.733717275,8.2));
#3043=VERTEX_POINT('',#3042);
#3044=CARTESIAN_POINT('',(-49.739756044,8.733717275,8.2));
#3045=DIRECTION('',(-0.,-1.,0.));
#3046=VECTOR('',#3045,14.099999905);
#3047=LINE('',#3044,#3046);
#3048=EDGE_CURVE('',#3043,#3012,#3047,.T.);
#3049=ORIENTED_EDGE('',*,*,#3048,.F.);
#3050=CARTESIAN_POINT('',(-49.739756044,8.733717275,8.2));
#3051=DIRECTION('',(0.,0.,1.));
#3052=VECTOR('',#3051,0.500000048);
#3053=LINE('',#3050,#3052);
#3054=EDGE_CURVE('',#3043,#2242,#3053,.T.);
#3055=ORIENTED_EDGE('',*,*,#3054,.T.);
#3056=ORIENTED_EDGE('',*,*,#2247,.F.);
#3057=ORIENTED_EDGE('',*,*,#3025,.F.);
#3058=EDGE_LOOP('',(#3049,#3055,#3056,#3057));
#3059=FACE_BOUND('',#3058,.T.);
#3060=ADVANCED_FACE('crnxx-right-top-case',(#3059),#3041,.T.);
#3061=CARTESIAN_POINT('',(-35.63975757,-5.36628263,2.200000048));
#3062=DIRECTION('',(-1.,0.,0.));
#3063=DIRECTION('',(0.,0.850009904,-0.526766706));
#3064=AXIS2_PLACEMENT_3D('',#3061,#3062,#3063);
#3065=PLANE('',#3064);
#3066=CARTESIAN_POINT('',(-35.63975757,8.733717275,8.2));
#3067=VERTEX_POINT('',#3066);
#3068=CARTESIAN_POINT('',(-35.63975757,-5.36628263,8.2));
#3069=DIRECTION('',(0.,1.,0.));
#3070=VECTOR('',#3069,14.099999905);
#3071=LINE('',#3068,#3070);
#3072=EDGE_CURVE('',#3014,#3067,#3071,.T.);
#3073=ORIENTED_EDGE('',*,*,#3072,.F.);
#3074=ORIENTED_EDGE('',*,*,#3032,.F.);
#3075=ORIENTED_EDGE('',*,*,#2231,.T.);
#3076=CARTESIAN_POINT('',(-35.63975757,8.733717275,8.2));
#3077=DIRECTION('',(0.,0.,1.));
#3078=VECTOR('',#3077,0.500000048);
#3079=LINE('',#3076,#3078);
#3080=EDGE_CURVE('',#3067,#2226,#3079,.T.);
#3081=ORIENTED_EDGE('',*,*,#3080,.F.);
#3082=EDGE_LOOP('',(#3073,#3074,#3075,#3081));
#3083=FACE_BOUND('',#3082,.T.);
#3084=ADVANCED_FACE('crnxx-right-top-case',(#3083),#3065,.T.);
#3085=CARTESIAN_POINT('',(52.260243956,22.258716893,0.));
#3086=DIRECTION('',(1.,-0.,0.));
#3087=DIRECTION('',(0.,1.,0.));
#3088=AXIS2_PLACEMENT_3D('',#3085,#3086,#3087);
#3089=PLANE('',#3088);
#3090=CARTESIAN_POINT('',(52.260243956,36.358717275,8.2));
#3091=VERTEX_POINT('',#3090);
#3092=CARTESIAN_POINT('',(52.260243956,22.258716893,8.2));
#3093=VERTEX_POINT('',#3092);
#3094=CARTESIAN_POINT('',(52.260243956,36.358717275,8.2));
#3095=DIRECTION('',(-0.,-1.,0.));
#3096=VECTOR('',#3095,14.100000382);
#3097=LINE('',#3094,#3096);
#3098=EDGE_CURVE('',#3091,#3093,#3097,.T.);
#3099=ORIENTED_EDGE('',*,*,#3098,.F.);
#3100=CARTESIAN_POINT('',(52.260243956,36.358717275,8.700000048));
#3101=DIRECTION('',(0.,0.,-1.));
#3102=VECTOR('',#3101,0.500000048);
#3103=LINE('',#3100,#3102);
#3104=EDGE_CURVE('',#1843,#3091,#3103,.T.);
#3105=ORIENTED_EDGE('',*,*,#3104,.F.);
#3106=ORIENTED_EDGE('',*,*,#1848,.T.);
#3107=CARTESIAN_POINT('',(52.260243956,22.258716893,8.2));
#3108=DIRECTION('',(0.,0.,1.));
#3109=VECTOR('',#3108,0.500000048);
#3110=LINE('',#3107,#3109);
#3111=EDGE_CURVE('',#3093,#1835,#3110,.T.);
#3112=ORIENTED_EDGE('',*,*,#3111,.F.);
#3113=EDGE_LOOP('',(#3099,#3105,#3106,#3112));
#3114=FACE_BOUND('',#3113,.T.);
#3115=ADVANCED_FACE('crnxx-right-top-case',(#3114),#3089,.T.);
#3116=CARTESIAN_POINT('',(52.260243956,-28.741283107,0.));
#3117=DIRECTION('',(1.,-0.,0.));
#3118=DIRECTION('',(0.,1.,0.));
#3119=AXIS2_PLACEMENT_3D('',#3116,#3117,#3118);
#3120=PLANE('',#3119);
#3121=CARTESIAN_POINT('',(52.260243956,-14.641282725,8.2));
#3122=VERTEX_POINT('',#3121);
#3123=CARTESIAN_POINT('',(52.260243956,-28.741283107,8.2));
#3124=VERTEX_POINT('',#3123);
#3125=CARTESIAN_POINT('',(52.260243956,-14.641282725,8.2));
#3126=DIRECTION('',(-0.,-1.,0.));
#3127=VECTOR('',#3126,14.100000382);
#3128=LINE('',#3125,#3127);
#3129=EDGE_CURVE('',#3122,#3124,#3128,.T.);
#3130=ORIENTED_EDGE('',*,*,#3129,.F.);
#3131=CARTESIAN_POINT('',(52.260243956,-14.641282725,8.700000048));
#3132=DIRECTION('',(0.,0.,-1.));
#3133=VECTOR('',#3132,0.500000048);
#3134=LINE('',#3131,#3133);
#3135=EDGE_CURVE('',#2319,#3122,#3134,.T.);
#3136=ORIENTED_EDGE('',*,*,#3135,.F.);
#3137=ORIENTED_EDGE('',*,*,#2346,.T.);
#3138=CARTESIAN_POINT('',(52.260243956,-28.741283107,8.700000048));
#3139=DIRECTION('',(0.,0.,-1.));
#3140=VECTOR('',#3139,0.500000048);
#3141=LINE('',#3138,#3140);
#3142=EDGE_CURVE('',#2335,#3124,#3141,.T.);
#3143=ORIENTED_EDGE('',*,*,#3142,.T.);
#3144=EDGE_LOOP('',(#3130,#3136,#3137,#3143));
#3145=FACE_BOUND('',#3144,.T.);
#3146=ADVANCED_FACE('crnxx-right-top-case',(#3145),#3120,.T.);
#3147=CARTESIAN_POINT('',(49.36024243,19.358717275,0.));
#3148=DIRECTION('',(-1.,0.,0.));
#3149=DIRECTION('',(-0.,-1.,0.));
#3150=AXIS2_PLACEMENT_3D('',#3147,#3148,#3149);
#3151=PLANE('',#3150);
#3152=CARTESIAN_POINT('',(49.36024243,5.25871737,8.2));
#3153=VERTEX_POINT('',#3152);
#3154=CARTESIAN_POINT('',(49.36024243,19.358717275,8.2));
#3155=VERTEX_POINT('',#3154);
#3156=CARTESIAN_POINT('',(49.36024243,5.25871737,8.2));
#3157=DIRECTION('',(0.,1.,0.));
#3158=VECTOR('',#3157,14.099999905);
#3159=LINE('',#3156,#3158);
#3160=EDGE_CURVE('',#3153,#3155,#3159,.T.);
#3161=ORIENTED_EDGE('',*,*,#3160,.F.);
#3162=CARTESIAN_POINT('',(49.36024243,5.25871737,8.700000048));
#3163=DIRECTION('',(0.,0.,-1.));
#3164=VECTOR('',#3163,0.500000048);
#3165=LINE('',#3162,#3164);
#3166=EDGE_CURVE('',#2444,#3153,#3165,.T.);
#3167=ORIENTED_EDGE('',*,*,#3166,.F.);
#3168=ORIENTED_EDGE('',*,*,#2464,.F.);
#3169=CARTESIAN_POINT('',(49.36024243,19.358717275,8.2));
#3170=DIRECTION('',(0.,0.,1.));
#3171=VECTOR('',#3170,0.500000048);
#3172=LINE('',#3169,#3171);
#3173=EDGE_CURVE('',#3155,#2453,#3172,.T.);
#3174=ORIENTED_EDGE('',*,*,#3173,.F.);
#3175=EDGE_LOOP('',(#3161,#3167,#3168,#3174));
#3176=FACE_BOUND('',#3175,.T.);
#3177=ADVANCED_FACE('crnxx-right-top-case',(#3176),#3151,.T.);
#3178=CARTESIAN_POINT('',(32.360244338,-10.391282725,0.));
#3179=DIRECTION('',(-1.,0.,0.));
#3180=DIRECTION('',(-0.,-1.,0.));
#3181=AXIS2_PLACEMENT_3D('',#3178,#3179,#3180);
#3182=PLANE('',#3181);
#3183=CARTESIAN_POINT('',(32.360244338,-24.491283107,8.2));
#3184=VERTEX_POINT('',#3183);
#3185=CARTESIAN_POINT('',(32.360244338,-10.391282725,8.2));
#3186=VERTEX_POINT('',#3185);
#3187=CARTESIAN_POINT('',(32.360244338,-24.491283107,8.2));
#3188=DIRECTION('',(0.,1.,0.));
#3189=VECTOR('',#3188,14.100000382);
#3190=LINE('',#3187,#3189);
#3191=EDGE_CURVE('',#3184,#3186,#3190,.T.);
#3192=ORIENTED_EDGE('',*,*,#3191,.F.);
#3193=CARTESIAN_POINT('',(32.360244338,-24.491283107,8.2));
#3194=DIRECTION('',(0.,0.,1.));
#3195=VECTOR('',#3194,0.500000048);
#3196=LINE('',#3193,#3195);
#3197=EDGE_CURVE('',#3184,#2386,#3196,.T.);
#3198=ORIENTED_EDGE('',*,*,#3197,.T.);
#3199=ORIENTED_EDGE('',*,*,#2391,.T.);
#3200=CARTESIAN_POINT('',(32.360244338,-10.391282725,8.700000048));
#3201=DIRECTION('',(0.,0.,-1.));
#3202=VECTOR('',#3201,0.500000048);
#3203=LINE('',#3200,#3202);
#3204=EDGE_CURVE('',#2376,#3186,#3203,.T.);
#3205=ORIENTED_EDGE('',*,*,#3204,.T.);
#3206=EDGE_LOOP('',(#3192,#3198,#3199,#3205));
#3207=FACE_BOUND('',#3206,.T.);
#3208=ADVANCED_FACE('crnxx-right-top-case',(#3207),#3182,.T.);
#3209=CARTESIAN_POINT('',(-19.267477449,-28.438609767,2.200000048));
#3210=DIRECTION('',(-0.206716424,0.978400899,-0.));
#3211=DIRECTION('',(-0.966704517,-0.204245214,-0.154163123));
#3212=AXIS2_PLACEMENT_3D('',#3209,#3210,#3211);
#3213=PLANE('',#3212);
#3214=CARTESIAN_POINT('',(-19.267477449,-28.438609767,8.2));
#3215=VERTEX_POINT('',#3214);
#3216=CARTESIAN_POINT('',(-33.06292638,-31.353310555,8.2));
#3217=DIRECTION('',(0.978400899,0.206716424,0.));
#3218=VECTOR('',#3217,14.099996167);
#3219=LINE('',#3216,#3218);
#3220=EDGE_CURVE('',#2983,#3215,#3219,.T.);
#3221=ORIENTED_EDGE('',*,*,#3220,.F.);
#3222=ORIENTED_EDGE('',*,*,#3001,.T.);
#3223=ORIENTED_EDGE('',*,*,#2205,.F.);
#3224=CARTESIAN_POINT('',(-19.267477449,-28.438609767,8.700000048));
#3225=DIRECTION('',(0.,-0.,-1.));
#3226=VECTOR('',#3225,0.500000048);
#3227=LINE('',#3224,#3226);
#3228=EDGE_CURVE('',#2192,#3215,#3227,.T.);
#3229=ORIENTED_EDGE('',*,*,#3228,.T.);
#3230=EDGE_LOOP('',(#3221,#3222,#3223,#3229));
#3231=FACE_BOUND('',#3230,.T.);
#3232=ADVANCED_FACE('crnxx-right-top-case',(#3231),#3213,.T.);
#3233=CARTESIAN_POINT('',(-20.001322206,-24.965285945,1.));
#3234=DIRECTION('',(-0.978400824,-0.20671678,0.));
#3235=DIRECTION('',(0.,0.,-1.));
#3236=AXIS2_PLACEMENT_3D('',#3233,#3234,#3235);
#3237=PLANE('',#3236);
#3238=CARTESIAN_POINT('',(-22.182184005,-14.643158322,8.2));
#3239=VERTEX_POINT('',#3238);
#3240=CARTESIAN_POINT('',(-19.267477449,-28.438609767,8.2));
#3241=DIRECTION('',(-0.20671678,0.978400824,0.));
#3242=VECTOR('',#3241,14.099999818);
#3243=LINE('',#3240,#3242);
#3244=EDGE_CURVE('',#3215,#3239,#3243,.T.);
#3245=ORIENTED_EDGE('',*,*,#3244,.F.);
#3246=ORIENTED_EDGE('',*,*,#3228,.F.);
#3247=ORIENTED_EDGE('',*,*,#2197,.F.);
#3248=CARTESIAN_POINT('',(-22.182184005,-14.643158322,8.2));
#3249=DIRECTION('',(0.,-0.,1.));
#3250=VECTOR('',#3249,0.500000048);
#3251=LINE('',#3248,#3250);
#3252=EDGE_CURVE('',#3239,#2190,#3251,.T.);
#3253=ORIENTED_EDGE('',*,*,#3252,.F.);
#3254=EDGE_LOOP('',(#3245,#3246,#3247,#3253));
#3255=FACE_BOUND('',#3254,.T.);
#3256=ADVANCED_FACE('crnxx-right-top-case',(#3255),#3237,.T.);
#3257=CARTESIAN_POINT('',(52.260243956,5.25871737,0.));
#3258=DIRECTION('',(1.,-0.,0.));
#3259=DIRECTION('',(0.,1.,0.));
#3260=AXIS2_PLACEMENT_3D('',#3257,#3258,#3259);
#3261=PLANE('',#3260);
#3262=CARTESIAN_POINT('',(52.260243956,19.358717275,8.2));
#3263=VERTEX_POINT('',#3262);
#3264=CARTESIAN_POINT('',(52.260243956,5.25871737,8.2));
#3265=VERTEX_POINT('',#3264);
#3266=CARTESIAN_POINT('',(52.260243956,19.358717275,8.2));
#3267=DIRECTION('',(-0.,-1.,0.));
#3268=VECTOR('',#3267,14.099999905);
#3269=LINE('',#3266,#3268);
#3270=EDGE_CURVE('',#3263,#3265,#3269,.T.);
#3271=ORIENTED_EDGE('',*,*,#3270,.F.);
#3272=CARTESIAN_POINT('',(52.260243956,19.358717275,8.2));
#3273=DIRECTION('',(0.,0.,1.));
#3274=VECTOR('',#3273,0.500000048);
#3275=LINE('',#3272,#3274);
#3276=EDGE_CURVE('',#3263,#1859,#3275,.T.);
#3277=ORIENTED_EDGE('',*,*,#3276,.T.);
#3278=ORIENTED_EDGE('',*,*,#1879,.T.);
#3279=CARTESIAN_POINT('',(52.260243956,5.25871737,8.2));
#3280=DIRECTION('',(0.,0.,1.));
#3281=VECTOR('',#3280,0.500000048);
#3282=LINE('',#3279,#3281);
#3283=EDGE_CURVE('',#3265,#1868,#3282,.T.);
#3284=ORIENTED_EDGE('',*,*,#3283,.F.);
#3285=EDGE_LOOP('',(#3271,#3277,#3278,#3284));
#3286=FACE_BOUND('',#3285,.T.);
#3287=ADVANCED_FACE('crnxx-right-top-case',(#3286),#3261,.T.);
#3288=CARTESIAN_POINT('',(18.260243956,-24.491283107,0.));
#3289=DIRECTION('',(1.,-0.,0.));
#3290=DIRECTION('',(0.,1.,0.));
#3291=AXIS2_PLACEMENT_3D('',#3288,#3289,#3290);
#3292=PLANE('',#3291);
#3293=CARTESIAN_POINT('',(18.260243956,-10.391282725,8.2));
#3294=VERTEX_POINT('',#3293);
#3295=CARTESIAN_POINT('',(18.260243956,-24.491283107,8.2));
#3296=VERTEX_POINT('',#3295);
#3297=CARTESIAN_POINT('',(18.260243956,-10.391282725,8.2));
#3298=DIRECTION('',(-0.,-1.,0.));
#3299=VECTOR('',#3298,14.100000382);
#3300=LINE('',#3297,#3299);
#3301=EDGE_CURVE('',#3294,#3296,#3300,.T.);
#3302=ORIENTED_EDGE('',*,*,#3301,.F.);
#3303=CARTESIAN_POINT('',(18.260243956,-10.391282725,8.700000048));
#3304=DIRECTION('',(0.,0.,-1.));
#3305=VECTOR('',#3304,0.500000048);
#3306=LINE('',#3303,#3305);
#3307=EDGE_CURVE('',#2378,#3294,#3306,.T.);
#3308=ORIENTED_EDGE('',*,*,#3307,.F.);
#3309=ORIENTED_EDGE('',*,*,#2405,.T.);
#3310=CARTESIAN_POINT('',(18.260243956,-24.491283107,8.2));
#3311=DIRECTION('',(0.,0.,1.));
#3312=VECTOR('',#3311,0.500000048);
#3313=LINE('',#3310,#3312);
#3314=EDGE_CURVE('',#3296,#2394,#3313,.T.);
#3315=ORIENTED_EDGE('',*,*,#3314,.F.);
#3316=EDGE_LOOP('',(#3302,#3308,#3309,#3315));
#3317=FACE_BOUND('',#3316,.T.);
#3318=ADVANCED_FACE('crnxx-right-top-case',(#3317),#3292,.T.);
#3319=CARTESIAN_POINT('',(2.610243861,-27.97628181,2.200000048));
#3320=DIRECTION('',(0.,1.,0.));
#3321=DIRECTION('',(-0.98804541,0.,-0.154163118));
#3322=AXIS2_PLACEMENT_3D('',#3319,#3320,#3321);
#3323=PLANE('',#3322);
#3324=CARTESIAN_POINT('',(-11.489756044,-27.97628181,8.2));
#3325=VERTEX_POINT('',#3324);
#3326=CARTESIAN_POINT('',(2.610243861,-27.97628181,8.2));
#3327=VERTEX_POINT('',#3326);
#3328=CARTESIAN_POINT('',(-11.489756044,-27.97628181,8.2));
#3329=DIRECTION('',(1.,-0.,0.));
#3330=VECTOR('',#3329,14.099999905);
#3331=LINE('',#3328,#3330);
#3332=EDGE_CURVE('',#3325,#3327,#3331,.T.);
#3333=ORIENTED_EDGE('',*,*,#3332,.F.);
#3334=CARTESIAN_POINT('',(-11.489756044,-27.97628181,8.2));
#3335=DIRECTION('',(0.,0.,1.));
#3336=VECTOR('',#3335,0.500000048);
#3337=LINE('',#3334,#3336);
#3338=EDGE_CURVE('',#3325,#2132,#3337,.T.);
#3339=ORIENTED_EDGE('',*,*,#3338,.T.);
#3340=ORIENTED_EDGE('',*,*,#2137,.F.);
#3341=CARTESIAN_POINT('',(2.610243861,-27.97628181,8.700000048));
#3342=DIRECTION('',(0.,0.,-1.));
#3343=VECTOR('',#3342,0.500000048);
#3344=LINE('',#3341,#3343);
#3345=EDGE_CURVE('',#2124,#3327,#3344,.T.);
#3346=ORIENTED_EDGE('',*,*,#3345,.T.);
#3347=EDGE_LOOP('',(#3333,#3339,#3340,#3346));
#3348=FACE_BOUND('',#3347,.T.);
#3349=ADVANCED_FACE('crnxx-right-top-case',(#3348),#3323,.T.);
#3350=CARTESIAN_POINT('',(32.360244338,26.508716893,2.200000048));
#3351=DIRECTION('',(0.,1.,0.));
#3352=DIRECTION('',(-0.988045411,0.,-0.154163113));
#3353=AXIS2_PLACEMENT_3D('',#3350,#3351,#3352);
#3354=PLANE('',#3353);
#3355=CARTESIAN_POINT('',(18.260243956,26.508716893,8.2));
#3356=VERTEX_POINT('',#3355);
#3357=CARTESIAN_POINT('',(32.360244338,26.508716893,8.2));
#3358=VERTEX_POINT('',#3357);
#3359=CARTESIAN_POINT('',(18.260243956,26.508716893,8.2));
#3360=DIRECTION('',(1.,-0.,0.));
#3361=VECTOR('',#3360,14.100000382);
#3362=LINE('',#3359,#3361);
#3363=EDGE_CURVE('',#3356,#3358,#3362,.T.);
#3364=ORIENTED_EDGE('',*,*,#3363,.F.);
#3365=CARTESIAN_POINT('',(18.260243956,26.508716893,8.2));
#3366=DIRECTION('',(0.,0.,1.));
#3367=VECTOR('',#3366,0.500000048);
#3368=LINE('',#3365,#3367);
#3369=EDGE_CURVE('',#3356,#1733,#3368,.T.);
#3370=ORIENTED_EDGE('',*,*,#3369,.T.);
#3371=ORIENTED_EDGE('',*,*,#1738,.F.);
#3372=CARTESIAN_POINT('',(32.360244338,26.508716893,8.700000048));
#3373=DIRECTION('',(0.,0.,-1.));
#3374=VECTOR('',#3373,0.500000048);
#3375=LINE('',#3372,#3374);
#3376=EDGE_CURVE('',#1725,#3358,#3375,.T.);
#3377=ORIENTED_EDGE('',*,*,#3376,.T.);
#3378=EDGE_LOOP('',(#3364,#3370,#3371,#3377));
#3379=FACE_BOUND('',#3378,.T.);
#3380=ADVANCED_FACE('crnxx-right-top-case',(#3379),#3354,.T.);
#3381=CARTESIAN_POINT('',(18.260243956,23.608717275,2.200000048));
#3382=DIRECTION('',(-0.,-1.,0.));
#3383=DIRECTION('',(0.988045411,-0.,-0.154163113));
#3384=AXIS2_PLACEMENT_3D('',#3381,#3382,#3383);
#3385=PLANE('',#3384);
#3386=CARTESIAN_POINT('',(32.360244338,23.608717275,8.2));
#3387=DIRECTION('',(-1.,0.,0.));
#3388=VECTOR('',#3387,14.100000382);
#3389=LINE('',#3386,#3388);
#3390=EDGE_CURVE('',#2771,#2527,#3389,.T.);
#3391=ORIENTED_EDGE('',*,*,#3390,.F.);
#3392=ORIENTED_EDGE('',*,*,#2784,.T.);
#3393=ORIENTED_EDGE('',*,*,#2305,.F.);
#3394=ORIENTED_EDGE('',*,*,#2538,.F.);
#3395=EDGE_LOOP('',(#3391,#3392,#3393,#3394));
#3396=FACE_BOUND('',#3395,.T.);
#3397=ADVANCED_FACE('crnxx-right-top-case',(#3396),#3385,.T.);
#3398=CARTESIAN_POINT('',(-11.489756044,-24.426282573,1.));
#3399=DIRECTION('',(1.,-0.,-0.));
#3400=DIRECTION('',(-0.,-0.947340546,0.320227872));
#3401=AXIS2_PLACEMENT_3D('',#3398,#3399,#3400);
#3402=PLANE('',#3401);
#3403=CARTESIAN_POINT('',(-11.489756044,-13.876282382,8.2));
#3404=VERTEX_POINT('',#3403);
#3405=CARTESIAN_POINT('',(-11.489756044,-13.876282382,8.2));
#3406=DIRECTION('',(-0.,-1.,0.));
#3407=VECTOR('',#3406,14.099999428);
#3408=LINE('',#3405,#3407);
#3409=EDGE_CURVE('',#3404,#3325,#3408,.T.);
#3410=ORIENTED_EDGE('',*,*,#3409,.F.);
#3411=CARTESIAN_POINT('',(-11.489756044,-13.876282382,8.2));
#3412=DIRECTION('',(0.,0.,1.));
#3413=VECTOR('',#3412,0.500000048);
#3414=LINE('',#3411,#3413);
#3415=EDGE_CURVE('',#3404,#2140,#3414,.T.);
#3416=ORIENTED_EDGE('',*,*,#3415,.T.);
#3417=ORIENTED_EDGE('',*,*,#2145,.F.);
#3418=ORIENTED_EDGE('',*,*,#3338,.F.);
#3419=EDGE_LOOP('',(#3410,#3416,#3417,#3418));
#3420=FACE_BOUND('',#3419,.T.);
#3421=ADVANCED_FACE('crnxx-right-top-case',(#3420),#3402,.T.);
#3422=CARTESIAN_POINT('',(2.610243861,-24.426282573,1.));
#3423=DIRECTION('',(-1.,0.,0.));
#3424=DIRECTION('',(0.,0.,-1.));
#3425=AXIS2_PLACEMENT_3D('',#3422,#3423,#3424);
#3426=PLANE('',#3425);
#3427=CARTESIAN_POINT('',(2.610243861,-13.876282382,8.2));
#3428=VERTEX_POINT('',#3427);
#3429=CARTESIAN_POINT('',(2.610243861,-27.97628181,8.2));
#3430=DIRECTION('',(0.,1.,0.));
#3431=VECTOR('',#3430,14.099999428);
#3432=LINE('',#3429,#3431);
#3433=EDGE_CURVE('',#3327,#3428,#3432,.T.);
#3434=ORIENTED_EDGE('',*,*,#3433,.F.);
#3435=ORIENTED_EDGE('',*,*,#3345,.F.);
#3436=ORIENTED_EDGE('',*,*,#2129,.F.);
#3437=CARTESIAN_POINT('',(2.610243861,-13.876282382,8.2));
#3438=DIRECTION('',(0.,0.,1.));
#3439=VECTOR('',#3438,0.500000048);
#3440=LINE('',#3437,#3439);
#3441=EDGE_CURVE('',#3428,#2122,#3440,.T.);
#3442=ORIENTED_EDGE('',*,*,#3441,.F.);
#3443=EDGE_LOOP('',(#3434,#3435,#3436,#3442));
#3444=FACE_BOUND('',#3443,.T.);
#3445=ADVANCED_FACE('crnxx-right-top-case',(#3444),#3426,.T.);
#3446=CARTESIAN_POINT('',(35.260243956,25.808718038,1.));
#3447=DIRECTION('',(1.,-0.,0.));
#3448=DIRECTION('',(0.,1.,0.));
#3449=AXIS2_PLACEMENT_3D('',#3446,#3447,#3448);
#3450=PLANE('',#3449);
#3451=CARTESIAN_POINT('',(35.260243956,36.358717275,8.2));
#3452=VERTEX_POINT('',#3451);
#3453=CARTESIAN_POINT('',(35.260243956,22.258716893,8.2));
#3454=VERTEX_POINT('',#3453);
#3455=CARTESIAN_POINT('',(35.260243956,36.358717275,8.2));
#3456=DIRECTION('',(-0.,-1.,0.));
#3457=VECTOR('',#3456,14.100000382);
#3458=LINE('',#3455,#3457);
#3459=EDGE_CURVE('',#3452,#3454,#3458,.T.);
#3460=ORIENTED_EDGE('',*,*,#3459,.F.);
#3461=CARTESIAN_POINT('',(35.260243956,36.358717275,8.2));
#3462=DIRECTION('',(0.,0.,1.));
#3463=VECTOR('',#3462,0.500000048);
#3464=LINE('',#3461,#3463);
#3465=EDGE_CURVE('',#3452,#2022,#3464,.T.);
#3466=ORIENTED_EDGE('',*,*,#3465,.T.);
#3467=ORIENTED_EDGE('',*,*,#2027,.F.);
#3468=CARTESIAN_POINT('',(35.260243956,22.258716893,8.700000048));
#3469=DIRECTION('',(0.,0.,-1.));
#3470=VECTOR('',#3469,0.500000048);
#3471=LINE('',#3468,#3470);
#3472=EDGE_CURVE('',#2020,#3454,#3471,.T.);
#3473=ORIENTED_EDGE('',*,*,#3472,.T.);
#3474=EDGE_LOOP('',(#3460,#3466,#3467,#3473));
#3475=FACE_BOUND('',#3474,.T.);
#3476=ADVANCED_FACE('crnxx-right-top-case',(#3475),#3450,.T.);
#3477=CARTESIAN_POINT('',(-53.358793672,-28.184878993,0.));
#3478=DIRECTION('',(0.920504742,0.390731392,0.));
#3479=DIRECTION('',(-0.390731392,0.920504742,0.));
#3480=AXIS2_PLACEMENT_3D('',#3477,#3478,#3479);
#3481=PLANE('',#3480);
#3482=CARTESIAN_POINT('',(-49.236577747,-37.896203407,8.2));
#3483=VERTEX_POINT('',#3482);
#3484=CARTESIAN_POINT('',(-54.745890077,-24.917087245,8.2));
#3485=DIRECTION('',(0.390731392,-0.920504742,0.));
#3486=VECTOR('',#3485,14.099999245);
#3487=LINE('',#3484,#3486);
#3488=EDGE_CURVE('',#2952,#3483,#3487,.T.);
#3489=ORIENTED_EDGE('',*,*,#3488,.F.);
#3490=ORIENTED_EDGE('',*,*,#2970,.F.);
#3491=ORIENTED_EDGE('',*,*,#2494,.F.);
#3492=CARTESIAN_POINT('',(-49.236577747,-37.896203407,8.2));
#3493=DIRECTION('',(0.,-0.,1.));
#3494=VECTOR('',#3493,0.500000048);
#3495=LINE('',#3492,#3494);
#3496=EDGE_CURVE('',#3483,#2487,#3495,.T.);
#3497=ORIENTED_EDGE('',*,*,#3496,.F.);
#3498=EDGE_LOOP('',(#3489,#3490,#3491,#3497));
#3499=FACE_BOUND('',#3498,.T.);
#3500=ADVANCED_FACE('crnxx-right-top-case',(#3499),#3481,.T.);
#3501=CARTESIAN_POINT('',(-35.977632936,-17.557859111,2.200000048));
#3502=DIRECTION('',(0.206716424,-0.978400899,-0.));
#3503=DIRECTION('',(0.966704517,0.204245214,-0.154163123));
#3504=AXIS2_PLACEMENT_3D('',#3501,#3502,#3503);
#3505=PLANE('',#3504);
#3506=CARTESIAN_POINT('',(-22.182184005,-14.643158322,8.2));
#3507=DIRECTION('',(-0.978400899,-0.206716424,0.));
#3508=VECTOR('',#3507,14.099996167);
#3509=LINE('',#3506,#3508);
#3510=EDGE_CURVE('',#3239,#2981,#3509,.T.);
#3511=ORIENTED_EDGE('',*,*,#3510,.F.);
#3512=ORIENTED_EDGE('',*,*,#3252,.T.);
#3513=ORIENTED_EDGE('',*,*,#2219,.F.);
#3514=ORIENTED_EDGE('',*,*,#2994,.F.);
#3515=EDGE_LOOP('',(#3511,#3512,#3513,#3514));
#3516=FACE_BOUND('',#3515,.T.);
#3517=ADVANCED_FACE('crnxx-right-top-case',(#3516),#3505,.T.);
#3518=CARTESIAN_POINT('',(-36.257460054,-32.386895823,2.200000048));
#3519=DIRECTION('',(-0.390731068,0.920504879,-0.));
#3520=DIRECTION('',(-0.909500621,-0.386060038,-0.154163122));
#3521=AXIS2_PLACEMENT_3D('',#3518,#3519,#3520);
#3522=PLANE('',#3521);
#3523=CARTESIAN_POINT('',(-36.257458367,-32.386895107,8.2));
#3524=VERTEX_POINT('',#3523);
#3525=CARTESIAN_POINT('',(-49.236577747,-37.896203407,8.2));
#3526=DIRECTION('',(0.920504879,0.390731068,0.));
#3527=VECTOR('',#3526,14.100000632);
#3528=LINE('',#3525,#3527);
#3529=EDGE_CURVE('',#3483,#3524,#3528,.T.);
#3530=ORIENTED_EDGE('',*,*,#3529,.F.);
#3531=ORIENTED_EDGE('',*,*,#3496,.T.);
#3532=ORIENTED_EDGE('',*,*,#2516,.F.);
#3533=CARTESIAN_POINT('',(-36.257458227,-32.386895048,8.700000048));
#3534=DIRECTION('',(-0.000000281,-0.000000119,-1.));
#3535=VECTOR('',#3534,0.500000048);
#3536=LINE('',#3533,#3535);
#3537=EDGE_CURVE('',#2505,#3524,#3536,.T.);
#3538=ORIENTED_EDGE('',*,*,#3537,.T.);
#3539=EDGE_LOOP('',(#3530,#3531,#3532,#3538));
#3540=FACE_BOUND('',#3539,.T.);
#3541=ADVANCED_FACE('crnxx-right-top-case',(#3540),#3522,.T.);
#3542=CARTESIAN_POINT('',(35.260243956,-28.741283107,0.));
#3543=DIRECTION('',(1.,-0.,0.));
#3544=DIRECTION('',(0.,1.,0.));
#3545=AXIS2_PLACEMENT_3D('',#3542,#3543,#3544);
#3546=PLANE('',#3545);
#3547=CARTESIAN_POINT('',(35.260243956,-14.641282725,8.2));
#3548=VERTEX_POINT('',#3547);
#3549=CARTESIAN_POINT('',(35.260243956,-28.741283107,8.2));
#3550=VERTEX_POINT('',#3549);
#3551=CARTESIAN_POINT('',(35.260243956,-14.641282725,8.2));
#3552=DIRECTION('',(-0.,-1.,0.));
#3553=VECTOR('',#3552,14.100000382);
#3554=LINE('',#3551,#3553);
#3555=EDGE_CURVE('',#3548,#3550,#3554,.T.);
#3556=ORIENTED_EDGE('',*,*,#3555,.F.);
#3557=CARTESIAN_POINT('',(35.260243956,-14.641282725,8.700000048));
#3558=DIRECTION('',(0.,0.,-1.));
#3559=VECTOR('',#3558,0.500000048);
#3560=LINE('',#3557,#3559);
#3561=EDGE_CURVE('',#2410,#3548,#3560,.T.);
#3562=ORIENTED_EDGE('',*,*,#3561,.F.);
#3563=ORIENTED_EDGE('',*,*,#2417,.T.);
#3564=CARTESIAN_POINT('',(35.260243956,-28.741283107,8.2));
#3565=DIRECTION('',(0.,0.,1.));
#3566=VECTOR('',#3565,0.500000048);
#3567=LINE('',#3564,#3566);
#3568=EDGE_CURVE('',#3550,#2412,#3567,.T.);
#3569=ORIENTED_EDGE('',*,*,#3568,.F.);
#3570=EDGE_LOOP('',(#3556,#3562,#3563,#3569));
#3571=FACE_BOUND('',#3570,.T.);
#3572=ADVANCED_FACE('crnxx-right-top-case',(#3571),#3546,.T.);
#3573=CARTESIAN_POINT('',(-18.639755662,-9.616282153,2.200000048));
#3574=DIRECTION('',(0.,1.,0.));
#3575=DIRECTION('',(-0.988045411,0.,-0.154163113));
#3576=AXIS2_PLACEMENT_3D('',#3573,#3574,#3575);
#3577=PLANE('',#3576);
#3578=CARTESIAN_POINT('',(-32.739756044,-9.616282153,8.2));
#3579=VERTEX_POINT('',#3578);
#3580=CARTESIAN_POINT('',(-18.639755662,-9.616282153,8.2));
#3581=VERTEX_POINT('',#3580);
#3582=CARTESIAN_POINT('',(-32.739756044,-9.616282153,8.2));
#3583=DIRECTION('',(1.,-0.,0.));
#3584=VECTOR('',#3583,14.100000381);
#3585=LINE('',#3582,#3584);
#3586=EDGE_CURVE('',#3579,#3581,#3585,.T.);
#3587=ORIENTED_EDGE('',*,*,#3586,.F.);
#3588=CARTESIAN_POINT('',(-32.739756044,-9.616282153,8.2));
#3589=DIRECTION('',(0.,0.,1.));
#3590=VECTOR('',#3589,0.500000048);
#3591=LINE('',#3588,#3590);
#3592=EDGE_CURVE('',#3579,#2156,#3591,.T.);
#3593=ORIENTED_EDGE('',*,*,#3592,.T.);
#3594=ORIENTED_EDGE('',*,*,#2185,.F.);
#3595=CARTESIAN_POINT('',(-18.639755662,-9.616282153,8.700000048));
#3596=DIRECTION('',(0.,0.,-1.));
#3597=VECTOR('',#3596,0.500000048);
#3598=LINE('',#3595,#3597);
#3599=EDGE_CURVE('',#2174,#3581,#3598,.T.);
#3600=ORIENTED_EDGE('',*,*,#3599,.T.);
#3601=EDGE_LOOP('',(#3587,#3593,#3594,#3600));
#3602=FACE_BOUND('',#3601,.T.);
#3603=ADVANCED_FACE('crnxx-right-top-case',(#3602),#3577,.T.);
#3604=CARTESIAN_POINT('',(-32.739756044,-6.066282916,1.));
#3605=DIRECTION('',(1.,-0.,-0.));
#3606=DIRECTION('',(-0.,-0.947340546,0.320227872));
#3607=AXIS2_PLACEMENT_3D('',#3604,#3605,#3606);
#3608=PLANE('',#3607);
#3609=CARTESIAN_POINT('',(-32.739756044,4.483717513,8.2));
#3610=VERTEX_POINT('',#3609);
#3611=CARTESIAN_POINT('',(-32.739756044,4.483717513,8.2));
#3612=DIRECTION('',(-0.,-1.,0.));
#3613=VECTOR('',#3612,14.099999666);
#3614=LINE('',#3611,#3613);
#3615=EDGE_CURVE('',#3610,#3579,#3614,.T.);
#3616=ORIENTED_EDGE('',*,*,#3615,.F.);
#3617=CARTESIAN_POINT('',(-32.739756044,4.483717513,8.2));
#3618=DIRECTION('',(0.,0.,1.));
#3619=VECTOR('',#3618,0.500000048);
#3620=LINE('',#3617,#3619);
#3621=EDGE_CURVE('',#3610,#2158,#3620,.T.);
#3622=ORIENTED_EDGE('',*,*,#3621,.T.);
#3623=ORIENTED_EDGE('',*,*,#2163,.F.);
#3624=ORIENTED_EDGE('',*,*,#3592,.F.);
#3625=EDGE_LOOP('',(#3616,#3622,#3623,#3624));
#3626=FACE_BOUND('',#3625,.T.);
#3627=ADVANCED_FACE('crnxx-right-top-case',(#3626),#3608,.T.);
#3628=CARTESIAN_POINT('',(66.36024243,-11.741282153,2.200000048));
#3629=DIRECTION('',(0.,1.,0.));
#3630=DIRECTION('',(0.,0.,-1.));
#3631=AXIS2_PLACEMENT_3D('',#3628,#3629,#3630);
#3632=PLANE('',#3631);
#3633=CARTESIAN_POINT('',(52.260243956,-11.741282153,8.2));
#3634=DIRECTION('',(1.,-0.,0.));
#3635=VECTOR('',#3634,14.099998474);
#3636=LINE('',#3633,#3635);
#3637=EDGE_CURVE('',#2890,#2795,#3636,.T.);
#3638=ORIENTED_EDGE('',*,*,#3637,.F.);
#3639=ORIENTED_EDGE('',*,*,#2908,.F.);
#3640=ORIENTED_EDGE('',*,*,#2281,.T.);
#3641=ORIENTED_EDGE('',*,*,#2808,.F.);
#3642=EDGE_LOOP('',(#3638,#3639,#3640,#3641));
#3643=FACE_BOUND('',#3642,.T.);
#3644=ADVANCED_FACE('crnxx-right-top-case',(#3643),#3632,.T.);
#3645=CARTESIAN_POINT('',(66.36024243,-14.641282725,0.));
#3646=DIRECTION('',(-0.,-1.,0.));
#3647=DIRECTION('',(0.,0.,1.));
#3648=AXIS2_PLACEMENT_3D('',#3645,#3646,#3647);
#3649=PLANE('',#3648);
#3650=CARTESIAN_POINT('',(66.36024243,-14.641282725,8.2));
#3651=DIRECTION('',(-1.,0.,0.));
#3652=VECTOR('',#3651,14.099998474);
#3653=LINE('',#3650,#3652);
#3654=EDGE_CURVE('',#2828,#3122,#3653,.T.);
#3655=ORIENTED_EDGE('',*,*,#3654,.F.);
#3656=ORIENTED_EDGE('',*,*,#2846,.F.);
#3657=ORIENTED_EDGE('',*,*,#2324,.T.);
#3658=ORIENTED_EDGE('',*,*,#3135,.T.);
#3659=EDGE_LOOP('',(#3655,#3656,#3657,#3658));
#3660=FACE_BOUND('',#3659,.T.);
#3661=ADVANCED_FACE('crnxx-right-top-case',(#3660),#3649,.T.);
#3662=CARTESIAN_POINT('',(-18.639755662,-9.616282153,2.200000048));
#3663=DIRECTION('',(-1.,0.,0.));
#3664=DIRECTION('',(0.,0.947340546,-0.320227872));
#3665=AXIS2_PLACEMENT_3D('',#3662,#3663,#3664);
#3666=PLANE('',#3665);
#3667=CARTESIAN_POINT('',(-18.639755662,4.483717513,8.2));
#3668=VERTEX_POINT('',#3667);
#3669=CARTESIAN_POINT('',(-18.639755662,-9.616282153,8.2));
#3670=DIRECTION('',(0.,1.,0.));
#3671=VECTOR('',#3670,14.099999666);
#3672=LINE('',#3669,#3671);
#3673=EDGE_CURVE('',#3581,#3668,#3672,.T.);
#3674=ORIENTED_EDGE('',*,*,#3673,.F.);
#3675=ORIENTED_EDGE('',*,*,#3599,.F.);
#3676=ORIENTED_EDGE('',*,*,#2179,.F.);
#3677=CARTESIAN_POINT('',(-18.639755662,4.483717513,8.2));
#3678=DIRECTION('',(0.,0.,1.));
#3679=VECTOR('',#3678,0.500000048);
#3680=LINE('',#3677,#3679);
#3681=EDGE_CURVE('',#3668,#2166,#3680,.T.);
#3682=ORIENTED_EDGE('',*,*,#3681,.F.);
#3683=EDGE_LOOP('',(#3674,#3675,#3676,#3682));
#3684=FACE_BOUND('',#3683,.T.);
#3685=ADVANCED_FACE('crnxx-right-top-case',(#3684),#3666,.T.);
#3686=CARTESIAN_POINT('',(-11.489756044,-13.876282382,0.));
#3687=DIRECTION('',(-0.,-1.,0.));
#3688=DIRECTION('',(1.,-0.,0.));
#3689=AXIS2_PLACEMENT_3D('',#3686,#3687,#3688);
#3690=PLANE('',#3689);
#3691=CARTESIAN_POINT('',(2.610243861,-13.876282382,8.2));
#3692=DIRECTION('',(-1.,0.,0.));
#3693=VECTOR('',#3692,14.099999905);
#3694=LINE('',#3691,#3693);
#3695=EDGE_CURVE('',#3428,#3404,#3694,.T.);
#3696=ORIENTED_EDGE('',*,*,#3695,.F.);
#3697=ORIENTED_EDGE('',*,*,#3441,.T.);
#3698=ORIENTED_EDGE('',*,*,#2151,.T.);
#3699=ORIENTED_EDGE('',*,*,#3415,.F.);
#3700=EDGE_LOOP('',(#3696,#3697,#3698,#3699));
#3701=FACE_BOUND('',#3700,.T.);
#3702=ADVANCED_FACE('crnxx-right-top-case',(#3701),#3690,.T.);
#3703=CARTESIAN_POINT('',(49.36024243,-11.741282153,2.200000048));
#3704=DIRECTION('',(0.,1.,0.));
#3705=DIRECTION('',(0.,0.,-1.));
#3706=AXIS2_PLACEMENT_3D('',#3703,#3704,#3705);
#3707=PLANE('',#3706);
#3708=CARTESIAN_POINT('',(35.260243956,-11.741282153,8.2));
#3709=DIRECTION('',(1.,-0.,0.));
#3710=VECTOR('',#3709,14.099998474);
#3711=LINE('',#3708,#3710);
#3712=EDGE_CURVE('',#1132,#2857,#3711,.T.);
#3713=ORIENTED_EDGE('',*,*,#3712,.F.);
#3714=ORIENTED_EDGE('',*,*,#1159,.T.);
#3715=ORIENTED_EDGE('',*,*,#2364,.T.);
#3716=ORIENTED_EDGE('',*,*,#2870,.F.);
#3717=EDGE_LOOP('',(#3713,#3714,#3715,#3716));
#3718=FACE_BOUND('',#3717,.T.);
#3719=ADVANCED_FACE('crnxx-right-top-case',(#3718),#3707,.T.);
#3720=CARTESIAN_POINT('',(-1.639756139,-7.491282153,2.200000048));
#3721=DIRECTION('',(0.,1.,0.));
#3722=DIRECTION('',(-0.98804541,0.,-0.154163118));
#3723=AXIS2_PLACEMENT_3D('',#3720,#3721,#3722);
#3724=PLANE('',#3723);
#3725=CARTESIAN_POINT('',(-15.739756044,-7.491282153,8.2));
#3726=VERTEX_POINT('',#3725);
#3727=CARTESIAN_POINT('',(-1.639756139,-7.491282153,8.2));
#3728=VERTEX_POINT('',#3727);
#3729=CARTESIAN_POINT('',(-15.739756044,-7.491282153,8.2));
#3730=DIRECTION('',(1.,-0.,0.));
#3731=VECTOR('',#3730,14.099999905);
#3732=LINE('',#3729,#3731);
#3733=EDGE_CURVE('',#3726,#3728,#3732,.T.);
#3734=ORIENTED_EDGE('',*,*,#3733,.F.);
#3735=CARTESIAN_POINT('',(-15.739756044,-7.491282153,8.2));
#3736=DIRECTION('',(0.,0.,1.));
#3737=VECTOR('',#3736,0.500000048);
#3738=LINE('',#3735,#3737);
#3739=EDGE_CURVE('',#3726,#1902,#3738,.T.);
#3740=ORIENTED_EDGE('',*,*,#3739,.T.);
#3741=ORIENTED_EDGE('',*,*,#1907,.F.);
#3742=CARTESIAN_POINT('',(-1.639756139,-7.491282153,8.700000048));
#3743=DIRECTION('',(0.,0.,-1.));
#3744=VECTOR('',#3743,0.500000048);
#3745=LINE('',#3742,#3744);
#3746=EDGE_CURVE('',#1894,#3728,#3745,.T.);
#3747=ORIENTED_EDGE('',*,*,#3746,.T.);
#3748=EDGE_LOOP('',(#3734,#3740,#3741,#3747));
#3749=FACE_BOUND('',#3748,.T.);
#3750=ADVANCED_FACE('crnxx-right-top-case',(#3749),#3724,.T.);
#3751=CARTESIAN_POINT('',(-15.739756044,-3.941282439,1.));
#3752=DIRECTION('',(1.,-0.,0.));
#3753=DIRECTION('',(-0.,-0.947340559,0.320227833));
#3754=AXIS2_PLACEMENT_3D('',#3751,#3752,#3753);
#3755=PLANE('',#3754);
#3756=CARTESIAN_POINT('',(-15.739756044,6.608717275,8.2));
#3757=VERTEX_POINT('',#3756);
#3758=CARTESIAN_POINT('',(-15.739756044,6.608717275,8.2));
#3759=DIRECTION('',(-0.,-1.,0.));
#3760=VECTOR('',#3759,14.099999428);
#3761=LINE('',#3758,#3760);
#3762=EDGE_CURVE('',#3757,#3726,#3761,.T.);
#3763=ORIENTED_EDGE('',*,*,#3762,.F.);
#3764=CARTESIAN_POINT('',(-15.739756044,6.608717275,8.2));
#3765=DIRECTION('',(0.,0.,1.));
#3766=VECTOR('',#3765,0.500000048);
#3767=LINE('',#3764,#3766);
#3768=EDGE_CURVE('',#3757,#1884,#3767,.T.);
#3769=ORIENTED_EDGE('',*,*,#3768,.T.);
#3770=ORIENTED_EDGE('',*,*,#1913,.T.);
#3771=ORIENTED_EDGE('',*,*,#3739,.F.);
#3772=EDGE_LOOP('',(#3763,#3769,#3770,#3771));
#3773=FACE_BOUND('',#3772,.T.);
#3774=ADVANCED_FACE('crnxx-right-top-case',(#3773),#3755,.T.);
#3775=CARTESIAN_POINT('',(35.260243956,-14.641282725,0.));
#3776=DIRECTION('',(-0.,-1.,0.));
#3777=DIRECTION('',(1.,-0.,0.));
#3778=AXIS2_PLACEMENT_3D('',#3775,#3776,#3777);
#3779=PLANE('',#3778);
#3780=CARTESIAN_POINT('',(49.36024243,-14.641282725,8.2));
#3781=DIRECTION('',(-1.,0.,0.));
#3782=VECTOR('',#3781,14.099998474);
#3783=LINE('',#3780,#3782);
#3784=EDGE_CURVE('',#2921,#3548,#3783,.T.);
#3785=ORIENTED_EDGE('',*,*,#3784,.F.);
#3786=ORIENTED_EDGE('',*,*,#2939,.F.);
#3787=ORIENTED_EDGE('',*,*,#2425,.T.);
#3788=ORIENTED_EDGE('',*,*,#3561,.T.);
#3789=EDGE_LOOP('',(#3785,#3786,#3787,#3788));
#3790=FACE_BOUND('',#3789,.T.);
#3791=ADVANCED_FACE('crnxx-right-top-case',(#3790),#3779,.T.);
#3792=CARTESIAN_POINT('',(-1.639756139,-7.491282153,2.200000048));
#3793=DIRECTION('',(-1.,0.,-0.));
#3794=DIRECTION('',(0.,0.850009882,-0.526766742));
#3795=AXIS2_PLACEMENT_3D('',#3792,#3793,#3794);
#3796=PLANE('',#3795);
#3797=CARTESIAN_POINT('',(-1.639756139,6.608717275,8.2));
#3798=VERTEX_POINT('',#3797);
#3799=CARTESIAN_POINT('',(-1.639756139,-7.491282153,8.2));
#3800=DIRECTION('',(0.,1.,0.));
#3801=VECTOR('',#3800,14.099999428);
#3802=LINE('',#3799,#3801);
#3803=EDGE_CURVE('',#3728,#3798,#3802,.T.);
#3804=ORIENTED_EDGE('',*,*,#3803,.F.);
#3805=ORIENTED_EDGE('',*,*,#3746,.F.);
#3806=ORIENTED_EDGE('',*,*,#1899,.F.);
#3807=CARTESIAN_POINT('',(-1.639756139,6.608717275,8.2));
#3808=DIRECTION('',(0.,0.,1.));
#3809=VECTOR('',#3808,0.500000048);
#3810=LINE('',#3807,#3809);
#3811=EDGE_CURVE('',#3798,#1886,#3810,.T.);
#3812=ORIENTED_EDGE('',*,*,#3811,.F.);
#3813=EDGE_LOOP('',(#3804,#3805,#3806,#3812));
#3814=FACE_BOUND('',#3813,.T.);
#3815=ADVANCED_FACE('crnxx-right-top-case',(#3814),#3796,.T.);
#3816=CARTESIAN_POINT('',(66.36024243,-28.741283107,2.200000048));
#3817=DIRECTION('',(0.,1.,0.));
#3818=DIRECTION('',(0.,0.,-1.));
#3819=AXIS2_PLACEMENT_3D('',#3816,#3817,#3818);
#3820=PLANE('',#3819);
#3821=CARTESIAN_POINT('',(52.260243956,-28.741283107,8.2));
#3822=DIRECTION('',(1.,-0.,0.));
#3823=VECTOR('',#3822,14.099998474);
#3824=LINE('',#3821,#3823);
#3825=EDGE_CURVE('',#3124,#2826,#3824,.T.);
#3826=ORIENTED_EDGE('',*,*,#3825,.F.);
#3827=ORIENTED_EDGE('',*,*,#3142,.F.);
#3828=ORIENTED_EDGE('',*,*,#2340,.T.);
#3829=ORIENTED_EDGE('',*,*,#2839,.F.);
#3830=EDGE_LOOP('',(#3826,#3827,#3828,#3829));
#3831=FACE_BOUND('',#3830,.T.);
#3832=ADVANCED_FACE('crnxx-right-top-case',(#3831),#3820,.T.);
#3833=CARTESIAN_POINT('',(1.260243956,-1.816282678,1.));
#3834=DIRECTION('',(1.,-0.,0.));
#3835=DIRECTION('',(0.,1.,0.));
#3836=AXIS2_PLACEMENT_3D('',#3833,#3834,#3835);
#3837=PLANE('',#3836);
#3838=CARTESIAN_POINT('',(1.260243956,-5.36628263,8.2));
#3839=VERTEX_POINT('',#3838);
#3840=CARTESIAN_POINT('',(1.260243956,8.733717275,8.2));
#3841=DIRECTION('',(-0.,-1.,0.));
#3842=VECTOR('',#3841,14.099999905);
#3843=LINE('',#3840,#3842);
#3844=EDGE_CURVE('',#2747,#3839,#3843,.T.);
#3845=ORIENTED_EDGE('',*,*,#3844,.F.);
#3846=ORIENTED_EDGE('',*,*,#2760,.F.);
#3847=ORIENTED_EDGE('',*,*,#1993,.F.);
#3848=CARTESIAN_POINT('',(1.260243956,-5.36628263,8.700000048));
#3849=DIRECTION('',(0.,0.,-1.));
#3850=VECTOR('',#3849,0.500000048);
#3851=LINE('',#3848,#3850);
#3852=EDGE_CURVE('',#1986,#3839,#3851,.T.);
#3853=ORIENTED_EDGE('',*,*,#3852,.T.);
#3854=EDGE_LOOP('',(#3845,#3846,#3847,#3853));
#3855=FACE_BOUND('',#3854,.T.);
#3856=ADVANCED_FACE('crnxx-right-top-case',(#3855),#3837,.T.);
#3857=CARTESIAN_POINT('',(49.36024243,-28.741283107,2.200000048));
#3858=DIRECTION('',(0.,1.,0.));
#3859=DIRECTION('',(0.,0.,-1.));
#3860=AXIS2_PLACEMENT_3D('',#3857,#3858,#3859);
#3861=PLANE('',#3860);
#3862=CARTESIAN_POINT('',(35.260243956,-28.741283107,8.2));
#3863=DIRECTION('',(1.,-0.,0.));
#3864=VECTOR('',#3863,14.099998474);
#3865=LINE('',#3862,#3864);
#3866=EDGE_CURVE('',#3550,#2919,#3865,.T.);
#3867=ORIENTED_EDGE('',*,*,#3866,.F.);
#3868=ORIENTED_EDGE('',*,*,#3568,.T.);
#3869=ORIENTED_EDGE('',*,*,#2439,.T.);
#3870=ORIENTED_EDGE('',*,*,#2932,.F.);
#3871=EDGE_LOOP('',(#3867,#3868,#3869,#3870));
#3872=FACE_BOUND('',#3871,.T.);
#3873=ADVANCED_FACE('crnxx-right-top-case',(#3872),#3861,.T.);
#3874=CARTESIAN_POINT('',(32.360244338,40.608717275,0.));
#3875=DIRECTION('',(-1.,0.,0.));
#3876=DIRECTION('',(-0.,-1.,0.));
#3877=AXIS2_PLACEMENT_3D('',#3874,#3875,#3876);
#3878=PLANE('',#3877);
#3879=CARTESIAN_POINT('',(32.360244338,40.608717275,8.2));
#3880=VERTEX_POINT('',#3879);
#3881=CARTESIAN_POINT('',(32.360244338,26.508716893,8.2));
#3882=DIRECTION('',(0.,1.,0.));
#3883=VECTOR('',#3882,14.100000381);
#3884=LINE('',#3881,#3883);
#3885=EDGE_CURVE('',#3358,#3880,#3884,.T.);
#3886=ORIENTED_EDGE('',*,*,#3885,.F.);
#3887=ORIENTED_EDGE('',*,*,#3376,.F.);
#3888=ORIENTED_EDGE('',*,*,#1730,.F.);
#3889=CARTESIAN_POINT('',(32.360244338,40.608717275,8.700000048));
#3890=DIRECTION('',(0.,0.,-1.));
#3891=VECTOR('',#3890,0.500000048);
#3892=LINE('',#3889,#3891);
#3893=EDGE_CURVE('',#1723,#3880,#3892,.T.);
#3894=ORIENTED_EDGE('',*,*,#3893,.T.);
#3895=EDGE_LOOP('',(#3886,#3887,#3888,#3894));
#3896=FACE_BOUND('',#3895,.T.);
#3897=ADVANCED_FACE('crnxx-right-top-case',(#3896),#3878,.T.);
#3898=CARTESIAN_POINT('',(15.360244338,42.733717275,0.));
#3899=DIRECTION('',(-1.,0.,0.));
#3900=DIRECTION('',(-0.,-1.,0.));
#3901=AXIS2_PLACEMENT_3D('',#3898,#3899,#3900);
#3902=PLANE('',#3901);
#3903=CARTESIAN_POINT('',(15.360244338,28.633716893,8.2));
#3904=VERTEX_POINT('',#3903);
#3905=CARTESIAN_POINT('',(15.360244338,42.733717275,8.2));
#3906=VERTEX_POINT('',#3905);
#3907=CARTESIAN_POINT('',(15.360244338,28.633716893,8.2));
#3908=DIRECTION('',(0.,1.,0.));
#3909=VECTOR('',#3908,14.100000381);
#3910=LINE('',#3907,#3909);
#3911=EDGE_CURVE('',#3904,#3906,#3910,.T.);
#3912=ORIENTED_EDGE('',*,*,#3911,.F.);
#3913=CARTESIAN_POINT('',(15.360244338,28.633716893,8.700000048));
#3914=DIRECTION('',(0.,0.,-1.));
#3915=VECTOR('',#3914,0.500000048);
#3916=LINE('',#3913,#3915);
#3917=EDGE_CURVE('',#2054,#3904,#3916,.T.);
#3918=ORIENTED_EDGE('',*,*,#3917,.F.);
#3919=ORIENTED_EDGE('',*,*,#2083,.F.);
#3920=CARTESIAN_POINT('',(15.360244338,42.733717275,8.2));
#3921=DIRECTION('',(0.,0.,1.));
#3922=VECTOR('',#3921,0.500000048);
#3923=LINE('',#3920,#3922);
#3924=EDGE_CURVE('',#3906,#2072,#3923,.T.);
#3925=ORIENTED_EDGE('',*,*,#3924,.F.);
#3926=EDGE_LOOP('',(#3912,#3918,#3919,#3925));
#3927=FACE_BOUND('',#3926,.T.);
#3928=ADVANCED_FACE('crnxx-right-top-case',(#3927),#3902,.T.);
#3929=CARTESIAN_POINT('',(32.360244338,-7.491282153,2.200000048));
#3930=DIRECTION('',(0.,1.,0.));
#3931=DIRECTION('',(0.,0.,-1.));
#3932=AXIS2_PLACEMENT_3D('',#3929,#3930,#3931);
#3933=PLANE('',#3932);
#3934=CARTESIAN_POINT('',(18.260243956,-7.491282153,8.2));
#3935=DIRECTION('',(1.,-0.,0.));
#3936=VECTOR('',#3935,14.100000381);
#3937=LINE('',#3934,#3936);
#3938=EDGE_CURVE('',#2699,#1170,#3937,.T.);
#3939=ORIENTED_EDGE('',*,*,#3938,.F.);
#3940=ORIENTED_EDGE('',*,*,#2712,.T.);
#3941=ORIENTED_EDGE('',*,*,#2474,.T.);
#3942=ORIENTED_EDGE('',*,*,#1185,.F.);
#3943=EDGE_LOOP('',(#3939,#3940,#3941,#3942));
#3944=FACE_BOUND('',#3943,.T.);
#3945=ADVANCED_FACE('crnxx-right-top-case',(#3944),#3933,.T.);
#3946=CARTESIAN_POINT('',(18.260243956,-10.391282725,0.));
#3947=DIRECTION('',(-0.,-1.,0.));
#3948=DIRECTION('',(1.,-0.,0.));
#3949=AXIS2_PLACEMENT_3D('',#3946,#3947,#3948);
#3950=PLANE('',#3949);
#3951=CARTESIAN_POINT('',(32.360244338,-10.391282725,8.2));
#3952=DIRECTION('',(-1.,0.,0.));
#3953=VECTOR('',#3952,14.100000382);
#3954=LINE('',#3951,#3953);
#3955=EDGE_CURVE('',#3186,#3294,#3954,.T.);
#3956=ORIENTED_EDGE('',*,*,#3955,.F.);
#3957=ORIENTED_EDGE('',*,*,#3204,.F.);
#3958=ORIENTED_EDGE('',*,*,#2383,.T.);
#3959=ORIENTED_EDGE('',*,*,#3307,.T.);
#3960=EDGE_LOOP('',(#3956,#3957,#3958,#3959));
#3961=FACE_BOUND('',#3960,.T.);
#3962=ADVANCED_FACE('crnxx-right-top-case',(#3961),#3950,.T.);
#3963=CARTESIAN_POINT('',(18.260243956,26.508716893,0.));
#3964=DIRECTION('',(1.,-0.,0.));
#3965=DIRECTION('',(0.,1.,0.));
#3966=AXIS2_PLACEMENT_3D('',#3963,#3964,#3965);
#3967=PLANE('',#3966);
#3968=CARTESIAN_POINT('',(18.260243956,40.608717275,8.2));
#3969=VERTEX_POINT('',#3968);
#3970=CARTESIAN_POINT('',(18.260243956,40.608717275,8.2));
#3971=DIRECTION('',(-0.,-1.,0.));
#3972=VECTOR('',#3971,14.100000381);
#3973=LINE('',#3970,#3972);
#3974=EDGE_CURVE('',#3969,#3356,#3973,.T.);
#3975=ORIENTED_EDGE('',*,*,#3974,.F.);
#3976=CARTESIAN_POINT('',(18.260243956,40.608717275,8.2));
#3977=DIRECTION('',(0.,0.,1.));
#3978=VECTOR('',#3977,0.500000048);
#3979=LINE('',#3976,#3978);
#3980=EDGE_CURVE('',#3969,#1741,#3979,.T.);
#3981=ORIENTED_EDGE('',*,*,#3980,.T.);
#3982=ORIENTED_EDGE('',*,*,#1746,.F.);
#3983=ORIENTED_EDGE('',*,*,#3369,.F.);
#3984=EDGE_LOOP('',(#3975,#3981,#3982,#3983));
#3985=FACE_BOUND('',#3984,.T.);
#3986=ADVANCED_FACE('crnxx-right-top-case',(#3985),#3967,.T.);
#3987=CARTESIAN_POINT('',(32.360244338,-24.491283107,2.200000048));
#3988=DIRECTION('',(0.,1.,0.));
#3989=DIRECTION('',(0.,0.,-1.));
#3990=AXIS2_PLACEMENT_3D('',#3987,#3988,#3989);
#3991=PLANE('',#3990);
#3992=CARTESIAN_POINT('',(18.260243956,-24.491283107,8.2));
#3993=DIRECTION('',(1.,-0.,0.));
#3994=VECTOR('',#3993,14.100000381);
#3995=LINE('',#3992,#3994);
#3996=EDGE_CURVE('',#3296,#3184,#3995,.T.);
#3997=ORIENTED_EDGE('',*,*,#3996,.F.);
#3998=ORIENTED_EDGE('',*,*,#3314,.T.);
#3999=ORIENTED_EDGE('',*,*,#2399,.T.);
#4000=ORIENTED_EDGE('',*,*,#3197,.F.);
#4001=EDGE_LOOP('',(#3997,#3998,#3999,#4000));
#4002=FACE_BOUND('',#4001,.T.);
#4003=ADVANCED_FACE('crnxx-right-top-case',(#4002),#3991,.T.);
#4004=CARTESIAN_POINT('',(15.360244338,-5.36628263,2.200000048));
#4005=DIRECTION('',(0.,1.,0.));
#4006=DIRECTION('',(0.,0.,-1.));
#4007=AXIS2_PLACEMENT_3D('',#4004,#4005,#4006);
#4008=PLANE('',#4007);
#4009=CARTESIAN_POINT('',(1.260243956,-5.36628263,8.2));
#4010=DIRECTION('',(1.,-0.,0.));
#4011=VECTOR('',#4010,14.100000381);
#4012=LINE('',#4009,#4011);
#4013=EDGE_CURVE('',#3839,#2668,#4012,.T.);
#4014=ORIENTED_EDGE('',*,*,#4013,.F.);
#4015=ORIENTED_EDGE('',*,*,#3852,.F.);
#4016=ORIENTED_EDGE('',*,*,#2015,.T.);
#4017=ORIENTED_EDGE('',*,*,#2681,.F.);
#4018=EDGE_LOOP('',(#4014,#4015,#4016,#4017));
#4019=FACE_BOUND('',#4018,.T.);
#4020=ADVANCED_FACE('crnxx-right-top-case',(#4019),#4008,.T.);
#4021=CARTESIAN_POINT('',(15.360244338,28.633716893,2.200000048));
#4022=DIRECTION('',(0.,1.,0.));
#4023=DIRECTION('',(-0.988045411,0.,-0.154163113));
#4024=AXIS2_PLACEMENT_3D('',#4021,#4022,#4023);
#4025=PLANE('',#4024);
#4026=CARTESIAN_POINT('',(1.260243956,28.633716893,8.2));
#4027=VERTEX_POINT('',#4026);
#4028=CARTESIAN_POINT('',(1.260243956,28.633716893,8.2));
#4029=DIRECTION('',(1.,-0.,0.));
#4030=VECTOR('',#4029,14.100000381);
#4031=LINE('',#4028,#4030);
#4032=EDGE_CURVE('',#4027,#3904,#4031,.T.);
#4033=ORIENTED_EDGE('',*,*,#4032,.F.);
#4034=CARTESIAN_POINT('',(1.260243956,28.633716893,8.2));
#4035=DIRECTION('',(0.,0.,1.));
#4036=VECTOR('',#4035,0.500000048);
#4037=LINE('',#4034,#4036);
#4038=EDGE_CURVE('',#4027,#2056,#4037,.T.);
#4039=ORIENTED_EDGE('',*,*,#4038,.T.);
#4040=ORIENTED_EDGE('',*,*,#2061,.F.);
#4041=ORIENTED_EDGE('',*,*,#3917,.T.);
#4042=EDGE_LOOP('',(#4033,#4039,#4040,#4041));
#4043=FACE_BOUND('',#4042,.T.);
#4044=ADVANCED_FACE('crnxx-right-top-case',(#4043),#4025,.T.);
#4045=CARTESIAN_POINT('',(1.260243956,42.733717275,2.200000048));
#4046=DIRECTION('',(-0.,-1.,0.));
#4047=DIRECTION('',(0.988045411,-0.,-0.154163113));
#4048=AXIS2_PLACEMENT_3D('',#4045,#4046,#4047);
#4049=PLANE('',#4048);
#4050=CARTESIAN_POINT('',(1.260243956,42.733717275,8.2));
#4051=VERTEX_POINT('',#4050);
#4052=CARTESIAN_POINT('',(15.360244338,42.733717275,8.2));
#4053=DIRECTION('',(-1.,0.,0.));
#4054=VECTOR('',#4053,14.100000381);
#4055=LINE('',#4052,#4054);
#4056=EDGE_CURVE('',#3906,#4051,#4055,.T.);
#4057=ORIENTED_EDGE('',*,*,#4056,.F.);
#4058=ORIENTED_EDGE('',*,*,#3924,.T.);
#4059=ORIENTED_EDGE('',*,*,#2077,.F.);
#4060=CARTESIAN_POINT('',(1.260243956,42.733717275,8.700000048));
#4061=DIRECTION('',(0.,0.,-1.));
#4062=VECTOR('',#4061,0.500000048);
#4063=LINE('',#4060,#4062);
#4064=EDGE_CURVE('',#2064,#4051,#4063,.T.);
#4065=ORIENTED_EDGE('',*,*,#4064,.T.);
#4066=EDGE_LOOP('',(#4057,#4058,#4059,#4065));
#4067=FACE_BOUND('',#4066,.T.);
#4068=ADVANCED_FACE('crnxx-right-top-case',(#4067),#4049,.T.);
#4069=CARTESIAN_POINT('',(-37.644556459,-29.119104075,1.));
#4070=DIRECTION('',(-0.920504782,-0.390731297,0.000000305));
#4071=DIRECTION('',(0.370155697,-0.872031481,0.320227817));
#4072=AXIS2_PLACEMENT_3D('',#4069,#4070,#4071);
#4073=PLANE('',#4072);
#4074=CARTESIAN_POINT('',(-36.257458367,-32.386895107,8.2));
#4075=DIRECTION('',(-0.390731297,0.920504782,0.));
#4076=VECTOR('',#4075,14.100001);
#4077=LINE('',#4074,#4076);
#4078=EDGE_CURVE('',#3524,#2950,#4077,.T.);
#4079=ORIENTED_EDGE('',*,*,#4078,.F.);
#4080=ORIENTED_EDGE('',*,*,#3537,.F.);
#4081=ORIENTED_EDGE('',*,*,#2510,.F.);
#4082=ORIENTED_EDGE('',*,*,#2963,.F.);
#4083=EDGE_LOOP('',(#4079,#4080,#4081,#4082));
#4084=FACE_BOUND('',#4083,.T.);
#4085=ADVANCED_FACE('crnxx-right-top-case',(#4084),#4073,.T.);
#4086=CARTESIAN_POINT('',(18.260243956,40.608717275,2.200000048));
#4087=DIRECTION('',(-0.,-1.,0.));
#4088=DIRECTION('',(0.988045411,-0.,-0.154163113));
#4089=AXIS2_PLACEMENT_3D('',#4086,#4087,#4088);
#4090=PLANE('',#4089);
#4091=CARTESIAN_POINT('',(32.360244338,40.608717275,8.2));
#4092=DIRECTION('',(-1.,0.,0.));
#4093=VECTOR('',#4092,14.100000381);
#4094=LINE('',#4091,#4093);
#4095=EDGE_CURVE('',#3880,#3969,#4094,.T.);
#4096=ORIENTED_EDGE('',*,*,#4095,.F.);
#4097=ORIENTED_EDGE('',*,*,#3893,.F.);
#4098=ORIENTED_EDGE('',*,*,#1752,.F.);
#4099=ORIENTED_EDGE('',*,*,#3980,.F.);
#4100=EDGE_LOOP('',(#4096,#4097,#4098,#4099));
#4101=FACE_BOUND('',#4100,.T.);
#4102=ADVANCED_FACE('crnxx-right-top-case',(#4101),#4090,.T.);
#4103=CARTESIAN_POINT('',(49.36024243,5.25871737,2.200000048));
#4104=DIRECTION('',(0.,1.,-0.));
#4105=DIRECTION('',(-0.988045408,0.,-0.154163133));
#4106=AXIS2_PLACEMENT_3D('',#4103,#4104,#4105);
#4107=PLANE('',#4106);
#4108=CARTESIAN_POINT('',(35.260243956,5.25871737,8.2));
#4109=DIRECTION('',(1.,-0.,0.));
#4110=VECTOR('',#4109,14.099998474);
#4111=LINE('',#4108,#4110);
#4112=EDGE_CURVE('',#1092,#3153,#4111,.T.);
#4113=ORIENTED_EDGE('',*,*,#4112,.F.);
#4114=ORIENTED_EDGE('',*,*,#1119,.F.);
#4115=ORIENTED_EDGE('',*,*,#2449,.F.);
#4116=ORIENTED_EDGE('',*,*,#3166,.T.);
#4117=EDGE_LOOP('',(#4113,#4114,#4115,#4116));
#4118=FACE_BOUND('',#4117,.T.);
#4119=ADVANCED_FACE('crnxx-right-top-case',(#4118),#4107,.T.);
#4120=CARTESIAN_POINT('',(35.260243956,2.358717424,2.200000048));
#4121=DIRECTION('',(-0.,-1.,-0.));
#4122=DIRECTION('',(0.988045408,-0.,-0.154163133));
#4123=AXIS2_PLACEMENT_3D('',#4120,#4121,#4122);
#4124=PLANE('',#4123);
#4125=CARTESIAN_POINT('',(49.36024243,2.358717424,8.2));
#4126=DIRECTION('',(-1.,0.,0.));
#4127=VECTOR('',#4126,14.099998474);
#4128=LINE('',#4125,#4127);
#4129=EDGE_CURVE('',#2859,#1130,#4128,.T.);
#4130=ORIENTED_EDGE('',*,*,#4129,.F.);
#4131=ORIENTED_EDGE('',*,*,#2877,.T.);
#4132=ORIENTED_EDGE('',*,*,#2371,.F.);
#4133=ORIENTED_EDGE('',*,*,#1145,.F.);
#4134=EDGE_LOOP('',(#4130,#4131,#4132,#4133));
#4135=FACE_BOUND('',#4134,.T.);
#4136=ADVANCED_FACE('crnxx-right-top-case',(#4135),#4124,.T.);
#4137=CARTESIAN_POINT('',(66.36024243,5.25871737,2.200000048));
#4138=DIRECTION('',(0.,1.,-0.));
#4139=DIRECTION('',(-0.988045408,0.,-0.154163133));
#4140=AXIS2_PLACEMENT_3D('',#4137,#4138,#4139);
#4141=PLANE('',#4140);
#4142=CARTESIAN_POINT('',(52.260243956,5.25871737,8.2));
#4143=DIRECTION('',(1.,-0.,0.));
#4144=VECTOR('',#4143,14.099998474);
#4145=LINE('',#4142,#4144);
#4146=EDGE_CURVE('',#3265,#1050,#4145,.T.);
#4147=ORIENTED_EDGE('',*,*,#4146,.F.);
#4148=ORIENTED_EDGE('',*,*,#3283,.T.);
#4149=ORIENTED_EDGE('',*,*,#1873,.F.);
#4150=ORIENTED_EDGE('',*,*,#1065,.T.);
#4151=EDGE_LOOP('',(#4147,#4148,#4149,#4150));
#4152=FACE_BOUND('',#4151,.T.);
#4153=ADVANCED_FACE('crnxx-right-top-case',(#4152),#4141,.T.);
#4154=CARTESIAN_POINT('',(52.260243956,2.358717424,0.));
#4155=DIRECTION('',(-0.,-1.,0.));
#4156=DIRECTION('',(1.,-0.,0.));
#4157=AXIS2_PLACEMENT_3D('',#4154,#4155,#4156);
#4158=PLANE('',#4157);
#4159=CARTESIAN_POINT('',(66.36024243,2.358717424,8.2));
#4160=DIRECTION('',(-1.,0.,0.));
#4161=VECTOR('',#4160,14.099998474);
#4162=LINE('',#4159,#4161);
#4163=EDGE_CURVE('',#2797,#2888,#4162,.T.);
#4164=ORIENTED_EDGE('',*,*,#4163,.F.);
#4165=ORIENTED_EDGE('',*,*,#2815,.T.);
#4166=ORIENTED_EDGE('',*,*,#2265,.F.);
#4167=ORIENTED_EDGE('',*,*,#2901,.F.);
#4168=EDGE_LOOP('',(#4164,#4165,#4166,#4167));
#4169=FACE_BOUND('',#4168,.T.);
#4170=ADVANCED_FACE('crnxx-right-top-case',(#4169),#4158,.T.);
#4171=CARTESIAN_POINT('',(-1.639756139,40.608717275,0.));
#4172=DIRECTION('',(-1.,0.,0.));
#4173=DIRECTION('',(-0.,-1.,0.));
#4174=AXIS2_PLACEMENT_3D('',#4171,#4172,#4173);
#4175=PLANE('',#4174);
#4176=CARTESIAN_POINT('',(-1.639756139,26.508716893,8.2));
#4177=VERTEX_POINT('',#4176);
#4178=CARTESIAN_POINT('',(-1.639756139,40.608717275,8.2));
#4179=VERTEX_POINT('',#4178);
#4180=CARTESIAN_POINT('',(-1.639756139,26.508716893,8.2));
#4181=DIRECTION('',(0.,1.,0.));
#4182=VECTOR('',#4181,14.100000381);
#4183=LINE('',#4180,#4182);
#4184=EDGE_CURVE('',#4177,#4179,#4183,.T.);
#4185=ORIENTED_EDGE('',*,*,#4184,.F.);
#4186=CARTESIAN_POINT('',(-1.639756139,26.508716893,8.2));
#4187=DIRECTION('',(0.,0.,1.));
#4188=VECTOR('',#4187,0.500000048);
#4189=LINE('',#4186,#4188);
#4190=EDGE_CURVE('',#4177,#1791,#4189,.T.);
#4191=ORIENTED_EDGE('',*,*,#4190,.T.);
#4192=ORIENTED_EDGE('',*,*,#1798,.T.);
#4193=CARTESIAN_POINT('',(-1.639756139,40.608717275,8.2));
#4194=DIRECTION('',(0.,0.,1.));
#4195=VECTOR('',#4194,0.500000048);
#4196=LINE('',#4193,#4195);
#4197=EDGE_CURVE('',#4179,#1793,#4196,.T.);
#4198=ORIENTED_EDGE('',*,*,#4197,.F.);
#4199=EDGE_LOOP('',(#4185,#4191,#4192,#4198));
#4200=FACE_BOUND('',#4199,.T.);
#4201=ADVANCED_FACE('crnxx-right-top-case',(#4200),#4175,.T.);
#4202=CARTESIAN_POINT('',(1.260243956,28.633716893,0.));
#4203=DIRECTION('',(1.,-0.,0.));
#4204=DIRECTION('',(0.,1.,0.));
#4205=AXIS2_PLACEMENT_3D('',#4202,#4203,#4204);
#4206=PLANE('',#4205);
#4207=CARTESIAN_POINT('',(1.260243956,42.733717275,8.2));
#4208=DIRECTION('',(-0.,-1.,0.));
#4209=VECTOR('',#4208,14.100000381);
#4210=LINE('',#4207,#4209);
#4211=EDGE_CURVE('',#4051,#4027,#4210,.T.);
#4212=ORIENTED_EDGE('',*,*,#4211,.F.);
#4213=ORIENTED_EDGE('',*,*,#4064,.F.);
#4214=ORIENTED_EDGE('',*,*,#2069,.T.);
#4215=ORIENTED_EDGE('',*,*,#4038,.F.);
#4216=EDGE_LOOP('',(#4212,#4213,#4214,#4215));
#4217=FACE_BOUND('',#4216,.T.);
#4218=ADVANCED_FACE('crnxx-right-top-case',(#4217),#4206,.T.);
#4219=CARTESIAN_POINT('',(-15.739756044,26.508716893,0.));
#4220=DIRECTION('',(1.,-0.,0.));
#4221=DIRECTION('',(0.,1.,0.));
#4222=AXIS2_PLACEMENT_3D('',#4219,#4220,#4221);
#4223=PLANE('',#4222);
#4224=CARTESIAN_POINT('',(-15.739756044,40.608717275,8.2));
#4225=VERTEX_POINT('',#4224);
#4226=CARTESIAN_POINT('',(-15.739756044,26.508716893,8.2));
#4227=VERTEX_POINT('',#4226);
#4228=CARTESIAN_POINT('',(-15.739756044,40.608717275,8.2));
#4229=DIRECTION('',(-0.,-1.,0.));
#4230=VECTOR('',#4229,14.100000381);
#4231=LINE('',#4228,#4230);
#4232=EDGE_CURVE('',#4225,#4227,#4231,.T.);
#4233=ORIENTED_EDGE('',*,*,#4232,.F.);
#4234=CARTESIAN_POINT('',(-15.739756044,40.608717275,8.700000048));
#4235=DIRECTION('',(0.,0.,-1.));
#4236=VECTOR('',#4235,0.500000048);
#4237=LINE('',#4234,#4236);
#4238=EDGE_CURVE('',#1809,#4225,#4237,.T.);
#4239=ORIENTED_EDGE('',*,*,#4238,.F.);
#4240=ORIENTED_EDGE('',*,*,#1814,.T.);
#4241=CARTESIAN_POINT('',(-15.739756044,26.508716893,8.700000048));
#4242=DIRECTION('',(0.,0.,-1.));
#4243=VECTOR('',#4242,0.500000048);
#4244=LINE('',#4241,#4243);
#4245=EDGE_CURVE('',#1801,#4227,#4244,.T.);
#4246=ORIENTED_EDGE('',*,*,#4245,.T.);
#4247=EDGE_LOOP('',(#4233,#4239,#4240,#4246));
#4248=FACE_BOUND('',#4247,.T.);
#4249=ADVANCED_FACE('crnxx-right-top-case',(#4248),#4223,.T.);
#4250=CARTESIAN_POINT('',(-18.639755662,38.483717275,0.));
#4251=DIRECTION('',(-1.,0.,0.));
#4252=DIRECTION('',(-0.,-1.,0.));
#4253=AXIS2_PLACEMENT_3D('',#4250,#4251,#4252);
#4254=PLANE('',#4253);
#4255=CARTESIAN_POINT('',(-18.639755662,24.383716893,8.2));
#4256=VERTEX_POINT('',#4255);
#4257=CARTESIAN_POINT('',(-18.639755662,38.483717275,8.2));
#4258=VERTEX_POINT('',#4257);
#4259=CARTESIAN_POINT('',(-18.639755662,24.383716893,8.2));
#4260=DIRECTION('',(0.,1.,0.));
#4261=VECTOR('',#4260,14.100000382);
#4262=LINE('',#4259,#4261);
#4263=EDGE_CURVE('',#4256,#4258,#4262,.T.);
#4264=ORIENTED_EDGE('',*,*,#4263,.F.);
#4265=CARTESIAN_POINT('',(-18.639755662,24.383716893,8.700000048));
#4266=DIRECTION('',(0.,0.,-1.));
#4267=VECTOR('',#4266,0.500000048);
#4268=LINE('',#4265,#4267);
#4269=EDGE_CURVE('',#1962,#4256,#4268,.T.);
#4270=ORIENTED_EDGE('',*,*,#4269,.F.);
#4271=ORIENTED_EDGE('',*,*,#1967,.T.);
#4272=CARTESIAN_POINT('',(-18.639755662,38.483717275,8.700000048));
#4273=DIRECTION('',(0.,0.,-1.));
#4274=VECTOR('',#4273,0.500000048);
#4275=LINE('',#4272,#4274);
#4276=EDGE_CURVE('',#1952,#4258,#4275,.T.);
#4277=ORIENTED_EDGE('',*,*,#4276,.T.);
#4278=EDGE_LOOP('',(#4264,#4270,#4271,#4277));
#4279=FACE_BOUND('',#4278,.T.);
#4280=ADVANCED_FACE('crnxx-right-top-case',(#4279),#4254,.T.);
#4281=CARTESIAN_POINT('',(66.36024243,36.358717275,0.));
#4282=DIRECTION('',(-0.,-1.,0.));
#4283=DIRECTION('',(0.,0.,1.));
#4284=AXIS2_PLACEMENT_3D('',#4281,#4282,#4283);
#4285=PLANE('',#4284);
#4286=CARTESIAN_POINT('',(66.36024243,36.358717275,8.2));
#4287=DIRECTION('',(-1.,0.,0.));
#4288=VECTOR('',#4287,14.099998474);
#4289=LINE('',#4286,#4288);
#4290=EDGE_CURVE('',#2584,#3091,#4289,.T.);
#4291=ORIENTED_EDGE('',*,*,#4290,.F.);
#4292=ORIENTED_EDGE('',*,*,#2602,.F.);
#4293=ORIENTED_EDGE('',*,*,#1854,.T.);
#4294=ORIENTED_EDGE('',*,*,#3104,.T.);
#4295=EDGE_LOOP('',(#4291,#4292,#4293,#4294));
#4296=FACE_BOUND('',#4295,.T.);
#4297=ADVANCED_FACE('crnxx-right-top-case',(#4296),#4285,.T.);
#4298=CARTESIAN_POINT('',(-1.639756139,23.608717275,0.));
#4299=DIRECTION('',(-1.,0.,0.));
#4300=DIRECTION('',(-0.,-1.,0.));
#4301=AXIS2_PLACEMENT_3D('',#4298,#4299,#4300);
#4302=PLANE('',#4301);
#4303=CARTESIAN_POINT('',(-1.639756139,9.50871737,8.2));
#4304=VERTEX_POINT('',#4303);
#4305=CARTESIAN_POINT('',(-1.639756139,23.608717275,8.2));
#4306=VERTEX_POINT('',#4305);
#4307=CARTESIAN_POINT('',(-1.639756139,9.50871737,8.2));
#4308=DIRECTION('',(0.,1.,0.));
#4309=VECTOR('',#4308,14.099999905);
#4310=LINE('',#4307,#4309);
#4311=EDGE_CURVE('',#4304,#4306,#4310,.T.);
#4312=ORIENTED_EDGE('',*,*,#4311,.F.);
#4313=CARTESIAN_POINT('',(-1.639756139,9.50871737,8.700000048));
#4314=DIRECTION('',(0.,0.,-1.));
#4315=VECTOR('',#4314,0.500000048);
#4316=LINE('',#4313,#4315);
#4317=EDGE_CURVE('',#1767,#4304,#4316,.T.);
#4318=ORIENTED_EDGE('',*,*,#4317,.F.);
#4319=ORIENTED_EDGE('',*,*,#1772,.F.);
#4320=CARTESIAN_POINT('',(-1.639756139,23.608717275,8.2));
#4321=DIRECTION('',(0.,0.,1.));
#4322=VECTOR('',#4321,0.500000048);
#4323=LINE('',#4320,#4322);
#4324=EDGE_CURVE('',#4306,#1759,#4323,.T.);
#4325=ORIENTED_EDGE('',*,*,#4324,.F.);
#4326=EDGE_LOOP('',(#4312,#4318,#4319,#4325));
#4327=FACE_BOUND('',#4326,.T.);
#4328=ADVANCED_FACE('crnxx-right-top-case',(#4327),#4302,.T.);
#4329=CARTESIAN_POINT('',(1.260243956,11.633717847,0.));
#4330=DIRECTION('',(1.,-0.,0.));
#4331=DIRECTION('',(0.,1.,0.));
#4332=AXIS2_PLACEMENT_3D('',#4329,#4330,#4331);
#4333=PLANE('',#4332);
#4334=CARTESIAN_POINT('',(1.260243956,25.733717275,8.2));
#4335=DIRECTION('',(-0.,-1.,0.));
#4336=VECTOR('',#4335,14.099999428);
#4337=LINE('',#4334,#4336);
#4338=EDGE_CURVE('',#2613,#2723,#4337,.T.);
#4339=ORIENTED_EDGE('',*,*,#4338,.F.);
#4340=ORIENTED_EDGE('',*,*,#2626,.F.);
#4341=ORIENTED_EDGE('',*,*,#1925,.F.);
#4342=ORIENTED_EDGE('',*,*,#2734,.F.);
#4343=EDGE_LOOP('',(#4339,#4340,#4341,#4342));
#4344=FACE_BOUND('',#4343,.T.);
#4345=ADVANCED_FACE('crnxx-right-top-case',(#4344),#4333,.T.);
#4346=CARTESIAN_POINT('',(-15.739756044,9.50871737,0.));
#4347=DIRECTION('',(1.,-0.,0.));
#4348=DIRECTION('',(0.,1.,0.));
#4349=AXIS2_PLACEMENT_3D('',#4346,#4347,#4348);
#4350=PLANE('',#4349);
#4351=CARTESIAN_POINT('',(-15.739756044,23.608717275,8.2));
#4352=VERTEX_POINT('',#4351);
#4353=CARTESIAN_POINT('',(-15.739756044,9.50871737,8.2));
#4354=VERTEX_POINT('',#4353);
#4355=CARTESIAN_POINT('',(-15.739756044,23.608717275,8.2));
#4356=DIRECTION('',(-0.,-1.,0.));
#4357=VECTOR('',#4356,14.099999905);
#4358=LINE('',#4355,#4357);
#4359=EDGE_CURVE('',#4352,#4354,#4358,.T.);
#4360=ORIENTED_EDGE('',*,*,#4359,.F.);
#4361=CARTESIAN_POINT('',(-15.739756044,23.608717275,8.2));
#4362=DIRECTION('',(0.,0.,1.));
#4363=VECTOR('',#4362,0.500000048);
#4364=LINE('',#4361,#4363);
#4365=EDGE_CURVE('',#4352,#1757,#4364,.T.);
#4366=ORIENTED_EDGE('',*,*,#4365,.T.);
#4367=ORIENTED_EDGE('',*,*,#1786,.F.);
#4368=CARTESIAN_POINT('',(-15.739756044,9.50871737,8.2));
#4369=DIRECTION('',(0.,0.,1.));
#4370=VECTOR('',#4369,0.500000048);
#4371=LINE('',#4368,#4370);
#4372=EDGE_CURVE('',#4354,#1775,#4371,.T.);
#4373=ORIENTED_EDGE('',*,*,#4372,.F.);
#4374=EDGE_LOOP('',(#4360,#4366,#4367,#4373));
#4375=FACE_BOUND('',#4374,.T.);
#4376=ADVANCED_FACE('crnxx-right-top-case',(#4375),#4350,.T.);
#4377=CARTESIAN_POINT('',(-18.639755662,21.483717275,0.));
#4378=DIRECTION('',(-1.,0.,0.));
#4379=DIRECTION('',(-0.,-1.,0.));
#4380=AXIS2_PLACEMENT_3D('',#4377,#4378,#4379);
#4381=PLANE('',#4380);
#4382=CARTESIAN_POINT('',(-18.639755662,7.38371737,8.2));
#4383=VERTEX_POINT('',#4382);
#4384=CARTESIAN_POINT('',(-18.639755662,21.483717275,8.2));
#4385=VERTEX_POINT('',#4384);
#4386=CARTESIAN_POINT('',(-18.639755662,7.38371737,8.2));
#4387=DIRECTION('',(0.,1.,0.));
#4388=VECTOR('',#4387,14.099999905);
#4389=LINE('',#4386,#4388);
#4390=EDGE_CURVE('',#4383,#4385,#4389,.T.);
#4391=ORIENTED_EDGE('',*,*,#4390,.F.);
#4392=CARTESIAN_POINT('',(-18.639755662,7.38371737,8.700000048));
#4393=DIRECTION('',(0.,0.,-1.));
#4394=VECTOR('',#4393,0.500000048);
#4395=LINE('',#4392,#4394);
#4396=EDGE_CURVE('',#2090,#4383,#4395,.T.);
#4397=ORIENTED_EDGE('',*,*,#4396,.F.);
#4398=ORIENTED_EDGE('',*,*,#2095,.F.);
#4399=CARTESIAN_POINT('',(-18.639755662,21.483717275,8.700000048));
#4400=DIRECTION('',(0.,0.,-1.));
#4401=VECTOR('',#4400,0.500000048);
#4402=LINE('',#4399,#4401);
#4403=EDGE_CURVE('',#2088,#4385,#4402,.T.);
#4404=ORIENTED_EDGE('',*,*,#4403,.T.);
#4405=EDGE_LOOP('',(#4391,#4397,#4398,#4404));
#4406=FACE_BOUND('',#4405,.T.);
#4407=ADVANCED_FACE('crnxx-right-top-case',(#4406),#4381,.T.);
#4408=CARTESIAN_POINT('',(-49.739756044,8.733717275,0.));
#4409=DIRECTION('',(-0.,-1.,0.));
#4410=DIRECTION('',(1.,-0.,0.));
#4411=AXIS2_PLACEMENT_3D('',#4408,#4409,#4410);
#4412=PLANE('',#4411);
#4413=CARTESIAN_POINT('',(-35.63975757,8.733717275,8.2));
#4414=DIRECTION('',(-1.,0.,0.));
#4415=VECTOR('',#4414,14.099998474);
#4416=LINE('',#4413,#4415);
#4417=EDGE_CURVE('',#3067,#3043,#4416,.T.);
#4418=ORIENTED_EDGE('',*,*,#4417,.F.);
#4419=ORIENTED_EDGE('',*,*,#3080,.T.);
#4420=ORIENTED_EDGE('',*,*,#2253,.T.);
#4421=ORIENTED_EDGE('',*,*,#3054,.F.);
#4422=EDGE_LOOP('',(#4418,#4419,#4420,#4421));
#4423=FACE_BOUND('',#4422,.T.);
#4424=ADVANCED_FACE('crnxx-right-top-case',(#4423),#4412,.T.);
#4425=CARTESIAN_POINT('',(-32.739756044,24.383716893,0.));
#4426=DIRECTION('',(1.,-0.,0.));
#4427=DIRECTION('',(0.,1.,0.));
#4428=AXIS2_PLACEMENT_3D('',#4425,#4426,#4427);
#4429=PLANE('',#4428);
#4430=CARTESIAN_POINT('',(-32.739756044,38.483717275,8.2));
#4431=VERTEX_POINT('',#4430);
#4432=CARTESIAN_POINT('',(-32.739756044,24.383716893,8.2));
#4433=VERTEX_POINT('',#4432);
#4434=CARTESIAN_POINT('',(-32.739756044,38.483717275,8.2));
#4435=DIRECTION('',(-0.,-1.,0.));
#4436=VECTOR('',#4435,14.100000382);
#4437=LINE('',#4434,#4436);
#4438=EDGE_CURVE('',#4431,#4433,#4437,.T.);
#4439=ORIENTED_EDGE('',*,*,#4438,.F.);
#4440=CARTESIAN_POINT('',(-32.739756044,38.483717275,8.700000048));
#4441=DIRECTION('',(0.,0.,-1.));
#4442=VECTOR('',#4441,0.500000048);
#4443=LINE('',#4440,#4442);
#4444=EDGE_CURVE('',#1954,#4431,#4443,.T.);
#4445=ORIENTED_EDGE('',*,*,#4444,.F.);
#4446=ORIENTED_EDGE('',*,*,#1981,.T.);
#4447=CARTESIAN_POINT('',(-32.739756044,24.383716893,8.2));
#4448=DIRECTION('',(0.,0.,1.));
#4449=VECTOR('',#4448,0.500000048);
#4450=LINE('',#4447,#4449);
#4451=EDGE_CURVE('',#4433,#1970,#4450,.T.);
#4452=ORIENTED_EDGE('',*,*,#4451,.F.);
#4453=EDGE_LOOP('',(#4439,#4445,#4446,#4452));
#4454=FACE_BOUND('',#4453,.T.);
#4455=ADVANCED_FACE('crnxx-right-top-case',(#4454),#4429,.T.);
#4456=CARTESIAN_POINT('',(-32.739756044,7.38371737,0.));
#4457=DIRECTION('',(1.,-0.,0.));
#4458=DIRECTION('',(0.,1.,0.));
#4459=AXIS2_PLACEMENT_3D('',#4456,#4457,#4458);
#4460=PLANE('',#4459);
#4461=CARTESIAN_POINT('',(-32.739756044,21.483717275,8.2));
#4462=VERTEX_POINT('',#4461);
#4463=CARTESIAN_POINT('',(-32.739756044,7.38371737,8.2));
#4464=VERTEX_POINT('',#4463);
#4465=CARTESIAN_POINT('',(-32.739756044,21.483717275,8.2));
#4466=DIRECTION('',(-0.,-1.,0.));
#4467=VECTOR('',#4466,14.099999905);
#4468=LINE('',#4465,#4467);
#4469=EDGE_CURVE('',#4462,#4464,#4468,.T.);
#4470=ORIENTED_EDGE('',*,*,#4469,.F.);
#4471=CARTESIAN_POINT('',(-32.739756044,21.483717275,8.2));
#4472=DIRECTION('',(0.,0.,1.));
#4473=VECTOR('',#4472,0.500000048);
#4474=LINE('',#4471,#4473);
#4475=EDGE_CURVE('',#4462,#2106,#4474,.T.);
#4476=ORIENTED_EDGE('',*,*,#4475,.T.);
#4477=ORIENTED_EDGE('',*,*,#2111,.F.);
#4478=CARTESIAN_POINT('',(-32.739756044,7.38371737,8.2));
#4479=DIRECTION('',(0.,0.,1.));
#4480=VECTOR('',#4479,0.500000048);
#4481=LINE('',#4478,#4480);
#4482=EDGE_CURVE('',#4464,#2098,#4481,.T.);
#4483=ORIENTED_EDGE('',*,*,#4482,.F.);
#4484=EDGE_LOOP('',(#4470,#4476,#4477,#4483));
#4485=FACE_BOUND('',#4484,.T.);
#4486=ADVANCED_FACE('crnxx-right-top-case',(#4485),#4460,.T.);
#4487=CARTESIAN_POINT('',(35.260243956,36.358717275,0.));
#4488=DIRECTION('',(-0.,-1.,0.));
#4489=DIRECTION('',(1.,-0.,0.));
#4490=AXIS2_PLACEMENT_3D('',#4487,#4488,#4489);
#4491=PLANE('',#4490);
#4492=CARTESIAN_POINT('',(49.36024243,36.358717275,8.2));
#4493=DIRECTION('',(-1.,0.,0.));
#4494=VECTOR('',#4493,14.099998474);
#4495=LINE('',#4492,#4494);
#4496=EDGE_CURVE('',#2639,#3452,#4495,.T.);
#4497=ORIENTED_EDGE('',*,*,#4496,.F.);
#4498=ORIENTED_EDGE('',*,*,#2657,.F.);
#4499=ORIENTED_EDGE('',*,*,#2035,.T.);
#4500=ORIENTED_EDGE('',*,*,#3465,.F.);
#4501=EDGE_LOOP('',(#4497,#4498,#4499,#4500));
#4502=FACE_BOUND('',#4501,.T.);
#4503=ADVANCED_FACE('crnxx-right-top-case',(#4502),#4491,.T.);
#4504=CARTESIAN_POINT('',(35.260243956,19.358717275,2.200000048));
#4505=DIRECTION('',(-0.,-1.,-0.));
#4506=DIRECTION('',(0.988045408,-0.,-0.154163133));
#4507=AXIS2_PLACEMENT_3D('',#4504,#4505,#4506);
#4508=PLANE('',#4507);
#4509=CARTESIAN_POINT('',(49.36024243,19.358717275,8.2));
#4510=DIRECTION('',(-1.,0.,0.));
#4511=VECTOR('',#4510,14.099998474);
#4512=LINE('',#4509,#4511);
#4513=EDGE_CURVE('',#3155,#1090,#4512,.T.);
#4514=ORIENTED_EDGE('',*,*,#4513,.F.);
#4515=ORIENTED_EDGE('',*,*,#3173,.T.);
#4516=ORIENTED_EDGE('',*,*,#2458,.F.);
#4517=ORIENTED_EDGE('',*,*,#1105,.F.);
#4518=EDGE_LOOP('',(#4514,#4515,#4516,#4517));
#4519=FACE_BOUND('',#4518,.T.);
#4520=ADVANCED_FACE('crnxx-right-top-case',(#4519),#4508,.T.);
#4521=CARTESIAN_POINT('',(49.36024243,22.258716893,2.200000048));
#4522=DIRECTION('',(0.,1.,-0.));
#4523=DIRECTION('',(-0.988045408,0.,-0.154163133));
#4524=AXIS2_PLACEMENT_3D('',#4521,#4522,#4523);
#4525=PLANE('',#4524);
#4526=CARTESIAN_POINT('',(35.260243956,22.258716893,8.2));
#4527=DIRECTION('',(1.,-0.,0.));
#4528=VECTOR('',#4527,14.099998474);
#4529=LINE('',#4526,#4528);
#4530=EDGE_CURVE('',#3454,#2637,#4529,.T.);
#4531=ORIENTED_EDGE('',*,*,#4530,.F.);
#4532=ORIENTED_EDGE('',*,*,#3472,.F.);
#4533=ORIENTED_EDGE('',*,*,#2049,.F.);
#4534=ORIENTED_EDGE('',*,*,#2650,.T.);
#4535=EDGE_LOOP('',(#4531,#4532,#4533,#4534));
#4536=FACE_BOUND('',#4535,.T.);
#4537=ADVANCED_FACE('crnxx-right-top-case',(#4536),#4525,.T.);
#4538=CARTESIAN_POINT('',(-1.639756139,40.608717275,0.));
#4539=DIRECTION('',(-0.,-1.,0.));
#4540=DIRECTION('',(0.,0.,1.));
#4541=AXIS2_PLACEMENT_3D('',#4538,#4539,#4540);
#4542=PLANE('',#4541);
#4543=CARTESIAN_POINT('',(-1.639756139,40.608717275,8.2));
#4544=DIRECTION('',(-1.,0.,0.));
#4545=VECTOR('',#4544,14.099999905);
#4546=LINE('',#4543,#4545);
#4547=EDGE_CURVE('',#4179,#4225,#4546,.T.);
#4548=ORIENTED_EDGE('',*,*,#4547,.F.);
#4549=ORIENTED_EDGE('',*,*,#4197,.T.);
#4550=ORIENTED_EDGE('',*,*,#1820,.T.);
#4551=ORIENTED_EDGE('',*,*,#4238,.T.);
#4552=EDGE_LOOP('',(#4548,#4549,#4550,#4551));
#4553=FACE_BOUND('',#4552,.T.);
#4554=ADVANCED_FACE('crnxx-right-top-case',(#4553),#4542,.T.);
#4555=CARTESIAN_POINT('',(-32.739756044,4.483717513,0.));
#4556=DIRECTION('',(-0.,-1.,0.));
#4557=DIRECTION('',(1.,-0.,0.));
#4558=AXIS2_PLACEMENT_3D('',#4555,#4556,#4557);
#4559=PLANE('',#4558);
#4560=CARTESIAN_POINT('',(-18.639755662,4.483717513,8.2));
#4561=DIRECTION('',(-1.,0.,0.));
#4562=VECTOR('',#4561,14.100000382);
#4563=LINE('',#4560,#4562);
#4564=EDGE_CURVE('',#3668,#3610,#4563,.T.);
#4565=ORIENTED_EDGE('',*,*,#4564,.F.);
#4566=ORIENTED_EDGE('',*,*,#3681,.T.);
#4567=ORIENTED_EDGE('',*,*,#2171,.F.);
#4568=ORIENTED_EDGE('',*,*,#3621,.F.);
#4569=EDGE_LOOP('',(#4565,#4566,#4567,#4568));
#4570=FACE_BOUND('',#4569,.T.);
#4571=ADVANCED_FACE('crnxx-right-top-case',(#4570),#4559,.T.);
#4572=CARTESIAN_POINT('',(-18.639755662,7.38371737,2.200000048));
#4573=DIRECTION('',(0.,1.,0.));
#4574=DIRECTION('',(-0.988045411,0.,-0.154163113));
#4575=AXIS2_PLACEMENT_3D('',#4572,#4573,#4574);
#4576=PLANE('',#4575);
#4577=CARTESIAN_POINT('',(-32.739756044,7.38371737,8.2));
#4578=DIRECTION('',(1.,-0.,0.));
#4579=VECTOR('',#4578,14.100000382);
#4580=LINE('',#4577,#4579);
#4581=EDGE_CURVE('',#4464,#4383,#4580,.T.);
#4582=ORIENTED_EDGE('',*,*,#4581,.F.);
#4583=ORIENTED_EDGE('',*,*,#4482,.T.);
#4584=ORIENTED_EDGE('',*,*,#2103,.F.);
#4585=ORIENTED_EDGE('',*,*,#4396,.T.);
#4586=EDGE_LOOP('',(#4582,#4583,#4584,#4585));
#4587=FACE_BOUND('',#4586,.T.);
#4588=ADVANCED_FACE('crnxx-right-top-case',(#4587),#4576,.T.);
#4589=CARTESIAN_POINT('',(52.260243956,19.358717275,0.));
#4590=DIRECTION('',(-0.,-1.,0.));
#4591=DIRECTION('',(1.,-0.,0.));
#4592=AXIS2_PLACEMENT_3D('',#4589,#4590,#4591);
#4593=PLANE('',#4592);
#4594=CARTESIAN_POINT('',(66.36024243,19.358717275,8.2));
#4595=DIRECTION('',(-1.,0.,0.));
#4596=VECTOR('',#4595,14.099998474);
#4597=LINE('',#4594,#4596);
#4598=EDGE_CURVE('',#1052,#3263,#4597,.T.);
#4599=ORIENTED_EDGE('',*,*,#4598,.F.);
#4600=ORIENTED_EDGE('',*,*,#1079,.T.);
#4601=ORIENTED_EDGE('',*,*,#1864,.F.);
#4602=ORIENTED_EDGE('',*,*,#3276,.F.);
#4603=EDGE_LOOP('',(#4599,#4600,#4601,#4602));
#4604=FACE_BOUND('',#4603,.T.);
#4605=ADVANCED_FACE('crnxx-right-top-case',(#4604),#4593,.T.);
#4606=CARTESIAN_POINT('',(-18.639755662,38.483717275,0.));
#4607=DIRECTION('',(-0.,-1.,0.));
#4608=DIRECTION('',(0.,0.,1.));
#4609=AXIS2_PLACEMENT_3D('',#4606,#4607,#4608);
#4610=PLANE('',#4609);
#4611=CARTESIAN_POINT('',(-18.639755662,38.483717275,8.2));
#4612=DIRECTION('',(-1.,0.,0.));
#4613=VECTOR('',#4612,14.100000382);
#4614=LINE('',#4611,#4613);
#4615=EDGE_CURVE('',#4258,#4431,#4614,.T.);
#4616=ORIENTED_EDGE('',*,*,#4615,.F.);
#4617=ORIENTED_EDGE('',*,*,#4276,.F.);
#4618=ORIENTED_EDGE('',*,*,#1959,.T.);
#4619=ORIENTED_EDGE('',*,*,#4444,.T.);
#4620=EDGE_LOOP('',(#4616,#4617,#4618,#4619));
#4621=FACE_BOUND('',#4620,.T.);
#4622=ADVANCED_FACE('crnxx-right-top-case',(#4621),#4610,.T.);
#4623=CARTESIAN_POINT('',(-18.639755662,24.383716893,2.200000048));
#4624=DIRECTION('',(0.,1.,0.));
#4625=DIRECTION('',(-0.988045411,0.,-0.154163113));
#4626=AXIS2_PLACEMENT_3D('',#4623,#4624,#4625);
#4627=PLANE('',#4626);
#4628=CARTESIAN_POINT('',(-32.739756044,24.383716893,8.2));
#4629=DIRECTION('',(1.,-0.,0.));
#4630=VECTOR('',#4629,14.100000382);
#4631=LINE('',#4628,#4630);
#4632=EDGE_CURVE('',#4433,#4256,#4631,.T.);
#4633=ORIENTED_EDGE('',*,*,#4632,.F.);
#4634=ORIENTED_EDGE('',*,*,#4451,.T.);
#4635=ORIENTED_EDGE('',*,*,#1975,.F.);
#4636=ORIENTED_EDGE('',*,*,#4269,.T.);
#4637=EDGE_LOOP('',(#4633,#4634,#4635,#4636));
#4638=FACE_BOUND('',#4637,.T.);
#4639=ADVANCED_FACE('crnxx-right-top-case',(#4638),#4627,.T.);
#4640=CARTESIAN_POINT('',(-32.739756044,21.483717275,0.));
#4641=DIRECTION('',(-0.,-1.,0.));
#4642=DIRECTION('',(1.,-0.,0.));
#4643=AXIS2_PLACEMENT_3D('',#4640,#4641,#4642);
#4644=PLANE('',#4643);
#4645=CARTESIAN_POINT('',(-18.639755662,21.483717275,8.2));
#4646=DIRECTION('',(-1.,0.,0.));
#4647=VECTOR('',#4646,14.100000381);
#4648=LINE('',#4645,#4647);
#4649=EDGE_CURVE('',#4385,#4462,#4648,.T.);
#4650=ORIENTED_EDGE('',*,*,#4649,.F.);
#4651=ORIENTED_EDGE('',*,*,#4403,.F.);
#4652=ORIENTED_EDGE('',*,*,#2117,.F.);
#4653=ORIENTED_EDGE('',*,*,#4475,.F.);
#4654=EDGE_LOOP('',(#4650,#4651,#4652,#4653));
#4655=FACE_BOUND('',#4654,.T.);
#4656=ADVANCED_FACE('crnxx-right-top-case',(#4655),#4644,.T.);
#4657=CARTESIAN_POINT('',(66.36024243,22.258716893,2.200000048));
#4658=DIRECTION('',(0.,1.,-0.));
#4659=DIRECTION('',(-0.988045408,0.,-0.154163133));
#4660=AXIS2_PLACEMENT_3D('',#4657,#4658,#4659);
#4661=PLANE('',#4660);
#4662=CARTESIAN_POINT('',(52.260243956,22.258716893,8.2));
#4663=DIRECTION('',(1.,-0.,0.));
#4664=VECTOR('',#4663,14.099998474);
#4665=LINE('',#4662,#4664);
#4666=EDGE_CURVE('',#3093,#2582,#4665,.T.);
#4667=ORIENTED_EDGE('',*,*,#4666,.F.);
#4668=ORIENTED_EDGE('',*,*,#3111,.T.);
#4669=ORIENTED_EDGE('',*,*,#1840,.F.);
#4670=ORIENTED_EDGE('',*,*,#2595,.F.);
#4671=EDGE_LOOP('',(#4667,#4668,#4669,#4670));
#4672=FACE_BOUND('',#4671,.T.);
#4673=ADVANCED_FACE('crnxx-right-top-case',(#4672),#4661,.T.);
#4674=CARTESIAN_POINT('',(-15.739756044,6.608717275,0.));
#4675=DIRECTION('',(-0.,-1.,0.));
#4676=DIRECTION('',(1.,-0.,0.));
#4677=AXIS2_PLACEMENT_3D('',#4674,#4675,#4676);
#4678=PLANE('',#4677);
#4679=CARTESIAN_POINT('',(-1.639756139,6.608717275,8.2));
#4680=DIRECTION('',(-1.,0.,0.));
#4681=VECTOR('',#4680,14.099999905);
#4682=LINE('',#4679,#4681);
#4683=EDGE_CURVE('',#3798,#3757,#4682,.T.);
#4684=ORIENTED_EDGE('',*,*,#4683,.F.);
#4685=ORIENTED_EDGE('',*,*,#3811,.T.);
#4686=ORIENTED_EDGE('',*,*,#1891,.F.);
#4687=ORIENTED_EDGE('',*,*,#3768,.F.);
#4688=EDGE_LOOP('',(#4684,#4685,#4686,#4687));
#4689=FACE_BOUND('',#4688,.T.);
#4690=ADVANCED_FACE('crnxx-right-top-case',(#4689),#4678,.T.);
#4691=CARTESIAN_POINT('',(-1.639756139,9.50871737,2.200000048));
#4692=DIRECTION('',(0.,1.,0.));
#4693=DIRECTION('',(-0.98804541,0.,-0.154163118));
#4694=AXIS2_PLACEMENT_3D('',#4691,#4692,#4693);
#4695=PLANE('',#4694);
#4696=CARTESIAN_POINT('',(-15.739756044,9.50871737,8.2));
#4697=DIRECTION('',(1.,-0.,0.));
#4698=VECTOR('',#4697,14.099999905);
#4699=LINE('',#4696,#4698);
#4700=EDGE_CURVE('',#4354,#4304,#4699,.T.);
#4701=ORIENTED_EDGE('',*,*,#4700,.F.);
#4702=ORIENTED_EDGE('',*,*,#4372,.T.);
#4703=ORIENTED_EDGE('',*,*,#1780,.F.);
#4704=ORIENTED_EDGE('',*,*,#4317,.T.);
#4705=EDGE_LOOP('',(#4701,#4702,#4703,#4704));
#4706=FACE_BOUND('',#4705,.T.);
#4707=ADVANCED_FACE('crnxx-right-top-case',(#4706),#4695,.T.);
#4708=CARTESIAN_POINT('',(-1.639756139,26.508716893,2.200000048));
#4709=DIRECTION('',(0.,1.,0.));
#4710=DIRECTION('',(-0.98804541,0.,-0.154163118));
#4711=AXIS2_PLACEMENT_3D('',#4708,#4709,#4710);
#4712=PLANE('',#4711);
#4713=CARTESIAN_POINT('',(-15.739756044,26.508716893,8.2));
#4714=DIRECTION('',(1.,-0.,0.));
#4715=VECTOR('',#4714,14.099999905);
#4716=LINE('',#4713,#4715);
#4717=EDGE_CURVE('',#4227,#4177,#4716,.T.);
#4718=ORIENTED_EDGE('',*,*,#4717,.F.);
#4719=ORIENTED_EDGE('',*,*,#4245,.F.);
#4720=ORIENTED_EDGE('',*,*,#1806,.F.);
#4721=ORIENTED_EDGE('',*,*,#4190,.F.);
#4722=EDGE_LOOP('',(#4718,#4719,#4720,#4721));
#4723=FACE_BOUND('',#4722,.T.);
#4724=ADVANCED_FACE('crnxx-right-top-case',(#4723),#4712,.T.);
#4725=CARTESIAN_POINT('',(-15.739756044,23.608717275,0.));
#4726=DIRECTION('',(-0.,-1.,0.));
#4727=DIRECTION('',(1.,-0.,0.));
#4728=AXIS2_PLACEMENT_3D('',#4725,#4726,#4727);
#4729=PLANE('',#4728);
#4730=CARTESIAN_POINT('',(-1.639756139,23.608717275,8.2));
#4731=DIRECTION('',(-1.,0.,0.));
#4732=VECTOR('',#4731,14.099999905);
#4733=LINE('',#4730,#4732);
#4734=EDGE_CURVE('',#4306,#4352,#4733,.T.);
#4735=ORIENTED_EDGE('',*,*,#4734,.F.);
#4736=ORIENTED_EDGE('',*,*,#4324,.T.);
#4737=ORIENTED_EDGE('',*,*,#1764,.F.);
#4738=ORIENTED_EDGE('',*,*,#4365,.F.);
#4739=EDGE_LOOP('',(#4735,#4736,#4737,#4738));
#4740=FACE_BOUND('',#4739,.T.);
#4741=ADVANCED_FACE('crnxx-right-top-case',(#4740),#4729,.T.);
#4742=CARTESIAN_POINT('',(12.071349478,-3.953806502,8.2));
#4743=DIRECTION('',(0.,0.,1.));
#4744=DIRECTION('',(1.,0.,0.));
#4745=AXIS2_PLACEMENT_3D('',#4742,#4743,#4744);
#4746=PLANE('',#4745);
#4747=CARTESIAN_POINT('',(26.759438235,-27.641282725,8.2));
#4748=VERTEX_POINT('',#4747);
#4749=CARTESIAN_POINT('',(23.959438235,-27.641282725,8.2));
#4750=VERTEX_POINT('',#4749);
#4751=CARTESIAN_POINT('',(26.759438235,-27.641282725,8.2));
#4752=DIRECTION('',(-1.,0.,0.));
#4753=VECTOR('',#4752,2.8);
#4754=LINE('',#4751,#4753);
#4755=EDGE_CURVE('',#4748,#4750,#4754,.T.);
#4756=ORIENTED_EDGE('',*,*,#4755,.T.);
#4757=CARTESIAN_POINT('',(23.459438235,-27.141282725,8.2));
#4758=VERTEX_POINT('',#4757);
#4759=CARTESIAN_POINT('',(23.959438235,-27.141282725,8.2));
#4760=DIRECTION('',(-0.,-0.,-1.));
#4761=DIRECTION('',(1.,0.,-0.));
#4762=AXIS2_PLACEMENT_3D('',#4759,#4760,#4761);
#4763=CIRCLE('',#4762,0.5);
#4764=EDGE_CURVE('',#4750,#4758,#4763,.T.);
#4765=ORIENTED_EDGE('',*,*,#4764,.T.);
#4766=CARTESIAN_POINT('',(23.459438235,-27.141282725,8.2));
#4767=DIRECTION('',(0.,1.,0.));
#4768=VECTOR('',#4767,0.5);
#4769=LINE('',#4766,#4768);
#4770=EDGE_CURVE('',#4758,#235,#4769,.T.);
#4771=ORIENTED_EDGE('',*,*,#4770,.T.);
#4772=ORIENTED_EDGE('',*,*,#240,.F.);
#4773=CARTESIAN_POINT('',(17.110243956,-27.641282725,8.2));
#4774=DIRECTION('',(0.,0.,1.));
#4775=DIRECTION('',(1.,0.,-0.));
#4776=AXIS2_PLACEMENT_3D('',#4773,#4774,#4775);
#4777=CIRCLE('',#4776,1.);
#4778=EDGE_CURVE('',#233,#482,#4777,.T.);
#4779=ORIENTED_EDGE('',*,*,#4778,.T.);
#4780=ORIENTED_EDGE('',*,*,#487,.F.);
#4781=CARTESIAN_POINT('',(15.110243956,-30.126283336,8.2));
#4782=DIRECTION('',(-0.,-0.,-1.));
#4783=DIRECTION('',(1.,0.,-0.));
#4784=AXIS2_PLACEMENT_3D('',#4781,#4782,#4783);
#4785=CIRCLE('',#4784,1.);
#4786=EDGE_CURVE('',#474,#442,#4785,.T.);
#4787=ORIENTED_EDGE('',*,*,#4786,.T.);
#4788=ORIENTED_EDGE('',*,*,#447,.F.);
#4789=CARTESIAN_POINT('',(-6.784175587,-31.626283336,8.2));
#4790=VERTEX_POINT('',#4789);
#4791=CARTESIAN_POINT('',(-6.784175587,-31.626283336,8.2));
#4792=DIRECTION('',(-0.,1.,0.));
#4793=VECTOR('',#4792,0.5);
#4794=LINE('',#4791,#4793);
#4795=EDGE_CURVE('',#4790,#434,#4794,.T.);
#4796=ORIENTED_EDGE('',*,*,#4795,.F.);
#4797=CARTESIAN_POINT('',(-7.284175587,-32.126283336,8.2));
#4798=VERTEX_POINT('',#4797);
#4799=CARTESIAN_POINT('',(-7.284175587,-31.626283336,8.2));
#4800=DIRECTION('',(-0.,-0.,-1.));
#4801=DIRECTION('',(1.,0.,-0.));
#4802=AXIS2_PLACEMENT_3D('',#4799,#4800,#4801);
#4803=CIRCLE('',#4802,0.5);
#4804=EDGE_CURVE('',#4790,#4798,#4803,.T.);
#4805=ORIENTED_EDGE('',*,*,#4804,.T.);
#4806=CARTESIAN_POINT('',(-10.084175587,-32.126283336,8.2));
#4807=VERTEX_POINT('',#4806);
#4808=CARTESIAN_POINT('',(-7.284175587,-32.126283336,8.2));
#4809=DIRECTION('',(-1.,-0.,0.));
#4810=VECTOR('',#4809,2.8);
#4811=LINE('',#4808,#4810);
#4812=EDGE_CURVE('',#4798,#4807,#4811,.T.);
#4813=ORIENTED_EDGE('',*,*,#4812,.T.);
#4814=CARTESIAN_POINT('',(-10.584175587,-31.626283336,8.2));
#4815=VERTEX_POINT('',#4814);
#4816=CARTESIAN_POINT('',(-10.084175587,-31.626283336,8.2));
#4817=DIRECTION('',(-0.,-0.,-1.));
#4818=DIRECTION('',(1.,0.,-0.));
#4819=AXIS2_PLACEMENT_3D('',#4816,#4817,#4818);
#4820=CIRCLE('',#4819,0.5);
#4821=EDGE_CURVE('',#4807,#4815,#4820,.T.);
#4822=ORIENTED_EDGE('',*,*,#4821,.T.);
#4823=CARTESIAN_POINT('',(-10.584175587,-31.626283336,8.2));
#4824=DIRECTION('',(-0.,1.,0.));
#4825=VECTOR('',#4824,0.5);
#4826=LINE('',#4823,#4825);
#4827=EDGE_CURVE('',#4815,#35,#4826,.T.);
#4828=ORIENTED_EDGE('',*,*,#4827,.T.);
#4829=ORIENTED_EDGE('',*,*,#40,.F.);
#4830=ORIENTED_EDGE('',*,*,#406,.F.);
#4831=ORIENTED_EDGE('',*,*,#1038,.F.);
#4832=CARTESIAN_POINT('',(-40.183004721,-38.018390372,8.2));
#4833=VERTEX_POINT('',#4832);
#4834=CARTESIAN_POINT('',(-40.183004721,-38.018390372,8.2));
#4835=DIRECTION('',(-0.390729293,0.920505633,0.));
#4836=VECTOR('',#4835,0.5);
#4837=LINE('',#4834,#4836);
#4838=EDGE_CURVE('',#4833,#1027,#4837,.T.);
#4839=ORIENTED_EDGE('',*,*,#4838,.F.);
#4840=CARTESIAN_POINT('',(-40.143257537,-38.213755019,8.2));
#4841=VERTEX_POINT('',#4840);
#4842=CARTESIAN_POINT('',(-40.643257537,-38.213755019,8.2));
#4843=DIRECTION('',(-0.,-0.,-1.));
#4844=DIRECTION('',(1.,0.,-0.));
#4845=AXIS2_PLACEMENT_3D('',#4842,#4843,#4844);
#4846=CIRCLE('',#4845,0.5);
#4847=EDGE_CURVE('',#4833,#4841,#4846,.T.);
#4848=ORIENTED_EDGE('',*,*,#4847,.T.);
#4849=CARTESIAN_POINT('',(-40.44789289,-38.674007835,8.2));
#4850=VERTEX_POINT('',#4849);
#4851=CARTESIAN_POINT('',(-40.643257537,-38.213755019,8.2));
#4852=DIRECTION('',(-0.,-0.,-1.));
#4853=DIRECTION('',(1.,0.,-0.));
#4854=AXIS2_PLACEMENT_3D('',#4851,#4852,#4853);
#4855=CIRCLE('',#4854,0.5);
#4856=EDGE_CURVE('',#4841,#4850,#4855,.T.);
#4857=ORIENTED_EDGE('',*,*,#4856,.T.);
#4858=CARTESIAN_POINT('',(-43.025308662,-39.768049855,8.2));
#4859=VERTEX_POINT('',#4858);
#4860=CARTESIAN_POINT('',(-40.44789289,-38.674007835,8.2));
#4861=DIRECTION('',(-0.920505633,-0.390729293,0.));
#4862=VECTOR('',#4861,2.8);
#4863=LINE('',#4860,#4862);
#4864=EDGE_CURVE('',#4850,#4859,#4863,.T.);
#4865=ORIENTED_EDGE('',*,*,#4864,.T.);
#4866=CARTESIAN_POINT('',(-43.680926124,-39.503161685,8.2));
#4867=VERTEX_POINT('',#4866);
#4868=CARTESIAN_POINT('',(-43.220673308,-39.307797039,8.2));
#4869=DIRECTION('',(-0.,-0.,-1.));
#4870=DIRECTION('',(1.,0.,-0.));
#4871=AXIS2_PLACEMENT_3D('',#4868,#4869,#4870);
#4872=CIRCLE('',#4871,0.5);
#4873=EDGE_CURVE('',#4859,#4867,#4872,.T.);
#4874=ORIENTED_EDGE('',*,*,#4873,.T.);
#4875=CARTESIAN_POINT('',(-43.680926124,-39.503161685,8.2));
#4876=DIRECTION('',(-0.390729293,0.920505633,0.));
#4877=VECTOR('',#4876,0.5);
#4878=LINE('',#4875,#4877);
#4879=EDGE_CURVE('',#4867,#315,#4878,.T.);
#4880=ORIENTED_EDGE('',*,*,#4879,.T.);
#4881=ORIENTED_EDGE('',*,*,#320,.F.);
#4882=CARTESIAN_POINT('',(-54.517899463,-42.473619262,8.2));
#4883=DIRECTION('',(-0.,-0.,-1.));
#4884=DIRECTION('',(1.,0.,-0.));
#4885=AXIS2_PLACEMENT_3D('',#4882,#4883,#4884);
#4886=CIRCLE('',#4885,1.);
#4887=EDGE_CURVE('',#313,#355,#4886,.T.);
#4888=ORIENTED_EDGE('',*,*,#4887,.T.);
#4889=ORIENTED_EDGE('',*,*,#360,.F.);
#4890=ORIENTED_EDGE('',*,*,#523,.F.);
#4891=CARTESIAN_POINT('',(-63.63975757,39.633718801,8.2));
#4892=DIRECTION('',(-0.,-0.,-1.));
#4893=DIRECTION('',(1.,0.,-0.));
#4894=AXIS2_PLACEMENT_3D('',#4891,#4892,#4893);
#4895=CIRCLE('',#4894,1.);
#4896=EDGE_CURVE('',#512,#593,#4895,.T.);
#4897=ORIENTED_EDGE('',*,*,#4896,.T.);
#4898=ORIENTED_EDGE('',*,*,#598,.F.);
#4899=CARTESIAN_POINT('',(-59.255721915,41.633718801,8.2));
#4900=VERTEX_POINT('',#4899);
#4901=CARTESIAN_POINT('',(-59.255721915,41.633718801,8.2));
#4902=DIRECTION('',(0.,-1.,0.));
#4903=VECTOR('',#4902,1.);
#4904=LINE('',#4901,#4903);
#4905=EDGE_CURVE('',#4900,#585,#4904,.T.);
#4906=ORIENTED_EDGE('',*,*,#4905,.F.);
#4907=CARTESIAN_POINT('',(-58.755721915,42.133718801,8.2));
#4908=VERTEX_POINT('',#4907);
#4909=CARTESIAN_POINT('',(-58.755721915,41.633718801,8.2));
#4910=DIRECTION('',(-0.,-0.,-1.));
#4911=DIRECTION('',(1.,0.,-0.));
#4912=AXIS2_PLACEMENT_3D('',#4909,#4910,#4911);
#4913=CIRCLE('',#4912,0.5);
#4914=EDGE_CURVE('',#4900,#4908,#4913,.T.);
#4915=ORIENTED_EDGE('',*,*,#4914,.T.);
#4916=CARTESIAN_POINT('',(-55.955721915,42.133718801,8.2));
#4917=VERTEX_POINT('',#4916);
#4918=CARTESIAN_POINT('',(-58.755721915,42.133718801,8.2));
#4919=DIRECTION('',(1.,0.,0.));
#4920=VECTOR('',#4919,2.8);
#4921=LINE('',#4918,#4920);
#4922=EDGE_CURVE('',#4908,#4917,#4921,.T.);
#4923=ORIENTED_EDGE('',*,*,#4922,.T.);
#4924=CARTESIAN_POINT('',(-55.455721915,41.633718801,8.2));
#4925=VERTEX_POINT('',#4924);
#4926=CARTESIAN_POINT('',(-55.955721915,41.633718801,8.2));
#4927=DIRECTION('',(-0.,-0.,-1.));
#4928=DIRECTION('',(1.,0.,-0.));
#4929=AXIS2_PLACEMENT_3D('',#4926,#4927,#4928);
#4930=CIRCLE('',#4929,0.5);
#4931=EDGE_CURVE('',#4917,#4925,#4930,.T.);
#4932=ORIENTED_EDGE('',*,*,#4931,.T.);
#4933=CARTESIAN_POINT('',(-55.455721915,41.633718801,8.2));
#4934=DIRECTION('',(0.,-1.,0.));
#4935=VECTOR('',#4934,1.);
#4936=LINE('',#4933,#4935);
#4937=EDGE_CURVE('',#4925,#171,#4936,.T.);
#4938=ORIENTED_EDGE('',*,*,#4937,.T.);
#4939=ORIENTED_EDGE('',*,*,#176,.F.);
#4940=CARTESIAN_POINT('',(-27.366290736,41.633718801,8.2));
#4941=VERTEX_POINT('',#4940);
#4942=CARTESIAN_POINT('',(-27.366290736,41.633718801,8.2));
#4943=DIRECTION('',(0.,-1.,0.));
#4944=VECTOR('',#4943,1.);
#4945=LINE('',#4942,#4944);
#4946=EDGE_CURVE('',#4941,#163,#4945,.T.);
#4947=ORIENTED_EDGE('',*,*,#4946,.F.);
#4948=CARTESIAN_POINT('',(-26.866290736,42.133718801,8.2));
#4949=VERTEX_POINT('',#4948);
#4950=CARTESIAN_POINT('',(-26.866290736,41.633718801,8.2));
#4951=DIRECTION('',(-0.,-0.,-1.));
#4952=DIRECTION('',(1.,0.,-0.));
#4953=AXIS2_PLACEMENT_3D('',#4950,#4951,#4952);
#4954=CIRCLE('',#4953,0.5);
#4955=EDGE_CURVE('',#4941,#4949,#4954,.T.);
#4956=ORIENTED_EDGE('',*,*,#4955,.T.);
#4957=CARTESIAN_POINT('',(-24.066290736,42.133718801,8.2));
#4958=VERTEX_POINT('',#4957);
#4959=CARTESIAN_POINT('',(-26.866290736,42.133718801,8.2));
#4960=DIRECTION('',(1.,0.,0.));
#4961=VECTOR('',#4960,2.8);
#4962=LINE('',#4959,#4961);
#4963=EDGE_CURVE('',#4949,#4958,#4962,.T.);
#4964=ORIENTED_EDGE('',*,*,#4963,.T.);
#4965=CARTESIAN_POINT('',(-23.566290736,41.633718801,8.2));
#4966=VERTEX_POINT('',#4965);
#4967=CARTESIAN_POINT('',(-24.066290736,41.633718801,8.2));
#4968=DIRECTION('',(-0.,-0.,-1.));
#4969=DIRECTION('',(1.,0.,-0.));
#4970=AXIS2_PLACEMENT_3D('',#4967,#4968,#4969);
#4971=CIRCLE('',#4970,0.5);
#4972=EDGE_CURVE('',#4958,#4966,#4971,.T.);
#4973=ORIENTED_EDGE('',*,*,#4972,.T.);
#4974=CARTESIAN_POINT('',(-23.566290736,41.633718801,8.2));
#4975=DIRECTION('',(0.,-1.,0.));
#4976=VECTOR('',#4975,1.);
#4977=LINE('',#4974,#4976);
#4978=EDGE_CURVE('',#4966,#115,#4977,.T.);
#4979=ORIENTED_EDGE('',*,*,#4978,.T.);
#4980=ORIENTED_EDGE('',*,*,#120,.F.);
#4981=ORIENTED_EDGE('',*,*,#674,.F.);
#4982=CARTESIAN_POINT('',(-16.889755662,41.758718801,8.2));
#4983=DIRECTION('',(-0.,-0.,-1.));
#4984=DIRECTION('',(1.,0.,-0.));
#4985=AXIS2_PLACEMENT_3D('',#4982,#4983,#4984);
#4986=CIRCLE('',#4985,1.);
#4987=EDGE_CURVE('',#663,#688,#4986,.T.);
#4988=ORIENTED_EDGE('',*,*,#4987,.T.);
#4989=ORIENTED_EDGE('',*,*,#693,.F.);
#4990=ORIENTED_EDGE('',*,*,#745,.F.);
#4991=CARTESIAN_POINT('',(0.110243861,43.883718801,8.2));
#4992=DIRECTION('',(-0.,-0.,-1.));
#4993=DIRECTION('',(1.,0.,-0.));
#4994=AXIS2_PLACEMENT_3D('',#4991,#4992,#4993);
#4995=CIRCLE('',#4994,1.);
#4996=EDGE_CURVE('',#734,#877,#4995,.T.);
#4997=ORIENTED_EDGE('',*,*,#4996,.T.);
#4998=ORIENTED_EDGE('',*,*,#882,.F.);
#4999=CARTESIAN_POINT('',(6.839244691,45.883718801,8.2));
#5000=VERTEX_POINT('',#4999);
#5001=CARTESIAN_POINT('',(6.839244691,45.883718801,8.2));
#5002=DIRECTION('',(0.,-1.,0.));
#5003=VECTOR('',#5002,1.);
#5004=LINE('',#5001,#5003);
#5005=EDGE_CURVE('',#5000,#869,#5004,.T.);
#5006=ORIENTED_EDGE('',*,*,#5005,.F.);
#5007=CARTESIAN_POINT('',(7.339244691,46.383718801,8.2));
#5008=VERTEX_POINT('',#5007);
#5009=CARTESIAN_POINT('',(7.339244691,45.883718801,8.2));
#5010=DIRECTION('',(-0.,-0.,-1.));
#5011=DIRECTION('',(1.,0.,-0.));
#5012=AXIS2_PLACEMENT_3D('',#5009,#5010,#5011);
#5013=CIRCLE('',#5012,0.5);
#5014=EDGE_CURVE('',#5000,#5008,#5013,.T.);
#5015=ORIENTED_EDGE('',*,*,#5014,.T.);
#5016=CARTESIAN_POINT('',(10.139244691,46.383718801,8.2));
#5017=VERTEX_POINT('',#5016);
#5018=CARTESIAN_POINT('',(7.339244691,46.383718801,8.2));
#5019=DIRECTION('',(1.,-0.,0.));
#5020=VECTOR('',#5019,2.8);
#5021=LINE('',#5018,#5020);
#5022=EDGE_CURVE('',#5008,#5017,#5021,.T.);
#5023=ORIENTED_EDGE('',*,*,#5022,.T.);
#5024=CARTESIAN_POINT('',(10.639244691,45.883718801,8.2));
#5025=VERTEX_POINT('',#5024);
#5026=CARTESIAN_POINT('',(10.139244691,45.883718801,8.2));
#5027=DIRECTION('',(-0.,-0.,-1.));
#5028=DIRECTION('',(1.,0.,-0.));
#5029=AXIS2_PLACEMENT_3D('',#5026,#5027,#5028);
#5030=CIRCLE('',#5029,0.5);
#5031=EDGE_CURVE('',#5017,#5025,#5030,.T.);
#5032=ORIENTED_EDGE('',*,*,#5031,.T.);
#5033=CARTESIAN_POINT('',(10.639244691,45.883718801,8.2));
#5034=DIRECTION('',(0.,-1.,0.));
#5035=VECTOR('',#5034,1.);
#5036=LINE('',#5033,#5035);
#5037=EDGE_CURVE('',#5025,#195,#5036,.T.);
#5038=ORIENTED_EDGE('',*,*,#5037,.T.);
#5039=ORIENTED_EDGE('',*,*,#200,.F.);
#5040=CARTESIAN_POINT('',(16.510243956,43.883718801,8.2));
#5041=DIRECTION('',(-0.,-0.,-1.));
#5042=DIRECTION('',(1.,0.,-0.));
#5043=AXIS2_PLACEMENT_3D('',#5040,#5041,#5042);
#5044=CIRCLE('',#5043,1.);
#5045=EDGE_CURVE('',#193,#828,#5044,.T.);
#5046=ORIENTED_EDGE('',*,*,#5045,.T.);
#5047=ORIENTED_EDGE('',*,*,#833,.F.);
#5048=ORIENTED_EDGE('',*,*,#811,.F.);
#5049=CARTESIAN_POINT('',(33.510243956,41.758718801,8.2));
#5050=DIRECTION('',(-0.,-0.,-1.));
#5051=DIRECTION('',(1.,0.,-0.));
#5052=AXIS2_PLACEMENT_3D('',#5049,#5050,#5051);
#5053=CIRCLE('',#5052,1.);
#5054=EDGE_CURVE('',#798,#757,#5053,.T.);
#5055=ORIENTED_EDGE('',*,*,#5054,.T.);
#5056=ORIENTED_EDGE('',*,*,#762,.F.);
#5057=ORIENTED_EDGE('',*,*,#558,.F.);
#5058=CARTESIAN_POINT('',(49.471327168,39.508718801,8.2));
#5059=VERTEX_POINT('',#5058);
#5060=CARTESIAN_POINT('',(49.471327168,39.508718801,8.2));
#5061=DIRECTION('',(0.,-1.,0.));
#5062=VECTOR('',#5061,1.);
#5063=LINE('',#5060,#5062);
#5064=EDGE_CURVE('',#5059,#545,#5063,.T.);
#5065=ORIENTED_EDGE('',*,*,#5064,.F.);
#5066=CARTESIAN_POINT('',(49.971327168,40.008718801,8.2));
#5067=VERTEX_POINT('',#5066);
#5068=CARTESIAN_POINT('',(49.971327168,39.508718801,8.2));
#5069=DIRECTION('',(-0.,-0.,-1.));
#5070=DIRECTION('',(1.,0.,-0.));
#5071=AXIS2_PLACEMENT_3D('',#5068,#5069,#5070);
#5072=CIRCLE('',#5071,0.5);
#5073=EDGE_CURVE('',#5059,#5067,#5072,.T.);
#5074=ORIENTED_EDGE('',*,*,#5073,.T.);
#5075=CARTESIAN_POINT('',(52.771327168,40.008718801,8.2));
#5076=VERTEX_POINT('',#5075);
#5077=CARTESIAN_POINT('',(49.971327168,40.008718801,8.2));
#5078=DIRECTION('',(1.,0.,-0.));
#5079=VECTOR('',#5078,2.8);
#5080=LINE('',#5077,#5079);
#5081=EDGE_CURVE('',#5067,#5076,#5080,.T.);
#5082=ORIENTED_EDGE('',*,*,#5081,.T.);
#5083=CARTESIAN_POINT('',(53.271327168,39.508718801,8.2));
#5084=VERTEX_POINT('',#5083);
#5085=CARTESIAN_POINT('',(52.771327168,39.508718801,8.2));
#5086=DIRECTION('',(-0.,-0.,-1.));
#5087=DIRECTION('',(1.,0.,-0.));
#5088=AXIS2_PLACEMENT_3D('',#5085,#5086,#5087);
#5089=CIRCLE('',#5088,0.5);
#5090=EDGE_CURVE('',#5076,#5084,#5089,.T.);
#5091=ORIENTED_EDGE('',*,*,#5090,.T.);
#5092=CARTESIAN_POINT('',(53.271327168,39.508718801,8.2));
#5093=DIRECTION('',(0.,-1.,0.));
#5094=VECTOR('',#5093,1.);
#5095=LINE('',#5092,#5094);
#5096=EDGE_CURVE('',#5084,#75,#5095,.T.);
#5097=ORIENTED_EDGE('',*,*,#5096,.T.);
#5098=ORIENTED_EDGE('',*,*,#80,.F.);
#5099=CARTESIAN_POINT('',(67.510243956,37.508718801,8.2));
#5100=DIRECTION('',(-0.,-0.,-1.));
#5101=DIRECTION('',(1.,0.,-0.));
#5102=AXIS2_PLACEMENT_3D('',#5099,#5100,#5101);
#5103=CIRCLE('',#5102,1.);
#5104=EDGE_CURVE('',#73,#633,#5103,.T.);
#5105=ORIENTED_EDGE('',*,*,#5104,.T.);
#5106=ORIENTED_EDGE('',*,*,#638,.F.);
#5107=CARTESIAN_POINT('',(67.510243956,-29.891282725,8.2));
#5108=DIRECTION('',(-0.,-0.,-1.));
#5109=DIRECTION('',(1.,0.,-0.));
#5110=AXIS2_PLACEMENT_3D('',#5107,#5108,#5109);
#5111=CIRCLE('',#5110,1.);
#5112=EDGE_CURVE('',#625,#997,#5111,.T.);
#5113=ORIENTED_EDGE('',*,*,#5112,.T.);
#5114=ORIENTED_EDGE('',*,*,#1002,.F.);
#5115=CARTESIAN_POINT('',(63.846318918,-31.391282725,8.2));
#5116=VERTEX_POINT('',#5115);
#5117=CARTESIAN_POINT('',(63.846318918,-31.391282725,8.2));
#5118=DIRECTION('',(0.,1.,0.));
#5119=VECTOR('',#5118,0.5);
#5120=LINE('',#5117,#5119);
#5121=EDGE_CURVE('',#5116,#989,#5120,.T.);
#5122=ORIENTED_EDGE('',*,*,#5121,.F.);
#5123=CARTESIAN_POINT('',(63.346318918,-31.891282725,8.2));
#5124=VERTEX_POINT('',#5123);
#5125=CARTESIAN_POINT('',(63.346318918,-31.391282725,8.2));
#5126=DIRECTION('',(-0.,-0.,-1.));
#5127=DIRECTION('',(1.,0.,-0.));
#5128=AXIS2_PLACEMENT_3D('',#5125,#5126,#5127);
#5129=CIRCLE('',#5128,0.5);
#5130=EDGE_CURVE('',#5116,#5124,#5129,.T.);
#5131=ORIENTED_EDGE('',*,*,#5130,.T.);
#5132=CARTESIAN_POINT('',(60.546318918,-31.891282725,8.2));
#5133=VERTEX_POINT('',#5132);
#5134=CARTESIAN_POINT('',(63.346318918,-31.891282725,8.2));
#5135=DIRECTION('',(-1.,-0.,0.));
#5136=VECTOR('',#5135,2.8);
#5137=LINE('',#5134,#5136);
#5138=EDGE_CURVE('',#5124,#5133,#5137,.T.);
#5139=ORIENTED_EDGE('',*,*,#5138,.T.);
#5140=CARTESIAN_POINT('',(60.046318918,-31.391282725,8.2));
#5141=VERTEX_POINT('',#5140);
#5142=CARTESIAN_POINT('',(60.546318918,-31.391282725,8.2));
#5143=DIRECTION('',(-0.,-0.,-1.));
#5144=DIRECTION('',(1.,0.,-0.));
#5145=AXIS2_PLACEMENT_3D('',#5142,#5143,#5144);
#5146=CIRCLE('',#5145,0.5);
#5147=EDGE_CURVE('',#5133,#5141,#5146,.T.);
#5148=ORIENTED_EDGE('',*,*,#5147,.T.);
#5149=CARTESIAN_POINT('',(60.046318918,-31.391282725,8.2));
#5150=DIRECTION('',(0.,1.,0.));
#5151=VECTOR('',#5150,0.5);
#5152=LINE('',#5149,#5151);
#5153=EDGE_CURVE('',#5141,#275,#5152,.T.);
#5154=ORIENTED_EDGE('',*,*,#5153,.T.);
#5155=ORIENTED_EDGE('',*,*,#280,.F.);
#5156=CARTESIAN_POINT('',(34.110244338,-29.891282725,8.2));
#5157=DIRECTION('',(-0.,-0.,-1.));
#5158=DIRECTION('',(1.,0.,-0.));
#5159=AXIS2_PLACEMENT_3D('',#5156,#5157,#5158);
#5160=CIRCLE('',#5159,1.);
#5161=EDGE_CURVE('',#273,#957,#5160,.T.);
#5162=ORIENTED_EDGE('',*,*,#5161,.T.);
#5163=ORIENTED_EDGE('',*,*,#962,.F.);
#5164=CARTESIAN_POINT('',(32.110244338,-27.641282725,8.2));
#5165=DIRECTION('',(0.,0.,1.));
#5166=DIRECTION('',(1.,0.,-0.));
#5167=AXIS2_PLACEMENT_3D('',#5164,#5165,#5166);
#5168=CIRCLE('',#5167,1.);
#5169=EDGE_CURVE('',#949,#917,#5168,.T.);
#5170=ORIENTED_EDGE('',*,*,#5169,.T.);
#5171=ORIENTED_EDGE('',*,*,#922,.F.);
#5172=CARTESIAN_POINT('',(27.259438235,-27.141282725,8.2));
#5173=VERTEX_POINT('',#5172);
#5174=CARTESIAN_POINT('',(27.259438235,-27.141282725,8.2));
#5175=DIRECTION('',(0.,1.,0.));
#5176=VECTOR('',#5175,0.5);
#5177=LINE('',#5174,#5176);
#5178=EDGE_CURVE('',#5173,#909,#5177,.T.);
#5179=ORIENTED_EDGE('',*,*,#5178,.F.);
#5180=CARTESIAN_POINT('',(26.759438235,-27.141282725,8.2));
#5181=DIRECTION('',(-0.,-0.,-1.));
#5182=DIRECTION('',(1.,0.,-0.));
#5183=AXIS2_PLACEMENT_3D('',#5180,#5181,#5182);
#5184=CIRCLE('',#5183,0.5);
#5185=EDGE_CURVE('',#5173,#4748,#5184,.T.);
#5186=ORIENTED_EDGE('',*,*,#5185,.T.);
#5187=EDGE_LOOP('',(#4756,#4765,#4771,#4772,#4779,#4780,#4787,#4788,#4796,#4805,#4813,#4822,#4828,#4829,#4830,#4831,#4839,#4848,#4857,#4865,#4874,#4880,#4881,#4888,#4889,#4890,
#4897,#4898,#4906,#4915,#4923,#4932,#4938,#4939,#4947,#4956,#4964,#4973,#4979,#4980,#4981,#4988,#4989,#4990,#4997,#4998,#5006,#5015,#5023,#5032,#5038,
#5039,#5046,#5047,#5048,#5055,#5056,#5057,#5065,#5074,#5082,#5091,#5097,#5098,#5105,#5106,#5113,#5114,#5122,#5131,#5139,#5148,#5154,#5155,#5162,#5163,
#5170,#5171,#5179,#5186));
#5188=FACE_BOUND('',#5187,.T.);
#5189=ORIENTED_EDGE('',*,*,#4700,.T.);
#5190=ORIENTED_EDGE('',*,*,#4311,.T.);
#5191=ORIENTED_EDGE('',*,*,#4734,.T.);
#5192=ORIENTED_EDGE('',*,*,#4359,.T.);
#5193=EDGE_LOOP('',(#5189,#5190,#5191,#5192));
#5194=FACE_BOUND('',#5193,.T.);
#5195=ORIENTED_EDGE('',*,*,#4547,.T.);
#5196=ORIENTED_EDGE('',*,*,#4232,.T.);
#5197=ORIENTED_EDGE('',*,*,#4717,.T.);
#5198=ORIENTED_EDGE('',*,*,#4184,.T.);
#5199=EDGE_LOOP('',(#5195,#5196,#5197,#5198));
#5200=FACE_BOUND('',#5199,.T.);
#5201=ORIENTED_EDGE('',*,*,#3733,.T.);
#5202=ORIENTED_EDGE('',*,*,#3803,.T.);
#5203=ORIENTED_EDGE('',*,*,#4683,.T.);
#5204=ORIENTED_EDGE('',*,*,#3762,.T.);
#5205=EDGE_LOOP('',(#5201,#5202,#5203,#5204));
#5206=FACE_BOUND('',#5205,.T.);
#5207=ORIENTED_EDGE('',*,*,#4290,.T.);
#5208=ORIENTED_EDGE('',*,*,#3098,.T.);
#5209=ORIENTED_EDGE('',*,*,#4666,.T.);
#5210=ORIENTED_EDGE('',*,*,#2589,.T.);
#5211=EDGE_LOOP('',(#5207,#5208,#5209,#5210));
#5212=FACE_BOUND('',#5211,.T.);
#5213=ORIENTED_EDGE('',*,*,#4581,.T.);
#5214=ORIENTED_EDGE('',*,*,#4390,.T.);
#5215=ORIENTED_EDGE('',*,*,#4649,.T.);
#5216=ORIENTED_EDGE('',*,*,#4469,.T.);
#5217=EDGE_LOOP('',(#5213,#5214,#5215,#5216));
#5218=FACE_BOUND('',#5217,.T.);
#5219=ORIENTED_EDGE('',*,*,#4615,.T.);
#5220=ORIENTED_EDGE('',*,*,#4438,.T.);
#5221=ORIENTED_EDGE('',*,*,#4632,.T.);
#5222=ORIENTED_EDGE('',*,*,#4263,.T.);
#5223=EDGE_LOOP('',(#5219,#5220,#5221,#5222));
#5224=FACE_BOUND('',#5223,.T.);
#5225=ORIENTED_EDGE('',*,*,#4146,.T.);
#5226=ORIENTED_EDGE('',*,*,#1057,.T.);
#5227=ORIENTED_EDGE('',*,*,#4598,.T.);
#5228=ORIENTED_EDGE('',*,*,#3270,.T.);
#5229=EDGE_LOOP('',(#5225,#5226,#5227,#5228));
#5230=FACE_BOUND('',#5229,.T.);
#5231=ORIENTED_EDGE('',*,*,#3586,.T.);
#5232=ORIENTED_EDGE('',*,*,#3673,.T.);
#5233=ORIENTED_EDGE('',*,*,#4564,.T.);
#5234=ORIENTED_EDGE('',*,*,#3615,.T.);
#5235=EDGE_LOOP('',(#5231,#5232,#5233,#5234));
#5236=FACE_BOUND('',#5235,.T.);
#5237=ORIENTED_EDGE('',*,*,#4496,.T.);
#5238=ORIENTED_EDGE('',*,*,#3459,.T.);
#5239=ORIENTED_EDGE('',*,*,#4530,.T.);
#5240=ORIENTED_EDGE('',*,*,#2644,.T.);
#5241=EDGE_LOOP('',(#5237,#5238,#5239,#5240));
#5242=FACE_BOUND('',#5241,.T.);
#5243=ORIENTED_EDGE('',*,*,#4112,.T.);
#5244=ORIENTED_EDGE('',*,*,#3160,.T.);
#5245=ORIENTED_EDGE('',*,*,#4513,.T.);
#5246=ORIENTED_EDGE('',*,*,#1097,.T.);
#5247=EDGE_LOOP('',(#5243,#5244,#5245,#5246));
#5248=FACE_BOUND('',#5247,.T.);
#5249=ORIENTED_EDGE('',*,*,#3019,.T.);
#5250=ORIENTED_EDGE('',*,*,#3072,.T.);
#5251=ORIENTED_EDGE('',*,*,#4417,.T.);
#5252=ORIENTED_EDGE('',*,*,#3048,.T.);
#5253=EDGE_LOOP('',(#5249,#5250,#5251,#5252));
#5254=FACE_BOUND('',#5253,.T.);
#5255=ORIENTED_EDGE('',*,*,#2558,.T.);
#5256=ORIENTED_EDGE('',*,*,#2618,.T.);
#5257=ORIENTED_EDGE('',*,*,#4338,.T.);
#5258=ORIENTED_EDGE('',*,*,#2728,.T.);
#5259=EDGE_LOOP('',(#5255,#5256,#5257,#5258));
#5260=FACE_BOUND('',#5259,.T.);
#5261=ORIENTED_EDGE('',*,*,#3911,.T.);
#5262=ORIENTED_EDGE('',*,*,#4056,.T.);
#5263=ORIENTED_EDGE('',*,*,#4211,.T.);
#5264=ORIENTED_EDGE('',*,*,#4032,.T.);
#5265=EDGE_LOOP('',(#5261,#5262,#5263,#5264));
#5266=FACE_BOUND('',#5265,.T.);
#5267=ORIENTED_EDGE('',*,*,#3637,.T.);
#5268=ORIENTED_EDGE('',*,*,#2802,.T.);
#5269=ORIENTED_EDGE('',*,*,#4163,.T.);
#5270=ORIENTED_EDGE('',*,*,#2895,.T.);
#5271=EDGE_LOOP('',(#5267,#5268,#5269,#5270));
#5272=FACE_BOUND('',#5271,.T.);
#5273=ORIENTED_EDGE('',*,*,#3712,.T.);
#5274=ORIENTED_EDGE('',*,*,#2864,.T.);
#5275=ORIENTED_EDGE('',*,*,#4129,.T.);
#5276=ORIENTED_EDGE('',*,*,#1137,.T.);
#5277=EDGE_LOOP('',(#5273,#5274,#5275,#5276));
#5278=FACE_BOUND('',#5277,.T.);
#5279=ORIENTED_EDGE('',*,*,#3363,.T.);
#5280=ORIENTED_EDGE('',*,*,#3885,.T.);
#5281=ORIENTED_EDGE('',*,*,#4095,.T.);
#5282=ORIENTED_EDGE('',*,*,#3974,.T.);
#5283=EDGE_LOOP('',(#5279,#5280,#5281,#5282));
#5284=FACE_BOUND('',#5283,.T.);
#5285=ORIENTED_EDGE('',*,*,#2957,.T.);
#5286=ORIENTED_EDGE('',*,*,#3488,.T.);
#5287=ORIENTED_EDGE('',*,*,#3529,.T.);
#5288=ORIENTED_EDGE('',*,*,#4078,.T.);
#5289=EDGE_LOOP('',(#5285,#5286,#5287,#5288));
#5290=FACE_BOUND('',#5289,.T.);
#5291=ORIENTED_EDGE('',*,*,#2675,.T.);
#5292=ORIENTED_EDGE('',*,*,#2752,.T.);
#5293=ORIENTED_EDGE('',*,*,#3844,.T.);
#5294=ORIENTED_EDGE('',*,*,#4013,.T.);
#5295=EDGE_LOOP('',(#5291,#5292,#5293,#5294));
#5296=FACE_BOUND('',#5295,.T.);
#5297=ORIENTED_EDGE('',*,*,#3955,.T.);
#5298=ORIENTED_EDGE('',*,*,#3301,.T.);
#5299=ORIENTED_EDGE('',*,*,#3996,.T.);
#5300=ORIENTED_EDGE('',*,*,#3191,.T.);
#5301=EDGE_LOOP('',(#5297,#5298,#5299,#5300));
#5302=FACE_BOUND('',#5301,.T.);
#5303=ORIENTED_EDGE('',*,*,#1177,.T.);
#5304=ORIENTED_EDGE('',*,*,#1255,.T.);
#5305=ORIENTED_EDGE('',*,*,#2704,.T.);
#5306=ORIENTED_EDGE('',*,*,#3938,.T.);
#5307=EDGE_LOOP('',(#5303,#5304,#5305,#5306));
#5308=FACE_BOUND('',#5307,.T.);
#5309=ORIENTED_EDGE('',*,*,#3784,.T.);
#5310=ORIENTED_EDGE('',*,*,#3555,.T.);
#5311=ORIENTED_EDGE('',*,*,#3866,.T.);
#5312=ORIENTED_EDGE('',*,*,#2926,.T.);
#5313=EDGE_LOOP('',(#5309,#5310,#5311,#5312));
#5314=FACE_BOUND('',#5313,.T.);
#5315=ORIENTED_EDGE('',*,*,#3654,.T.);
#5316=ORIENTED_EDGE('',*,*,#3129,.T.);
#5317=ORIENTED_EDGE('',*,*,#3825,.T.);
#5318=ORIENTED_EDGE('',*,*,#2833,.T.);
#5319=EDGE_LOOP('',(#5315,#5316,#5317,#5318));
#5320=FACE_BOUND('',#5319,.T.);
#5321=ORIENTED_EDGE('',*,*,#3332,.T.);
#5322=ORIENTED_EDGE('',*,*,#3433,.T.);
#5323=ORIENTED_EDGE('',*,*,#3695,.T.);
#5324=ORIENTED_EDGE('',*,*,#3409,.T.);
#5325=EDGE_LOOP('',(#5321,#5322,#5323,#5324));
#5326=FACE_BOUND('',#5325,.T.);
#5327=ORIENTED_EDGE('',*,*,#2988,.T.);
#5328=ORIENTED_EDGE('',*,*,#3220,.T.);
#5329=ORIENTED_EDGE('',*,*,#3244,.T.);
#5330=ORIENTED_EDGE('',*,*,#3510,.T.);
#5331=EDGE_LOOP('',(#5327,#5328,#5329,#5330));
#5332=FACE_BOUND('',#5331,.T.);
#5333=ORIENTED_EDGE('',*,*,#1217,.T.);
#5334=ORIENTED_EDGE('',*,*,#2776,.T.);
#5335=ORIENTED_EDGE('',*,*,#3390,.T.);
#5336=ORIENTED_EDGE('',*,*,#2532,.T.);
#5337=EDGE_LOOP('',(#5333,#5334,#5335,#5336));
#5338=FACE_BOUND('',#5337,.T.);
#5339=ADVANCED_FACE('',(#5188,#5194,#5200,#5206,#5212,#5218,#5224,#5230,#5236,#5242,#5248,#5254,#5260,#5266,#5272,#5278,#5284,#5290,#5296,#5302,#5308,#5314,#5320,#5326,#5332,#5338),#4746,.F.);
#5340=CARTESIAN_POINT('',(0.110243861,43.883718801,5.5));
#5341=DIRECTION('',(0.,0.,-1.));
#5342=DIRECTION('',(-1.,0.,0.));
#5343=AXIS2_PLACEMENT_3D('',#5340,#5341,#5342);
#5344=CYLINDRICAL_SURFACE('',#5343,1.);
#5345=ORIENTED_EDGE('',*,*,#1499,.F.);
#5346=ORIENTED_EDGE('',*,*,#888,.F.);
#5347=ORIENTED_EDGE('',*,*,#4996,.F.);
#5348=ORIENTED_EDGE('',*,*,#739,.F.);
#5349=EDGE_LOOP('',(#5345,#5346,#5347,#5348));
#5350=FACE_BOUND('',#5349,.T.);
#5351=ADVANCED_FACE('',(#5350),#5344,.T.);
#5352=CARTESIAN_POINT('',(67.510243956,37.508718801,2.200000048));
#5353=DIRECTION('',(0.,0.,-1.));
#5354=DIRECTION('',(-1.,0.,0.));
#5355=AXIS2_PLACEMENT_3D('',#5352,#5353,#5354);
#5356=CYLINDRICAL_SURFACE('',#5355,1.);
#5357=ORIENTED_EDGE('',*,*,#1391,.F.);
#5358=ORIENTED_EDGE('',*,*,#644,.F.);
#5359=ORIENTED_EDGE('',*,*,#5104,.F.);
#5360=ORIENTED_EDGE('',*,*,#102,.F.);
#5361=EDGE_LOOP('',(#5357,#5358,#5359,#5360));
#5362=FACE_BOUND('',#5361,.T.);
#5363=ADVANCED_FACE('',(#5362),#5356,.T.);
#5364=CARTESIAN_POINT('',(16.510243956,43.883718801,2.200000048));
#5365=DIRECTION('',(0.,0.,1.));
#5366=DIRECTION('',(1.,0.,-0.));
#5367=AXIS2_PLACEMENT_3D('',#5364,#5365,#5366);
#5368=CYLINDRICAL_SURFACE('',#5367,1.);
#5369=ORIENTED_EDGE('',*,*,#5045,.F.);
#5370=ORIENTED_EDGE('',*,*,#222,.F.);
#5371=ORIENTED_EDGE('',*,*,#1450,.F.);
#5372=ORIENTED_EDGE('',*,*,#841,.F.);
#5373=EDGE_LOOP('',(#5369,#5370,#5371,#5372));
#5374=FACE_BOUND('',#5373,.T.);
#5375=ADVANCED_FACE('',(#5374),#5368,.T.);
#5376=CARTESIAN_POINT('',(33.510243956,41.758718801,2.200000048));
#5377=DIRECTION('',(0.,0.,1.));
#5378=DIRECTION('',(1.,0.,-0.));
#5379=AXIS2_PLACEMENT_3D('',#5376,#5377,#5378);
#5380=CYLINDRICAL_SURFACE('',#5379,1.);
#5381=ORIENTED_EDGE('',*,*,#5054,.F.);
#5382=ORIENTED_EDGE('',*,*,#803,.F.);
#5383=ORIENTED_EDGE('',*,*,#1441,.F.);
#5384=ORIENTED_EDGE('',*,*,#770,.F.);
#5385=EDGE_LOOP('',(#5381,#5382,#5383,#5384));
#5386=FACE_BOUND('',#5385,.T.);
#5387=ADVANCED_FACE('',(#5386),#5380,.T.);
#5388=CARTESIAN_POINT('',(67.510243956,-29.891282725,5.5));
#5389=DIRECTION('',(0.,0.,1.));
#5390=DIRECTION('',(1.,0.,-0.));
#5391=AXIS2_PLACEMENT_3D('',#5388,#5389,#5390);
#5392=CYLINDRICAL_SURFACE('',#5391,1.);
#5393=ORIENTED_EDGE('',*,*,#5112,.F.);
#5394=ORIENTED_EDGE('',*,*,#630,.F.);
#5395=ORIENTED_EDGE('',*,*,#1383,.F.);
#5396=ORIENTED_EDGE('',*,*,#1008,.F.);
#5397=EDGE_LOOP('',(#5393,#5394,#5395,#5396));
#5398=FACE_BOUND('',#5397,.T.);
#5399=ADVANCED_FACE('',(#5398),#5392,.T.);
#5400=CARTESIAN_POINT('',(34.110244338,-29.891282725,5.5));
#5401=DIRECTION('',(0.,0.,1.));
#5402=DIRECTION('',(1.,0.,-0.));
#5403=AXIS2_PLACEMENT_3D('',#5400,#5401,#5402);
#5404=CYLINDRICAL_SURFACE('',#5403,1.);
#5405=ORIENTED_EDGE('',*,*,#5161,.F.);
#5406=ORIENTED_EDGE('',*,*,#302,.F.);
#5407=ORIENTED_EDGE('',*,*,#1334,.F.);
#5408=ORIENTED_EDGE('',*,*,#968,.F.);
#5409=EDGE_LOOP('',(#5405,#5406,#5407,#5408));
#5410=FACE_BOUND('',#5409,.T.);
#5411=ADVANCED_FACE('',(#5410),#5404,.T.);
#5412=CARTESIAN_POINT('',(32.110244338,-27.641282725,5.5));
#5413=DIRECTION('',(0.,0.,1.));
#5414=DIRECTION('',(1.,0.,-0.));
#5415=AXIS2_PLACEMENT_3D('',#5412,#5413,#5414);
#5416=CYLINDRICAL_SURFACE('',#5415,1.);
#5417=ORIENTED_EDGE('',*,*,#1326,.F.);
#5418=ORIENTED_EDGE('',*,*,#928,.F.);
#5419=ORIENTED_EDGE('',*,*,#5169,.F.);
#5420=ORIENTED_EDGE('',*,*,#954,.F.);
#5421=EDGE_LOOP('',(#5417,#5418,#5419,#5420));
#5422=FACE_BOUND('',#5421,.T.);
#5423=ADVANCED_FACE('',(#5422),#5416,.F.);
#5424=CARTESIAN_POINT('',(17.110243956,-27.641282725,5.5));
#5425=DIRECTION('',(0.,0.,1.));
#5426=DIRECTION('',(1.,0.,-0.));
#5427=AXIS2_PLACEMENT_3D('',#5424,#5425,#5426);
#5428=CYLINDRICAL_SURFACE('',#5427,1.);
#5429=ORIENTED_EDGE('',*,*,#1717,.F.);
#5430=ORIENTED_EDGE('',*,*,#493,.F.);
#5431=ORIENTED_EDGE('',*,*,#4778,.F.);
#5432=ORIENTED_EDGE('',*,*,#262,.F.);
#5433=EDGE_LOOP('',(#5429,#5430,#5431,#5432));
#5434=FACE_BOUND('',#5433,.T.);
#5435=ADVANCED_FACE('',(#5434),#5428,.F.);
#5436=CARTESIAN_POINT('',(15.110243956,-30.126283336,5.5));
#5437=DIRECTION('',(0.,0.,1.));
#5438=DIRECTION('',(1.,0.,-0.));
#5439=AXIS2_PLACEMENT_3D('',#5436,#5437,#5438);
#5440=CYLINDRICAL_SURFACE('',#5439,1.);
#5441=ORIENTED_EDGE('',*,*,#4786,.F.);
#5442=ORIENTED_EDGE('',*,*,#479,.F.);
#5443=ORIENTED_EDGE('',*,*,#1709,.F.);
#5444=ORIENTED_EDGE('',*,*,#453,.F.);
#5445=EDGE_LOOP('',(#5441,#5442,#5443,#5444));
#5446=FACE_BOUND('',#5445,.T.);
#5447=ADVANCED_FACE('',(#5446),#5440,.T.);
#5448=CARTESIAN_POINT('',(-54.517899463,-42.473619262,5.5));
#5449=DIRECTION('',(0.,0.,1.));
#5450=DIRECTION('',(1.,0.,-0.));
#5451=AXIS2_PLACEMENT_3D('',#5448,#5449,#5450);
#5452=CYLINDRICAL_SURFACE('',#5451,1.);
#5453=ORIENTED_EDGE('',*,*,#4887,.F.);
#5454=ORIENTED_EDGE('',*,*,#342,.F.);
#5455=ORIENTED_EDGE('',*,*,#1608,.F.);
#5456=ORIENTED_EDGE('',*,*,#368,.F.);
#5457=EDGE_LOOP('',(#5453,#5454,#5455,#5456));
#5458=FACE_BOUND('',#5457,.T.);
#5459=ADVANCED_FACE('',(#5458),#5452,.T.);
#5460=CARTESIAN_POINT('',(-63.63975757,39.633718801,2.200000048));
#5461=DIRECTION('',(0.,0.,1.));
#5462=DIRECTION('',(1.,0.,-0.));
#5463=AXIS2_PLACEMENT_3D('',#5460,#5461,#5462);
#5464=CYLINDRICAL_SURFACE('',#5463,1.);
#5465=ORIENTED_EDGE('',*,*,#4896,.F.);
#5466=ORIENTED_EDGE('',*,*,#517,.F.);
#5467=ORIENTED_EDGE('',*,*,#1599,.F.);
#5468=ORIENTED_EDGE('',*,*,#604,.F.);
#5469=EDGE_LOOP('',(#5465,#5466,#5467,#5468));
#5470=FACE_BOUND('',#5469,.T.);
#5471=ADVANCED_FACE('',(#5470),#5464,.T.);
#5472=CARTESIAN_POINT('',(-16.889755662,41.758718801,5.5));
#5473=DIRECTION('',(0.,0.,-1.));
#5474=DIRECTION('',(-1.,0.,0.));
#5475=AXIS2_PLACEMENT_3D('',#5472,#5473,#5474);
#5476=CYLINDRICAL_SURFACE('',#5475,1.);
#5477=ORIENTED_EDGE('',*,*,#1508,.F.);
#5478=ORIENTED_EDGE('',*,*,#701,.F.);
#5479=ORIENTED_EDGE('',*,*,#4987,.F.);
#5480=ORIENTED_EDGE('',*,*,#668,.F.);
#5481=EDGE_LOOP('',(#5477,#5478,#5479,#5480));
#5482=FACE_BOUND('',#5481,.T.);
#5483=ADVANCED_FACE('',(#5482),#5476,.T.);
#5484=CARTESIAN_POINT('',(-43.485561478,-39.963414502,7.5));
#5485=DIRECTION('',(-0.920505633,-0.390729293,0.));
#5486=DIRECTION('',(0.390729293,-0.920505633,0.));
#5487=AXIS2_PLACEMENT_3D('',#5484,#5485,#5486);
#5488=PLANE('',#5487);
#5489=ORIENTED_EDGE('',*,*,#4879,.F.);
#5490=CARTESIAN_POINT('',(-43.680926124,-39.503161685,8.2));
#5491=DIRECTION('',(0.,0.,1.));
#5492=VECTOR('',#5491,0.500000048);
#5493=LINE('',#5490,#5492);
#5494=EDGE_CURVE('',#4867,#1612,#5493,.T.);
#5495=ORIENTED_EDGE('',*,*,#5494,.T.);
#5496=ORIENTED_EDGE('',*,*,#1617,.T.);
#5497=ORIENTED_EDGE('',*,*,#328,.F.);
#5498=EDGE_LOOP('',(#5489,#5495,#5496,#5497));
#5499=FACE_BOUND('',#5498,.T.);
#5500=ADVANCED_FACE('',(#5499),#5488,.T.);
#5501=CARTESIAN_POINT('',(-39.987640074,-38.478643188,8.700000048));
#5502=DIRECTION('',(0.920505633,0.390729293,0.));
#5503=DIRECTION('',(-0.390729293,0.920505633,0.));
#5504=AXIS2_PLACEMENT_3D('',#5501,#5502,#5503);
#5505=PLANE('',#5504);
#5506=ORIENTED_EDGE('',*,*,#1658,.F.);
#5507=CARTESIAN_POINT('',(-40.183004721,-38.018390372,8.700000048));
#5508=DIRECTION('',(0.,0.,-1.));
#5509=VECTOR('',#5508,0.500000048);
#5510=LINE('',#5507,#5509);
#5511=EDGE_CURVE('',#1646,#4833,#5510,.T.);
#5512=ORIENTED_EDGE('',*,*,#5511,.T.);
#5513=ORIENTED_EDGE('',*,*,#4838,.T.);
#5514=ORIENTED_EDGE('',*,*,#1032,.F.);
#5515=EDGE_LOOP('',(#5506,#5512,#5513,#5514));
#5516=FACE_BOUND('',#5515,.T.);
#5517=ADVANCED_FACE('',(#5516),#5505,.T.);
#5518=CARTESIAN_POINT('',(-41.736600776,-39.221028845,8.100000024));
#5519=DIRECTION('',(-0.390729293,0.920505633,0.));
#5520=DIRECTION('',(-0.920505633,-0.390729293,0.));
#5521=AXIS2_PLACEMENT_3D('',#5518,#5519,#5520);
#5522=PLANE('',#5521);
#5523=ORIENTED_EDGE('',*,*,#1634,.F.);
#5524=CARTESIAN_POINT('',(-43.025308662,-39.768049855,8.700000048));
#5525=DIRECTION('',(-0.,-0.,-1.));
#5526=VECTOR('',#5525,0.500000048);
#5527=LINE('',#5524,#5526);
#5528=EDGE_CURVE('',#1620,#4859,#5527,.T.);
#5529=ORIENTED_EDGE('',*,*,#5528,.T.);
#5530=ORIENTED_EDGE('',*,*,#4864,.F.);
#5531=CARTESIAN_POINT('',(-40.44789289,-38.674007835,8.2));
#5532=DIRECTION('',(-0.,-0.,1.));
#5533=VECTOR('',#5532,0.500000048);
#5534=LINE('',#5531,#5533);
#5535=EDGE_CURVE('',#4850,#1629,#5534,.T.);
#5536=ORIENTED_EDGE('',*,*,#5535,.T.);
#5537=EDGE_LOOP('',(#5523,#5529,#5530,#5536));
#5538=FACE_BOUND('',#5537,.T.);
#5539=ADVANCED_FACE('',(#5538),#5522,.F.);
#5540=CARTESIAN_POINT('',(60.046318918,-31.891282725,7.5));
#5541=DIRECTION('',(-1.,0.,0.));
#5542=DIRECTION('',(0.,0.,1.));
#5543=AXIS2_PLACEMENT_3D('',#5540,#5541,#5542);
#5544=PLANE('',#5543);
#5545=ORIENTED_EDGE('',*,*,#5153,.F.);
#5546=CARTESIAN_POINT('',(60.046318918,-31.391282725,8.2));
#5547=DIRECTION('',(0.,0.,1.));
#5548=VECTOR('',#5547,0.500000048);
#5549=LINE('',#5546,#5548);
#5550=EDGE_CURVE('',#5141,#1338,#5549,.T.);
#5551=ORIENTED_EDGE('',*,*,#5550,.T.);
#5552=ORIENTED_EDGE('',*,*,#1343,.T.);
#5553=ORIENTED_EDGE('',*,*,#288,.F.);
#5554=EDGE_LOOP('',(#5545,#5551,#5552,#5553));
#5555=FACE_BOUND('',#5554,.T.);
#5556=ADVANCED_FACE('',(#5555),#5544,.T.);
#5557=CARTESIAN_POINT('',(63.846318918,-31.891282725,8.700000048));
#5558=DIRECTION('',(1.,0.,0.));
#5559=DIRECTION('',(0.,0.,-1.));
#5560=AXIS2_PLACEMENT_3D('',#5557,#5558,#5559);
#5561=PLANE('',#5560);
#5562=ORIENTED_EDGE('',*,*,#1375,.F.);
#5563=CARTESIAN_POINT('',(63.846318918,-31.391282725,8.700000048));
#5564=DIRECTION('',(0.,-0.,-1.));
#5565=VECTOR('',#5564,0.500000048);
#5566=LINE('',#5563,#5565);
#5567=EDGE_CURVE('',#1363,#5116,#5566,.T.);
#5568=ORIENTED_EDGE('',*,*,#5567,.T.);
#5569=ORIENTED_EDGE('',*,*,#5121,.T.);
#5570=ORIENTED_EDGE('',*,*,#994,.F.);
#5571=EDGE_LOOP('',(#5562,#5568,#5569,#5570));
#5572=FACE_BOUND('',#5571,.T.);
#5573=ADVANCED_FACE('',(#5572),#5561,.T.);
#5574=CARTESIAN_POINT('',(61.946318918,-31.891282725,8.100000024));
#5575=DIRECTION('',(-0.,1.,-0.));
#5576=DIRECTION('',(0.,0.,1.));
#5577=AXIS2_PLACEMENT_3D('',#5574,#5575,#5576);
#5578=PLANE('',#5577);
#5579=ORIENTED_EDGE('',*,*,#1360,.F.);
#5580=CARTESIAN_POINT('',(60.546318918,-31.891282725,8.700000048));
#5581=DIRECTION('',(-0.,-0.,-1.));
#5582=VECTOR('',#5581,0.500000048);
#5583=LINE('',#5580,#5582);
#5584=EDGE_CURVE('',#1346,#5133,#5583,.T.);
#5585=ORIENTED_EDGE('',*,*,#5584,.T.);
#5586=ORIENTED_EDGE('',*,*,#5138,.F.);
#5587=CARTESIAN_POINT('',(63.346318918,-31.891282725,8.2));
#5588=DIRECTION('',(-0.,0.,1.));
#5589=VECTOR('',#5588,0.500000048);
#5590=LINE('',#5587,#5589);
#5591=EDGE_CURVE('',#5124,#1355,#5590,.T.);
#5592=ORIENTED_EDGE('',*,*,#5591,.T.);
#5593=EDGE_LOOP('',(#5579,#5585,#5586,#5592));
#5594=FACE_BOUND('',#5593,.T.);
#5595=ADVANCED_FACE('',(#5594),#5578,.F.);
#5596=CARTESIAN_POINT('',(23.459438235,-27.641282725,7.5));
#5597=DIRECTION('',(-1.,0.,0.));
#5598=DIRECTION('',(0.,0.,1.));
#5599=AXIS2_PLACEMENT_3D('',#5596,#5597,#5598);
#5600=PLANE('',#5599);
#5601=ORIENTED_EDGE('',*,*,#4770,.F.);
#5602=CARTESIAN_POINT('',(23.459438235,-27.141282725,8.2));
#5603=DIRECTION('',(0.,0.,1.));
#5604=VECTOR('',#5603,0.500000048);
#5605=LINE('',#5602,#5604);
#5606=EDGE_CURVE('',#4758,#1281,#5605,.T.);
#5607=ORIENTED_EDGE('',*,*,#5606,.T.);
#5608=ORIENTED_EDGE('',*,*,#1286,.T.);
#5609=ORIENTED_EDGE('',*,*,#248,.F.);
#5610=EDGE_LOOP('',(#5601,#5607,#5608,#5609));
#5611=FACE_BOUND('',#5610,.T.);
#5612=ADVANCED_FACE('',(#5611),#5600,.T.);
#5613=CARTESIAN_POINT('',(27.259438235,-27.641282725,8.700000048));
#5614=DIRECTION('',(1.,0.,0.));
#5615=DIRECTION('',(0.,0.,-1.));
#5616=AXIS2_PLACEMENT_3D('',#5613,#5614,#5615);
#5617=PLANE('',#5616);
#5618=ORIENTED_EDGE('',*,*,#1318,.F.);
#5619=CARTESIAN_POINT('',(27.259438235,-27.141282725,8.700000048));
#5620=DIRECTION('',(0.,-0.,-1.));
#5621=VECTOR('',#5620,0.500000048);
#5622=LINE('',#5619,#5621);
#5623=EDGE_CURVE('',#1306,#5173,#5622,.T.);
#5624=ORIENTED_EDGE('',*,*,#5623,.T.);
#5625=ORIENTED_EDGE('',*,*,#5178,.T.);
#5626=ORIENTED_EDGE('',*,*,#914,.F.);
#5627=EDGE_LOOP('',(#5618,#5624,#5625,#5626));
#5628=FACE_BOUND('',#5627,.T.);
#5629=ADVANCED_FACE('',(#5628),#5617,.T.);
#5630=CARTESIAN_POINT('',(25.359438235,-27.641282725,8.100000024));
#5631=DIRECTION('',(0.,1.,-0.));
#5632=DIRECTION('',(0.,0.,1.));
#5633=AXIS2_PLACEMENT_3D('',#5630,#5631,#5632);
#5634=PLANE('',#5633);
#5635=ORIENTED_EDGE('',*,*,#1303,.F.);
#5636=CARTESIAN_POINT('',(23.959438235,-27.641282725,8.700000048));
#5637=DIRECTION('',(-0.,-0.,-1.));
#5638=VECTOR('',#5637,0.500000048);
#5639=LINE('',#5636,#5638);
#5640=EDGE_CURVE('',#1289,#4750,#5639,.T.);
#5641=ORIENTED_EDGE('',*,*,#5640,.T.);
#5642=ORIENTED_EDGE('',*,*,#4755,.F.);
#5643=CARTESIAN_POINT('',(26.759438235,-27.641282725,8.2));
#5644=DIRECTION('',(-0.,0.,1.));
#5645=VECTOR('',#5644,0.500000048);
#5646=LINE('',#5643,#5645);
#5647=EDGE_CURVE('',#4748,#1298,#5646,.T.);
#5648=ORIENTED_EDGE('',*,*,#5647,.T.);
#5649=EDGE_LOOP('',(#5635,#5641,#5642,#5648));
#5650=FACE_BOUND('',#5649,.T.);
#5651=ADVANCED_FACE('',(#5650),#5634,.F.);
#5652=CARTESIAN_POINT('',(10.639244691,46.383718801,7.5));
#5653=DIRECTION('',(1.,0.,0.));
#5654=DIRECTION('',(0.,0.,-1.));
#5655=AXIS2_PLACEMENT_3D('',#5652,#5653,#5654);
#5656=PLANE('',#5655);
#5657=ORIENTED_EDGE('',*,*,#5037,.F.);
#5658=CARTESIAN_POINT('',(10.639244691,45.883718801,8.2));
#5659=DIRECTION('',(0.,0.,1.));
#5660=VECTOR('',#5659,0.500000048);
#5661=LINE('',#5658,#5660);
#5662=EDGE_CURVE('',#5025,#1454,#5661,.T.);
#5663=ORIENTED_EDGE('',*,*,#5662,.T.);
#5664=ORIENTED_EDGE('',*,*,#1459,.T.);
#5665=ORIENTED_EDGE('',*,*,#208,.F.);
#5666=EDGE_LOOP('',(#5657,#5663,#5664,#5665));
#5667=FACE_BOUND('',#5666,.T.);
#5668=ADVANCED_FACE('',(#5667),#5656,.T.);
#5669=CARTESIAN_POINT('',(6.839244691,46.383718801,8.700000048));
#5670=DIRECTION('',(-1.,0.,0.));
#5671=DIRECTION('',(0.,0.,1.));
#5672=AXIS2_PLACEMENT_3D('',#5669,#5670,#5671);
#5673=PLANE('',#5672);
#5674=ORIENTED_EDGE('',*,*,#1491,.F.);
#5675=CARTESIAN_POINT('',(6.839244691,45.883718801,8.700000048));
#5676=DIRECTION('',(0.,0.,-1.));
#5677=VECTOR('',#5676,0.500000048);
#5678=LINE('',#5675,#5677);
#5679=EDGE_CURVE('',#1479,#5000,#5678,.T.);
#5680=ORIENTED_EDGE('',*,*,#5679,.T.);
#5681=ORIENTED_EDGE('',*,*,#5005,.T.);
#5682=ORIENTED_EDGE('',*,*,#874,.F.);
#5683=EDGE_LOOP('',(#5674,#5680,#5681,#5682));
#5684=FACE_BOUND('',#5683,.T.);
#5685=ADVANCED_FACE('',(#5684),#5673,.T.);
#5686=CARTESIAN_POINT('',(8.739244691,46.383718801,8.100000024));
#5687=DIRECTION('',(-0.,-1.,0.));
#5688=DIRECTION('',(1.,-0.,0.));
#5689=AXIS2_PLACEMENT_3D('',#5686,#5687,#5688);
#5690=PLANE('',#5689);
#5691=ORIENTED_EDGE('',*,*,#5022,.F.);
#5692=CARTESIAN_POINT('',(7.339244691,46.383718801,8.2));
#5693=DIRECTION('',(-0.,-0.,1.));
#5694=VECTOR('',#5693,0.500000048);
#5695=LINE('',#5692,#5694);
#5696=EDGE_CURVE('',#5008,#1471,#5695,.T.);
#5697=ORIENTED_EDGE('',*,*,#5696,.T.);
#5698=ORIENTED_EDGE('',*,*,#1476,.F.);
#5699=CARTESIAN_POINT('',(10.139244691,46.383718801,8.700000048));
#5700=DIRECTION('',(-0.,-0.,-1.));
#5701=VECTOR('',#5700,0.500000048);
#5702=LINE('',#5699,#5701);
#5703=EDGE_CURVE('',#1462,#5017,#5702,.T.);
#5704=ORIENTED_EDGE('',*,*,#5703,.T.);
#5705=EDGE_LOOP('',(#5691,#5697,#5698,#5704));
#5706=FACE_BOUND('',#5705,.T.);
#5707=ADVANCED_FACE('',(#5706),#5690,.F.);
#5708=CARTESIAN_POINT('',(-55.455721915,42.133718801,7.5));
#5709=DIRECTION('',(1.,0.,0.));
#5710=DIRECTION('',(0.,0.,-1.));
#5711=AXIS2_PLACEMENT_3D('',#5708,#5709,#5710);
#5712=PLANE('',#5711);
#5713=ORIENTED_EDGE('',*,*,#4937,.F.);
#5714=CARTESIAN_POINT('',(-55.455721915,41.633718801,8.2));
#5715=DIRECTION('',(0.,0.,1.));
#5716=VECTOR('',#5715,0.500000048);
#5717=LINE('',#5714,#5716);
#5718=EDGE_CURVE('',#4925,#1554,#5717,.T.);
#5719=ORIENTED_EDGE('',*,*,#5718,.T.);
#5720=ORIENTED_EDGE('',*,*,#1559,.T.);
#5721=ORIENTED_EDGE('',*,*,#182,.F.);
#5722=EDGE_LOOP('',(#5713,#5719,#5720,#5721));
#5723=FACE_BOUND('',#5722,.T.);
#5724=ADVANCED_FACE('',(#5723),#5712,.T.);
#5725=CARTESIAN_POINT('',(-59.255721915,42.133718801,8.700000048));
#5726=DIRECTION('',(-1.,0.,0.));
#5727=DIRECTION('',(0.,0.,1.));
#5728=AXIS2_PLACEMENT_3D('',#5725,#5726,#5727);
#5729=PLANE('',#5728);
#5730=ORIENTED_EDGE('',*,*,#1591,.F.);
#5731=CARTESIAN_POINT('',(-59.255721915,41.633718801,8.700000048));
#5732=DIRECTION('',(0.,0.,-1.));
#5733=VECTOR('',#5732,0.500000048);
#5734=LINE('',#5731,#5733);
#5735=EDGE_CURVE('',#1579,#4900,#5734,.T.);
#5736=ORIENTED_EDGE('',*,*,#5735,.T.);
#5737=ORIENTED_EDGE('',*,*,#4905,.T.);
#5738=ORIENTED_EDGE('',*,*,#590,.F.);
#5739=EDGE_LOOP('',(#5730,#5736,#5737,#5738));
#5740=FACE_BOUND('',#5739,.T.);
#5741=ADVANCED_FACE('',(#5740),#5729,.T.);
#5742=CARTESIAN_POINT('',(-57.355721915,42.133718801,8.100000024));
#5743=DIRECTION('',(0.,-1.,0.));
#5744=DIRECTION('',(1.,0.,0.));
#5745=AXIS2_PLACEMENT_3D('',#5742,#5743,#5744);
#5746=PLANE('',#5745);
#5747=ORIENTED_EDGE('',*,*,#4922,.F.);
#5748=CARTESIAN_POINT('',(-58.755721915,42.133718801,8.2));
#5749=DIRECTION('',(-0.,-0.,1.));
#5750=VECTOR('',#5749,0.500000048);
#5751=LINE('',#5748,#5750);
#5752=EDGE_CURVE('',#4908,#1571,#5751,.T.);
#5753=ORIENTED_EDGE('',*,*,#5752,.T.);
#5754=ORIENTED_EDGE('',*,*,#1576,.F.);
#5755=CARTESIAN_POINT('',(-55.955721915,42.133718801,8.700000048));
#5756=DIRECTION('',(-0.,-0.,-1.));
#5757=VECTOR('',#5756,0.500000048);
#5758=LINE('',#5755,#5757);
#5759=EDGE_CURVE('',#1562,#4917,#5758,.T.);
#5760=ORIENTED_EDGE('',*,*,#5759,.T.);
#5761=EDGE_LOOP('',(#5747,#5753,#5754,#5760));
#5762=FACE_BOUND('',#5761,.T.);
#5763=ADVANCED_FACE('',(#5762),#5746,.F.);
#5764=CARTESIAN_POINT('',(-23.566290736,42.133718801,7.5));
#5765=DIRECTION('',(1.,0.,0.));
#5766=DIRECTION('',(0.,0.,-1.));
#5767=AXIS2_PLACEMENT_3D('',#5764,#5765,#5766);
#5768=PLANE('',#5767);
#5769=ORIENTED_EDGE('',*,*,#4978,.F.);
#5770=CARTESIAN_POINT('',(-23.566290736,41.633718801,8.2));
#5771=DIRECTION('',(0.,0.,1.));
#5772=VECTOR('',#5771,0.500000048);
#5773=LINE('',#5770,#5772);
#5774=EDGE_CURVE('',#4966,#1513,#5773,.T.);
#5775=ORIENTED_EDGE('',*,*,#5774,.T.);
#5776=ORIENTED_EDGE('',*,*,#1518,.T.);
#5777=ORIENTED_EDGE('',*,*,#128,.F.);
#5778=EDGE_LOOP('',(#5769,#5775,#5776,#5777));
#5779=FACE_BOUND('',#5778,.T.);
#5780=ADVANCED_FACE('',(#5779),#5768,.T.);
#5781=CARTESIAN_POINT('',(-27.366290736,42.133718801,8.700000048));
#5782=DIRECTION('',(-1.,0.,0.));
#5783=DIRECTION('',(0.,0.,1.));
#5784=AXIS2_PLACEMENT_3D('',#5781,#5782,#5783);
#5785=PLANE('',#5784);
#5786=ORIENTED_EDGE('',*,*,#1550,.F.);
#5787=CARTESIAN_POINT('',(-27.366290736,41.633718801,8.700000048));
#5788=DIRECTION('',(0.,0.,-1.));
#5789=VECTOR('',#5788,0.500000048);
#5790=LINE('',#5787,#5789);
#5791=EDGE_CURVE('',#1538,#4941,#5790,.T.);
#5792=ORIENTED_EDGE('',*,*,#5791,.T.);
#5793=ORIENTED_EDGE('',*,*,#4946,.T.);
#5794=ORIENTED_EDGE('',*,*,#168,.F.);
#5795=EDGE_LOOP('',(#5786,#5792,#5793,#5794));
#5796=FACE_BOUND('',#5795,.T.);
#5797=ADVANCED_FACE('',(#5796),#5785,.T.);
#5798=CARTESIAN_POINT('',(-57.355721915,42.133718801,8.100000024));
#5799=DIRECTION('',(0.,-1.,0.));
#5800=DIRECTION('',(1.,0.,0.));
#5801=AXIS2_PLACEMENT_3D('',#5798,#5799,#5800);
#5802=PLANE('',#5801);
#5803=ORIENTED_EDGE('',*,*,#1535,.F.);
#5804=CARTESIAN_POINT('',(-24.066290736,42.133718801,8.700000048));
#5805=DIRECTION('',(-0.,-0.,-1.));
#5806=VECTOR('',#5805,0.500000048);
#5807=LINE('',#5804,#5806);
#5808=EDGE_CURVE('',#1521,#4958,#5807,.T.);
#5809=ORIENTED_EDGE('',*,*,#5808,.T.);
#5810=ORIENTED_EDGE('',*,*,#4963,.F.);
#5811=CARTESIAN_POINT('',(-26.866290736,42.133718801,8.2));
#5812=DIRECTION('',(-0.,-0.,1.));
#5813=VECTOR('',#5812,0.500000048);
#5814=LINE('',#5811,#5813);
#5815=EDGE_CURVE('',#4949,#1530,#5814,.T.);
#5816=ORIENTED_EDGE('',*,*,#5815,.T.);
#5817=EDGE_LOOP('',(#5803,#5809,#5810,#5816));
#5818=FACE_BOUND('',#5817,.T.);
#5819=ADVANCED_FACE('',(#5818),#5802,.F.);
#5820=CARTESIAN_POINT('',(53.271327168,40.008718801,7.5));
#5821=DIRECTION('',(1.,0.,0.));
#5822=DIRECTION('',(0.,0.,-1.));
#5823=AXIS2_PLACEMENT_3D('',#5820,#5821,#5822);
#5824=PLANE('',#5823);
#5825=ORIENTED_EDGE('',*,*,#5096,.F.);
#5826=CARTESIAN_POINT('',(53.271327168,39.508718801,8.2));
#5827=DIRECTION('',(0.,0.,1.));
#5828=VECTOR('',#5827,0.500000048);
#5829=LINE('',#5826,#5828);
#5830=EDGE_CURVE('',#5084,#1395,#5829,.T.);
#5831=ORIENTED_EDGE('',*,*,#5830,.T.);
#5832=ORIENTED_EDGE('',*,*,#1400,.T.);
#5833=ORIENTED_EDGE('',*,*,#88,.F.);
#5834=EDGE_LOOP('',(#5825,#5831,#5832,#5833));
#5835=FACE_BOUND('',#5834,.T.);
#5836=ADVANCED_FACE('',(#5835),#5824,.T.);
#5837=CARTESIAN_POINT('',(49.471327168,40.008718801,8.700000048));
#5838=DIRECTION('',(-1.,0.,0.));
#5839=DIRECTION('',(0.,0.,1.));
#5840=AXIS2_PLACEMENT_3D('',#5837,#5838,#5839);
#5841=PLANE('',#5840);
#5842=ORIENTED_EDGE('',*,*,#1432,.F.);
#5843=CARTESIAN_POINT('',(49.471327168,39.508718801,8.700000048));
#5844=DIRECTION('',(0.,0.,-1.));
#5845=VECTOR('',#5844,0.500000048);
#5846=LINE('',#5843,#5845);
#5847=EDGE_CURVE('',#1420,#5059,#5846,.T.);
#5848=ORIENTED_EDGE('',*,*,#5847,.T.);
#5849=ORIENTED_EDGE('',*,*,#5064,.T.);
#5850=ORIENTED_EDGE('',*,*,#550,.F.);
#5851=EDGE_LOOP('',(#5842,#5848,#5849,#5850));
#5852=FACE_BOUND('',#5851,.T.);
#5853=ADVANCED_FACE('',(#5852),#5841,.T.);
#5854=CARTESIAN_POINT('',(51.371327168,40.008718801,8.100000024));
#5855=DIRECTION('',(0.,-1.,0.));
#5856=DIRECTION('',(0.,0.,-1.));
#5857=AXIS2_PLACEMENT_3D('',#5854,#5855,#5856);
#5858=PLANE('',#5857);
#5859=ORIENTED_EDGE('',*,*,#5081,.F.);
#5860=CARTESIAN_POINT('',(49.971327168,40.008718801,8.2));
#5861=DIRECTION('',(-0.,-0.,1.));
#5862=VECTOR('',#5861,0.500000048);
#5863=LINE('',#5860,#5862);
#5864=EDGE_CURVE('',#5067,#1412,#5863,.T.);
#5865=ORIENTED_EDGE('',*,*,#5864,.T.);
#5866=ORIENTED_EDGE('',*,*,#1417,.F.);
#5867=CARTESIAN_POINT('',(52.771327168,40.008718801,8.700000048));
#5868=DIRECTION('',(-0.,-0.,-1.));
#5869=VECTOR('',#5868,0.500000048);
#5870=LINE('',#5867,#5869);
#5871=EDGE_CURVE('',#1403,#5076,#5870,.T.);
#5872=ORIENTED_EDGE('',*,*,#5871,.T.);
#5873=EDGE_LOOP('',(#5859,#5865,#5866,#5872));
#5874=FACE_BOUND('',#5873,.T.);
#5875=ADVANCED_FACE('',(#5874),#5858,.F.);
#5876=CARTESIAN_POINT('',(-10.584175587,-32.126283336,7.5));
#5877=DIRECTION('',(-1.,-0.,0.));
#5878=DIRECTION('',(0.,-1.,0.));
#5879=AXIS2_PLACEMENT_3D('',#5876,#5877,#5878);
#5880=PLANE('',#5879);
#5881=ORIENTED_EDGE('',*,*,#4827,.F.);
#5882=CARTESIAN_POINT('',(-10.584175587,-31.626283336,8.2));
#5883=DIRECTION('',(0.,0.,1.));
#5884=VECTOR('',#5883,0.500000048);
#5885=LINE('',#5882,#5884);
#5886=EDGE_CURVE('',#4815,#1664,#5885,.T.);
#5887=ORIENTED_EDGE('',*,*,#5886,.T.);
#5888=ORIENTED_EDGE('',*,*,#1669,.T.);
#5889=ORIENTED_EDGE('',*,*,#48,.F.);
#5890=EDGE_LOOP('',(#5881,#5887,#5888,#5889));
#5891=FACE_BOUND('',#5890,.T.);
#5892=ADVANCED_FACE('',(#5891),#5880,.T.);
#5893=CARTESIAN_POINT('',(-6.784175587,-32.126283336,8.700000048));
#5894=DIRECTION('',(1.,0.,-0.));
#5895=DIRECTION('',(-0.,1.,0.));
#5896=AXIS2_PLACEMENT_3D('',#5893,#5894,#5895);
#5897=PLANE('',#5896);
#5898=ORIENTED_EDGE('',*,*,#1701,.F.);
#5899=CARTESIAN_POINT('',(-6.784175587,-31.626283336,8.700000048));
#5900=DIRECTION('',(0.,-0.,-1.));
#5901=VECTOR('',#5900,0.500000048);
#5902=LINE('',#5899,#5901);
#5903=EDGE_CURVE('',#1689,#4790,#5902,.T.);
#5904=ORIENTED_EDGE('',*,*,#5903,.T.);
#5905=ORIENTED_EDGE('',*,*,#4795,.T.);
#5906=ORIENTED_EDGE('',*,*,#439,.F.);
#5907=EDGE_LOOP('',(#5898,#5904,#5905,#5906));
#5908=FACE_BOUND('',#5907,.T.);
#5909=ADVANCED_FACE('',(#5908),#5897,.T.);
#5910=CARTESIAN_POINT('',(-8.684175587,-32.126283336,8.100000024));
#5911=DIRECTION('',(-0.,1.,-0.));
#5912=DIRECTION('',(0.,0.,1.));
#5913=AXIS2_PLACEMENT_3D('',#5910,#5911,#5912);
#5914=PLANE('',#5913);
#5915=ORIENTED_EDGE('',*,*,#1686,.F.);
#5916=CARTESIAN_POINT('',(-10.084175587,-32.126283336,8.700000048));
#5917=DIRECTION('',(-0.,-0.,-1.));
#5918=VECTOR('',#5917,0.500000048);
#5919=LINE('',#5916,#5918);
#5920=EDGE_CURVE('',#1672,#4807,#5919,.T.);
#5921=ORIENTED_EDGE('',*,*,#5920,.T.);
#5922=ORIENTED_EDGE('',*,*,#4812,.F.);
#5923=CARTESIAN_POINT('',(-7.284175587,-32.126283336,8.2));
#5924=DIRECTION('',(-0.,0.,1.));
#5925=VECTOR('',#5924,0.500000048);
#5926=LINE('',#5923,#5925);
#5927=EDGE_CURVE('',#4798,#1681,#5926,.T.);
#5928=ORIENTED_EDGE('',*,*,#5927,.T.);
#5929=EDGE_LOOP('',(#5915,#5921,#5922,#5928));
#5930=FACE_BOUND('',#5929,.T.);
#5931=ADVANCED_FACE('',(#5930),#5914,.F.);
#5932=CARTESIAN_POINT('',(23.959438235,-27.141282725,7.5));
#5933=DIRECTION('',(0.,-0.,-1.));
#5934=DIRECTION('',(0.,1.,-0.));
#5935=AXIS2_PLACEMENT_3D('',#5932,#5933,#5934);
#5936=CYLINDRICAL_SURFACE('',#5935,0.5);
#5937=ORIENTED_EDGE('',*,*,#4764,.F.);
#5938=ORIENTED_EDGE('',*,*,#5640,.F.);
#5939=ORIENTED_EDGE('',*,*,#1295,.F.);
#5940=ORIENTED_EDGE('',*,*,#5606,.F.);
#5941=EDGE_LOOP('',(#5937,#5938,#5939,#5940));
#5942=FACE_BOUND('',#5941,.T.);
#5943=ADVANCED_FACE('',(#5942),#5936,.T.);
#5944=CARTESIAN_POINT('',(60.546318918,-31.391282725,7.5));
#5945=DIRECTION('',(0.,-0.,-1.));
#5946=DIRECTION('',(0.,1.,-0.));
#5947=AXIS2_PLACEMENT_3D('',#5944,#5945,#5946);
#5948=CYLINDRICAL_SURFACE('',#5947,0.5);
#5949=ORIENTED_EDGE('',*,*,#5147,.F.);
#5950=ORIENTED_EDGE('',*,*,#5584,.F.);
#5951=ORIENTED_EDGE('',*,*,#1352,.F.);
#5952=ORIENTED_EDGE('',*,*,#5550,.F.);
#5953=EDGE_LOOP('',(#5949,#5950,#5951,#5952));
#5954=FACE_BOUND('',#5953,.T.);
#5955=ADVANCED_FACE('',(#5954),#5948,.T.);
#5956=CARTESIAN_POINT('',(-10.084175587,-31.626283336,7.5));
#5957=DIRECTION('',(0.,-0.,-1.));
#5958=DIRECTION('',(0.,1.,-0.));
#5959=AXIS2_PLACEMENT_3D('',#5956,#5957,#5958);
#5960=CYLINDRICAL_SURFACE('',#5959,0.5);
#5961=ORIENTED_EDGE('',*,*,#4821,.F.);
#5962=ORIENTED_EDGE('',*,*,#5920,.F.);
#5963=ORIENTED_EDGE('',*,*,#1678,.F.);
#5964=ORIENTED_EDGE('',*,*,#5886,.F.);
#5965=EDGE_LOOP('',(#5961,#5962,#5963,#5964));
#5966=FACE_BOUND('',#5965,.T.);
#5967=ADVANCED_FACE('',(#5966),#5960,.T.);
#5968=CARTESIAN_POINT('',(7.339244691,45.883718801,8.700000048));
#5969=DIRECTION('',(0.,0.,1.));
#5970=DIRECTION('',(1.,0.,-0.));
#5971=AXIS2_PLACEMENT_3D('',#5968,#5969,#5970);
#5972=CYLINDRICAL_SURFACE('',#5971,0.5);
#5973=ORIENTED_EDGE('',*,*,#1485,.F.);
#5974=ORIENTED_EDGE('',*,*,#5696,.F.);
#5975=ORIENTED_EDGE('',*,*,#5014,.F.);
#5976=ORIENTED_EDGE('',*,*,#5679,.F.);
#5977=EDGE_LOOP('',(#5973,#5974,#5975,#5976));
#5978=FACE_BOUND('',#5977,.T.);
#5979=ADVANCED_FACE('',(#5978),#5972,.T.);
#5980=CARTESIAN_POINT('',(-7.284175587,-31.626283336,8.700000048));
#5981=DIRECTION('',(0.,0.,1.));
#5982=DIRECTION('',(0.,-1.,0.));
#5983=AXIS2_PLACEMENT_3D('',#5980,#5981,#5982);
#5984=CYLINDRICAL_SURFACE('',#5983,0.5);
#5985=ORIENTED_EDGE('',*,*,#1695,.F.);
#5986=ORIENTED_EDGE('',*,*,#5927,.F.);
#5987=ORIENTED_EDGE('',*,*,#4804,.F.);
#5988=ORIENTED_EDGE('',*,*,#5903,.F.);
#5989=EDGE_LOOP('',(#5985,#5986,#5987,#5988));
#5990=FACE_BOUND('',#5989,.T.);
#5991=ADVANCED_FACE('',(#5990),#5984,.T.);
#5992=CARTESIAN_POINT('',(49.971327168,39.508718801,8.700000048));
#5993=DIRECTION('',(0.,0.,1.));
#5994=DIRECTION('',(1.,0.,-0.));
#5995=AXIS2_PLACEMENT_3D('',#5992,#5993,#5994);
#5996=CYLINDRICAL_SURFACE('',#5995,0.5);
#5997=ORIENTED_EDGE('',*,*,#1426,.F.);
#5998=ORIENTED_EDGE('',*,*,#5864,.F.);
#5999=ORIENTED_EDGE('',*,*,#5073,.F.);
#6000=ORIENTED_EDGE('',*,*,#5847,.F.);
#6001=EDGE_LOOP('',(#5997,#5998,#5999,#6000));
#6002=FACE_BOUND('',#6001,.T.);
#6003=ADVANCED_FACE('',(#6002),#5996,.T.);
#6004=CARTESIAN_POINT('',(26.759438235,-27.141282725,8.700000048));
#6005=DIRECTION('',(0.,0.,1.));
#6006=DIRECTION('',(0.,-1.,0.));
#6007=AXIS2_PLACEMENT_3D('',#6004,#6005,#6006);
#6008=CYLINDRICAL_SURFACE('',#6007,0.5);
#6009=ORIENTED_EDGE('',*,*,#1312,.F.);
#6010=ORIENTED_EDGE('',*,*,#5647,.F.);
#6011=ORIENTED_EDGE('',*,*,#5185,.F.);
#6012=ORIENTED_EDGE('',*,*,#5623,.F.);
#6013=EDGE_LOOP('',(#6009,#6010,#6011,#6012));
#6014=FACE_BOUND('',#6013,.T.);
#6015=ADVANCED_FACE('',(#6014),#6008,.T.);
#6016=CARTESIAN_POINT('',(63.346318918,-31.391282725,8.700000048));
#6017=DIRECTION('',(0.,0.,1.));
#6018=DIRECTION('',(0.,-1.,0.));
#6019=AXIS2_PLACEMENT_3D('',#6016,#6017,#6018);
#6020=CYLINDRICAL_SURFACE('',#6019,0.5);
#6021=ORIENTED_EDGE('',*,*,#1369,.F.);
#6022=ORIENTED_EDGE('',*,*,#5591,.F.);
#6023=ORIENTED_EDGE('',*,*,#5130,.F.);
#6024=ORIENTED_EDGE('',*,*,#5567,.F.);
#6025=EDGE_LOOP('',(#6021,#6022,#6023,#6024));
#6026=FACE_BOUND('',#6025,.T.);
#6027=ADVANCED_FACE('',(#6026),#6020,.T.);
#6028=CARTESIAN_POINT('',(-43.220673308,-39.307797039,7.5));
#6029=DIRECTION('',(0.,0.,-1.));
#6030=DIRECTION('',(-1.,0.,0.));
#6031=AXIS2_PLACEMENT_3D('',#6028,#6029,#6030);
#6032=CYLINDRICAL_SURFACE('',#6031,0.5);
#6033=ORIENTED_EDGE('',*,*,#4873,.F.);
#6034=ORIENTED_EDGE('',*,*,#5528,.F.);
#6035=ORIENTED_EDGE('',*,*,#1626,.F.);
#6036=ORIENTED_EDGE('',*,*,#5494,.F.);
#6037=EDGE_LOOP('',(#6033,#6034,#6035,#6036));
#6038=FACE_BOUND('',#6037,.T.);
#6039=ADVANCED_FACE('',(#6038),#6032,.T.);
#6040=CARTESIAN_POINT('',(-40.643257537,-38.213755019,8.700000048));
#6041=DIRECTION('',(0.,0.,1.));
#6042=DIRECTION('',(1.,0.,-0.));
#6043=AXIS2_PLACEMENT_3D('',#6040,#6041,#6042);
#6044=CYLINDRICAL_SURFACE('',#6043,0.5);
#6045=CARTESIAN_POINT('',(-40.143257537,-38.213755019,8.700000048));
#6046=DIRECTION('',(-0.,-0.,-1.));
#6047=VECTOR('',#6046,0.500000048);
#6048=LINE('',#6045,#6047);
#6049=EDGE_CURVE('',#1637,#4841,#6048,.T.);
#6050=ORIENTED_EDGE('',*,*,#6049,.T.);
#6051=ORIENTED_EDGE('',*,*,#4847,.F.);
#6052=ORIENTED_EDGE('',*,*,#5511,.F.);
#6053=ORIENTED_EDGE('',*,*,#1652,.F.);
#6054=EDGE_LOOP('',(#6050,#6051,#6052,#6053));
#6055=FACE_BOUND('',#6054,.T.);
#6056=ADVANCED_FACE('',(#6055),#6044,.T.);
#6057=CARTESIAN_POINT('',(-24.066290736,41.633718801,7.5));
#6058=DIRECTION('',(0.,0.,-1.));
#6059=DIRECTION('',(-1.,0.,0.));
#6060=AXIS2_PLACEMENT_3D('',#6057,#6058,#6059);
#6061=CYLINDRICAL_SURFACE('',#6060,0.5);
#6062=ORIENTED_EDGE('',*,*,#4972,.F.);
#6063=ORIENTED_EDGE('',*,*,#5808,.F.);
#6064=ORIENTED_EDGE('',*,*,#1527,.F.);
#6065=ORIENTED_EDGE('',*,*,#5774,.F.);
#6066=EDGE_LOOP('',(#6062,#6063,#6064,#6065));
#6067=FACE_BOUND('',#6066,.T.);
#6068=ADVANCED_FACE('',(#6067),#6061,.T.);
#6069=CARTESIAN_POINT('',(-58.755721915,41.633718801,8.700000048));
#6070=DIRECTION('',(0.,0.,1.));
#6071=DIRECTION('',(1.,0.,-0.));
#6072=AXIS2_PLACEMENT_3D('',#6069,#6070,#6071);
#6073=CYLINDRICAL_SURFACE('',#6072,0.5);
#6074=ORIENTED_EDGE('',*,*,#1585,.F.);
#6075=ORIENTED_EDGE('',*,*,#5752,.F.);
#6076=ORIENTED_EDGE('',*,*,#4914,.F.);
#6077=ORIENTED_EDGE('',*,*,#5735,.F.);
#6078=EDGE_LOOP('',(#6074,#6075,#6076,#6077));
#6079=FACE_BOUND('',#6078,.T.);
#6080=ADVANCED_FACE('',(#6079),#6073,.T.);
#6081=CARTESIAN_POINT('',(-55.955721915,41.633718801,7.5));
#6082=DIRECTION('',(0.,0.,-1.));
#6083=DIRECTION('',(-1.,0.,0.));
#6084=AXIS2_PLACEMENT_3D('',#6081,#6082,#6083);
#6085=CYLINDRICAL_SURFACE('',#6084,0.5);
#6086=ORIENTED_EDGE('',*,*,#4931,.F.);
#6087=ORIENTED_EDGE('',*,*,#5759,.F.);
#6088=ORIENTED_EDGE('',*,*,#1568,.F.);
#6089=ORIENTED_EDGE('',*,*,#5718,.F.);
#6090=EDGE_LOOP('',(#6086,#6087,#6088,#6089));
#6091=FACE_BOUND('',#6090,.T.);
#6092=ADVANCED_FACE('',(#6091),#6085,.T.);
#6093=CARTESIAN_POINT('',(-26.866290736,41.633718801,8.700000048));
#6094=DIRECTION('',(0.,0.,1.));
#6095=DIRECTION('',(1.,0.,-0.));
#6096=AXIS2_PLACEMENT_3D('',#6093,#6094,#6095);
#6097=CYLINDRICAL_SURFACE('',#6096,0.5);
#6098=ORIENTED_EDGE('',*,*,#1544,.F.);
#6099=ORIENTED_EDGE('',*,*,#5815,.F.);
#6100=ORIENTED_EDGE('',*,*,#4955,.F.);
#6101=ORIENTED_EDGE('',*,*,#5791,.F.);
#6102=EDGE_LOOP('',(#6098,#6099,#6100,#6101));
#6103=FACE_BOUND('',#6102,.T.);
#6104=ADVANCED_FACE('',(#6103),#6097,.T.);
#6105=CARTESIAN_POINT('',(10.139244691,45.883718801,7.5));
#6106=DIRECTION('',(0.,0.,-1.));
#6107=DIRECTION('',(-1.,0.,0.));
#6108=AXIS2_PLACEMENT_3D('',#6105,#6106,#6107);
#6109=CYLINDRICAL_SURFACE('',#6108,0.5);
#6110=ORIENTED_EDGE('',*,*,#5031,.F.);
#6111=ORIENTED_EDGE('',*,*,#5703,.F.);
#6112=ORIENTED_EDGE('',*,*,#1468,.F.);
#6113=ORIENTED_EDGE('',*,*,#5662,.F.);
#6114=EDGE_LOOP('',(#6110,#6111,#6112,#6113));
#6115=FACE_BOUND('',#6114,.T.);
#6116=ADVANCED_FACE('',(#6115),#6109,.T.);
#6117=CARTESIAN_POINT('',(52.771327168,39.508718801,7.5));
#6118=DIRECTION('',(0.,0.,-1.));
#6119=DIRECTION('',(-1.,0.,0.));
#6120=AXIS2_PLACEMENT_3D('',#6117,#6118,#6119);
#6121=CYLINDRICAL_SURFACE('',#6120,0.5);
#6122=ORIENTED_EDGE('',*,*,#5090,.F.);
#6123=ORIENTED_EDGE('',*,*,#5871,.F.);
#6124=ORIENTED_EDGE('',*,*,#1409,.F.);
#6125=ORIENTED_EDGE('',*,*,#5830,.F.);
#6126=EDGE_LOOP('',(#6122,#6123,#6124,#6125));
#6127=FACE_BOUND('',#6126,.T.);
#6128=ADVANCED_FACE('',(#6127),#6121,.T.);
#6129=CARTESIAN_POINT('',(-40.643257537,-38.213755019,8.700000048));
#6130=DIRECTION('',(0.,0.,1.));
#6131=DIRECTION('',(1.,0.,-0.));
#6132=AXIS2_PLACEMENT_3D('',#6129,#6130,#6131);
#6133=CYLINDRICAL_SURFACE('',#6132,0.5);
#6134=ORIENTED_EDGE('',*,*,#6049,.F.);
#6135=ORIENTED_EDGE('',*,*,#1643,.F.);
#6136=ORIENTED_EDGE('',*,*,#5535,.F.);
#6137=ORIENTED_EDGE('',*,*,#4856,.F.);
#6138=EDGE_LOOP('',(#6134,#6135,#6136,#6137));
#6139=FACE_BOUND('',#6138,.T.);
#6140=ADVANCED_FACE('',(#6139),#6133,.T.);
#6141=CLOSED_SHELL('',(#66,#106,#146,#186,#226,#266,#306,#346,#386,#417,#457,#497,#528,#568,#608,#648,#679,#719,#750,#781,#821,#852,#892,#932,#972,#1012,
#1043,#1083,#1123,#1163,#1203,#1243,#1274,#2520,#2544,#2575,#2606,#2630,#2661,#2692,#2716,#2740,#2764,#2788,#2819,#2850,#2881,#2912,#2943,#2974,#3005,
#3036,#3060,#3084,#3115,#3146,#3177,#3208,#3232,#3256,#3287,#3318,#3349,#3380,#3397,#3421,#3445,#3476,#3500,#3517,#3541,#3572,#3603,#3627,#3644,#3661,
#3685,#3702,#3719,#3750,#3774,#3791,#3815,#3832,#3856,#3873,#3897,#3928,#3945,#3962,#3986,#4003,#4020,#4044,#4068,#4085,#4102,#4119,#4136,#4153,#4170,
#4201,#4218,#4249,#4280,#4297,#4328,#4345,#4376,#4407,#4424,#4455,#4486,#4503,#4520,#4537,#4554,#4571,#4588,#4605,#4622,#4639,#4656,#4673,#4690,#4707,
#4724,#4741,#5339,#5351,#5363,#5375,#5387,#5399,#5411,#5423,#5435,#5447,#5459,#5471,#5483,#5500,#5517,#5539,#5556,#5573,#5595,#5612,#5629,#5651,#5668,
#5685,#5707,#5724,#5741,#5763,#5780,#5797,#5819,#5836,#5853,#5875,#5892,#5909,#5931,#5943,#5955,#5967,#5979,#5991,#6003,#6015,#6027,#6039,#6056,#6068,
#6080,#6092,#6104,#6116,#6128,#6140));
#6142=MANIFOLD_SOLID_BREP('\X2\30C830C330D730D730EC30FC30C8\X0\.003',#6141);
#26=STYLED_ITEM('',(),#6142);
#16=SHAPE_REPRESENTATION('root',(#15),#10);
#17=ADVANCED_BREP_SHAPE_REPRESENTATION('root',(#6142),#10);
#6150=SHAPE_REPRESENTATION_RELATIONSHIP('','',#16,#17);
#6151=APPLICATION_CONTEXT('configuration controlled 3D design of mechanical parts and assemblies');
#6152=APPLICATION_PROTOCOL_DEFINITION('international standard','configuration_control_3d_design_ed2_mim',2004,#6151);
#6153=PRODUCT_CONTEXT('',#6151,'mechanical');
#6154=PRODUCT_DEFINITION_CONTEXT('part definition',#6151,'design');
#24=PRODUCT('root','root','',(#6153));
#6155=PRODUCT_RELATED_PRODUCT_CATEGORY('part','',(#24));
#6156=PRODUCT_DEFINITION_FORMATION_WITH_SPECIFIED_SOURCE('','',#24,.NOT_KNOWN.);
#25=PRODUCT_DEFINITION('design','',#6156,#6154);
#23=PRODUCT_DEFINITION_SHAPE('','',#25);
#6157=SHAPE_DEFINITION_REPRESENTATION(#23,#16);
#11=DRAUGHTING_MODEL('',(),#10);
#1=MECHANICAL_DESIGN_GEOMETRIC_PRESENTATION_REPRESENTATION('',(#26),#10);
ENDSEC;
END-ISO-10303-21;
