ISO-10303-21;
HEADER;

/* File generated by HOOPS Exchange Version 24.2.0 */

FILE_DESCRIPTION(('HOOPS Exchange Step'),'2;1');

FILE_NAME('/Users/zoesu_takanori/Desktop/Corchibi2-case/Top-modula.stp',
'2026-06-29T23:12:18+09:00',
('zoesu_takanori'),
('Unknown organisation'),
'HOOPS Exchange 2024.2',
'HOOPS Exchange',
'Unknown authorisation');

FILE_SCHEMA( ('AP203_CONFIGURATION_CONTROLLED_3D_DESIGN_OF_MECHANICAL_PARTS_AND_ASSEMBLIES_MIM_LF') );

ENDSEC;

DATA;
#3=(NAMED_UNIT(*)PLANE_ANGLE_UNIT()SI_UNIT($,.RADIAN.));
#4=PLANE_ANGLE_MEASURE_WITH_UNIT(PLANE_ANGLE_MEASURE(0.0174532925),#3);
#5=(CONVERSION_BASED_UNIT('DEGREE',#4)NAMED_UNIT(#6)PLANE_ANGLE_UNIT());
#6=DIMENSIONAL_EXPONENTS(0.,0.,0.,0.,0.,0.,0.);
#7=(NAMED_UNIT(*)SI_UNIT($,.STERADIAN.)SOLID_ANGLE_UNIT());
#8=(LENGTH_UNIT()NAMED_UNIT(*)SI_UNIT(.MILLI.,.METRE.));
#9=UNCERTAINTY_MEASURE_WITH_UNIT(LENGTH_MEASURE(1.000000E-05),#8,'DISTANCE_ACCURACY_VALUE','Maximum Tolerance applied to model');
#10=(GEOMETRIC_REPRESENTATION_CONTEXT(3)GLOBAL_UNCERTAINTY_ASSIGNED_CONTEXT((#9))GLOBAL_UNIT_ASSIGNED_CONTEXT((#8,#5,#7))REPRESENTATION_CONTEXT('','root'));
#12=CARTESIAN_POINT('',(0.,0.,0.));
#13=DIRECTION('',(0.,0.,1.));
#14=DIRECTION('',(1.,0.,0.));
#15=AXIS2_PLACEMENT_3D('TS3D_PRODUCT_CSYS',#12,#13,#14);
#27=CARTESIAN_POINT('',(-64.63975757,-13.613145651,12.700000048));
#28=DIRECTION('',(0.,1.,-0.));
#29=DIRECTION('',(0.,0.,1.));
#30=AXIS2_PLACEMENT_3D('',#27,#28,#29);
#31=PLANE('',#30);
#32=CARTESIAN_POINT('',(-38.021891303,-13.613145651,8.700000048));
#33=VERTEX_POINT('',#32);
#34=CARTESIAN_POINT('',(-38.021891303,-13.613145651,14.900000048));
#35=VERTEX_POINT('',#34);
#36=CARTESIAN_POINT('',(-38.021891303,-13.613145651,8.700000048));
#37=DIRECTION('',(-0.,0.,1.));
#38=VECTOR('',#37,6.2);
#39=LINE('',#36,#38);
#40=EDGE_CURVE('',#33,#35,#39,.T.);
#41=ORIENTED_EDGE('',*,*,#40,.T.);
#42=CARTESIAN_POINT('',(-66.63975757,-13.613145651,14.900000048));
#43=VERTEX_POINT('',#42);
#44=CARTESIAN_POINT('',(-38.021891303,-13.613145651,14.900000048));
#45=DIRECTION('',(-1.,0.,0.));
#46=VECTOR('',#45,28.617866267);
#47=LINE('',#44,#46);
#48=EDGE_CURVE('',#35,#43,#47,.T.);
#49=ORIENTED_EDGE('',*,*,#48,.T.);
#50=CARTESIAN_POINT('',(-66.63975757,-13.613145651,12.7));
#51=VERTEX_POINT('',#50);
#52=CARTESIAN_POINT('',(-66.63975757,-13.613145651,14.900000048));
#53=DIRECTION('',(0.,-0.,-1.));
#54=VECTOR('',#53,2.200000048);
#55=LINE('',#52,#54);
#56=EDGE_CURVE('',#43,#51,#55,.T.);
#57=ORIENTED_EDGE('',*,*,#56,.T.);
#58=CARTESIAN_POINT('',(-64.63975757,-13.613145651,12.7));
#59=VERTEX_POINT('',#58);
#60=CARTESIAN_POINT('',(-64.63975757,-13.613145651,12.7));
#61=DIRECTION('',(-1.,0.,0.));
#62=VECTOR('',#61,2.);
#63=LINE('',#60,#62);
#64=EDGE_CURVE('',#59,#51,#63,.T.);
#65=ORIENTED_EDGE('',*,*,#64,.F.);
#66=CARTESIAN_POINT('',(-64.63975757,-13.613145651,8.700000048));
#67=VERTEX_POINT('',#66);
#68=CARTESIAN_POINT('',(-64.63975757,-13.613145651,8.700000048));
#69=DIRECTION('',(0.,0.,1.));
#70=VECTOR('',#69,3.999999952);
#71=LINE('',#68,#70);
#72=EDGE_CURVE('',#67,#59,#71,.T.);
#73=ORIENTED_EDGE('',*,*,#72,.F.);
#74=CARTESIAN_POINT('',(-64.63975757,-13.613145651,8.700000048));
#75=DIRECTION('',(1.,-0.,0.));
#76=VECTOR('',#75,26.617866267);
#77=LINE('',#74,#76);
#78=EDGE_CURVE('',#67,#33,#77,.T.);
#79=ORIENTED_EDGE('',*,*,#78,.T.);
#80=EDGE_LOOP('',(#41,#49,#57,#65,#73,#79));
#81=FACE_BOUND('',#80,.T.);
#82=ADVANCED_FACE('',(#81),#31,.F.);
#83=CARTESIAN_POINT('',(-39.01975757,17.713717847,-25.898452062));
#84=DIRECTION('',(0.,1.,-0.));
#85=DIRECTION('',(0.,0.,1.));
#86=AXIS2_PLACEMENT_3D('',#83,#84,#85);
#87=PLANE('',#86);
#88=CARTESIAN_POINT('',(-64.640313387,17.713717847,12.7));
#89=VERTEX_POINT('',#88);
#90=CARTESIAN_POINT('',(-64.640313387,17.713717847,15.900000048));
#91=VERTEX_POINT('',#90);
#92=CARTESIAN_POINT('',(-64.640313387,17.713717847,12.7));
#93=DIRECTION('',(0.,-0.,1.));
#94=VECTOR('',#93,3.200000048);
#95=LINE('',#92,#94);
#96=EDGE_CURVE('',#89,#91,#95,.T.);
#97=ORIENTED_EDGE('',*,*,#96,.F.);
#98=CARTESIAN_POINT('',(-64.63975757,17.713717847,12.7));
#99=VERTEX_POINT('',#98);
#100=CARTESIAN_POINT('',(-64.640313387,17.713717847,12.7));
#101=DIRECTION('',(1.,-0.,0.));
#102=VECTOR('',#101,0.000555817);
#103=LINE('',#100,#102);
#104=EDGE_CURVE('',#89,#99,#103,.T.);
#105=ORIENTED_EDGE('',*,*,#104,.T.);
#106=CARTESIAN_POINT('',(-64.63975757,17.713717847,11.4));
#107=VERTEX_POINT('',#106);
#108=CARTESIAN_POINT('',(-64.63975757,17.713717847,12.7));
#109=DIRECTION('',(0.,-0.,-1.));
#110=VECTOR('',#109,1.3);
#111=LINE('',#108,#110);
#112=EDGE_CURVE('',#99,#107,#111,.T.);
#113=ORIENTED_EDGE('',*,*,#112,.T.);
#114=CARTESIAN_POINT('',(-39.01975757,17.713717847,11.4));
#115=VERTEX_POINT('',#114);
#116=CARTESIAN_POINT('',(-64.63975757,17.713717847,11.4));
#117=DIRECTION('',(1.,-0.,0.));
#118=VECTOR('',#117,25.62);
#119=LINE('',#116,#118);
#120=EDGE_CURVE('',#107,#115,#119,.T.);
#121=ORIENTED_EDGE('',*,*,#120,.T.);
#122=CARTESIAN_POINT('',(-39.01975757,17.713717847,15.900000048));
#123=VERTEX_POINT('',#122);
#124=CARTESIAN_POINT('',(-39.01975757,17.713717847,11.4));
#125=DIRECTION('',(0.,0.,1.));
#126=VECTOR('',#125,4.500000048);
#127=LINE('',#124,#126);
#128=EDGE_CURVE('',#115,#123,#127,.T.);
#129=ORIENTED_EDGE('',*,*,#128,.T.);
#130=CARTESIAN_POINT('',(-64.640313387,17.713717847,15.900000048));
#131=DIRECTION('',(1.,-0.,0.));
#132=VECTOR('',#131,25.620555817);
#133=LINE('',#130,#132);
#134=EDGE_CURVE('',#91,#123,#133,.T.);
#135=ORIENTED_EDGE('',*,*,#134,.F.);
#136=EDGE_LOOP('',(#97,#105,#113,#121,#129,#135));
#137=FACE_BOUND('',#136,.T.);
#138=ADVANCED_FACE('',(#137),#87,.F.);
#139=CARTESIAN_POINT('',(-64.63975757,13.733717275,5.5));
#140=DIRECTION('',(1.,-0.,0.));
#141=DIRECTION('',(0.,0.984295049,-0.176531178));
#142=AXIS2_PLACEMENT_3D('',#139,#140,#141);
#143=PLANE('',#142);
#144=ORIENTED_EDGE('',*,*,#72,.T.);
#145=CARTESIAN_POINT('',(-64.63975757,-9.616282153,12.7));
#146=VERTEX_POINT('',#145);
#147=CARTESIAN_POINT('',(-64.63975757,-9.616282153,12.7));
#148=DIRECTION('',(-0.,-1.,0.));
#149=VECTOR('',#148,3.996863498);
#150=LINE('',#147,#149);
#151=EDGE_CURVE('',#146,#59,#150,.T.);
#152=ORIENTED_EDGE('',*,*,#151,.F.);
#153=CARTESIAN_POINT('',(-64.63975757,-9.616282153,11.4));
#154=VERTEX_POINT('',#153);
#155=CARTESIAN_POINT('',(-64.63975757,-9.616282153,11.4));
#156=DIRECTION('',(0.,0.,1.));
#157=VECTOR('',#156,1.3);
#158=LINE('',#155,#157);
#159=EDGE_CURVE('',#154,#146,#158,.T.);
#160=ORIENTED_EDGE('',*,*,#159,.F.);
#161=CARTESIAN_POINT('',(-64.63975757,-11.329835191,11.4));
#162=VERTEX_POINT('',#161);
#163=CARTESIAN_POINT('',(-64.63975757,-11.329835191,11.4));
#164=DIRECTION('',(0.,1.,0.));
#165=VECTOR('',#164,1.713553038);
#166=LINE('',#163,#165);
#167=EDGE_CURVE('',#162,#154,#166,.T.);
#168=ORIENTED_EDGE('',*,*,#167,.F.);
#169=CARTESIAN_POINT('',(-64.63975757,-11.329835191,7.5));
#170=VERTEX_POINT('',#169);
#171=CARTESIAN_POINT('',(-64.63975757,-11.329835191,7.5));
#172=DIRECTION('',(0.,0.,1.));
#173=VECTOR('',#172,3.9);
#174=LINE('',#171,#173);
#175=EDGE_CURVE('',#170,#162,#174,.T.);
#176=ORIENTED_EDGE('',*,*,#175,.F.);
#177=CARTESIAN_POINT('',(-64.63975757,-21.187085921,7.5));
#178=VERTEX_POINT('',#177);
#179=CARTESIAN_POINT('',(-64.63975757,-11.329835191,7.5));
#180=DIRECTION('',(-0.,-1.,0.));
#181=VECTOR('',#180,9.85725073);
#182=LINE('',#179,#181);
#183=EDGE_CURVE('',#170,#178,#182,.T.);
#184=ORIENTED_EDGE('',*,*,#183,.T.);
#185=CARTESIAN_POINT('',(-64.63975757,-21.187085921,8.700000048));
#186=VERTEX_POINT('',#185);
#187=CARTESIAN_POINT('',(-64.63975757,-21.187085921,7.5));
#188=DIRECTION('',(-0.,-0.,1.));
#189=VECTOR('',#188,1.200000048);
#190=LINE('',#187,#189);
#191=EDGE_CURVE('',#178,#186,#190,.T.);
#192=ORIENTED_EDGE('',*,*,#191,.T.);
#193=CARTESIAN_POINT('',(-64.63975757,-21.187085921,8.700000048));
#194=DIRECTION('',(0.,1.,0.));
#195=VECTOR('',#194,7.57394027);
#196=LINE('',#193,#195);
#197=EDGE_CURVE('',#186,#67,#196,.T.);
#198=ORIENTED_EDGE('',*,*,#197,.T.);
#199=EDGE_LOOP('',(#144,#152,#160,#168,#176,#184,#192,#198));
#200=FACE_BOUND('',#199,.T.);
#201=ADVANCED_FACE('',(#200),#143,.F.);
#202=CARTESIAN_POINT('',(-64.63975757,13.733717275,5.5));
#203=DIRECTION('',(1.,-0.,0.));
#204=DIRECTION('',(0.,0.984295049,-0.176531178));
#205=AXIS2_PLACEMENT_3D('',#202,#203,#204);
#206=PLANE('',#205);
#207=CARTESIAN_POINT('',(-64.63975757,19.417164809,7.5));
#208=VERTEX_POINT('',#207);
#209=CARTESIAN_POINT('',(-64.63975757,19.417164809,11.4));
#210=VERTEX_POINT('',#209);
#211=CARTESIAN_POINT('',(-64.63975757,19.417164809,7.5));
#212=DIRECTION('',(0.,0.,1.));
#213=VECTOR('',#212,3.9);
#214=LINE('',#211,#213);
#215=EDGE_CURVE('',#208,#210,#214,.T.);
#216=ORIENTED_EDGE('',*,*,#215,.T.);
#217=CARTESIAN_POINT('',(-64.63975757,17.713717847,11.4));
#218=DIRECTION('',(0.,1.,0.));
#219=VECTOR('',#218,1.703446962);
#220=LINE('',#217,#219);
#221=EDGE_CURVE('',#107,#210,#220,.T.);
#222=ORIENTED_EDGE('',*,*,#221,.F.);
#223=ORIENTED_EDGE('',*,*,#112,.F.);
#224=CARTESIAN_POINT('',(-64.63975757,21.713717847,12.7));
#225=VERTEX_POINT('',#224);
#226=CARTESIAN_POINT('',(-64.63975757,21.713717847,12.7));
#227=DIRECTION('',(-0.,-1.,0.));
#228=VECTOR('',#227,4.);
#229=LINE('',#226,#228);
#230=EDGE_CURVE('',#225,#99,#229,.T.);
#231=ORIENTED_EDGE('',*,*,#230,.F.);
#232=CARTESIAN_POINT('',(-64.63975757,21.713717847,8.700000048));
#233=VERTEX_POINT('',#232);
#234=CARTESIAN_POINT('',(-64.63975757,21.713717847,8.700000048));
#235=DIRECTION('',(0.,0.,1.));
#236=VECTOR('',#235,3.999999952);
#237=LINE('',#234,#236);
#238=EDGE_CURVE('',#233,#225,#237,.T.);
#239=ORIENTED_EDGE('',*,*,#238,.F.);
#240=CARTESIAN_POINT('',(-64.63975757,39.633718801,8.700000048));
#241=VERTEX_POINT('',#240);
#242=CARTESIAN_POINT('',(-64.63975757,21.713717847,8.700000048));
#243=DIRECTION('',(0.,1.,0.));
#244=VECTOR('',#243,17.920000954);
#245=LINE('',#242,#244);
#246=EDGE_CURVE('',#233,#241,#245,.T.);
#247=ORIENTED_EDGE('',*,*,#246,.T.);
#248=CARTESIAN_POINT('',(-64.63975757,39.633718801,7.5));
#249=VERTEX_POINT('',#248);
#250=CARTESIAN_POINT('',(-64.63975757,39.633718801,8.700000048));
#251=DIRECTION('',(-0.,-0.,-1.));
#252=VECTOR('',#251,1.200000048);
#253=LINE('',#250,#252);
#254=EDGE_CURVE('',#241,#249,#253,.T.);
#255=ORIENTED_EDGE('',*,*,#254,.T.);
#256=CARTESIAN_POINT('',(-64.63975757,39.633718801,7.5));
#257=DIRECTION('',(-0.,-1.,0.));
#258=VECTOR('',#257,20.216553991);
#259=LINE('',#256,#258);
#260=EDGE_CURVE('',#249,#208,#259,.T.);
#261=ORIENTED_EDGE('',*,*,#260,.T.);
#262=EDGE_LOOP('',(#216,#222,#223,#231,#239,#247,#255,#261));
#263=FACE_BOUND('',#262,.T.);
#264=ADVANCED_FACE('',(#263),#206,.F.);
#265=CARTESIAN_POINT('',(0.510243956,-31.126283336,5.5));
#266=DIRECTION('',(0.,1.,-0.));
#267=DIRECTION('',(-0.982417425,0.,-0.186697622));
#268=AXIS2_PLACEMENT_3D('',#265,#266,#267);
#269=PLANE('',#268);
#270=CARTESIAN_POINT('',(-16.750126107,-31.126283336,7.5));
#271=VERTEX_POINT('',#270);
#272=CARTESIAN_POINT('',(-10.584175587,-31.126283336,7.5));
#273=VERTEX_POINT('',#272);
#274=CARTESIAN_POINT('',(-16.750126107,-31.126283336,7.5));
#275=DIRECTION('',(1.,-0.,0.));
#276=VECTOR('',#275,6.16595052);
#277=LINE('',#274,#276);
#278=EDGE_CURVE('',#271,#273,#277,.T.);
#279=ORIENTED_EDGE('',*,*,#278,.T.);
#280=CARTESIAN_POINT('',(-10.584175587,-31.126283336,8.700000048));
#281=VERTEX_POINT('',#280);
#282=CARTESIAN_POINT('',(-10.584175587,-31.126283336,7.5));
#283=DIRECTION('',(0.,0.,1.));
#284=VECTOR('',#283,1.200000048);
#285=LINE('',#282,#284);
#286=EDGE_CURVE('',#273,#281,#285,.T.);
#287=ORIENTED_EDGE('',*,*,#286,.T.);
#288=CARTESIAN_POINT('',(-16.750126107,-31.126283336,8.700000048));
#289=VERTEX_POINT('',#288);
#290=CARTESIAN_POINT('',(-10.584175587,-31.126283336,8.700000048));
#291=DIRECTION('',(-1.,0.,0.));
#292=VECTOR('',#291,6.16595052);
#293=LINE('',#290,#292);
#294=EDGE_CURVE('',#281,#289,#293,.T.);
#295=ORIENTED_EDGE('',*,*,#294,.T.);
#296=CARTESIAN_POINT('',(-16.750126107,-31.126283336,8.700000048));
#297=DIRECTION('',(0.,-0.,-1.));
#298=VECTOR('',#297,1.200000048);
#299=LINE('',#296,#298);
#300=EDGE_CURVE('',#289,#271,#299,.T.);
#301=ORIENTED_EDGE('',*,*,#300,.T.);
#302=EDGE_LOOP('',(#279,#287,#295,#301));
#303=FACE_BOUND('',#302,.T.);
#304=ADVANCED_FACE('',(#303),#269,.F.);
#305=CARTESIAN_POINT('',(68.510243956,38.508718801,2.200000048));
#306=DIRECTION('',(-0.,-1.,0.));
#307=DIRECTION('',(0.,0.,1.));
#308=AXIS2_PLACEMENT_3D('',#305,#306,#307);
#309=PLANE('',#308);
#310=CARTESIAN_POINT('',(67.510243956,38.508718801,7.5));
#311=VERTEX_POINT('',#310);
#312=CARTESIAN_POINT('',(53.271327168,38.508718801,7.5));
#313=VERTEX_POINT('',#312);
#314=CARTESIAN_POINT('',(67.510243956,38.508718801,7.5));
#315=DIRECTION('',(-1.,0.,0.));
#316=VECTOR('',#315,14.238916788);
#317=LINE('',#314,#316);
#318=EDGE_CURVE('',#311,#313,#317,.T.);
#319=ORIENTED_EDGE('',*,*,#318,.T.);
#320=CARTESIAN_POINT('',(53.271327168,38.508718801,8.700000048));
#321=VERTEX_POINT('',#320);
#322=CARTESIAN_POINT('',(53.271327168,38.508718801,7.5));
#323=DIRECTION('',(0.,0.,1.));
#324=VECTOR('',#323,1.200000048);
#325=LINE('',#322,#324);
#326=EDGE_CURVE('',#313,#321,#325,.T.);
#327=ORIENTED_EDGE('',*,*,#326,.T.);
#328=CARTESIAN_POINT('',(67.510243956,38.508718801,8.700000048));
#329=VERTEX_POINT('',#328);
#330=CARTESIAN_POINT('',(53.271327168,38.508718801,8.700000048));
#331=DIRECTION('',(1.,-0.,0.));
#332=VECTOR('',#331,14.238916788);
#333=LINE('',#330,#332);
#334=EDGE_CURVE('',#321,#329,#333,.T.);
#335=ORIENTED_EDGE('',*,*,#334,.T.);
#336=CARTESIAN_POINT('',(67.510243956,38.508718801,8.700000048));
#337=DIRECTION('',(0.,0.,-1.));
#338=VECTOR('',#337,1.200000048);
#339=LINE('',#336,#338);
#340=EDGE_CURVE('',#329,#311,#339,.T.);
#341=ORIENTED_EDGE('',*,*,#340,.T.);
#342=EDGE_LOOP('',(#319,#327,#335,#341));
#343=FACE_BOUND('',#342,.T.);
#344=ADVANCED_FACE('',(#343),#309,.F.);
#345=CARTESIAN_POINT('',(-17.889755662,40.633718801,2.200000048));
#346=DIRECTION('',(-0.,-1.,0.));
#347=DIRECTION('',(-0.995322813,0.,0.096604854));
#348=AXIS2_PLACEMENT_3D('',#345,#346,#347);
#349=PLANE('',#348);
#350=CARTESIAN_POINT('',(-17.889755662,40.633718801,7.5));
#351=VERTEX_POINT('',#350);
#352=CARTESIAN_POINT('',(-23.566290736,40.633718801,7.5));
#353=VERTEX_POINT('',#352);
#354=CARTESIAN_POINT('',(-17.889755662,40.633718801,7.5));
#355=DIRECTION('',(-1.,0.,0.));
#356=VECTOR('',#355,5.676535074);
#357=LINE('',#354,#356);
#358=EDGE_CURVE('',#351,#353,#357,.T.);
#359=ORIENTED_EDGE('',*,*,#358,.T.);
#360=CARTESIAN_POINT('',(-23.566290736,40.633718801,8.700000048));
#361=VERTEX_POINT('',#360);
#362=CARTESIAN_POINT('',(-23.566290736,40.633718801,7.5));
#363=DIRECTION('',(0.,0.,1.));
#364=VECTOR('',#363,1.200000048);
#365=LINE('',#362,#364);
#366=EDGE_CURVE('',#353,#361,#365,.T.);
#367=ORIENTED_EDGE('',*,*,#366,.T.);
#368=CARTESIAN_POINT('',(-17.889755662,40.633718801,8.700000048));
#369=VERTEX_POINT('',#368);
#370=CARTESIAN_POINT('',(-23.566290736,40.633718801,8.700000048));
#371=DIRECTION('',(1.,-0.,0.));
#372=VECTOR('',#371,5.676535074);
#373=LINE('',#370,#372);
#374=EDGE_CURVE('',#361,#369,#373,.T.);
#375=ORIENTED_EDGE('',*,*,#374,.T.);
#376=CARTESIAN_POINT('',(-17.889755662,40.633718801,8.700000048));
#377=DIRECTION('',(-0.,-0.,-1.));
#378=VECTOR('',#377,1.200000048);
#379=LINE('',#376,#378);
#380=EDGE_CURVE('',#369,#351,#379,.T.);
#381=ORIENTED_EDGE('',*,*,#380,.T.);
#382=EDGE_LOOP('',(#359,#367,#375,#381));
#383=FACE_BOUND('',#382,.T.);
#384=ADVANCED_FACE('',(#383),#349,.F.);
#385=CARTESIAN_POINT('',(-17.889755662,40.633718801,2.200000048));
#386=DIRECTION('',(-0.,-1.,0.));
#387=DIRECTION('',(-0.995322813,0.,0.096604854));
#388=AXIS2_PLACEMENT_3D('',#385,#386,#387);
#389=PLANE('',#388);
#390=CARTESIAN_POINT('',(-55.455721915,40.633718801,8.700000048));
#391=VERTEX_POINT('',#390);
#392=CARTESIAN_POINT('',(-27.366290736,40.633718801,8.700000048));
#393=VERTEX_POINT('',#392);
#394=CARTESIAN_POINT('',(-55.455721915,40.633718801,8.700000048));
#395=DIRECTION('',(1.,-0.,0.));
#396=VECTOR('',#395,28.089431179);
#397=LINE('',#394,#396);
#398=EDGE_CURVE('',#391,#393,#397,.T.);
#399=ORIENTED_EDGE('',*,*,#398,.T.);
#400=CARTESIAN_POINT('',(-27.366290736,40.633718801,7.5));
#401=VERTEX_POINT('',#400);
#402=CARTESIAN_POINT('',(-27.366290736,40.633718801,8.700000048));
#403=DIRECTION('',(0.,0.,-1.));
#404=VECTOR('',#403,1.200000048);
#405=LINE('',#402,#404);
#406=EDGE_CURVE('',#393,#401,#405,.T.);
#407=ORIENTED_EDGE('',*,*,#406,.T.);
#408=CARTESIAN_POINT('',(-55.455721915,40.633718801,7.5));
#409=VERTEX_POINT('',#408);
#410=CARTESIAN_POINT('',(-27.366290736,40.633718801,7.5));
#411=DIRECTION('',(-1.,0.,0.));
#412=VECTOR('',#411,28.089431179);
#413=LINE('',#410,#412);
#414=EDGE_CURVE('',#401,#409,#413,.T.);
#415=ORIENTED_EDGE('',*,*,#414,.T.);
#416=CARTESIAN_POINT('',(-55.455721915,40.633718801,7.5));
#417=DIRECTION('',(0.,0.,1.));
#418=VECTOR('',#417,1.200000048);
#419=LINE('',#416,#418);
#420=EDGE_CURVE('',#409,#391,#419,.T.);
#421=ORIENTED_EDGE('',*,*,#420,.T.);
#422=EDGE_LOOP('',(#399,#407,#415,#421));
#423=FACE_BOUND('',#422,.T.);
#424=ADVANCED_FACE('',(#423),#389,.F.);
#425=CARTESIAN_POINT('',(-0.889756139,44.883718801,2.200000048));
#426=DIRECTION('',(-0.,-1.,0.));
#427=DIRECTION('',(1.,-0.,0.));
#428=AXIS2_PLACEMENT_3D('',#425,#426,#427);
#429=PLANE('',#428);
#430=CARTESIAN_POINT('',(16.510243956,44.883718801,7.5));
#431=VERTEX_POINT('',#430);
#432=CARTESIAN_POINT('',(10.639244691,44.883718801,7.5));
#433=VERTEX_POINT('',#432);
#434=CARTESIAN_POINT('',(16.510243956,44.883718801,7.5));
#435=DIRECTION('',(-1.,0.,0.));
#436=VECTOR('',#435,5.870999266);
#437=LINE('',#434,#436);
#438=EDGE_CURVE('',#431,#433,#437,.T.);
#439=ORIENTED_EDGE('',*,*,#438,.T.);
#440=CARTESIAN_POINT('',(10.639244691,44.883718801,8.700000048));
#441=VERTEX_POINT('',#440);
#442=CARTESIAN_POINT('',(10.639244691,44.883718801,7.5));
#443=DIRECTION('',(0.,0.,1.));
#444=VECTOR('',#443,1.200000048);
#445=LINE('',#442,#444);
#446=EDGE_CURVE('',#433,#441,#445,.T.);
#447=ORIENTED_EDGE('',*,*,#446,.T.);
#448=CARTESIAN_POINT('',(16.510243956,44.883718801,8.700000048));
#449=VERTEX_POINT('',#448);
#450=CARTESIAN_POINT('',(10.639244691,44.883718801,8.700000048));
#451=DIRECTION('',(1.,-0.,0.));
#452=VECTOR('',#451,5.870999266);
#453=LINE('',#450,#452);
#454=EDGE_CURVE('',#441,#449,#453,.T.);
#455=ORIENTED_EDGE('',*,*,#454,.T.);
#456=CARTESIAN_POINT('',(16.510243956,44.883718801,8.700000048));
#457=DIRECTION('',(-0.,-0.,-1.));
#458=VECTOR('',#457,1.200000048);
#459=LINE('',#456,#458);
#460=EDGE_CURVE('',#449,#431,#459,.T.);
#461=ORIENTED_EDGE('',*,*,#460,.T.);
#462=EDGE_LOOP('',(#439,#447,#455,#461));
#463=FACE_BOUND('',#462,.T.);
#464=ADVANCED_FACE('',(#463),#429,.F.);
#465=CARTESIAN_POINT('',(33.110244338,-26.641282725,5.5));
#466=DIRECTION('',(0.,1.,0.));
#467=DIRECTION('',(-0.981675448,0.,-0.190560525));
#468=AXIS2_PLACEMENT_3D('',#465,#466,#467);
#469=PLANE('',#468);
#470=CARTESIAN_POINT('',(17.110243956,-26.641282725,7.5));
#471=VERTEX_POINT('',#470);
#472=CARTESIAN_POINT('',(23.459438235,-26.641282725,7.5));
#473=VERTEX_POINT('',#472);
#474=CARTESIAN_POINT('',(17.110243956,-26.641282725,7.5));
#475=DIRECTION('',(1.,-0.,0.));
#476=VECTOR('',#475,6.349194278);
#477=LINE('',#474,#476);
#478=EDGE_CURVE('',#471,#473,#477,.T.);
#479=ORIENTED_EDGE('',*,*,#478,.T.);
#480=CARTESIAN_POINT('',(23.459438235,-26.641282725,8.700000048));
#481=VERTEX_POINT('',#480);
#482=CARTESIAN_POINT('',(23.459438235,-26.641282725,7.5));
#483=DIRECTION('',(0.,0.,1.));
#484=VECTOR('',#483,1.200000048);
#485=LINE('',#482,#484);
#486=EDGE_CURVE('',#473,#481,#485,.T.);
#487=ORIENTED_EDGE('',*,*,#486,.T.);
#488=CARTESIAN_POINT('',(17.110243956,-26.641282725,8.700000048));
#489=VERTEX_POINT('',#488);
#490=CARTESIAN_POINT('',(23.459438235,-26.641282725,8.700000048));
#491=DIRECTION('',(-1.,0.,0.));
#492=VECTOR('',#491,6.349194278);
#493=LINE('',#490,#492);
#494=EDGE_CURVE('',#481,#489,#493,.T.);
#495=ORIENTED_EDGE('',*,*,#494,.T.);
#496=CARTESIAN_POINT('',(17.110243956,-26.641282725,8.700000048));
#497=DIRECTION('',(0.,0.,-1.));
#498=VECTOR('',#497,1.200000048);
#499=LINE('',#496,#498);
#500=EDGE_CURVE('',#489,#471,#499,.T.);
#501=ORIENTED_EDGE('',*,*,#500,.T.);
#502=EDGE_LOOP('',(#479,#487,#495,#501));
#503=FACE_BOUND('',#502,.T.);
#504=ADVANCED_FACE('',(#503),#469,.F.);
#505=CARTESIAN_POINT('',(68.510243956,-30.891282725,5.5));
#506=DIRECTION('',(0.,1.,0.));
#507=DIRECTION('',(-0.995683099,0.,-0.092817916));
#508=AXIS2_PLACEMENT_3D('',#505,#506,#507);
#509=PLANE('',#508);
#510=CARTESIAN_POINT('',(34.110244338,-30.891282725,7.5));
#511=VERTEX_POINT('',#510);
#512=CARTESIAN_POINT('',(60.046318918,-30.891282725,7.5));
#513=VERTEX_POINT('',#512);
#514=CARTESIAN_POINT('',(34.110244338,-30.891282725,7.5));
#515=DIRECTION('',(1.,-0.,0.));
#516=VECTOR('',#515,25.936074581);
#517=LINE('',#514,#516);
#518=EDGE_CURVE('',#511,#513,#517,.T.);
#519=ORIENTED_EDGE('',*,*,#518,.T.);
#520=CARTESIAN_POINT('',(60.046318918,-30.891282725,8.700000048));
#521=VERTEX_POINT('',#520);
#522=CARTESIAN_POINT('',(60.046318918,-30.891282725,7.5));
#523=DIRECTION('',(0.,0.,1.));
#524=VECTOR('',#523,1.200000048);
#525=LINE('',#522,#524);
#526=EDGE_CURVE('',#513,#521,#525,.T.);
#527=ORIENTED_EDGE('',*,*,#526,.T.);
#528=CARTESIAN_POINT('',(34.110244338,-30.891282725,8.700000048));
#529=VERTEX_POINT('',#528);
#530=CARTESIAN_POINT('',(60.046318918,-30.891282725,8.700000048));
#531=DIRECTION('',(-1.,0.,0.));
#532=VECTOR('',#531,25.936074581);
#533=LINE('',#530,#532);
#534=EDGE_CURVE('',#521,#529,#533,.T.);
#535=ORIENTED_EDGE('',*,*,#534,.T.);
#536=CARTESIAN_POINT('',(34.110244338,-30.891282725,8.700000048));
#537=DIRECTION('',(-0.,-0.,-1.));
#538=VECTOR('',#537,1.200000048);
#539=LINE('',#536,#538);
#540=EDGE_CURVE('',#529,#511,#539,.T.);
#541=ORIENTED_EDGE('',*,*,#540,.T.);
#542=EDGE_LOOP('',(#519,#527,#535,#541));
#543=FACE_BOUND('',#542,.T.);
#544=ADVANCED_FACE('',(#543),#509,.F.);
#545=CARTESIAN_POINT('',(-33.536210131,-34.653829374,5.5));
#546=DIRECTION('',(-0.390729293,0.920505633,0.));
#547=DIRECTION('',(0.,0.,-1.));
#548=AXIS2_PLACEMENT_3D('',#545,#546,#547);
#549=PLANE('',#548);
#550=CARTESIAN_POINT('',(-54.12717017,-43.394124894,7.5));
#551=VERTEX_POINT('',#550);
#552=CARTESIAN_POINT('',(-43.876290771,-39.042908869,7.5));
#553=VERTEX_POINT('',#552);
#554=CARTESIAN_POINT('',(-54.12717017,-43.394124894,7.5));
#555=DIRECTION('',(0.920505633,0.390729293,0.));
#556=VECTOR('',#555,11.136139787);
#557=LINE('',#554,#556);
#558=EDGE_CURVE('',#551,#553,#557,.T.);
#559=ORIENTED_EDGE('',*,*,#558,.T.);
#560=CARTESIAN_POINT('',(-43.876290771,-39.042908869,8.700000048));
#561=VERTEX_POINT('',#560);
#562=CARTESIAN_POINT('',(-43.876290771,-39.042908869,7.5));
#563=DIRECTION('',(0.,0.,1.));
#564=VECTOR('',#563,1.200000048);
#565=LINE('',#562,#564);
#566=EDGE_CURVE('',#553,#561,#565,.T.);
#567=ORIENTED_EDGE('',*,*,#566,.T.);
#568=CARTESIAN_POINT('',(-54.12717017,-43.394124894,8.700000048));
#569=VERTEX_POINT('',#568);
#570=CARTESIAN_POINT('',(-43.876290771,-39.042908869,8.700000048));
#571=DIRECTION('',(-0.920505633,-0.390729293,0.));
#572=VECTOR('',#571,11.136139787);
#573=LINE('',#570,#572);
#574=EDGE_CURVE('',#561,#569,#573,.T.);
#575=ORIENTED_EDGE('',*,*,#574,.T.);
#576=CARTESIAN_POINT('',(-54.12717017,-43.394124894,8.700000048));
#577=DIRECTION('',(-0.,-0.,-1.));
#578=VECTOR('',#577,1.200000048);
#579=LINE('',#576,#578);
#580=EDGE_CURVE('',#569,#551,#579,.T.);
#581=ORIENTED_EDGE('',*,*,#580,.T.);
#582=EDGE_LOOP('',(#559,#567,#575,#581));
#583=FACE_BOUND('',#582,.T.);
#584=ADVANCED_FACE('',(#583),#549,.F.);
#585=CARTESIAN_POINT('',(-55.438409177,-42.86433894,5.5));
#586=DIRECTION('',(0.920506375,0.390727545,0.));
#587=DIRECTION('',(-0.38459119,0.906049873,-0.17653114));
#588=AXIS2_PLACEMENT_3D('',#585,#586,#587);
#589=PLANE('',#588);
#590=CARTESIAN_POINT('',(-55.438405838,-42.864346806,7.5));
#591=VERTEX_POINT('',#590);
#592=CARTESIAN_POINT('',(-64.63975757,-21.187085921,7.5));
#593=DIRECTION('',(0.390727545,-0.920506375,0.));
#594=VECTOR('',#593,23.5492784);
#595=LINE('',#592,#594);
#596=EDGE_CURVE('',#178,#591,#595,.T.);
#597=ORIENTED_EDGE('',*,*,#596,.T.);
#598=CARTESIAN_POINT('',(-55.438405838,-42.864346806,8.700000048));
#599=VERTEX_POINT('',#598);
#600=CARTESIAN_POINT('',(-55.438405838,-42.864346806,7.5));
#601=DIRECTION('',(0.,0.,1.));
#602=VECTOR('',#601,1.200000048);
#603=LINE('',#600,#602);
#604=EDGE_CURVE('',#591,#599,#603,.T.);
#605=ORIENTED_EDGE('',*,*,#604,.T.);
#606=CARTESIAN_POINT('',(-55.438405838,-42.864346806,8.700000048));
#607=DIRECTION('',(-0.390727545,0.920506375,0.));
#608=VECTOR('',#607,23.5492784);
#609=LINE('',#606,#608);
#610=EDGE_CURVE('',#599,#186,#609,.T.);
#611=ORIENTED_EDGE('',*,*,#610,.T.);
#612=ORIENTED_EDGE('',*,*,#191,.F.);
#613=EDGE_LOOP('',(#597,#605,#611,#612));
#614=FACE_BOUND('',#613,.T.);
#615=ADVANCED_FACE('crnxx-right-top-case',(#614),#589,.F.);
#616=CARTESIAN_POINT('',(-16.647896269,-31.10468422,5.5));
#617=DIRECTION('',(-0.206716495,0.978400885,-0.));
#618=DIRECTION('',(-0.961359699,-0.203116034,-0.18582628));
#619=AXIS2_PLACEMENT_3D('',#616,#617,#618);
#620=PLANE('',#619);
#621=CARTESIAN_POINT('',(-33.625411372,-34.691692844,8.700000048));
#622=VERTEX_POINT('',#621);
#623=CARTESIAN_POINT('',(-33.625411372,-34.691692844,7.5));
#624=VERTEX_POINT('',#623);
#625=CARTESIAN_POINT('',(-33.625411372,-34.691692844,8.700000048));
#626=DIRECTION('',(-0.,-0.,-1.));
#627=VECTOR('',#626,1.200000048);
#628=LINE('',#625,#627);
#629=EDGE_CURVE('',#622,#624,#628,.T.);
#630=ORIENTED_EDGE('',*,*,#629,.T.);
#631=CARTESIAN_POINT('',(-33.625411372,-34.691692844,7.5));
#632=DIRECTION('',(0.978400885,0.206716495,0.));
#633=VECTOR('',#632,17.247822985);
#634=LINE('',#631,#633);
#635=EDGE_CURVE('',#624,#271,#634,.T.);
#636=ORIENTED_EDGE('',*,*,#635,.T.);
#637=ORIENTED_EDGE('',*,*,#300,.F.);
#638=CARTESIAN_POINT('',(-16.750126107,-31.126283336,8.700000048));
#639=DIRECTION('',(-0.978400885,-0.206716495,0.));
#640=VECTOR('',#639,17.247822985);
#641=LINE('',#638,#640);
#642=EDGE_CURVE('',#289,#622,#641,.T.);
#643=ORIENTED_EDGE('',*,*,#642,.T.);
#644=EDGE_LOOP('',(#630,#636,#637,#643));
#645=FACE_BOUND('',#644,.T.);
#646=ADVANCED_FACE('crnxx-right-top-case',(#645),#620,.F.);
#647=CARTESIAN_POINT('',(0.510243956,-31.126283336,5.5));
#648=DIRECTION('',(0.,1.,-0.));
#649=DIRECTION('',(-0.982417425,0.,-0.186697622));
#650=AXIS2_PLACEMENT_3D('',#647,#648,#649);
#651=PLANE('',#650);
#652=CARTESIAN_POINT('',(15.110243956,-31.126283336,8.700000048));
#653=VERTEX_POINT('',#652);
#654=CARTESIAN_POINT('',(-6.784175587,-31.126283336,8.700000048));
#655=VERTEX_POINT('',#654);
#656=CARTESIAN_POINT('',(15.110243956,-31.126283336,8.700000048));
#657=DIRECTION('',(-1.,0.,0.));
#658=VECTOR('',#657,21.894419543);
#659=LINE('',#656,#658);
#660=EDGE_CURVE('',#653,#655,#659,.T.);
#661=ORIENTED_EDGE('',*,*,#660,.T.);
#662=CARTESIAN_POINT('',(-6.784175587,-31.126283336,7.5));
#663=VERTEX_POINT('',#662);
#664=CARTESIAN_POINT('',(-6.784175587,-31.126283336,8.700000048));
#665=DIRECTION('',(0.,-0.,-1.));
#666=VECTOR('',#665,1.200000048);
#667=LINE('',#664,#666);
#668=EDGE_CURVE('',#655,#663,#667,.T.);
#669=ORIENTED_EDGE('',*,*,#668,.T.);
#670=CARTESIAN_POINT('',(15.110243956,-31.126283336,7.5));
#671=VERTEX_POINT('',#670);
#672=CARTESIAN_POINT('',(-6.784175587,-31.126283336,7.5));
#673=DIRECTION('',(1.,-0.,0.));
#674=VECTOR('',#673,21.894419543);
#675=LINE('',#672,#674);
#676=EDGE_CURVE('',#663,#671,#675,.T.);
#677=ORIENTED_EDGE('',*,*,#676,.T.);
#678=CARTESIAN_POINT('',(15.110243956,-31.126283336,7.5));
#679=DIRECTION('',(0.,0.,1.));
#680=VECTOR('',#679,1.200000048);
#681=LINE('',#678,#680);
#682=EDGE_CURVE('',#671,#653,#681,.T.);
#683=ORIENTED_EDGE('',*,*,#682,.T.);
#684=EDGE_LOOP('',(#661,#669,#677,#683));
#685=FACE_BOUND('',#684,.T.);
#686=ADVANCED_FACE('crnxx-right-top-case',(#685),#651,.F.);
#687=CARTESIAN_POINT('',(16.110243956,-7.516282725,5.5));
#688=DIRECTION('',(-1.,0.,0.));
#689=DIRECTION('',(-0.,-0.98951605,-0.144422947));
#690=AXIS2_PLACEMENT_3D('',#687,#688,#689);
#691=PLANE('',#690);
#692=CARTESIAN_POINT('',(16.110243956,-27.641282725,8.700000048));
#693=VERTEX_POINT('',#692);
#694=CARTESIAN_POINT('',(16.110243956,-30.126283336,8.700000048));
#695=VERTEX_POINT('',#694);
#696=CARTESIAN_POINT('',(16.110243956,-27.641282725,8.700000048));
#697=DIRECTION('',(-0.,-1.,0.));
#698=VECTOR('',#697,2.48500061);
#699=LINE('',#696,#698);
#700=EDGE_CURVE('',#693,#695,#699,.T.);
#701=ORIENTED_EDGE('',*,*,#700,.T.);
#702=CARTESIAN_POINT('',(16.110243956,-30.126283336,7.5));
#703=VERTEX_POINT('',#702);
#704=CARTESIAN_POINT('',(16.110243956,-30.126283336,8.700000048));
#705=DIRECTION('',(-0.,-0.,-1.));
#706=VECTOR('',#705,1.200000048);
#707=LINE('',#704,#706);
#708=EDGE_CURVE('',#695,#703,#707,.T.);
#709=ORIENTED_EDGE('',*,*,#708,.T.);
#710=CARTESIAN_POINT('',(16.110243956,-27.641282725,7.5));
#711=VERTEX_POINT('',#710);
#712=CARTESIAN_POINT('',(16.110243956,-30.126283336,7.5));
#713=DIRECTION('',(0.,1.,0.));
#714=VECTOR('',#713,2.48500061);
#715=LINE('',#712,#714);
#716=EDGE_CURVE('',#703,#711,#715,.T.);
#717=ORIENTED_EDGE('',*,*,#716,.T.);
#718=CARTESIAN_POINT('',(16.110243956,-27.641282725,7.5));
#719=DIRECTION('',(-0.,-0.,1.));
#720=VECTOR('',#719,1.200000048);
#721=LINE('',#718,#720);
#722=EDGE_CURVE('',#711,#693,#721,.T.);
#723=ORIENTED_EDGE('',*,*,#722,.T.);
#724=EDGE_LOOP('',(#701,#709,#717,#723));
#725=FACE_BOUND('',#724,.T.);
#726=ADVANCED_FACE('crnxx-right-top-case',(#725),#691,.F.);
#727=CARTESIAN_POINT('',(68.510243956,38.508718801,2.200000048));
#728=DIRECTION('',(-0.,-1.,0.));
#729=DIRECTION('',(0.,0.,1.));
#730=AXIS2_PLACEMENT_3D('',#727,#728,#729);
#731=PLANE('',#730);
#732=CARTESIAN_POINT('',(34.510243956,38.508718801,8.700000048));
#733=VERTEX_POINT('',#732);
#734=CARTESIAN_POINT('',(49.471327168,38.508718801,8.700000048));
#735=VERTEX_POINT('',#734);
#736=CARTESIAN_POINT('',(34.510243956,38.508718801,8.700000048));
#737=DIRECTION('',(1.,-0.,0.));
#738=VECTOR('',#737,14.961083212);
#739=LINE('',#736,#738);
#740=EDGE_CURVE('',#733,#735,#739,.T.);
#741=ORIENTED_EDGE('',*,*,#740,.T.);
#742=CARTESIAN_POINT('',(49.471327168,38.508718801,7.5));
#743=VERTEX_POINT('',#742);
#744=CARTESIAN_POINT('',(49.471327168,38.508718801,8.700000048));
#745=DIRECTION('',(0.,0.,-1.));
#746=VECTOR('',#745,1.200000048);
#747=LINE('',#744,#746);
#748=EDGE_CURVE('',#735,#743,#747,.T.);
#749=ORIENTED_EDGE('',*,*,#748,.T.);
#750=CARTESIAN_POINT('',(34.510243956,38.508718801,7.5));
#751=VERTEX_POINT('',#750);
#752=CARTESIAN_POINT('',(49.471327168,38.508718801,7.5));
#753=DIRECTION('',(-1.,0.,0.));
#754=VECTOR('',#753,14.961083212);
#755=LINE('',#752,#754);
#756=EDGE_CURVE('',#743,#751,#755,.T.);
#757=ORIENTED_EDGE('',*,*,#756,.T.);
#758=CARTESIAN_POINT('',(34.510243956,38.508718801,7.5));
#759=DIRECTION('',(-0.,-0.,1.));
#760=VECTOR('',#759,1.200000048);
#761=LINE('',#758,#760);
#762=EDGE_CURVE('',#751,#733,#761,.T.);
#763=ORIENTED_EDGE('',*,*,#762,.T.);
#764=EDGE_LOOP('',(#741,#749,#757,#763));
#765=FACE_BOUND('',#764,.T.);
#766=ADVANCED_FACE('crnxx-right-top-case',(#765),#731,.F.);
#767=CARTESIAN_POINT('',(-17.889755662,40.633718801,2.200000048));
#768=DIRECTION('',(-0.,-1.,0.));
#769=DIRECTION('',(-0.995322813,0.,0.096604854));
#770=AXIS2_PLACEMENT_3D('',#767,#768,#769);
#771=PLANE('',#770);
#772=CARTESIAN_POINT('',(-63.63975757,40.633718801,8.700000048));
#773=VERTEX_POINT('',#772);
#774=CARTESIAN_POINT('',(-59.255721915,40.633718801,8.700000048));
#775=VERTEX_POINT('',#774);
#776=CARTESIAN_POINT('',(-63.63975757,40.633718801,8.700000048));
#777=DIRECTION('',(1.,-0.,0.));
#778=VECTOR('',#777,4.384035655);
#779=LINE('',#776,#778);
#780=EDGE_CURVE('',#773,#775,#779,.T.);
#781=ORIENTED_EDGE('',*,*,#780,.T.);
#782=CARTESIAN_POINT('',(-59.255721915,40.633718801,7.5));
#783=VERTEX_POINT('',#782);
#784=CARTESIAN_POINT('',(-59.255721915,40.633718801,8.700000048));
#785=DIRECTION('',(0.,0.,-1.));
#786=VECTOR('',#785,1.200000048);
#787=LINE('',#784,#786);
#788=EDGE_CURVE('',#775,#783,#787,.T.);
#789=ORIENTED_EDGE('',*,*,#788,.T.);
#790=CARTESIAN_POINT('',(-63.63975757,40.633718801,7.5));
#791=VERTEX_POINT('',#790);
#792=CARTESIAN_POINT('',(-59.255721915,40.633718801,7.5));
#793=DIRECTION('',(-1.,0.,0.));
#794=VECTOR('',#793,4.384035655);
#795=LINE('',#792,#794);
#796=EDGE_CURVE('',#783,#791,#795,.T.);
#797=ORIENTED_EDGE('',*,*,#796,.T.);
#798=CARTESIAN_POINT('',(-63.63975757,40.633718801,7.5));
#799=DIRECTION('',(0.,0.,1.));
#800=VECTOR('',#799,1.200000048);
#801=LINE('',#798,#800);
#802=EDGE_CURVE('',#791,#773,#801,.T.);
#803=ORIENTED_EDGE('',*,*,#802,.T.);
#804=EDGE_LOOP('',(#781,#789,#797,#803));
#805=FACE_BOUND('',#804,.T.);
#806=ADVANCED_FACE('crnxx-right-top-case',(#805),#771,.F.);
#807=CARTESIAN_POINT('',(68.510243956,38.508718801,5.5));
#808=DIRECTION('',(-1.,0.,0.));
#809=DIRECTION('',(0.,0.,-1.));
#810=AXIS2_PLACEMENT_3D('',#807,#808,#809);
#811=PLANE('',#810);
#812=CARTESIAN_POINT('',(68.510243956,37.508718801,8.700000048));
#813=VERTEX_POINT('',#812);
#814=CARTESIAN_POINT('',(68.510243956,-29.891282725,8.700000048));
#815=VERTEX_POINT('',#814);
#816=CARTESIAN_POINT('',(68.510243956,37.508718801,8.700000048));
#817=DIRECTION('',(-0.,-1.,0.));
#818=VECTOR('',#817,67.400001526);
#819=LINE('',#816,#818);
#820=EDGE_CURVE('',#813,#815,#819,.T.);
#821=ORIENTED_EDGE('',*,*,#820,.T.);
#822=CARTESIAN_POINT('',(68.510243956,-29.891282725,7.5));
#823=VERTEX_POINT('',#822);
#824=CARTESIAN_POINT('',(68.510243956,-29.891282725,8.700000048));
#825=DIRECTION('',(-0.,-0.,-1.));
#826=VECTOR('',#825,1.200000048);
#827=LINE('',#824,#826);
#828=EDGE_CURVE('',#815,#823,#827,.T.);
#829=ORIENTED_EDGE('',*,*,#828,.T.);
#830=CARTESIAN_POINT('',(68.510243956,37.508718801,7.5));
#831=VERTEX_POINT('',#830);
#832=CARTESIAN_POINT('',(68.510243956,-29.891282725,7.5));
#833=DIRECTION('',(0.,1.,0.));
#834=VECTOR('',#833,67.400001526);
#835=LINE('',#832,#834);
#836=EDGE_CURVE('',#823,#831,#835,.T.);
#837=ORIENTED_EDGE('',*,*,#836,.T.);
#838=CARTESIAN_POINT('',(68.510243956,37.508718801,7.5));
#839=DIRECTION('',(-0.,-0.,1.));
#840=VECTOR('',#839,1.200000048);
#841=LINE('',#838,#840);
#842=EDGE_CURVE('',#831,#813,#841,.T.);
#843=ORIENTED_EDGE('',*,*,#842,.T.);
#844=EDGE_LOOP('',(#821,#829,#837,#843));
#845=FACE_BOUND('',#844,.T.);
#846=ADVANCED_FACE('crnxx-right-top-case',(#845),#811,.F.);
#847=CARTESIAN_POINT('',(-17.889755662,40.633718801,5.5));
#848=DIRECTION('',(1.,-0.,0.));
#849=DIRECTION('',(0.,0.541401279,-0.840764328));
#850=AXIS2_PLACEMENT_3D('',#847,#848,#849);
#851=PLANE('',#850);
#852=CARTESIAN_POINT('',(-17.889755662,41.758718801,8.700000048));
#853=VERTEX_POINT('',#852);
#854=CARTESIAN_POINT('',(-17.889755662,40.633718801,8.700000048));
#855=DIRECTION('',(0.,1.,0.));
#856=VECTOR('',#855,1.125);
#857=LINE('',#854,#856);
#858=EDGE_CURVE('',#369,#853,#857,.T.);
#859=ORIENTED_EDGE('',*,*,#858,.T.);
#860=CARTESIAN_POINT('',(-17.889755662,41.758718801,7.5));
#861=VERTEX_POINT('',#860);
#862=CARTESIAN_POINT('',(-17.889755662,41.758718801,8.700000048));
#863=DIRECTION('',(0.,0.,-1.));
#864=VECTOR('',#863,1.200000048);
#865=LINE('',#862,#864);
#866=EDGE_CURVE('',#853,#861,#865,.T.);
#867=ORIENTED_EDGE('',*,*,#866,.T.);
#868=CARTESIAN_POINT('',(-17.889755662,41.758718801,7.5));
#869=DIRECTION('',(-0.,-1.,0.));
#870=VECTOR('',#869,1.125);
#871=LINE('',#868,#870);
#872=EDGE_CURVE('',#861,#351,#871,.T.);
#873=ORIENTED_EDGE('',*,*,#872,.T.);
#874=ORIENTED_EDGE('',*,*,#380,.F.);
#875=EDGE_LOOP('',(#859,#867,#873,#874));
#876=FACE_BOUND('',#875,.T.);
#877=ADVANCED_FACE('crnxx-right-top-case',(#876),#851,.F.);
#878=CARTESIAN_POINT('',(-17.889755662,42.758718801,5.5));
#879=DIRECTION('',(-0.,-1.,-0.));
#880=DIRECTION('',(0.981675447,-0.,-0.190560531));
#881=AXIS2_PLACEMENT_3D('',#878,#879,#880);
#882=PLANE('',#881);
#883=CARTESIAN_POINT('',(-0.889756139,42.758718801,7.5));
#884=VERTEX_POINT('',#883);
#885=CARTESIAN_POINT('',(-16.889755662,42.758718801,7.5));
#886=VERTEX_POINT('',#885);
#887=CARTESIAN_POINT('',(-0.889756139,42.758718801,7.5));
#888=DIRECTION('',(-1.,0.,0.));
#889=VECTOR('',#888,15.999999523);
#890=LINE('',#887,#889);
#891=EDGE_CURVE('',#884,#886,#890,.T.);
#892=ORIENTED_EDGE('',*,*,#891,.T.);
#893=CARTESIAN_POINT('',(-16.889755662,42.758718801,8.700000048));
#894=VERTEX_POINT('',#893);
#895=CARTESIAN_POINT('',(-16.889755662,42.758718801,7.5));
#896=DIRECTION('',(-0.,-0.,1.));
#897=VECTOR('',#896,1.200000048);
#898=LINE('',#895,#897);
#899=EDGE_CURVE('',#886,#894,#898,.T.);
#900=ORIENTED_EDGE('',*,*,#899,.T.);
#901=CARTESIAN_POINT('',(-0.889756139,42.758718801,8.700000048));
#902=VERTEX_POINT('',#901);
#903=CARTESIAN_POINT('',(-16.889755662,42.758718801,8.700000048));
#904=DIRECTION('',(1.,-0.,0.));
#905=VECTOR('',#904,15.999999523);
#906=LINE('',#903,#905);
#907=EDGE_CURVE('',#894,#902,#906,.T.);
#908=ORIENTED_EDGE('',*,*,#907,.T.);
#909=CARTESIAN_POINT('',(-0.889756139,42.758718801,8.700000048));
#910=DIRECTION('',(-0.,-0.,-1.));
#911=VECTOR('',#910,1.200000048);
#912=LINE('',#909,#911);
#913=EDGE_CURVE('',#902,#884,#912,.T.);
#914=ORIENTED_EDGE('',*,*,#913,.T.);
#915=EDGE_LOOP('',(#892,#900,#908,#914));
#916=FACE_BOUND('',#915,.T.);
#917=ADVANCED_FACE('crnxx-right-top-case',(#916),#882,.F.);
#918=CARTESIAN_POINT('',(-0.889756139,42.758718801,5.5));
#919=DIRECTION('',(1.,-0.,0.));
#920=DIRECTION('',(0.,0.541401279,-0.840764328));
#921=AXIS2_PLACEMENT_3D('',#918,#919,#920);
#922=PLANE('',#921);
#923=CARTESIAN_POINT('',(-0.889756139,43.883718801,8.700000048));
#924=VERTEX_POINT('',#923);
#925=CARTESIAN_POINT('',(-0.889756139,42.758718801,8.700000048));
#926=DIRECTION('',(0.,1.,0.));
#927=VECTOR('',#926,1.125);
#928=LINE('',#925,#927);
#929=EDGE_CURVE('',#902,#924,#928,.T.);
#930=ORIENTED_EDGE('',*,*,#929,.T.);
#931=CARTESIAN_POINT('',(-0.889756139,43.883718801,7.5));
#932=VERTEX_POINT('',#931);
#933=CARTESIAN_POINT('',(-0.889756139,43.883718801,8.700000048));
#934=DIRECTION('',(0.,0.,-1.));
#935=VECTOR('',#934,1.200000048);
#936=LINE('',#933,#935);
#937=EDGE_CURVE('',#924,#932,#936,.T.);
#938=ORIENTED_EDGE('',*,*,#937,.T.);
#939=CARTESIAN_POINT('',(-0.889756139,43.883718801,7.5));
#940=DIRECTION('',(-0.,-1.,0.));
#941=VECTOR('',#940,1.125);
#942=LINE('',#939,#941);
#943=EDGE_CURVE('',#932,#884,#942,.T.);
#944=ORIENTED_EDGE('',*,*,#943,.T.);
#945=ORIENTED_EDGE('',*,*,#913,.F.);
#946=EDGE_LOOP('',(#930,#938,#944,#945));
#947=FACE_BOUND('',#946,.T.);
#948=ADVANCED_FACE('crnxx-right-top-case',(#947),#922,.F.);
#949=CARTESIAN_POINT('',(34.510243956,42.758718801,2.200000048));
#950=DIRECTION('',(-1.,0.,0.));
#951=DIRECTION('',(-0.,-1.,0.));
#952=AXIS2_PLACEMENT_3D('',#949,#950,#951);
#953=PLANE('',#952);
#954=CARTESIAN_POINT('',(34.510243956,41.758718801,7.5));
#955=VERTEX_POINT('',#954);
#956=CARTESIAN_POINT('',(34.510243956,38.508718801,7.5));
#957=DIRECTION('',(0.,1.,0.));
#958=VECTOR('',#957,3.25);
#959=LINE('',#956,#958);
#960=EDGE_CURVE('',#751,#955,#959,.T.);
#961=ORIENTED_EDGE('',*,*,#960,.T.);
#962=CARTESIAN_POINT('',(34.510243956,41.758718801,8.700000048));
#963=VERTEX_POINT('',#962);
#964=CARTESIAN_POINT('',(34.510243956,41.758718801,7.5));
#965=DIRECTION('',(0.,0.,1.));
#966=VECTOR('',#965,1.200000048);
#967=LINE('',#964,#966);
#968=EDGE_CURVE('',#955,#963,#967,.T.);
#969=ORIENTED_EDGE('',*,*,#968,.T.);
#970=CARTESIAN_POINT('',(34.510243956,41.758718801,8.700000048));
#971=DIRECTION('',(-0.,-1.,0.));
#972=VECTOR('',#971,3.25);
#973=LINE('',#970,#972);
#974=EDGE_CURVE('',#963,#733,#973,.T.);
#975=ORIENTED_EDGE('',*,*,#974,.T.);
#976=ORIENTED_EDGE('',*,*,#762,.F.);
#977=EDGE_LOOP('',(#961,#969,#975,#976));
#978=FACE_BOUND('',#977,.T.);
#979=ADVANCED_FACE('crnxx-right-top-case',(#978),#953,.F.);
#980=CARTESIAN_POINT('',(17.510243956,42.758718801,2.200000048));
#981=DIRECTION('',(-0.,-1.,0.));
#982=DIRECTION('',(1.,-0.,0.));
#983=AXIS2_PLACEMENT_3D('',#980,#981,#982);
#984=PLANE('',#983);
#985=CARTESIAN_POINT('',(17.510243956,42.758718801,8.700000048));
#986=VERTEX_POINT('',#985);
#987=CARTESIAN_POINT('',(33.510243956,42.758718801,8.700000048));
#988=VERTEX_POINT('',#987);
#989=CARTESIAN_POINT('',(17.510243956,42.758718801,8.700000048));
#990=DIRECTION('',(1.,-0.,0.));
#991=VECTOR('',#990,16.);
#992=LINE('',#989,#991);
#993=EDGE_CURVE('',#986,#988,#992,.T.);
#994=ORIENTED_EDGE('',*,*,#993,.T.);
#995=CARTESIAN_POINT('',(33.510243956,42.758718801,7.5));
#996=VERTEX_POINT('',#995);
#997=CARTESIAN_POINT('',(33.510243956,42.758718801,8.700000048));
#998=DIRECTION('',(-0.,-0.,-1.));
#999=VECTOR('',#998,1.200000048);
#1000=LINE('',#997,#999);
#1001=EDGE_CURVE('',#988,#996,#1000,.T.);
#1002=ORIENTED_EDGE('',*,*,#1001,.T.);
#1003=CARTESIAN_POINT('',(17.510243956,42.758718801,7.5));
#1004=VERTEX_POINT('',#1003);
#1005=CARTESIAN_POINT('',(33.510243956,42.758718801,7.5));
#1006=DIRECTION('',(-1.,0.,0.));
#1007=VECTOR('',#1006,16.);
#1008=LINE('',#1005,#1007);
#1009=EDGE_CURVE('',#996,#1004,#1008,.T.);
#1010=ORIENTED_EDGE('',*,*,#1009,.T.);
#1011=CARTESIAN_POINT('',(17.510243956,42.758718801,7.5));
#1012=DIRECTION('',(-0.,-0.,1.));
#1013=VECTOR('',#1012,1.200000048);
#1014=LINE('',#1011,#1013);
#1015=EDGE_CURVE('',#1004,#986,#1014,.T.);
#1016=ORIENTED_EDGE('',*,*,#1015,.T.);
#1017=EDGE_LOOP('',(#994,#1002,#1010,#1016));
#1018=FACE_BOUND('',#1017,.T.);
#1019=ADVANCED_FACE('crnxx-right-top-case',(#1018),#984,.F.);
#1020=CARTESIAN_POINT('',(17.510243956,44.883718801,2.200000048));
#1021=DIRECTION('',(-1.,0.,0.));
#1022=DIRECTION('',(-0.,-1.,0.));
#1023=AXIS2_PLACEMENT_3D('',#1020,#1021,#1022);
#1024=PLANE('',#1023);
#1025=CARTESIAN_POINT('',(17.510243956,43.883718801,7.5));
#1026=VERTEX_POINT('',#1025);
#1027=CARTESIAN_POINT('',(17.510243956,42.758718801,7.5));
#1028=DIRECTION('',(0.,1.,0.));
#1029=VECTOR('',#1028,1.125);
#1030=LINE('',#1027,#1029);
#1031=EDGE_CURVE('',#1004,#1026,#1030,.T.);
#1032=ORIENTED_EDGE('',*,*,#1031,.T.);
#1033=CARTESIAN_POINT('',(17.510243956,43.883718801,8.700000048));
#1034=VERTEX_POINT('',#1033);
#1035=CARTESIAN_POINT('',(17.510243956,43.883718801,7.5));
#1036=DIRECTION('',(0.,0.,1.));
#1037=VECTOR('',#1036,1.200000048);
#1038=LINE('',#1035,#1037);
#1039=EDGE_CURVE('',#1026,#1034,#1038,.T.);
#1040=ORIENTED_EDGE('',*,*,#1039,.T.);
#1041=CARTESIAN_POINT('',(17.510243956,43.883718801,8.700000048));
#1042=DIRECTION('',(-0.,-1.,0.));
#1043=VECTOR('',#1042,1.125);
#1044=LINE('',#1041,#1043);
#1045=EDGE_CURVE('',#1034,#986,#1044,.T.);
#1046=ORIENTED_EDGE('',*,*,#1045,.T.);
#1047=ORIENTED_EDGE('',*,*,#1015,.F.);
#1048=EDGE_LOOP('',(#1032,#1040,#1046,#1047));
#1049=FACE_BOUND('',#1048,.T.);
#1050=ADVANCED_FACE('crnxx-right-top-case',(#1049),#1024,.F.);
#1051=CARTESIAN_POINT('',(-0.889756139,44.883718801,2.200000048));
#1052=DIRECTION('',(-0.,-1.,0.));
#1053=DIRECTION('',(1.,-0.,0.));
#1054=AXIS2_PLACEMENT_3D('',#1051,#1052,#1053);
#1055=PLANE('',#1054);
#1056=CARTESIAN_POINT('',(0.110243861,44.883718801,8.700000048));
#1057=VERTEX_POINT('',#1056);
#1058=CARTESIAN_POINT('',(6.839244691,44.883718801,8.700000048));
#1059=VERTEX_POINT('',#1058);
#1060=CARTESIAN_POINT('',(0.110243861,44.883718801,8.700000048));
#1061=DIRECTION('',(1.,-0.,0.));
#1062=VECTOR('',#1061,6.72900083);
#1063=LINE('',#1060,#1062);
#1064=EDGE_CURVE('',#1057,#1059,#1063,.T.);
#1065=ORIENTED_EDGE('',*,*,#1064,.T.);
#1066=CARTESIAN_POINT('',(6.839244691,44.883718801,7.5));
#1067=VERTEX_POINT('',#1066);
#1068=CARTESIAN_POINT('',(6.839244691,44.883718801,8.700000048));
#1069=DIRECTION('',(0.,0.,-1.));
#1070=VECTOR('',#1069,1.200000048);
#1071=LINE('',#1068,#1070);
#1072=EDGE_CURVE('',#1059,#1067,#1071,.T.);
#1073=ORIENTED_EDGE('',*,*,#1072,.T.);
#1074=CARTESIAN_POINT('',(0.110243861,44.883718801,7.5));
#1075=VERTEX_POINT('',#1074);
#1076=CARTESIAN_POINT('',(6.839244691,44.883718801,7.5));
#1077=DIRECTION('',(-1.,0.,0.));
#1078=VECTOR('',#1077,6.72900083);
#1079=LINE('',#1076,#1078);
#1080=EDGE_CURVE('',#1067,#1075,#1079,.T.);
#1081=ORIENTED_EDGE('',*,*,#1080,.T.);
#1082=CARTESIAN_POINT('',(0.110243861,44.883718801,7.5));
#1083=DIRECTION('',(-0.,-0.,1.));
#1084=VECTOR('',#1083,1.200000048);
#1085=LINE('',#1082,#1084);
#1086=EDGE_CURVE('',#1075,#1057,#1085,.T.);
#1087=ORIENTED_EDGE('',*,*,#1086,.T.);
#1088=EDGE_LOOP('',(#1065,#1073,#1081,#1087));
#1089=FACE_BOUND('',#1088,.T.);
#1090=ADVANCED_FACE('crnxx-right-top-case',(#1089),#1055,.F.);
#1091=CARTESIAN_POINT('',(33.110244338,-26.641282725,5.5));
#1092=DIRECTION('',(0.,1.,0.));
#1093=DIRECTION('',(-0.981675448,0.,-0.190560525));
#1094=AXIS2_PLACEMENT_3D('',#1091,#1092,#1093);
#1095=PLANE('',#1094);
#1096=CARTESIAN_POINT('',(32.110244338,-26.641282725,8.700000048));
#1097=VERTEX_POINT('',#1096);
#1098=CARTESIAN_POINT('',(27.259438235,-26.641282725,8.700000048));
#1099=VERTEX_POINT('',#1098);
#1100=CARTESIAN_POINT('',(32.110244338,-26.641282725,8.700000048));
#1101=DIRECTION('',(-1.,0.,0.));
#1102=VECTOR('',#1101,4.850806103);
#1103=LINE('',#1100,#1102);
#1104=EDGE_CURVE('',#1097,#1099,#1103,.T.);
#1105=ORIENTED_EDGE('',*,*,#1104,.T.);
#1106=CARTESIAN_POINT('',(27.259438235,-26.641282725,7.5));
#1107=VERTEX_POINT('',#1106);
#1108=CARTESIAN_POINT('',(27.259438235,-26.641282725,8.700000048));
#1109=DIRECTION('',(0.,-0.,-1.));
#1110=VECTOR('',#1109,1.200000048);
#1111=LINE('',#1108,#1110);
#1112=EDGE_CURVE('',#1099,#1107,#1111,.T.);
#1113=ORIENTED_EDGE('',*,*,#1112,.T.);
#1114=CARTESIAN_POINT('',(32.110244338,-26.641282725,7.5));
#1115=VERTEX_POINT('',#1114);
#1116=CARTESIAN_POINT('',(27.259438235,-26.641282725,7.5));
#1117=DIRECTION('',(1.,-0.,0.));
#1118=VECTOR('',#1117,4.850806103);
#1119=LINE('',#1116,#1118);
#1120=EDGE_CURVE('',#1107,#1115,#1119,.T.);
#1121=ORIENTED_EDGE('',*,*,#1120,.T.);
#1122=CARTESIAN_POINT('',(32.110244338,-26.641282725,7.5));
#1123=DIRECTION('',(-0.,-0.,1.));
#1124=VECTOR('',#1123,1.200000048);
#1125=LINE('',#1122,#1124);
#1126=EDGE_CURVE('',#1115,#1097,#1125,.T.);
#1127=ORIENTED_EDGE('',*,*,#1126,.T.);
#1128=EDGE_LOOP('',(#1105,#1113,#1121,#1127));
#1129=FACE_BOUND('',#1128,.T.);
#1130=ADVANCED_FACE('crnxx-right-top-case',(#1129),#1095,.F.);
#1131=CARTESIAN_POINT('',(33.110244338,-30.891282725,5.5));
#1132=DIRECTION('',(1.,-0.,0.));
#1133=DIRECTION('',(0.,0.789852318,-0.613297085));
#1134=AXIS2_PLACEMENT_3D('',#1131,#1132,#1133);
#1135=PLANE('',#1134);
#1136=CARTESIAN_POINT('',(33.110244338,-29.891282725,8.700000048));
#1137=VERTEX_POINT('',#1136);
#1138=CARTESIAN_POINT('',(33.110244338,-27.641282725,8.700000048));
#1139=VERTEX_POINT('',#1138);
#1140=CARTESIAN_POINT('',(33.110244338,-29.891282725,8.700000048));
#1141=DIRECTION('',(0.,1.,0.));
#1142=VECTOR('',#1141,2.25);
#1143=LINE('',#1140,#1142);
#1144=EDGE_CURVE('',#1137,#1139,#1143,.T.);
#1145=ORIENTED_EDGE('',*,*,#1144,.T.);
#1146=CARTESIAN_POINT('',(33.110244338,-27.641282725,7.5));
#1147=VERTEX_POINT('',#1146);
#1148=CARTESIAN_POINT('',(33.110244338,-27.641282725,8.700000048));
#1149=DIRECTION('',(0.,0.,-1.));
#1150=VECTOR('',#1149,1.200000048);
#1151=LINE('',#1148,#1150);
#1152=EDGE_CURVE('',#1139,#1147,#1151,.T.);
#1153=ORIENTED_EDGE('',*,*,#1152,.T.);
#1154=CARTESIAN_POINT('',(33.110244338,-29.891282725,7.5));
#1155=VERTEX_POINT('',#1154);
#1156=CARTESIAN_POINT('',(33.110244338,-27.641282725,7.5));
#1157=DIRECTION('',(-0.,-1.,0.));
#1158=VECTOR('',#1157,2.25);
#1159=LINE('',#1156,#1158);
#1160=EDGE_CURVE('',#1147,#1155,#1159,.T.);
#1161=ORIENTED_EDGE('',*,*,#1160,.T.);
#1162=CARTESIAN_POINT('',(33.110244338,-29.891282725,7.5));
#1163=DIRECTION('',(0.,0.,1.));
#1164=VECTOR('',#1163,1.200000048);
#1165=LINE('',#1162,#1164);
#1166=EDGE_CURVE('',#1155,#1137,#1165,.T.);
#1167=ORIENTED_EDGE('',*,*,#1166,.T.);
#1168=EDGE_LOOP('',(#1145,#1153,#1161,#1167));
#1169=FACE_BOUND('',#1168,.T.);
#1170=ADVANCED_FACE('crnxx-right-top-case',(#1169),#1135,.F.);
#1171=CARTESIAN_POINT('',(68.510243956,-30.891282725,5.5));
#1172=DIRECTION('',(0.,1.,0.));
#1173=DIRECTION('',(-0.995683099,0.,-0.092817916));
#1174=AXIS2_PLACEMENT_3D('',#1171,#1172,#1173);
#1175=PLANE('',#1174);
#1176=CARTESIAN_POINT('',(67.510243956,-30.891282725,8.700000048));
#1177=VERTEX_POINT('',#1176);
#1178=CARTESIAN_POINT('',(63.846318918,-30.891282725,8.700000048));
#1179=VERTEX_POINT('',#1178);
#1180=CARTESIAN_POINT('',(67.510243956,-30.891282725,8.700000048));
#1181=DIRECTION('',(-1.,0.,0.));
#1182=VECTOR('',#1181,3.663925038);
#1183=LINE('',#1180,#1182);
#1184=EDGE_CURVE('',#1177,#1179,#1183,.T.);
#1185=ORIENTED_EDGE('',*,*,#1184,.T.);
#1186=CARTESIAN_POINT('',(63.846318918,-30.891282725,7.5));
#1187=VERTEX_POINT('',#1186);
#1188=CARTESIAN_POINT('',(63.846318918,-30.891282725,8.700000048));
#1189=DIRECTION('',(0.,-0.,-1.));
#1190=VECTOR('',#1189,1.200000048);
#1191=LINE('',#1188,#1190);
#1192=EDGE_CURVE('',#1179,#1187,#1191,.T.);
#1193=ORIENTED_EDGE('',*,*,#1192,.T.);
#1194=CARTESIAN_POINT('',(67.510243956,-30.891282725,7.5));
#1195=VERTEX_POINT('',#1194);
#1196=CARTESIAN_POINT('',(63.846318918,-30.891282725,7.5));
#1197=DIRECTION('',(1.,-0.,0.));
#1198=VECTOR('',#1197,3.663925038);
#1199=LINE('',#1196,#1198);
#1200=EDGE_CURVE('',#1187,#1195,#1199,.T.);
#1201=ORIENTED_EDGE('',*,*,#1200,.T.);
#1202=CARTESIAN_POINT('',(67.510243956,-30.891282725,7.5));
#1203=DIRECTION('',(0.,0.,1.));
#1204=VECTOR('',#1203,1.200000048);
#1205=LINE('',#1202,#1204);
#1206=EDGE_CURVE('',#1195,#1177,#1205,.T.);
#1207=ORIENTED_EDGE('',*,*,#1206,.T.);
#1208=EDGE_LOOP('',(#1185,#1193,#1201,#1207));
#1209=FACE_BOUND('',#1208,.T.);
#1210=ADVANCED_FACE('crnxx-right-top-case',(#1209),#1175,.F.);
#1211=CARTESIAN_POINT('',(-33.536210131,-34.653829374,5.5));
#1212=DIRECTION('',(-0.390729293,0.920505633,0.));
#1213=DIRECTION('',(0.,0.,-1.));
#1214=AXIS2_PLACEMENT_3D('',#1211,#1212,#1213);
#1215=PLANE('',#1214);
#1216=CARTESIAN_POINT('',(-40.378369367,-37.558137556,8.700000048));
#1217=VERTEX_POINT('',#1216);
#1218=CARTESIAN_POINT('',(-33.625411372,-34.691692844,8.700000048));
#1219=DIRECTION('',(-0.920505633,-0.390729293,0.));
#1220=VECTOR('',#1219,7.336139787);
#1221=LINE('',#1218,#1220);
#1222=EDGE_CURVE('',#622,#1217,#1221,.T.);
#1223=ORIENTED_EDGE('',*,*,#1222,.T.);
#1224=CARTESIAN_POINT('',(-40.378369367,-37.558137556,7.5));
#1225=VERTEX_POINT('',#1224);
#1226=CARTESIAN_POINT('',(-40.378369367,-37.558137556,8.700000048));
#1227=DIRECTION('',(0.,0.,-1.));
#1228=VECTOR('',#1227,1.200000048);
#1229=LINE('',#1226,#1228);
#1230=EDGE_CURVE('',#1217,#1225,#1229,.T.);
#1231=ORIENTED_EDGE('',*,*,#1230,.T.);
#1232=CARTESIAN_POINT('',(-40.378369367,-37.558137556,7.5));
#1233=DIRECTION('',(0.920505633,0.390729293,0.));
#1234=VECTOR('',#1233,7.336139787);
#1235=LINE('',#1232,#1234);
#1236=EDGE_CURVE('',#1225,#624,#1235,.T.);
#1237=ORIENTED_EDGE('',*,*,#1236,.T.);
#1238=ORIENTED_EDGE('',*,*,#629,.F.);
#1239=EDGE_LOOP('',(#1223,#1231,#1237,#1238));
#1240=FACE_BOUND('',#1239,.T.);
#1241=ADVANCED_FACE('crnxx-right-top-case',(#1240),#1215,.F.);
#1242=CARTESIAN_POINT('',(66.36024243,19.358717275,2.200000048));
#1243=DIRECTION('',(-1.,0.,0.));
#1244=DIRECTION('',(-0.,-0.947340572,-0.320227795));
#1245=AXIS2_PLACEMENT_3D('',#1242,#1243,#1244);
#1246=PLANE('',#1245);
#1247=CARTESIAN_POINT('',(66.36024243,5.25871737,7.5));
#1248=VERTEX_POINT('',#1247);
#1249=CARTESIAN_POINT('',(66.36024243,19.358717275,7.5));
#1250=VERTEX_POINT('',#1249);
#1251=CARTESIAN_POINT('',(66.36024243,5.25871737,7.5));
#1252=DIRECTION('',(0.,1.,0.));
#1253=VECTOR('',#1252,14.099999905);
#1254=LINE('',#1251,#1253);
#1255=EDGE_CURVE('',#1248,#1250,#1254,.T.);
#1256=ORIENTED_EDGE('',*,*,#1255,.F.);
#1257=CARTESIAN_POINT('',(66.36024243,5.25871737,8.700000048));
#1258=VERTEX_POINT('',#1257);
#1259=CARTESIAN_POINT('',(66.36024243,5.25871737,8.700000048));
#1260=DIRECTION('',(0.,0.,-1.));
#1261=VECTOR('',#1260,1.200000048);
#1262=LINE('',#1259,#1261);
#1263=EDGE_CURVE('',#1258,#1248,#1262,.T.);
#1264=ORIENTED_EDGE('',*,*,#1263,.F.);
#1265=CARTESIAN_POINT('',(66.36024243,19.358717275,8.700000048));
#1266=VERTEX_POINT('',#1265);
#1267=CARTESIAN_POINT('',(66.36024243,19.358717275,8.700000048));
#1268=DIRECTION('',(-0.,-1.,0.));
#1269=VECTOR('',#1268,14.099999905);
#1270=LINE('',#1267,#1269);
#1271=EDGE_CURVE('',#1266,#1258,#1270,.T.);
#1272=ORIENTED_EDGE('',*,*,#1271,.F.);
#1273=CARTESIAN_POINT('',(66.36024243,19.358717275,7.5));
#1274=DIRECTION('',(0.,0.,1.));
#1275=VECTOR('',#1274,1.200000048);
#1276=LINE('',#1273,#1275);
#1277=EDGE_CURVE('',#1250,#1266,#1276,.T.);
#1278=ORIENTED_EDGE('',*,*,#1277,.F.);
#1279=EDGE_LOOP('',(#1256,#1264,#1272,#1278));
#1280=FACE_BOUND('',#1279,.T.);
#1281=ADVANCED_FACE('crnxx-right-top-case',(#1280),#1246,.T.);
#1282=CARTESIAN_POINT('',(35.260243956,15.808717084,1.));
#1283=DIRECTION('',(1.,-0.,-0.));
#1284=DIRECTION('',(0.,0.947340572,0.320227795));
#1285=AXIS2_PLACEMENT_3D('',#1282,#1283,#1284);
#1286=PLANE('',#1285);
#1287=CARTESIAN_POINT('',(35.260243956,19.358717275,7.5));
#1288=VERTEX_POINT('',#1287);
#1289=CARTESIAN_POINT('',(35.260243956,5.25871737,7.5));
#1290=VERTEX_POINT('',#1289);
#1291=CARTESIAN_POINT('',(35.260243956,19.358717275,7.5));
#1292=DIRECTION('',(-0.,-1.,0.));
#1293=VECTOR('',#1292,14.099999905);
#1294=LINE('',#1291,#1293);
#1295=EDGE_CURVE('',#1288,#1290,#1294,.T.);
#1296=ORIENTED_EDGE('',*,*,#1295,.F.);
#1297=CARTESIAN_POINT('',(35.260243956,19.358717275,8.700000048));
#1298=VERTEX_POINT('',#1297);
#1299=CARTESIAN_POINT('',(35.260243956,19.358717275,7.5));
#1300=DIRECTION('',(0.,0.,1.));
#1301=VECTOR('',#1300,1.200000048);
#1302=LINE('',#1299,#1301);
#1303=EDGE_CURVE('',#1288,#1298,#1302,.T.);
#1304=ORIENTED_EDGE('',*,*,#1303,.T.);
#1305=CARTESIAN_POINT('',(35.260243956,5.25871737,8.700000048));
#1306=VERTEX_POINT('',#1305);
#1307=CARTESIAN_POINT('',(35.260243956,19.358717275,8.700000048));
#1308=DIRECTION('',(-0.,-1.,0.));
#1309=VECTOR('',#1308,14.099999905);
#1310=LINE('',#1307,#1309);
#1311=EDGE_CURVE('',#1298,#1306,#1310,.T.);
#1312=ORIENTED_EDGE('',*,*,#1311,.T.);
#1313=CARTESIAN_POINT('',(35.260243956,5.25871737,8.700000048));
#1314=DIRECTION('',(0.,0.,-1.));
#1315=VECTOR('',#1314,1.200000048);
#1316=LINE('',#1313,#1315);
#1317=EDGE_CURVE('',#1306,#1290,#1316,.T.);
#1318=ORIENTED_EDGE('',*,*,#1317,.T.);
#1319=EDGE_LOOP('',(#1296,#1304,#1312,#1318));
#1320=FACE_BOUND('',#1319,.T.);
#1321=ADVANCED_FACE('crnxx-right-top-case',(#1320),#1286,.T.);
#1322=CARTESIAN_POINT('',(35.260243956,2.358717424,0.));
#1323=DIRECTION('',(1.,-0.,0.));
#1324=DIRECTION('',(0.,0.,1.));
#1325=AXIS2_PLACEMENT_3D('',#1322,#1323,#1324);
#1326=PLANE('',#1325);
#1327=CARTESIAN_POINT('',(35.260243956,2.358717424,7.5));
#1328=VERTEX_POINT('',#1327);
#1329=CARTESIAN_POINT('',(35.260243956,-11.741282153,7.5));
#1330=VERTEX_POINT('',#1329);
#1331=CARTESIAN_POINT('',(35.260243956,2.358717424,7.5));
#1332=DIRECTION('',(-0.,-1.,0.));
#1333=VECTOR('',#1332,14.099999577);
#1334=LINE('',#1331,#1333);
#1335=EDGE_CURVE('',#1328,#1330,#1334,.T.);
#1336=ORIENTED_EDGE('',*,*,#1335,.F.);
#1337=CARTESIAN_POINT('',(35.260243956,2.358717424,8.700000048));
#1338=VERTEX_POINT('',#1337);
#1339=CARTESIAN_POINT('',(35.260243956,2.358717424,7.5));
#1340=DIRECTION('',(0.,0.,1.));
#1341=VECTOR('',#1340,1.200000048);
#1342=LINE('',#1339,#1341);
#1343=EDGE_CURVE('',#1328,#1338,#1342,.T.);
#1344=ORIENTED_EDGE('',*,*,#1343,.T.);
#1345=CARTESIAN_POINT('',(35.260243956,-11.741282153,8.700000048));
#1346=VERTEX_POINT('',#1345);
#1347=CARTESIAN_POINT('',(35.260243956,2.358717424,8.700000048));
#1348=DIRECTION('',(-0.,-1.,0.));
#1349=VECTOR('',#1348,14.099999577);
#1350=LINE('',#1347,#1349);
#1351=EDGE_CURVE('',#1338,#1346,#1350,.T.);
#1352=ORIENTED_EDGE('',*,*,#1351,.T.);
#1353=CARTESIAN_POINT('',(35.260243956,-11.741282153,7.5));
#1354=DIRECTION('',(0.,0.,1.));
#1355=VECTOR('',#1354,1.200000048);
#1356=LINE('',#1353,#1355);
#1357=EDGE_CURVE('',#1330,#1346,#1356,.T.);
#1358=ORIENTED_EDGE('',*,*,#1357,.F.);
#1359=EDGE_LOOP('',(#1336,#1344,#1352,#1358));
#1360=FACE_BOUND('',#1359,.T.);
#1361=ADVANCED_FACE('crnxx-right-top-case',(#1360),#1326,.T.);
#1362=CARTESIAN_POINT('',(32.360244338,3.058717442,1.));
#1363=DIRECTION('',(-1.,0.,0.));
#1364=DIRECTION('',(0.,0.947340562,0.320227823));
#1365=AXIS2_PLACEMENT_3D('',#1362,#1363,#1364);
#1366=PLANE('',#1365);
#1367=CARTESIAN_POINT('',(32.360244338,-7.491282153,7.5));
#1368=VERTEX_POINT('',#1367);
#1369=CARTESIAN_POINT('',(32.360244338,6.608717275,7.5));
#1370=VERTEX_POINT('',#1369);
#1371=CARTESIAN_POINT('',(32.360244338,-7.491282153,7.5));
#1372=DIRECTION('',(0.,1.,0.));
#1373=VECTOR('',#1372,14.099999428);
#1374=LINE('',#1371,#1373);
#1375=EDGE_CURVE('',#1368,#1370,#1374,.T.);
#1376=ORIENTED_EDGE('',*,*,#1375,.F.);
#1377=CARTESIAN_POINT('',(32.360244338,-7.491282153,8.700000048));
#1378=VERTEX_POINT('',#1377);
#1379=CARTESIAN_POINT('',(32.360244338,-7.491282153,7.5));
#1380=DIRECTION('',(0.,0.,1.));
#1381=VECTOR('',#1380,1.200000048);
#1382=LINE('',#1379,#1381);
#1383=EDGE_CURVE('',#1368,#1378,#1382,.T.);
#1384=ORIENTED_EDGE('',*,*,#1383,.T.);
#1385=CARTESIAN_POINT('',(32.360244338,6.608717275,8.700000048));
#1386=VERTEX_POINT('',#1385);
#1387=CARTESIAN_POINT('',(32.360244338,6.608717275,8.700000048));
#1388=DIRECTION('',(-0.,-1.,0.));
#1389=VECTOR('',#1388,14.099999428);
#1390=LINE('',#1387,#1389);
#1391=EDGE_CURVE('',#1386,#1378,#1390,.T.);
#1392=ORIENTED_EDGE('',*,*,#1391,.F.);
#1393=CARTESIAN_POINT('',(32.360244338,6.608717275,8.700000048));
#1394=DIRECTION('',(0.,0.,-1.));
#1395=VECTOR('',#1394,1.200000048);
#1396=LINE('',#1393,#1395);
#1397=EDGE_CURVE('',#1386,#1370,#1396,.T.);
#1398=ORIENTED_EDGE('',*,*,#1397,.T.);
#1399=EDGE_LOOP('',(#1376,#1384,#1392,#1398));
#1400=FACE_BOUND('',#1399,.T.);
#1401=ADVANCED_FACE('crnxx-right-top-case',(#1400),#1366,.T.);
#1402=CARTESIAN_POINT('',(32.360244338,9.50871737,2.200000048));
#1403=DIRECTION('',(0.,1.,0.));
#1404=DIRECTION('',(0.,0.,-1.));
#1405=AXIS2_PLACEMENT_3D('',#1402,#1403,#1404);
#1406=PLANE('',#1405);
#1407=CARTESIAN_POINT('',(18.260243956,9.50871737,7.5));
#1408=VERTEX_POINT('',#1407);
#1409=CARTESIAN_POINT('',(32.360244338,9.50871737,7.5));
#1410=VERTEX_POINT('',#1409);
#1411=CARTESIAN_POINT('',(18.260243956,9.50871737,7.5));
#1412=DIRECTION('',(1.,-0.,0.));
#1413=VECTOR('',#1412,14.100000382);
#1414=LINE('',#1411,#1413);
#1415=EDGE_CURVE('',#1408,#1410,#1414,.T.);
#1416=ORIENTED_EDGE('',*,*,#1415,.F.);
#1417=CARTESIAN_POINT('',(18.260243956,9.50871737,8.700000048));
#1418=VERTEX_POINT('',#1417);
#1419=CARTESIAN_POINT('',(18.260243956,9.50871737,7.5));
#1420=DIRECTION('',(0.,0.,1.));
#1421=VECTOR('',#1420,1.200000048);
#1422=LINE('',#1419,#1421);
#1423=EDGE_CURVE('',#1408,#1418,#1422,.T.);
#1424=ORIENTED_EDGE('',*,*,#1423,.T.);
#1425=CARTESIAN_POINT('',(32.360244338,9.50871737,8.700000048));
#1426=VERTEX_POINT('',#1425);
#1427=CARTESIAN_POINT('',(18.260243956,9.50871737,8.700000048));
#1428=DIRECTION('',(1.,-0.,0.));
#1429=VECTOR('',#1428,14.100000382);
#1430=LINE('',#1427,#1429);
#1431=EDGE_CURVE('',#1418,#1426,#1430,.T.);
#1432=ORIENTED_EDGE('',*,*,#1431,.T.);
#1433=CARTESIAN_POINT('',(32.360244338,9.50871737,8.700000048));
#1434=DIRECTION('',(0.,0.,-1.));
#1435=VECTOR('',#1434,1.200000048);
#1436=LINE('',#1433,#1435);
#1437=EDGE_CURVE('',#1426,#1410,#1436,.T.);
#1438=ORIENTED_EDGE('',*,*,#1437,.T.);
#1439=EDGE_LOOP('',(#1416,#1424,#1432,#1438));
#1440=FACE_BOUND('',#1439,.T.);
#1441=ADVANCED_FACE('crnxx-right-top-case',(#1440),#1406,.T.);
#1442=CARTESIAN_POINT('',(18.260243956,6.608717275,0.));
#1443=DIRECTION('',(-0.,-1.,0.));
#1444=DIRECTION('',(1.,-0.,0.));
#1445=AXIS2_PLACEMENT_3D('',#1442,#1443,#1444);
#1446=PLANE('',#1445);
#1447=CARTESIAN_POINT('',(18.260243956,6.608717275,7.5));
#1448=VERTEX_POINT('',#1447);
#1449=CARTESIAN_POINT('',(32.360244338,6.608717275,7.5));
#1450=DIRECTION('',(-1.,0.,0.));
#1451=VECTOR('',#1450,14.100000382);
#1452=LINE('',#1449,#1451);
#1453=EDGE_CURVE('',#1370,#1448,#1452,.T.);
#1454=ORIENTED_EDGE('',*,*,#1453,.F.);
#1455=ORIENTED_EDGE('',*,*,#1397,.F.);
#1456=CARTESIAN_POINT('',(18.260243956,6.608717275,8.700000048));
#1457=VERTEX_POINT('',#1456);
#1458=CARTESIAN_POINT('',(32.360244338,6.608717275,8.700000048));
#1459=DIRECTION('',(-1.,0.,0.));
#1460=VECTOR('',#1459,14.100000382);
#1461=LINE('',#1458,#1460);
#1462=EDGE_CURVE('',#1386,#1457,#1461,.T.);
#1463=ORIENTED_EDGE('',*,*,#1462,.T.);
#1464=CARTESIAN_POINT('',(18.260243956,6.608717275,8.700000048));
#1465=DIRECTION('',(0.,0.,-1.));
#1466=VECTOR('',#1465,1.200000048);
#1467=LINE('',#1464,#1466);
#1468=EDGE_CURVE('',#1457,#1448,#1467,.T.);
#1469=ORIENTED_EDGE('',*,*,#1468,.T.);
#1470=EDGE_LOOP('',(#1454,#1455,#1463,#1469));
#1471=FACE_BOUND('',#1470,.T.);
#1472=ADVANCED_FACE('crnxx-right-top-case',(#1471),#1446,.T.);
#1473=CARTESIAN_POINT('',(32.360244338,9.50871737,8.700000048));
#1474=DIRECTION('',(0.,0.,1.));
#1475=DIRECTION('',(-0.,-1.,0.));
#1476=AXIS2_PLACEMENT_3D('',#1473,#1474,#1475);
#1477=PLANE('',#1476);
#1478=CARTESIAN_POINT('',(-38.021891303,21.713717847,8.700000048));
#1479=VERTEX_POINT('',#1478);
#1480=CARTESIAN_POINT('',(-38.021891303,21.713717847,8.700000048));
#1481=DIRECTION('',(-1.,0.,0.));
#1482=VECTOR('',#1481,26.617866267);
#1483=LINE('',#1480,#1482);
#1484=EDGE_CURVE('',#1479,#233,#1483,.T.);
#1485=ORIENTED_EDGE('',*,*,#1484,.F.);
#1486=CARTESIAN_POINT('',(-35.021891303,18.713717847,8.700000048));
#1487=VERTEX_POINT('',#1486);
#1488=CARTESIAN_POINT('',(-38.021891303,18.713717847,8.700000048));
#1489=DIRECTION('',(-0.,-0.,-1.));
#1490=DIRECTION('',(1.,0.,-0.));
#1491=AXIS2_PLACEMENT_3D('',#1488,#1489,#1490);
#1492=CIRCLE('',#1491,3.);
#1493=EDGE_CURVE('',#1479,#1487,#1492,.T.);
#1494=ORIENTED_EDGE('',*,*,#1493,.T.);
#1495=CARTESIAN_POINT('',(-35.021891303,-10.613145651,8.700000048));
#1496=VERTEX_POINT('',#1495);
#1497=CARTESIAN_POINT('',(-35.021891303,-10.613145651,8.700000048));
#1498=DIRECTION('',(0.,1.,0.));
#1499=VECTOR('',#1498,29.326863498);
#1500=LINE('',#1497,#1499);
#1501=EDGE_CURVE('',#1496,#1487,#1500,.T.);
#1502=ORIENTED_EDGE('',*,*,#1501,.F.);
#1503=CARTESIAN_POINT('',(-38.021891303,-10.613145651,8.700000048));
#1504=DIRECTION('',(-0.,-0.,-1.));
#1505=DIRECTION('',(1.,0.,-0.));
#1506=AXIS2_PLACEMENT_3D('',#1503,#1504,#1505);
#1507=CIRCLE('',#1506,3.);
#1508=EDGE_CURVE('',#1496,#33,#1507,.T.);
#1509=ORIENTED_EDGE('',*,*,#1508,.T.);
#1510=ORIENTED_EDGE('',*,*,#78,.F.);
#1511=ORIENTED_EDGE('',*,*,#197,.F.);
#1512=ORIENTED_EDGE('',*,*,#610,.F.);
#1513=CARTESIAN_POINT('',(-54.517899463,-42.473619262,8.700000048));
#1514=DIRECTION('',(0.,0.,1.));
#1515=DIRECTION('',(1.,0.,-0.));
#1516=AXIS2_PLACEMENT_3D('',#1513,#1514,#1515);
#1517=CIRCLE('',#1516,1.);
#1518=EDGE_CURVE('',#599,#569,#1517,.T.);
#1519=ORIENTED_EDGE('',*,*,#1518,.T.);
#1520=ORIENTED_EDGE('',*,*,#574,.F.);
#1521=CARTESIAN_POINT('',(-43.680926124,-39.503161685,8.700000048));
#1522=VERTEX_POINT('',#1521);
#1523=CARTESIAN_POINT('',(-43.680926124,-39.503161685,8.700000048));
#1524=DIRECTION('',(-0.390729293,0.920505633,0.));
#1525=VECTOR('',#1524,0.5);
#1526=LINE('',#1523,#1525);
#1527=EDGE_CURVE('',#1522,#561,#1526,.T.);
#1528=ORIENTED_EDGE('',*,*,#1527,.F.);
#1529=CARTESIAN_POINT('',(-43.025308662,-39.768049855,8.700000048));
#1530=VERTEX_POINT('',#1529);
#1531=CARTESIAN_POINT('',(-43.220673308,-39.307797039,8.700000048));
#1532=DIRECTION('',(0.,0.,1.));
#1533=DIRECTION('',(1.,0.,-0.));
#1534=AXIS2_PLACEMENT_3D('',#1531,#1532,#1533);
#1535=CIRCLE('',#1534,0.5);
#1536=EDGE_CURVE('',#1522,#1530,#1535,.T.);
#1537=ORIENTED_EDGE('',*,*,#1536,.T.);
#1538=CARTESIAN_POINT('',(-40.44789289,-38.674007835,8.700000048));
#1539=VERTEX_POINT('',#1538);
#1540=CARTESIAN_POINT('',(-43.025308662,-39.768049855,8.700000048));
#1541=DIRECTION('',(0.920505633,0.390729293,0.));
#1542=VECTOR('',#1541,2.8);
#1543=LINE('',#1540,#1542);
#1544=EDGE_CURVE('',#1530,#1539,#1543,.T.);
#1545=ORIENTED_EDGE('',*,*,#1544,.T.);
#1546=CARTESIAN_POINT('',(-40.143257537,-38.213755019,8.700000048));
#1547=VERTEX_POINT('',#1546);
#1548=CARTESIAN_POINT('',(-40.643257537,-38.213755019,8.700000048));
#1549=DIRECTION('',(0.,0.,1.));
#1550=DIRECTION('',(1.,0.,-0.));
#1551=AXIS2_PLACEMENT_3D('',#1548,#1549,#1550);
#1552=CIRCLE('',#1551,0.5);
#1553=EDGE_CURVE('',#1539,#1547,#1552,.T.);
#1554=ORIENTED_EDGE('',*,*,#1553,.T.);
#1555=CARTESIAN_POINT('',(-40.183004721,-38.018390372,8.700000048));
#1556=VERTEX_POINT('',#1555);
#1557=CARTESIAN_POINT('',(-40.643257537,-38.213755019,8.700000048));
#1558=DIRECTION('',(0.,0.,1.));
#1559=DIRECTION('',(1.,0.,-0.));
#1560=AXIS2_PLACEMENT_3D('',#1557,#1558,#1559);
#1561=CIRCLE('',#1560,0.5);
#1562=EDGE_CURVE('',#1547,#1556,#1561,.T.);
#1563=ORIENTED_EDGE('',*,*,#1562,.T.);
#1564=CARTESIAN_POINT('',(-40.183004721,-38.018390372,8.700000048));
#1565=DIRECTION('',(-0.390729293,0.920505633,0.));
#1566=VECTOR('',#1565,0.5);
#1567=LINE('',#1564,#1566);
#1568=EDGE_CURVE('',#1556,#1217,#1567,.T.);
#1569=ORIENTED_EDGE('',*,*,#1568,.T.);
#1570=ORIENTED_EDGE('',*,*,#1222,.F.);
#1571=ORIENTED_EDGE('',*,*,#642,.F.);
#1572=ORIENTED_EDGE('',*,*,#294,.F.);
#1573=CARTESIAN_POINT('',(-10.584175587,-31.626283336,8.700000048));
#1574=VERTEX_POINT('',#1573);
#1575=CARTESIAN_POINT('',(-10.584175587,-31.626283336,8.700000048));
#1576=DIRECTION('',(-0.,1.,-0.));
#1577=VECTOR('',#1576,0.5);
#1578=LINE('',#1575,#1577);
#1579=EDGE_CURVE('',#1574,#281,#1578,.T.);
#1580=ORIENTED_EDGE('',*,*,#1579,.F.);
#1581=CARTESIAN_POINT('',(-10.084175587,-32.126283336,8.700000048));
#1582=VERTEX_POINT('',#1581);
#1583=CARTESIAN_POINT('',(-10.084175587,-31.626283336,8.700000048));
#1584=DIRECTION('',(0.,0.,1.));
#1585=DIRECTION('',(1.,0.,-0.));
#1586=AXIS2_PLACEMENT_3D('',#1583,#1584,#1585);
#1587=CIRCLE('',#1586,0.5);
#1588=EDGE_CURVE('',#1574,#1582,#1587,.T.);
#1589=ORIENTED_EDGE('',*,*,#1588,.T.);
#1590=CARTESIAN_POINT('',(-7.284175587,-32.126283336,8.700000048));
#1591=VERTEX_POINT('',#1590);
#1592=CARTESIAN_POINT('',(-10.084175587,-32.126283336,8.700000048));
#1593=DIRECTION('',(1.,0.,0.));
#1594=VECTOR('',#1593,2.8);
#1595=LINE('',#1592,#1594);
#1596=EDGE_CURVE('',#1582,#1591,#1595,.T.);
#1597=ORIENTED_EDGE('',*,*,#1596,.T.);
#1598=CARTESIAN_POINT('',(-6.784175587,-31.626283336,8.700000048));
#1599=VERTEX_POINT('',#1598);
#1600=CARTESIAN_POINT('',(-7.284175587,-31.626283336,8.700000048));
#1601=DIRECTION('',(0.,0.,1.));
#1602=DIRECTION('',(1.,0.,-0.));
#1603=AXIS2_PLACEMENT_3D('',#1600,#1601,#1602);
#1604=CIRCLE('',#1603,0.5);
#1605=EDGE_CURVE('',#1591,#1599,#1604,.T.);
#1606=ORIENTED_EDGE('',*,*,#1605,.T.);
#1607=CARTESIAN_POINT('',(-6.784175587,-31.626283336,8.700000048));
#1608=DIRECTION('',(-0.,1.,-0.));
#1609=VECTOR('',#1608,0.5);
#1610=LINE('',#1607,#1609);
#1611=EDGE_CURVE('',#1599,#655,#1610,.T.);
#1612=ORIENTED_EDGE('',*,*,#1611,.T.);
#1613=ORIENTED_EDGE('',*,*,#660,.F.);
#1614=CARTESIAN_POINT('',(15.110243956,-30.126283336,8.700000048));
#1615=DIRECTION('',(0.,0.,1.));
#1616=DIRECTION('',(1.,0.,-0.));
#1617=AXIS2_PLACEMENT_3D('',#1614,#1615,#1616);
#1618=CIRCLE('',#1617,1.);
#1619=EDGE_CURVE('',#653,#695,#1618,.T.);
#1620=ORIENTED_EDGE('',*,*,#1619,.T.);
#1621=ORIENTED_EDGE('',*,*,#700,.F.);
#1622=CARTESIAN_POINT('',(17.110243956,-27.641282725,8.700000048));
#1623=DIRECTION('',(-0.,-0.,-1.));
#1624=DIRECTION('',(1.,0.,-0.));
#1625=AXIS2_PLACEMENT_3D('',#1622,#1623,#1624);
#1626=CIRCLE('',#1625,1.);
#1627=EDGE_CURVE('',#693,#489,#1626,.T.);
#1628=ORIENTED_EDGE('',*,*,#1627,.T.);
#1629=ORIENTED_EDGE('',*,*,#494,.F.);
#1630=CARTESIAN_POINT('',(23.459438235,-27.141282725,8.700000048));
#1631=VERTEX_POINT('',#1630);
#1632=CARTESIAN_POINT('',(23.459438235,-27.141282725,8.700000048));
#1633=DIRECTION('',(0.,1.,-0.));
#1634=VECTOR('',#1633,0.5);
#1635=LINE('',#1632,#1634);
#1636=EDGE_CURVE('',#1631,#481,#1635,.T.);
#1637=ORIENTED_EDGE('',*,*,#1636,.F.);
#1638=CARTESIAN_POINT('',(23.959438235,-27.641282725,8.700000048));
#1639=VERTEX_POINT('',#1638);
#1640=CARTESIAN_POINT('',(23.959438235,-27.141282725,8.700000048));
#1641=DIRECTION('',(0.,0.,1.));
#1642=DIRECTION('',(1.,0.,-0.));
#1643=AXIS2_PLACEMENT_3D('',#1640,#1641,#1642);
#1644=CIRCLE('',#1643,0.5);
#1645=EDGE_CURVE('',#1631,#1639,#1644,.T.);
#1646=ORIENTED_EDGE('',*,*,#1645,.T.);
#1647=CARTESIAN_POINT('',(26.759438235,-27.641282725,8.700000048));
#1648=VERTEX_POINT('',#1647);
#1649=CARTESIAN_POINT('',(23.959438235,-27.641282725,8.700000048));
#1650=DIRECTION('',(1.,0.,-0.));
#1651=VECTOR('',#1650,2.8);
#1652=LINE('',#1649,#1651);
#1653=EDGE_CURVE('',#1639,#1648,#1652,.T.);
#1654=ORIENTED_EDGE('',*,*,#1653,.T.);
#1655=CARTESIAN_POINT('',(27.259438235,-27.141282725,8.700000048));
#1656=VERTEX_POINT('',#1655);
#1657=CARTESIAN_POINT('',(26.759438235,-27.141282725,8.700000048));
#1658=DIRECTION('',(0.,0.,1.));
#1659=DIRECTION('',(1.,0.,-0.));
#1660=AXIS2_PLACEMENT_3D('',#1657,#1658,#1659);
#1661=CIRCLE('',#1660,0.5);
#1662=EDGE_CURVE('',#1648,#1656,#1661,.T.);
#1663=ORIENTED_EDGE('',*,*,#1662,.T.);
#1664=CARTESIAN_POINT('',(27.259438235,-27.141282725,8.700000048));
#1665=DIRECTION('',(0.,1.,-0.));
#1666=VECTOR('',#1665,0.5);
#1667=LINE('',#1664,#1666);
#1668=EDGE_CURVE('',#1656,#1099,#1667,.T.);
#1669=ORIENTED_EDGE('',*,*,#1668,.T.);
#1670=ORIENTED_EDGE('',*,*,#1104,.F.);
#1671=CARTESIAN_POINT('',(32.110244338,-27.641282725,8.700000048));
#1672=DIRECTION('',(-0.,-0.,-1.));
#1673=DIRECTION('',(1.,0.,-0.));
#1674=AXIS2_PLACEMENT_3D('',#1671,#1672,#1673);
#1675=CIRCLE('',#1674,1.);
#1676=EDGE_CURVE('',#1097,#1139,#1675,.T.);
#1677=ORIENTED_EDGE('',*,*,#1676,.T.);
#1678=ORIENTED_EDGE('',*,*,#1144,.F.);
#1679=CARTESIAN_POINT('',(34.110244338,-29.891282725,8.700000048));
#1680=DIRECTION('',(0.,0.,1.));
#1681=DIRECTION('',(1.,0.,-0.));
#1682=AXIS2_PLACEMENT_3D('',#1679,#1680,#1681);
#1683=CIRCLE('',#1682,1.);
#1684=EDGE_CURVE('',#1137,#529,#1683,.T.);
#1685=ORIENTED_EDGE('',*,*,#1684,.T.);
#1686=ORIENTED_EDGE('',*,*,#534,.F.);
#1687=CARTESIAN_POINT('',(60.046318918,-31.391282725,8.700000048));
#1688=VERTEX_POINT('',#1687);
#1689=CARTESIAN_POINT('',(60.046318918,-31.391282725,8.700000048));
#1690=DIRECTION('',(0.,1.,-0.));
#1691=VECTOR('',#1690,0.5);
#1692=LINE('',#1689,#1691);
#1693=EDGE_CURVE('',#1688,#521,#1692,.T.);
#1694=ORIENTED_EDGE('',*,*,#1693,.F.);
#1695=CARTESIAN_POINT('',(60.546318918,-31.891282725,8.700000048));
#1696=VERTEX_POINT('',#1695);
#1697=CARTESIAN_POINT('',(60.546318918,-31.391282725,8.700000048));
#1698=DIRECTION('',(0.,0.,1.));
#1699=DIRECTION('',(1.,0.,-0.));
#1700=AXIS2_PLACEMENT_3D('',#1697,#1698,#1699);
#1701=CIRCLE('',#1700,0.5);
#1702=EDGE_CURVE('',#1688,#1696,#1701,.T.);
#1703=ORIENTED_EDGE('',*,*,#1702,.T.);
#1704=CARTESIAN_POINT('',(63.346318918,-31.891282725,8.700000048));
#1705=VERTEX_POINT('',#1704);
#1706=CARTESIAN_POINT('',(60.546318918,-31.891282725,8.700000048));
#1707=DIRECTION('',(1.,0.,0.));
#1708=VECTOR('',#1707,2.8);
#1709=LINE('',#1706,#1708);
#1710=EDGE_CURVE('',#1696,#1705,#1709,.T.);
#1711=ORIENTED_EDGE('',*,*,#1710,.T.);
#1712=CARTESIAN_POINT('',(63.846318918,-31.391282725,8.700000048));
#1713=VERTEX_POINT('',#1712);
#1714=CARTESIAN_POINT('',(63.346318918,-31.391282725,8.700000048));
#1715=DIRECTION('',(0.,0.,1.));
#1716=DIRECTION('',(1.,0.,-0.));
#1717=AXIS2_PLACEMENT_3D('',#1714,#1715,#1716);
#1718=CIRCLE('',#1717,0.5);
#1719=EDGE_CURVE('',#1705,#1713,#1718,.T.);
#1720=ORIENTED_EDGE('',*,*,#1719,.T.);
#1721=CARTESIAN_POINT('',(63.846318918,-31.391282725,8.700000048));
#1722=DIRECTION('',(0.,1.,-0.));
#1723=VECTOR('',#1722,0.5);
#1724=LINE('',#1721,#1723);
#1725=EDGE_CURVE('',#1713,#1179,#1724,.T.);
#1726=ORIENTED_EDGE('',*,*,#1725,.T.);
#1727=ORIENTED_EDGE('',*,*,#1184,.F.);
#1728=CARTESIAN_POINT('',(67.510243956,-29.891282725,8.700000048));
#1729=DIRECTION('',(0.,0.,1.));
#1730=DIRECTION('',(1.,0.,-0.));
#1731=AXIS2_PLACEMENT_3D('',#1728,#1729,#1730);
#1732=CIRCLE('',#1731,1.);
#1733=EDGE_CURVE('',#1177,#815,#1732,.T.);
#1734=ORIENTED_EDGE('',*,*,#1733,.T.);
#1735=ORIENTED_EDGE('',*,*,#820,.F.);
#1736=CARTESIAN_POINT('',(67.510243956,37.508718801,8.700000048));
#1737=DIRECTION('',(0.,0.,1.));
#1738=DIRECTION('',(1.,0.,-0.));
#1739=AXIS2_PLACEMENT_3D('',#1736,#1737,#1738);
#1740=CIRCLE('',#1739,1.);
#1741=EDGE_CURVE('',#813,#329,#1740,.T.);
#1742=ORIENTED_EDGE('',*,*,#1741,.T.);
#1743=ORIENTED_EDGE('',*,*,#334,.F.);
#1744=CARTESIAN_POINT('',(53.271327168,39.508718801,8.700000048));
#1745=VERTEX_POINT('',#1744);
#1746=CARTESIAN_POINT('',(53.271327168,39.508718801,8.700000048));
#1747=DIRECTION('',(0.,-1.,0.));
#1748=VECTOR('',#1747,1.);
#1749=LINE('',#1746,#1748);
#1750=EDGE_CURVE('',#1745,#321,#1749,.T.);
#1751=ORIENTED_EDGE('',*,*,#1750,.F.);
#1752=CARTESIAN_POINT('',(52.771327168,40.008718801,8.700000048));
#1753=VERTEX_POINT('',#1752);
#1754=CARTESIAN_POINT('',(52.771327168,39.508718801,8.700000048));
#1755=DIRECTION('',(0.,0.,1.));
#1756=DIRECTION('',(1.,0.,-0.));
#1757=AXIS2_PLACEMENT_3D('',#1754,#1755,#1756);
#1758=CIRCLE('',#1757,0.5);
#1759=EDGE_CURVE('',#1745,#1753,#1758,.T.);
#1760=ORIENTED_EDGE('',*,*,#1759,.T.);
#1761=CARTESIAN_POINT('',(49.971327168,40.008718801,8.700000048));
#1762=VERTEX_POINT('',#1761);
#1763=CARTESIAN_POINT('',(52.771327168,40.008718801,8.700000048));
#1764=DIRECTION('',(-1.,0.,0.));
#1765=VECTOR('',#1764,2.8);
#1766=LINE('',#1763,#1765);
#1767=EDGE_CURVE('',#1753,#1762,#1766,.T.);
#1768=ORIENTED_EDGE('',*,*,#1767,.T.);
#1769=CARTESIAN_POINT('',(49.471327168,39.508718801,8.700000048));
#1770=VERTEX_POINT('',#1769);
#1771=CARTESIAN_POINT('',(49.971327168,39.508718801,8.700000048));
#1772=DIRECTION('',(0.,0.,1.));
#1773=DIRECTION('',(1.,0.,-0.));
#1774=AXIS2_PLACEMENT_3D('',#1771,#1772,#1773);
#1775=CIRCLE('',#1774,0.5);
#1776=EDGE_CURVE('',#1762,#1770,#1775,.T.);
#1777=ORIENTED_EDGE('',*,*,#1776,.T.);
#1778=CARTESIAN_POINT('',(49.471327168,39.508718801,8.700000048));
#1779=DIRECTION('',(0.,-1.,0.));
#1780=VECTOR('',#1779,1.);
#1781=LINE('',#1778,#1780);
#1782=EDGE_CURVE('',#1770,#735,#1781,.T.);
#1783=ORIENTED_EDGE('',*,*,#1782,.T.);
#1784=ORIENTED_EDGE('',*,*,#740,.F.);
#1785=ORIENTED_EDGE('',*,*,#974,.F.);
#1786=CARTESIAN_POINT('',(33.510243956,41.758718801,8.700000048));
#1787=DIRECTION('',(0.,0.,1.));
#1788=DIRECTION('',(1.,0.,-0.));
#1789=AXIS2_PLACEMENT_3D('',#1786,#1787,#1788);
#1790=CIRCLE('',#1789,1.);
#1791=EDGE_CURVE('',#963,#988,#1790,.T.);
#1792=ORIENTED_EDGE('',*,*,#1791,.T.);
#1793=ORIENTED_EDGE('',*,*,#993,.F.);
#1794=ORIENTED_EDGE('',*,*,#1045,.F.);
#1795=CARTESIAN_POINT('',(16.510243956,43.883718801,8.700000048));
#1796=DIRECTION('',(0.,0.,1.));
#1797=DIRECTION('',(1.,0.,-0.));
#1798=AXIS2_PLACEMENT_3D('',#1795,#1796,#1797);
#1799=CIRCLE('',#1798,1.);
#1800=EDGE_CURVE('',#1034,#449,#1799,.T.);
#1801=ORIENTED_EDGE('',*,*,#1800,.T.);
#1802=ORIENTED_EDGE('',*,*,#454,.F.);
#1803=CARTESIAN_POINT('',(10.639244691,45.883718801,8.700000048));
#1804=VERTEX_POINT('',#1803);
#1805=CARTESIAN_POINT('',(10.639244691,45.883718801,8.700000048));
#1806=DIRECTION('',(0.,-1.,0.));
#1807=VECTOR('',#1806,1.);
#1808=LINE('',#1805,#1807);
#1809=EDGE_CURVE('',#1804,#441,#1808,.T.);
#1810=ORIENTED_EDGE('',*,*,#1809,.F.);
#1811=CARTESIAN_POINT('',(10.139244691,46.383718801,8.700000048));
#1812=VERTEX_POINT('',#1811);
#1813=CARTESIAN_POINT('',(10.139244691,45.883718801,8.700000048));
#1814=DIRECTION('',(0.,0.,1.));
#1815=DIRECTION('',(1.,0.,-0.));
#1816=AXIS2_PLACEMENT_3D('',#1813,#1814,#1815);
#1817=CIRCLE('',#1816,0.5);
#1818=EDGE_CURVE('',#1804,#1812,#1817,.T.);
#1819=ORIENTED_EDGE('',*,*,#1818,.T.);
#1820=CARTESIAN_POINT('',(7.339244691,46.383718801,8.700000048));
#1821=VERTEX_POINT('',#1820);
#1822=CARTESIAN_POINT('',(10.139244691,46.383718801,8.700000048));
#1823=DIRECTION('',(-1.,0.,0.));
#1824=VECTOR('',#1823,2.8);
#1825=LINE('',#1822,#1824);
#1826=EDGE_CURVE('',#1812,#1821,#1825,.T.);
#1827=ORIENTED_EDGE('',*,*,#1826,.T.);
#1828=CARTESIAN_POINT('',(6.839244691,45.883718801,8.700000048));
#1829=VERTEX_POINT('',#1828);
#1830=CARTESIAN_POINT('',(7.339244691,45.883718801,8.700000048));
#1831=DIRECTION('',(0.,0.,1.));
#1832=DIRECTION('',(1.,0.,-0.));
#1833=AXIS2_PLACEMENT_3D('',#1830,#1831,#1832);
#1834=CIRCLE('',#1833,0.5);
#1835=EDGE_CURVE('',#1821,#1829,#1834,.T.);
#1836=ORIENTED_EDGE('',*,*,#1835,.T.);
#1837=CARTESIAN_POINT('',(6.839244691,45.883718801,8.700000048));
#1838=DIRECTION('',(0.,-1.,0.));
#1839=VECTOR('',#1838,1.);
#1840=LINE('',#1837,#1839);
#1841=EDGE_CURVE('',#1829,#1059,#1840,.T.);
#1842=ORIENTED_EDGE('',*,*,#1841,.T.);
#1843=ORIENTED_EDGE('',*,*,#1064,.F.);
#1844=CARTESIAN_POINT('',(0.110243861,43.883718801,8.700000048));
#1845=DIRECTION('',(0.,0.,1.));
#1846=DIRECTION('',(1.,0.,-0.));
#1847=AXIS2_PLACEMENT_3D('',#1844,#1845,#1846);
#1848=CIRCLE('',#1847,1.);
#1849=EDGE_CURVE('',#1057,#924,#1848,.T.);
#1850=ORIENTED_EDGE('',*,*,#1849,.T.);
#1851=ORIENTED_EDGE('',*,*,#929,.F.);
#1852=ORIENTED_EDGE('',*,*,#907,.F.);
#1853=CARTESIAN_POINT('',(-16.889755662,41.758718801,8.700000048));
#1854=DIRECTION('',(0.,0.,1.));
#1855=DIRECTION('',(1.,0.,-0.));
#1856=AXIS2_PLACEMENT_3D('',#1853,#1854,#1855);
#1857=CIRCLE('',#1856,1.);
#1858=EDGE_CURVE('',#894,#853,#1857,.T.);
#1859=ORIENTED_EDGE('',*,*,#1858,.T.);
#1860=ORIENTED_EDGE('',*,*,#858,.F.);
#1861=ORIENTED_EDGE('',*,*,#374,.F.);
#1862=CARTESIAN_POINT('',(-23.566290736,41.633718801,8.700000048));
#1863=VERTEX_POINT('',#1862);
#1864=CARTESIAN_POINT('',(-23.566290736,41.633718801,8.700000048));
#1865=DIRECTION('',(0.,-1.,0.));
#1866=VECTOR('',#1865,1.);
#1867=LINE('',#1864,#1866);
#1868=EDGE_CURVE('',#1863,#361,#1867,.T.);
#1869=ORIENTED_EDGE('',*,*,#1868,.F.);
#1870=CARTESIAN_POINT('',(-24.066290736,42.133718801,8.700000048));
#1871=VERTEX_POINT('',#1870);
#1872=CARTESIAN_POINT('',(-24.066290736,41.633718801,8.700000048));
#1873=DIRECTION('',(0.,0.,1.));
#1874=DIRECTION('',(1.,0.,-0.));
#1875=AXIS2_PLACEMENT_3D('',#1872,#1873,#1874);
#1876=CIRCLE('',#1875,0.5);
#1877=EDGE_CURVE('',#1863,#1871,#1876,.T.);
#1878=ORIENTED_EDGE('',*,*,#1877,.T.);
#1879=CARTESIAN_POINT('',(-26.866290736,42.133718801,8.700000048));
#1880=VERTEX_POINT('',#1879);
#1881=CARTESIAN_POINT('',(-24.066290736,42.133718801,8.700000048));
#1882=DIRECTION('',(-1.,-0.,0.));
#1883=VECTOR('',#1882,2.8);
#1884=LINE('',#1881,#1883);
#1885=EDGE_CURVE('',#1871,#1880,#1884,.T.);
#1886=ORIENTED_EDGE('',*,*,#1885,.T.);
#1887=CARTESIAN_POINT('',(-27.366290736,41.633718801,8.700000048));
#1888=VERTEX_POINT('',#1887);
#1889=CARTESIAN_POINT('',(-26.866290736,41.633718801,8.700000048));
#1890=DIRECTION('',(0.,0.,1.));
#1891=DIRECTION('',(1.,0.,-0.));
#1892=AXIS2_PLACEMENT_3D('',#1889,#1890,#1891);
#1893=CIRCLE('',#1892,0.5);
#1894=EDGE_CURVE('',#1880,#1888,#1893,.T.);
#1895=ORIENTED_EDGE('',*,*,#1894,.T.);
#1896=CARTESIAN_POINT('',(-27.366290736,41.633718801,8.700000048));
#1897=DIRECTION('',(0.,-1.,0.));
#1898=VECTOR('',#1897,1.);
#1899=LINE('',#1896,#1898);
#1900=EDGE_CURVE('',#1888,#393,#1899,.T.);
#1901=ORIENTED_EDGE('',*,*,#1900,.T.);
#1902=ORIENTED_EDGE('',*,*,#398,.F.);
#1903=CARTESIAN_POINT('',(-55.455721915,41.633718801,8.700000048));
#1904=VERTEX_POINT('',#1903);
#1905=CARTESIAN_POINT('',(-55.455721915,41.633718801,8.700000048));
#1906=DIRECTION('',(0.,-1.,0.));
#1907=VECTOR('',#1906,1.);
#1908=LINE('',#1905,#1907);
#1909=EDGE_CURVE('',#1904,#391,#1908,.T.);
#1910=ORIENTED_EDGE('',*,*,#1909,.F.);
#1911=CARTESIAN_POINT('',(-55.955721915,42.133718801,8.700000048));
#1912=VERTEX_POINT('',#1911);
#1913=CARTESIAN_POINT('',(-55.955721915,41.633718801,8.700000048));
#1914=DIRECTION('',(0.,0.,1.));
#1915=DIRECTION('',(1.,0.,-0.));
#1916=AXIS2_PLACEMENT_3D('',#1913,#1914,#1915);
#1917=CIRCLE('',#1916,0.5);
#1918=EDGE_CURVE('',#1904,#1912,#1917,.T.);
#1919=ORIENTED_EDGE('',*,*,#1918,.T.);
#1920=CARTESIAN_POINT('',(-58.755721915,42.133718801,8.700000048));
#1921=VERTEX_POINT('',#1920);
#1922=CARTESIAN_POINT('',(-55.955721915,42.133718801,8.700000048));
#1923=DIRECTION('',(-1.,-0.,0.));
#1924=VECTOR('',#1923,2.8);
#1925=LINE('',#1922,#1924);
#1926=EDGE_CURVE('',#1912,#1921,#1925,.T.);
#1927=ORIENTED_EDGE('',*,*,#1926,.T.);
#1928=CARTESIAN_POINT('',(-59.255721915,41.633718801,8.700000048));
#1929=VERTEX_POINT('',#1928);
#1930=CARTESIAN_POINT('',(-58.755721915,41.633718801,8.700000048));
#1931=DIRECTION('',(0.,0.,1.));
#1932=DIRECTION('',(1.,0.,-0.));
#1933=AXIS2_PLACEMENT_3D('',#1930,#1931,#1932);
#1934=CIRCLE('',#1933,0.5);
#1935=EDGE_CURVE('',#1921,#1929,#1934,.T.);
#1936=ORIENTED_EDGE('',*,*,#1935,.T.);
#1937=CARTESIAN_POINT('',(-59.255721915,41.633718801,8.700000048));
#1938=DIRECTION('',(0.,-1.,0.));
#1939=VECTOR('',#1938,1.);
#1940=LINE('',#1937,#1939);
#1941=EDGE_CURVE('',#1929,#775,#1940,.T.);
#1942=ORIENTED_EDGE('',*,*,#1941,.T.);
#1943=ORIENTED_EDGE('',*,*,#780,.F.);
#1944=CARTESIAN_POINT('',(-63.63975757,39.633718801,8.700000048));
#1945=DIRECTION('',(0.,0.,1.));
#1946=DIRECTION('',(1.,0.,-0.));
#1947=AXIS2_PLACEMENT_3D('',#1944,#1945,#1946);
#1948=CIRCLE('',#1947,1.);
#1949=EDGE_CURVE('',#773,#241,#1948,.T.);
#1950=ORIENTED_EDGE('',*,*,#1949,.T.);
#1951=ORIENTED_EDGE('',*,*,#246,.F.);
#1952=EDGE_LOOP('',(#1485,#1494,#1502,#1509,#1510,#1511,#1512,#1519,#1520,#1528,#1537,#1545,#1554,#1563,#1569,#1570,#1571,#1572,#1580,#1589,#1597,#1606,#1612,#1613,#1620,#1621,
#1628,#1629,#1637,#1646,#1654,#1663,#1669,#1670,#1677,#1678,#1685,#1686,#1694,#1703,#1711,#1720,#1726,#1727,#1734,#1735,#1742,#1743,#1751,#1760,#1768,
#1777,#1783,#1784,#1785,#1792,#1793,#1794,#1801,#1802,#1810,#1819,#1827,#1836,#1842,#1843,#1850,#1851,#1852,#1859,#1860,#1861,#1869,#1878,#1886,#1895,
#1901,#1902,#1910,#1919,#1927,#1936,#1942,#1943,#1950,#1951));
#1953=FACE_BOUND('',#1952,.T.);
#1954=CARTESIAN_POINT('',(32.360244338,40.608717275,8.700000048));
#1955=VERTEX_POINT('',#1954);
#1956=CARTESIAN_POINT('',(32.360244338,26.508716893,8.700000048));
#1957=VERTEX_POINT('',#1956);
#1958=CARTESIAN_POINT('',(32.360244338,40.608717275,8.700000048));
#1959=DIRECTION('',(-0.,-1.,0.));
#1960=VECTOR('',#1959,14.100000381);
#1961=LINE('',#1958,#1960);
#1962=EDGE_CURVE('',#1955,#1957,#1961,.T.);
#1963=ORIENTED_EDGE('',*,*,#1962,.T.);
#1964=CARTESIAN_POINT('',(18.260243956,26.508716893,8.700000048));
#1965=VERTEX_POINT('',#1964);
#1966=CARTESIAN_POINT('',(32.360244338,26.508716893,8.700000048));
#1967=DIRECTION('',(-1.,0.,0.));
#1968=VECTOR('',#1967,14.100000382);
#1969=LINE('',#1966,#1968);
#1970=EDGE_CURVE('',#1957,#1965,#1969,.T.);
#1971=ORIENTED_EDGE('',*,*,#1970,.T.);
#1972=CARTESIAN_POINT('',(18.260243956,40.608717275,8.700000048));
#1973=VERTEX_POINT('',#1972);
#1974=CARTESIAN_POINT('',(18.260243956,26.508716893,8.700000048));
#1975=DIRECTION('',(0.,1.,0.));
#1976=VECTOR('',#1975,14.100000381);
#1977=LINE('',#1974,#1976);
#1978=EDGE_CURVE('',#1965,#1973,#1977,.T.);
#1979=ORIENTED_EDGE('',*,*,#1978,.T.);
#1980=CARTESIAN_POINT('',(18.260243956,40.608717275,8.700000048));
#1981=DIRECTION('',(1.,-0.,0.));
#1982=VECTOR('',#1981,14.100000381);
#1983=LINE('',#1980,#1982);
#1984=EDGE_CURVE('',#1973,#1955,#1983,.T.);
#1985=ORIENTED_EDGE('',*,*,#1984,.T.);
#1986=EDGE_LOOP('',(#1963,#1971,#1979,#1985));
#1987=FACE_BOUND('',#1986,.T.);
#1988=CARTESIAN_POINT('',(-15.739756044,23.608717275,8.700000048));
#1989=VERTEX_POINT('',#1988);
#1990=CARTESIAN_POINT('',(-1.639756139,23.608717275,8.700000048));
#1991=VERTEX_POINT('',#1990);
#1992=CARTESIAN_POINT('',(-15.739756044,23.608717275,8.700000048));
#1993=DIRECTION('',(1.,-0.,0.));
#1994=VECTOR('',#1993,14.099999905);
#1995=LINE('',#1992,#1994);
#1996=EDGE_CURVE('',#1989,#1991,#1995,.T.);
#1997=ORIENTED_EDGE('',*,*,#1996,.T.);
#1998=CARTESIAN_POINT('',(-1.639756139,9.50871737,8.700000048));
#1999=VERTEX_POINT('',#1998);
#2000=CARTESIAN_POINT('',(-1.639756139,23.608717275,8.700000048));
#2001=DIRECTION('',(-0.,-1.,0.));
#2002=VECTOR('',#2001,14.099999905);
#2003=LINE('',#2000,#2002);
#2004=EDGE_CURVE('',#1991,#1999,#2003,.T.);
#2005=ORIENTED_EDGE('',*,*,#2004,.T.);
#2006=CARTESIAN_POINT('',(-15.739756044,9.50871737,8.700000048));
#2007=VERTEX_POINT('',#2006);
#2008=CARTESIAN_POINT('',(-1.639756139,9.50871737,8.700000048));
#2009=DIRECTION('',(-1.,0.,0.));
#2010=VECTOR('',#2009,14.099999905);
#2011=LINE('',#2008,#2010);
#2012=EDGE_CURVE('',#1999,#2007,#2011,.T.);
#2013=ORIENTED_EDGE('',*,*,#2012,.T.);
#2014=CARTESIAN_POINT('',(-15.739756044,9.50871737,8.700000048));
#2015=DIRECTION('',(0.,1.,0.));
#2016=VECTOR('',#2015,14.099999905);
#2017=LINE('',#2014,#2016);
#2018=EDGE_CURVE('',#2007,#1989,#2017,.T.);
#2019=ORIENTED_EDGE('',*,*,#2018,.T.);
#2020=EDGE_LOOP('',(#1997,#2005,#2013,#2019));
#2021=FACE_BOUND('',#2020,.T.);
#2022=CARTESIAN_POINT('',(-1.639756139,26.508716893,8.700000048));
#2023=VERTEX_POINT('',#2022);
#2024=CARTESIAN_POINT('',(-1.639756139,40.608717275,8.700000048));
#2025=VERTEX_POINT('',#2024);
#2026=CARTESIAN_POINT('',(-1.639756139,26.508716893,8.700000048));
#2027=DIRECTION('',(0.,1.,0.));
#2028=VECTOR('',#2027,14.100000381);
#2029=LINE('',#2026,#2028);
#2030=EDGE_CURVE('',#2023,#2025,#2029,.T.);
#2031=ORIENTED_EDGE('',*,*,#2030,.F.);
#2032=CARTESIAN_POINT('',(-15.739756044,26.508716893,8.700000048));
#2033=VERTEX_POINT('',#2032);
#2034=CARTESIAN_POINT('',(-1.639756139,26.508716893,8.700000048));
#2035=DIRECTION('',(-1.,0.,0.));
#2036=VECTOR('',#2035,14.099999905);
#2037=LINE('',#2034,#2036);
#2038=EDGE_CURVE('',#2023,#2033,#2037,.T.);
#2039=ORIENTED_EDGE('',*,*,#2038,.T.);
#2040=CARTESIAN_POINT('',(-15.739756044,40.608717275,8.700000048));
#2041=VERTEX_POINT('',#2040);
#2042=CARTESIAN_POINT('',(-15.739756044,40.608717275,8.700000048));
#2043=DIRECTION('',(-0.,-1.,0.));
#2044=VECTOR('',#2043,14.100000381);
#2045=LINE('',#2042,#2044);
#2046=EDGE_CURVE('',#2041,#2033,#2045,.T.);
#2047=ORIENTED_EDGE('',*,*,#2046,.F.);
#2048=CARTESIAN_POINT('',(-1.639756139,40.608717275,8.700000048));
#2049=DIRECTION('',(-1.,0.,0.));
#2050=VECTOR('',#2049,14.099999905);
#2051=LINE('',#2048,#2050);
#2052=EDGE_CURVE('',#2025,#2041,#2051,.T.);
#2053=ORIENTED_EDGE('',*,*,#2052,.F.);
#2054=EDGE_LOOP('',(#2031,#2039,#2047,#2053));
#2055=FACE_BOUND('',#2054,.T.);
#2056=CARTESIAN_POINT('',(66.36024243,22.258716893,8.700000048));
#2057=VERTEX_POINT('',#2056);
#2058=CARTESIAN_POINT('',(66.36024243,36.358717275,8.700000048));
#2059=VERTEX_POINT('',#2058);
#2060=CARTESIAN_POINT('',(66.36024243,22.258716893,8.700000048));
#2061=DIRECTION('',(0.,1.,0.));
#2062=VECTOR('',#2061,14.100000381);
#2063=LINE('',#2060,#2062);
#2064=EDGE_CURVE('',#2057,#2059,#2063,.T.);
#2065=ORIENTED_EDGE('',*,*,#2064,.F.);
#2066=CARTESIAN_POINT('',(52.260243956,22.258716893,8.700000048));
#2067=VERTEX_POINT('',#2066);
#2068=CARTESIAN_POINT('',(66.36024243,22.258716893,8.700000048));
#2069=DIRECTION('',(-1.,0.,0.));
#2070=VECTOR('',#2069,14.099998474);
#2071=LINE('',#2068,#2070);
#2072=EDGE_CURVE('',#2057,#2067,#2071,.T.);
#2073=ORIENTED_EDGE('',*,*,#2072,.T.);
#2074=CARTESIAN_POINT('',(52.260243956,36.358717275,8.700000048));
#2075=VERTEX_POINT('',#2074);
#2076=CARTESIAN_POINT('',(52.260243956,36.358717275,8.700000048));
#2077=DIRECTION('',(-0.,-1.,0.));
#2078=VECTOR('',#2077,14.100000382);
#2079=LINE('',#2076,#2078);
#2080=EDGE_CURVE('',#2075,#2067,#2079,.T.);
#2081=ORIENTED_EDGE('',*,*,#2080,.F.);
#2082=CARTESIAN_POINT('',(66.36024243,36.358717275,8.700000048));
#2083=DIRECTION('',(-1.,0.,0.));
#2084=VECTOR('',#2083,14.099998474);
#2085=LINE('',#2082,#2084);
#2086=EDGE_CURVE('',#2059,#2075,#2085,.T.);
#2087=ORIENTED_EDGE('',*,*,#2086,.F.);
#2088=EDGE_LOOP('',(#2065,#2073,#2081,#2087));
#2089=FACE_BOUND('',#2088,.T.);
#2090=CARTESIAN_POINT('',(52.260243956,19.358717275,8.700000048));
#2091=VERTEX_POINT('',#2090);
#2092=CARTESIAN_POINT('',(52.260243956,19.358717275,8.700000048));
#2093=DIRECTION('',(1.,-0.,0.));
#2094=VECTOR('',#2093,14.099998474);
#2095=LINE('',#2092,#2094);
#2096=EDGE_CURVE('',#2091,#1266,#2095,.T.);
#2097=ORIENTED_EDGE('',*,*,#2096,.T.);
#2098=ORIENTED_EDGE('',*,*,#1271,.T.);
#2099=CARTESIAN_POINT('',(52.260243956,5.25871737,8.700000048));
#2100=VERTEX_POINT('',#2099);
#2101=CARTESIAN_POINT('',(66.36024243,5.25871737,8.700000048));
#2102=DIRECTION('',(-1.,0.,0.));
#2103=VECTOR('',#2102,14.099998474);
#2104=LINE('',#2101,#2103);
#2105=EDGE_CURVE('',#1258,#2100,#2104,.T.);
#2106=ORIENTED_EDGE('',*,*,#2105,.T.);
#2107=CARTESIAN_POINT('',(52.260243956,19.358717275,8.700000048));
#2108=DIRECTION('',(-0.,-1.,0.));
#2109=VECTOR('',#2108,14.099999905);
#2110=LINE('',#2107,#2109);
#2111=EDGE_CURVE('',#2091,#2100,#2110,.T.);
#2112=ORIENTED_EDGE('',*,*,#2111,.F.);
#2113=EDGE_LOOP('',(#2097,#2098,#2106,#2112));
#2114=FACE_BOUND('',#2113,.T.);
#2115=CARTESIAN_POINT('',(-15.739756044,6.608717275,8.700000048));
#2116=VERTEX_POINT('',#2115);
#2117=CARTESIAN_POINT('',(-1.639756139,6.608717275,8.700000048));
#2118=VERTEX_POINT('',#2117);
#2119=CARTESIAN_POINT('',(-15.739756044,6.608717275,8.700000048));
#2120=DIRECTION('',(1.,-0.,0.));
#2121=VECTOR('',#2120,14.099999905);
#2122=LINE('',#2119,#2121);
#2123=EDGE_CURVE('',#2116,#2118,#2122,.T.);
#2124=ORIENTED_EDGE('',*,*,#2123,.T.);
#2125=CARTESIAN_POINT('',(-1.639756139,-7.491282153,8.700000048));
#2126=VERTEX_POINT('',#2125);
#2127=CARTESIAN_POINT('',(-1.639756139,6.608717275,8.700000048));
#2128=DIRECTION('',(-0.,-1.,0.));
#2129=VECTOR('',#2128,14.099999428);
#2130=LINE('',#2127,#2129);
#2131=EDGE_CURVE('',#2118,#2126,#2130,.T.);
#2132=ORIENTED_EDGE('',*,*,#2131,.T.);
#2133=CARTESIAN_POINT('',(-15.739756044,-7.491282153,8.700000048));
#2134=VERTEX_POINT('',#2133);
#2135=CARTESIAN_POINT('',(-1.639756139,-7.491282153,8.700000048));
#2136=DIRECTION('',(-1.,0.,0.));
#2137=VECTOR('',#2136,14.099999905);
#2138=LINE('',#2135,#2137);
#2139=EDGE_CURVE('',#2126,#2134,#2138,.T.);
#2140=ORIENTED_EDGE('',*,*,#2139,.T.);
#2141=CARTESIAN_POINT('',(-15.739756044,6.608717275,8.700000048));
#2142=DIRECTION('',(-0.,-1.,0.));
#2143=VECTOR('',#2142,14.099999428);
#2144=LINE('',#2141,#2143);
#2145=EDGE_CURVE('',#2116,#2134,#2144,.T.);
#2146=ORIENTED_EDGE('',*,*,#2145,.F.);
#2147=EDGE_LOOP('',(#2124,#2132,#2140,#2146));
#2148=FACE_BOUND('',#2147,.T.);
#2149=CARTESIAN_POINT('',(1.260243956,11.633717847,8.700000048));
#2150=VERTEX_POINT('',#2149);
#2151=CARTESIAN_POINT('',(1.260243956,25.733717275,8.700000048));
#2152=VERTEX_POINT('',#2151);
#2153=CARTESIAN_POINT('',(1.260243956,11.633717847,8.700000048));
#2154=DIRECTION('',(0.,1.,0.));
#2155=VECTOR('',#2154,14.099999428);
#2156=LINE('',#2153,#2155);
#2157=EDGE_CURVE('',#2150,#2152,#2156,.T.);
#2158=ORIENTED_EDGE('',*,*,#2157,.T.);
#2159=CARTESIAN_POINT('',(15.360244338,25.733717275,8.700000048));
#2160=VERTEX_POINT('',#2159);
#2161=CARTESIAN_POINT('',(15.360244338,25.733717275,8.700000048));
#2162=DIRECTION('',(-1.,0.,0.));
#2163=VECTOR('',#2162,14.100000381);
#2164=LINE('',#2161,#2163);
#2165=EDGE_CURVE('',#2160,#2152,#2164,.T.);
#2166=ORIENTED_EDGE('',*,*,#2165,.F.);
#2167=CARTESIAN_POINT('',(15.360244338,11.633717847,8.700000048));
#2168=VERTEX_POINT('',#2167);
#2169=CARTESIAN_POINT('',(15.360244338,11.633717847,8.700000048));
#2170=DIRECTION('',(0.,1.,0.));
#2171=VECTOR('',#2170,14.099999428);
#2172=LINE('',#2169,#2171);
#2173=EDGE_CURVE('',#2168,#2160,#2172,.T.);
#2174=ORIENTED_EDGE('',*,*,#2173,.F.);
#2175=CARTESIAN_POINT('',(1.260243956,11.633717847,8.700000048));
#2176=DIRECTION('',(1.,-0.,0.));
#2177=VECTOR('',#2176,14.100000381);
#2178=LINE('',#2175,#2177);
#2179=EDGE_CURVE('',#2150,#2168,#2178,.T.);
#2180=ORIENTED_EDGE('',*,*,#2179,.F.);
#2181=EDGE_LOOP('',(#2158,#2166,#2174,#2180));
#2182=FACE_BOUND('',#2181,.T.);
#2183=CARTESIAN_POINT('',(-18.639755662,38.483717275,8.700000048));
#2184=VERTEX_POINT('',#2183);
#2185=CARTESIAN_POINT('',(-32.739756044,38.483717275,8.700000048));
#2186=VERTEX_POINT('',#2185);
#2187=CARTESIAN_POINT('',(-18.639755662,38.483717275,8.700000048));
#2188=DIRECTION('',(-1.,0.,0.));
#2189=VECTOR('',#2188,14.100000382);
#2190=LINE('',#2187,#2189);
#2191=EDGE_CURVE('',#2184,#2186,#2190,.T.);
#2192=ORIENTED_EDGE('',*,*,#2191,.F.);
#2193=CARTESIAN_POINT('',(-18.639755662,24.383716893,8.700000048));
#2194=VERTEX_POINT('',#2193);
#2195=CARTESIAN_POINT('',(-18.639755662,24.383716893,8.700000048));
#2196=DIRECTION('',(0.,1.,0.));
#2197=VECTOR('',#2196,14.100000382);
#2198=LINE('',#2195,#2197);
#2199=EDGE_CURVE('',#2194,#2184,#2198,.T.);
#2200=ORIENTED_EDGE('',*,*,#2199,.F.);
#2201=CARTESIAN_POINT('',(-32.739756044,24.383716893,8.700000048));
#2202=VERTEX_POINT('',#2201);
#2203=CARTESIAN_POINT('',(-18.639755662,24.383716893,8.700000048));
#2204=DIRECTION('',(-1.,0.,0.));
#2205=VECTOR('',#2204,14.100000382);
#2206=LINE('',#2203,#2205);
#2207=EDGE_CURVE('',#2194,#2202,#2206,.T.);
#2208=ORIENTED_EDGE('',*,*,#2207,.T.);
#2209=CARTESIAN_POINT('',(-32.739756044,38.483717275,8.700000048));
#2210=DIRECTION('',(-0.,-1.,0.));
#2211=VECTOR('',#2210,14.100000382);
#2212=LINE('',#2209,#2211);
#2213=EDGE_CURVE('',#2186,#2202,#2212,.T.);
#2214=ORIENTED_EDGE('',*,*,#2213,.F.);
#2215=EDGE_LOOP('',(#2192,#2200,#2208,#2214));
#2216=FACE_BOUND('',#2215,.T.);
#2217=CARTESIAN_POINT('',(1.260243956,-5.36628263,8.700000048));
#2218=VERTEX_POINT('',#2217);
#2219=CARTESIAN_POINT('',(1.260243956,8.733717275,8.700000048));
#2220=VERTEX_POINT('',#2219);
#2221=CARTESIAN_POINT('',(1.260243956,-5.36628263,8.700000048));
#2222=DIRECTION('',(0.,1.,0.));
#2223=VECTOR('',#2222,14.099999905);
#2224=LINE('',#2221,#2223);
#2225=EDGE_CURVE('',#2218,#2220,#2224,.T.);
#2226=ORIENTED_EDGE('',*,*,#2225,.T.);
#2227=CARTESIAN_POINT('',(15.360244338,8.733717275,8.700000048));
#2228=VERTEX_POINT('',#2227);
#2229=CARTESIAN_POINT('',(15.360244338,8.733717275,8.700000048));
#2230=DIRECTION('',(-1.,0.,0.));
#2231=VECTOR('',#2230,14.100000381);
#2232=LINE('',#2229,#2231);
#2233=EDGE_CURVE('',#2228,#2220,#2232,.T.);
#2234=ORIENTED_EDGE('',*,*,#2233,.F.);
#2235=CARTESIAN_POINT('',(15.360244338,-5.36628263,8.700000048));
#2236=VERTEX_POINT('',#2235);
#2237=CARTESIAN_POINT('',(15.360244338,8.733717275,8.700000048));
#2238=DIRECTION('',(-0.,-1.,0.));
#2239=VECTOR('',#2238,14.099999905);
#2240=LINE('',#2237,#2239);
#2241=EDGE_CURVE('',#2228,#2236,#2240,.T.);
#2242=ORIENTED_EDGE('',*,*,#2241,.T.);
#2243=CARTESIAN_POINT('',(1.260243956,-5.36628263,8.700000048));
#2244=DIRECTION('',(1.,-0.,0.));
#2245=VECTOR('',#2244,14.100000381);
#2246=LINE('',#2243,#2245);
#2247=EDGE_CURVE('',#2218,#2236,#2246,.T.);
#2248=ORIENTED_EDGE('',*,*,#2247,.F.);
#2249=EDGE_LOOP('',(#2226,#2234,#2242,#2248));
#2250=FACE_BOUND('',#2249,.T.);
#2251=CARTESIAN_POINT('',(35.260243956,22.258716893,8.700000048));
#2252=VERTEX_POINT('',#2251);
#2253=CARTESIAN_POINT('',(35.260243956,36.358717275,8.700000048));
#2254=VERTEX_POINT('',#2253);
#2255=CARTESIAN_POINT('',(35.260243956,22.258716893,8.700000048));
#2256=DIRECTION('',(0.,1.,0.));
#2257=VECTOR('',#2256,14.100000381);
#2258=LINE('',#2255,#2257);
#2259=EDGE_CURVE('',#2252,#2254,#2258,.T.);
#2260=ORIENTED_EDGE('',*,*,#2259,.T.);
#2261=CARTESIAN_POINT('',(49.36024243,36.358717275,8.700000048));
#2262=VERTEX_POINT('',#2261);
#2263=CARTESIAN_POINT('',(49.36024243,36.358717275,8.700000048));
#2264=DIRECTION('',(-1.,0.,0.));
#2265=VECTOR('',#2264,14.099998474);
#2266=LINE('',#2263,#2265);
#2267=EDGE_CURVE('',#2262,#2254,#2266,.T.);
#2268=ORIENTED_EDGE('',*,*,#2267,.F.);
#2269=CARTESIAN_POINT('',(49.36024243,22.258716893,8.700000048));
#2270=VERTEX_POINT('',#2269);
#2271=CARTESIAN_POINT('',(49.36024243,22.258716893,8.700000048));
#2272=DIRECTION('',(0.,1.,0.));
#2273=VECTOR('',#2272,14.100000381);
#2274=LINE('',#2271,#2273);
#2275=EDGE_CURVE('',#2270,#2262,#2274,.T.);
#2276=ORIENTED_EDGE('',*,*,#2275,.F.);
#2277=CARTESIAN_POINT('',(49.36024243,22.258716893,8.700000048));
#2278=DIRECTION('',(-1.,0.,0.));
#2279=VECTOR('',#2278,14.099998474);
#2280=LINE('',#2277,#2279);
#2281=EDGE_CURVE('',#2270,#2252,#2280,.T.);
#2282=ORIENTED_EDGE('',*,*,#2281,.T.);
#2283=EDGE_LOOP('',(#2260,#2268,#2276,#2282));
#2284=FACE_BOUND('',#2283,.T.);
#2285=CARTESIAN_POINT('',(15.360244338,28.633716893,8.700000048));
#2286=VERTEX_POINT('',#2285);
#2287=CARTESIAN_POINT('',(1.260243956,28.633716893,8.700000048));
#2288=VERTEX_POINT('',#2287);
#2289=CARTESIAN_POINT('',(15.360244338,28.633716893,8.700000048));
#2290=DIRECTION('',(-1.,0.,0.));
#2291=VECTOR('',#2290,14.100000381);
#2292=LINE('',#2289,#2291);
#2293=EDGE_CURVE('',#2286,#2288,#2292,.T.);
#2294=ORIENTED_EDGE('',*,*,#2293,.T.);
#2295=CARTESIAN_POINT('',(1.260243956,42.733717275,8.700000048));
#2296=VERTEX_POINT('',#2295);
#2297=CARTESIAN_POINT('',(1.260243956,42.733717275,8.700000048));
#2298=DIRECTION('',(-0.,-1.,0.));
#2299=VECTOR('',#2298,14.100000381);
#2300=LINE('',#2297,#2299);
#2301=EDGE_CURVE('',#2296,#2288,#2300,.T.);
#2302=ORIENTED_EDGE('',*,*,#2301,.F.);
#2303=CARTESIAN_POINT('',(15.360244338,42.733717275,8.700000048));
#2304=VERTEX_POINT('',#2303);
#2305=CARTESIAN_POINT('',(1.260243956,42.733717275,8.700000048));
#2306=DIRECTION('',(1.,-0.,0.));
#2307=VECTOR('',#2306,14.100000381);
#2308=LINE('',#2305,#2307);
#2309=EDGE_CURVE('',#2296,#2304,#2308,.T.);
#2310=ORIENTED_EDGE('',*,*,#2309,.T.);
#2311=CARTESIAN_POINT('',(15.360244338,42.733717275,8.700000048));
#2312=DIRECTION('',(-0.,-1.,0.));
#2313=VECTOR('',#2312,14.100000381);
#2314=LINE('',#2311,#2313);
#2315=EDGE_CURVE('',#2304,#2286,#2314,.T.);
#2316=ORIENTED_EDGE('',*,*,#2315,.T.);
#2317=EDGE_LOOP('',(#2294,#2302,#2310,#2316));
#2318=FACE_BOUND('',#2317,.T.);
#2319=CARTESIAN_POINT('',(-18.639755662,21.483717275,8.700000048));
#2320=VERTEX_POINT('',#2319);
#2321=CARTESIAN_POINT('',(-18.639755662,7.38371737,8.700000048));
#2322=VERTEX_POINT('',#2321);
#2323=CARTESIAN_POINT('',(-18.639755662,21.483717275,8.700000048));
#2324=DIRECTION('',(-0.,-1.,0.));
#2325=VECTOR('',#2324,14.099999905);
#2326=LINE('',#2323,#2325);
#2327=EDGE_CURVE('',#2320,#2322,#2326,.T.);
#2328=ORIENTED_EDGE('',*,*,#2327,.T.);
#2329=CARTESIAN_POINT('',(-32.739756044,7.38371737,8.700000048));
#2330=VERTEX_POINT('',#2329);
#2331=CARTESIAN_POINT('',(-18.639755662,7.38371737,8.700000048));
#2332=DIRECTION('',(-1.,0.,0.));
#2333=VECTOR('',#2332,14.100000382);
#2334=LINE('',#2331,#2333);
#2335=EDGE_CURVE('',#2322,#2330,#2334,.T.);
#2336=ORIENTED_EDGE('',*,*,#2335,.T.);
#2337=CARTESIAN_POINT('',(-32.739756044,21.483717275,8.700000048));
#2338=VERTEX_POINT('',#2337);
#2339=CARTESIAN_POINT('',(-32.739756044,7.38371737,8.700000048));
#2340=DIRECTION('',(0.,1.,0.));
#2341=VECTOR('',#2340,14.099999905);
#2342=LINE('',#2339,#2341);
#2343=EDGE_CURVE('',#2330,#2338,#2342,.T.);
#2344=ORIENTED_EDGE('',*,*,#2343,.T.);
#2345=CARTESIAN_POINT('',(-32.739756044,21.483717275,8.700000048));
#2346=DIRECTION('',(1.,-0.,0.));
#2347=VECTOR('',#2346,14.100000382);
#2348=LINE('',#2345,#2347);
#2349=EDGE_CURVE('',#2338,#2320,#2348,.T.);
#2350=ORIENTED_EDGE('',*,*,#2349,.T.);
#2351=EDGE_LOOP('',(#2328,#2336,#2344,#2350));
#2352=FACE_BOUND('',#2351,.T.);
#2353=CARTESIAN_POINT('',(2.610243861,-13.876282382,8.700000048));
#2354=VERTEX_POINT('',#2353);
#2355=CARTESIAN_POINT('',(2.610243861,-27.97628181,8.700000048));
#2356=VERTEX_POINT('',#2355);
#2357=CARTESIAN_POINT('',(2.610243861,-13.876282382,8.700000048));
#2358=DIRECTION('',(-0.,-1.,0.));
#2359=VECTOR('',#2358,14.099999428);
#2360=LINE('',#2357,#2359);
#2361=EDGE_CURVE('',#2354,#2356,#2360,.T.);
#2362=ORIENTED_EDGE('',*,*,#2361,.T.);
#2363=CARTESIAN_POINT('',(-11.489756044,-27.97628181,8.700000048));
#2364=VERTEX_POINT('',#2363);
#2365=CARTESIAN_POINT('',(2.610243861,-27.97628181,8.700000048));
#2366=DIRECTION('',(-1.,0.,0.));
#2367=VECTOR('',#2366,14.099999905);
#2368=LINE('',#2365,#2367);
#2369=EDGE_CURVE('',#2356,#2364,#2368,.T.);
#2370=ORIENTED_EDGE('',*,*,#2369,.T.);
#2371=CARTESIAN_POINT('',(-11.489756044,-13.876282382,8.700000048));
#2372=VERTEX_POINT('',#2371);
#2373=CARTESIAN_POINT('',(-11.489756044,-27.97628181,8.700000048));
#2374=DIRECTION('',(0.,1.,0.));
#2375=VECTOR('',#2374,14.099999428);
#2376=LINE('',#2373,#2375);
#2377=EDGE_CURVE('',#2364,#2372,#2376,.T.);
#2378=ORIENTED_EDGE('',*,*,#2377,.T.);
#2379=CARTESIAN_POINT('',(2.610243861,-13.876282382,8.700000048));
#2380=DIRECTION('',(-1.,0.,0.));
#2381=VECTOR('',#2380,14.099999905);
#2382=LINE('',#2379,#2381);
#2383=EDGE_CURVE('',#2354,#2372,#2382,.T.);
#2384=ORIENTED_EDGE('',*,*,#2383,.F.);
#2385=EDGE_LOOP('',(#2362,#2370,#2378,#2384));
#2386=FACE_BOUND('',#2385,.T.);
#2387=CARTESIAN_POINT('',(-32.739756044,-9.616282153,8.700000048));
#2388=VERTEX_POINT('',#2387);
#2389=CARTESIAN_POINT('',(-32.739756044,4.483717513,8.700000048));
#2390=VERTEX_POINT('',#2389);
#2391=CARTESIAN_POINT('',(-32.739756044,-9.616282153,8.700000048));
#2392=DIRECTION('',(0.,1.,0.));
#2393=VECTOR('',#2392,14.099999666);
#2394=LINE('',#2391,#2393);
#2395=EDGE_CURVE('',#2388,#2390,#2394,.T.);
#2396=ORIENTED_EDGE('',*,*,#2395,.T.);
#2397=CARTESIAN_POINT('',(-18.639755662,4.483717513,8.700000048));
#2398=VERTEX_POINT('',#2397);
#2399=CARTESIAN_POINT('',(-32.739756044,4.483717513,8.700000048));
#2400=DIRECTION('',(1.,-0.,0.));
#2401=VECTOR('',#2400,14.100000382);
#2402=LINE('',#2399,#2401);
#2403=EDGE_CURVE('',#2390,#2398,#2402,.T.);
#2404=ORIENTED_EDGE('',*,*,#2403,.T.);
#2405=CARTESIAN_POINT('',(-18.639755662,-9.616282153,8.700000048));
#2406=VERTEX_POINT('',#2405);
#2407=CARTESIAN_POINT('',(-18.639755662,4.483717513,8.700000048));
#2408=DIRECTION('',(-0.,-1.,0.));
#2409=VECTOR('',#2408,14.099999666);
#2410=LINE('',#2407,#2409);
#2411=EDGE_CURVE('',#2398,#2406,#2410,.T.);
#2412=ORIENTED_EDGE('',*,*,#2411,.T.);
#2413=CARTESIAN_POINT('',(-18.639755662,-9.616282153,8.700000048));
#2414=DIRECTION('',(-1.,0.,0.));
#2415=VECTOR('',#2414,14.100000382);
#2416=LINE('',#2413,#2415);
#2417=EDGE_CURVE('',#2406,#2388,#2416,.T.);
#2418=ORIENTED_EDGE('',*,*,#2417,.T.);
#2419=EDGE_LOOP('',(#2396,#2404,#2412,#2418));
#2420=FACE_BOUND('',#2419,.T.);
#2421=CARTESIAN_POINT('',(-22.182184005,-14.643158322,8.700000048));
#2422=VERTEX_POINT('',#2421);
#2423=CARTESIAN_POINT('',(-19.267477449,-28.438609767,8.700000048));
#2424=VERTEX_POINT('',#2423);
#2425=CARTESIAN_POINT('',(-22.182184005,-14.643158322,8.700000048));
#2426=DIRECTION('',(0.20671678,-0.978400824,0.));
#2427=VECTOR('',#2426,14.099999818);
#2428=LINE('',#2425,#2427);
#2429=EDGE_CURVE('',#2422,#2424,#2428,.T.);
#2430=ORIENTED_EDGE('',*,*,#2429,.T.);
#2431=CARTESIAN_POINT('',(-33.06292638,-31.353310555,8.700000048));
#2432=VERTEX_POINT('',#2431);
#2433=CARTESIAN_POINT('',(-19.267477449,-28.438609767,8.700000048));
#2434=DIRECTION('',(-0.978400899,-0.206716424,0.));
#2435=VECTOR('',#2434,14.099996167);
#2436=LINE('',#2433,#2435);
#2437=EDGE_CURVE('',#2424,#2432,#2436,.T.);
#2438=ORIENTED_EDGE('',*,*,#2437,.T.);
#2439=CARTESIAN_POINT('',(-35.977632936,-17.557859111,8.700000048));
#2440=VERTEX_POINT('',#2439);
#2441=CARTESIAN_POINT('',(-33.06292638,-31.353310555,8.700000048));
#2442=DIRECTION('',(-0.20671678,0.978400824,0.));
#2443=VECTOR('',#2442,14.099999818);
#2444=LINE('',#2441,#2443);
#2445=EDGE_CURVE('',#2432,#2440,#2444,.T.);
#2446=ORIENTED_EDGE('',*,*,#2445,.T.);
#2447=CARTESIAN_POINT('',(-35.977632936,-17.557859111,8.700000048));
#2448=DIRECTION('',(0.978400899,0.206716424,0.));
#2449=VECTOR('',#2448,14.099996167);
#2450=LINE('',#2447,#2449);
#2451=EDGE_CURVE('',#2440,#2422,#2450,.T.);
#2452=ORIENTED_EDGE('',*,*,#2451,.T.);
#2453=EDGE_LOOP('',(#2430,#2438,#2446,#2452));
#2454=FACE_BOUND('',#2453,.T.);
#2455=CARTESIAN_POINT('',(52.260243956,2.358717424,8.700000048));
#2456=VERTEX_POINT('',#2455);
#2457=CARTESIAN_POINT('',(66.36024243,2.358717424,8.700000048));
#2458=VERTEX_POINT('',#2457);
#2459=CARTESIAN_POINT('',(52.260243956,2.358717424,8.700000048));
#2460=DIRECTION('',(1.,-0.,0.));
#2461=VECTOR('',#2460,14.099998474);
#2462=LINE('',#2459,#2461);
#2463=EDGE_CURVE('',#2456,#2458,#2462,.T.);
#2464=ORIENTED_EDGE('',*,*,#2463,.T.);
#2465=CARTESIAN_POINT('',(66.36024243,-11.741282153,8.700000048));
#2466=VERTEX_POINT('',#2465);
#2467=CARTESIAN_POINT('',(66.36024243,-11.741282153,8.700000048));
#2468=DIRECTION('',(0.,1.,0.));
#2469=VECTOR('',#2468,14.099999577);
#2470=LINE('',#2467,#2469);
#2471=EDGE_CURVE('',#2466,#2458,#2470,.T.);
#2472=ORIENTED_EDGE('',*,*,#2471,.F.);
#2473=CARTESIAN_POINT('',(52.260243956,-11.741282153,8.700000048));
#2474=VERTEX_POINT('',#2473);
#2475=CARTESIAN_POINT('',(52.260243956,-11.741282153,8.700000048));
#2476=DIRECTION('',(1.,-0.,0.));
#2477=VECTOR('',#2476,14.099998474);
#2478=LINE('',#2475,#2477);
#2479=EDGE_CURVE('',#2474,#2466,#2478,.T.);
#2480=ORIENTED_EDGE('',*,*,#2479,.F.);
#2481=CARTESIAN_POINT('',(52.260243956,2.358717424,8.700000048));
#2482=DIRECTION('',(-0.,-1.,0.));
#2483=VECTOR('',#2482,14.099999577);
#2484=LINE('',#2481,#2483);
#2485=EDGE_CURVE('',#2456,#2474,#2484,.T.);
#2486=ORIENTED_EDGE('',*,*,#2485,.F.);
#2487=EDGE_LOOP('',(#2464,#2472,#2480,#2486));
#2488=FACE_BOUND('',#2487,.T.);
#2489=CARTESIAN_POINT('',(18.260243956,23.608717275,8.700000048));
#2490=VERTEX_POINT('',#2489);
#2491=CARTESIAN_POINT('',(18.260243956,23.608717275,8.700000048));
#2492=DIRECTION('',(-0.,-1.,0.));
#2493=VECTOR('',#2492,14.099999905);
#2494=LINE('',#2491,#2493);
#2495=EDGE_CURVE('',#2490,#1418,#2494,.T.);
#2496=ORIENTED_EDGE('',*,*,#2495,.F.);
#2497=CARTESIAN_POINT('',(32.360244338,23.608717275,8.700000048));
#2498=VERTEX_POINT('',#2497);
#2499=CARTESIAN_POINT('',(18.260243956,23.608717275,8.700000048));
#2500=DIRECTION('',(1.,-0.,0.));
#2501=VECTOR('',#2500,14.100000382);
#2502=LINE('',#2499,#2501);
#2503=EDGE_CURVE('',#2490,#2498,#2502,.T.);
#2504=ORIENTED_EDGE('',*,*,#2503,.T.);
#2505=CARTESIAN_POINT('',(32.360244338,23.608717275,8.700000048));
#2506=DIRECTION('',(-0.,-1.,0.));
#2507=VECTOR('',#2506,14.099999905);
#2508=LINE('',#2505,#2507);
#2509=EDGE_CURVE('',#2498,#1426,#2508,.T.);
#2510=ORIENTED_EDGE('',*,*,#2509,.T.);
#2511=ORIENTED_EDGE('',*,*,#1431,.F.);
#2512=EDGE_LOOP('',(#2496,#2504,#2510,#2511));
#2513=FACE_BOUND('',#2512,.T.);
#2514=CARTESIAN_POINT('',(66.36024243,-14.641282725,8.700000048));
#2515=VERTEX_POINT('',#2514);
#2516=CARTESIAN_POINT('',(52.260243956,-14.641282725,8.700000048));
#2517=VERTEX_POINT('',#2516);
#2518=CARTESIAN_POINT('',(66.36024243,-14.641282725,8.700000048));
#2519=DIRECTION('',(-1.,0.,0.));
#2520=VECTOR('',#2519,14.099998474);
#2521=LINE('',#2518,#2520);
#2522=EDGE_CURVE('',#2515,#2517,#2521,.T.);
#2523=ORIENTED_EDGE('',*,*,#2522,.F.);
#2524=CARTESIAN_POINT('',(66.36024243,-28.741283107,8.700000048));
#2525=VERTEX_POINT('',#2524);
#2526=CARTESIAN_POINT('',(66.36024243,-28.741283107,8.700000048));
#2527=DIRECTION('',(0.,1.,0.));
#2528=VECTOR('',#2527,14.100000382);
#2529=LINE('',#2526,#2528);
#2530=EDGE_CURVE('',#2525,#2515,#2529,.T.);
#2531=ORIENTED_EDGE('',*,*,#2530,.F.);
#2532=CARTESIAN_POINT('',(52.260243956,-28.741283107,8.700000048));
#2533=VERTEX_POINT('',#2532);
#2534=CARTESIAN_POINT('',(52.260243956,-28.741283107,8.700000048));
#2535=DIRECTION('',(1.,-0.,0.));
#2536=VECTOR('',#2535,14.099998474);
#2537=LINE('',#2534,#2536);
#2538=EDGE_CURVE('',#2533,#2525,#2537,.T.);
#2539=ORIENTED_EDGE('',*,*,#2538,.F.);
#2540=CARTESIAN_POINT('',(52.260243956,-14.641282725,8.700000048));
#2541=DIRECTION('',(-0.,-1.,0.));
#2542=VECTOR('',#2541,14.100000382);
#2543=LINE('',#2540,#2542);
#2544=EDGE_CURVE('',#2517,#2533,#2543,.T.);
#2545=ORIENTED_EDGE('',*,*,#2544,.F.);
#2546=EDGE_LOOP('',(#2523,#2531,#2539,#2545));
#2547=FACE_BOUND('',#2546,.T.);
#2548=CARTESIAN_POINT('',(49.36024243,-11.741282153,8.700000048));
#2549=VERTEX_POINT('',#2548);
#2550=CARTESIAN_POINT('',(49.36024243,2.358717424,8.700000048));
#2551=VERTEX_POINT('',#2550);
#2552=CARTESIAN_POINT('',(49.36024243,-11.741282153,8.700000048));
#2553=DIRECTION('',(0.,1.,0.));
#2554=VECTOR('',#2553,14.099999577);
#2555=LINE('',#2552,#2554);
#2556=EDGE_CURVE('',#2549,#2551,#2555,.T.);
#2557=ORIENTED_EDGE('',*,*,#2556,.F.);
#2558=CARTESIAN_POINT('',(35.260243956,-11.741282153,8.700000048));
#2559=DIRECTION('',(1.,-0.,0.));
#2560=VECTOR('',#2559,14.099998474);
#2561=LINE('',#2558,#2560);
#2562=EDGE_CURVE('',#1346,#2549,#2561,.T.);
#2563=ORIENTED_EDGE('',*,*,#2562,.F.);
#2564=ORIENTED_EDGE('',*,*,#1351,.F.);
#2565=CARTESIAN_POINT('',(35.260243956,2.358717424,8.700000048));
#2566=DIRECTION('',(1.,-0.,0.));
#2567=VECTOR('',#2566,14.099998474);
#2568=LINE('',#2565,#2567);
#2569=EDGE_CURVE('',#1338,#2551,#2568,.T.);
#2570=ORIENTED_EDGE('',*,*,#2569,.T.);
#2571=EDGE_LOOP('',(#2557,#2563,#2564,#2570));
#2572=FACE_BOUND('',#2571,.T.);
#2573=CARTESIAN_POINT('',(32.360244338,-10.391282725,8.700000048));
#2574=VERTEX_POINT('',#2573);
#2575=CARTESIAN_POINT('',(18.260243956,-10.391282725,8.700000048));
#2576=VERTEX_POINT('',#2575);
#2577=CARTESIAN_POINT('',(32.360244338,-10.391282725,8.700000048));
#2578=DIRECTION('',(-1.,0.,0.));
#2579=VECTOR('',#2578,14.100000382);
#2580=LINE('',#2577,#2579);
#2581=EDGE_CURVE('',#2574,#2576,#2580,.T.);
#2582=ORIENTED_EDGE('',*,*,#2581,.F.);
#2583=CARTESIAN_POINT('',(32.360244338,-24.491283107,8.700000048));
#2584=VERTEX_POINT('',#2583);
#2585=CARTESIAN_POINT('',(32.360244338,-24.491283107,8.700000048));
#2586=DIRECTION('',(0.,1.,0.));
#2587=VECTOR('',#2586,14.100000382);
#2588=LINE('',#2585,#2587);
#2589=EDGE_CURVE('',#2584,#2574,#2588,.T.);
#2590=ORIENTED_EDGE('',*,*,#2589,.F.);
#2591=CARTESIAN_POINT('',(18.260243956,-24.491283107,8.700000048));
#2592=VERTEX_POINT('',#2591);
#2593=CARTESIAN_POINT('',(18.260243956,-24.491283107,8.700000048));
#2594=DIRECTION('',(1.,-0.,0.));
#2595=VECTOR('',#2594,14.100000381);
#2596=LINE('',#2593,#2595);
#2597=EDGE_CURVE('',#2592,#2584,#2596,.T.);
#2598=ORIENTED_EDGE('',*,*,#2597,.F.);
#2599=CARTESIAN_POINT('',(18.260243956,-10.391282725,8.700000048));
#2600=DIRECTION('',(-0.,-1.,0.));
#2601=VECTOR('',#2600,14.100000382);
#2602=LINE('',#2599,#2601);
#2603=EDGE_CURVE('',#2576,#2592,#2602,.T.);
#2604=ORIENTED_EDGE('',*,*,#2603,.F.);
#2605=EDGE_LOOP('',(#2582,#2590,#2598,#2604));
#2606=FACE_BOUND('',#2605,.T.);
#2607=CARTESIAN_POINT('',(35.260243956,-14.641282725,8.700000048));
#2608=VERTEX_POINT('',#2607);
#2609=CARTESIAN_POINT('',(35.260243956,-28.741283107,8.700000048));
#2610=VERTEX_POINT('',#2609);
#2611=CARTESIAN_POINT('',(35.260243956,-14.641282725,8.700000048));
#2612=DIRECTION('',(-0.,-1.,0.));
#2613=VECTOR('',#2612,14.100000382);
#2614=LINE('',#2611,#2613);
#2615=EDGE_CURVE('',#2608,#2610,#2614,.T.);
#2616=ORIENTED_EDGE('',*,*,#2615,.F.);
#2617=CARTESIAN_POINT('',(49.36024243,-14.641282725,8.700000048));
#2618=VERTEX_POINT('',#2617);
#2619=CARTESIAN_POINT('',(49.36024243,-14.641282725,8.700000048));
#2620=DIRECTION('',(-1.,0.,0.));
#2621=VECTOR('',#2620,14.099998474);
#2622=LINE('',#2619,#2621);
#2623=EDGE_CURVE('',#2618,#2608,#2622,.T.);
#2624=ORIENTED_EDGE('',*,*,#2623,.F.);
#2625=CARTESIAN_POINT('',(49.36024243,-28.741283107,8.700000048));
#2626=VERTEX_POINT('',#2625);
#2627=CARTESIAN_POINT('',(49.36024243,-28.741283107,8.700000048));
#2628=DIRECTION('',(0.,1.,0.));
#2629=VECTOR('',#2628,14.100000382);
#2630=LINE('',#2627,#2629);
#2631=EDGE_CURVE('',#2626,#2618,#2630,.T.);
#2632=ORIENTED_EDGE('',*,*,#2631,.F.);
#2633=CARTESIAN_POINT('',(35.260243956,-28.741283107,8.700000048));
#2634=DIRECTION('',(1.,-0.,0.));
#2635=VECTOR('',#2634,14.099998474);
#2636=LINE('',#2633,#2635);
#2637=EDGE_CURVE('',#2610,#2626,#2636,.T.);
#2638=ORIENTED_EDGE('',*,*,#2637,.F.);
#2639=EDGE_LOOP('',(#2616,#2624,#2632,#2638));
#2640=FACE_BOUND('',#2639,.T.);
#2641=CARTESIAN_POINT('',(49.36024243,5.25871737,8.700000048));
#2642=VERTEX_POINT('',#2641);
#2643=CARTESIAN_POINT('',(49.36024243,5.25871737,8.700000048));
#2644=DIRECTION('',(-1.,0.,0.));
#2645=VECTOR('',#2644,14.099998474);
#2646=LINE('',#2643,#2645);
#2647=EDGE_CURVE('',#2642,#1306,#2646,.T.);
#2648=ORIENTED_EDGE('',*,*,#2647,.T.);
#2649=ORIENTED_EDGE('',*,*,#1311,.F.);
#2650=CARTESIAN_POINT('',(49.36024243,19.358717275,8.700000048));
#2651=VERTEX_POINT('',#2650);
#2652=CARTESIAN_POINT('',(35.260243956,19.358717275,8.700000048));
#2653=DIRECTION('',(1.,-0.,0.));
#2654=VECTOR('',#2653,14.099998474);
#2655=LINE('',#2652,#2654);
#2656=EDGE_CURVE('',#1298,#2651,#2655,.T.);
#2657=ORIENTED_EDGE('',*,*,#2656,.T.);
#2658=CARTESIAN_POINT('',(49.36024243,19.358717275,8.700000048));
#2659=DIRECTION('',(-0.,-1.,0.));
#2660=VECTOR('',#2659,14.099999905);
#2661=LINE('',#2658,#2660);
#2662=EDGE_CURVE('',#2651,#2642,#2661,.T.);
#2663=ORIENTED_EDGE('',*,*,#2662,.T.);
#2664=EDGE_LOOP('',(#2648,#2649,#2657,#2663));
#2665=FACE_BOUND('',#2664,.T.);
#2666=CARTESIAN_POINT('',(18.260243956,-7.491282153,8.700000048));
#2667=VERTEX_POINT('',#2666);
#2668=CARTESIAN_POINT('',(18.260243956,-7.491282153,8.700000048));
#2669=DIRECTION('',(1.,-0.,0.));
#2670=VECTOR('',#2669,14.100000381);
#2671=LINE('',#2668,#2670);
#2672=EDGE_CURVE('',#2667,#1378,#2671,.T.);
#2673=ORIENTED_EDGE('',*,*,#2672,.F.);
#2674=CARTESIAN_POINT('',(18.260243956,6.608717275,8.700000048));
#2675=DIRECTION('',(-0.,-1.,0.));
#2676=VECTOR('',#2675,14.099999428);
#2677=LINE('',#2674,#2676);
#2678=EDGE_CURVE('',#1457,#2667,#2677,.T.);
#2679=ORIENTED_EDGE('',*,*,#2678,.F.);
#2680=ORIENTED_EDGE('',*,*,#1462,.F.);
#2681=ORIENTED_EDGE('',*,*,#1391,.T.);
#2682=EDGE_LOOP('',(#2673,#2679,#2680,#2681));
#2683=FACE_BOUND('',#2682,.T.);
#2684=CARTESIAN_POINT('',(-49.236577747,-37.896203407,8.700000048));
#2685=VERTEX_POINT('',#2684);
#2686=CARTESIAN_POINT('',(-54.745890077,-24.917087245,8.700000048));
#2687=VERTEX_POINT('',#2686);
#2688=CARTESIAN_POINT('',(-49.236577747,-37.896203407,8.700000048));
#2689=DIRECTION('',(-0.390731392,0.920504742,0.));
#2690=VECTOR('',#2689,14.099999245);
#2691=LINE('',#2688,#2690);
#2692=EDGE_CURVE('',#2685,#2687,#2691,.T.);
#2693=ORIENTED_EDGE('',*,*,#2692,.T.);
#2694=CARTESIAN_POINT('',(-41.766769903,-19.407776701,8.700000048));
#2695=VERTEX_POINT('',#2694);
#2696=CARTESIAN_POINT('',(-54.745890077,-24.917087245,8.700000048));
#2697=DIRECTION('',(0.920504831,0.390731182,0.));
#2698=VECTOR('',#2697,14.10000224);
#2699=LINE('',#2696,#2698);
#2700=EDGE_CURVE('',#2687,#2695,#2699,.T.);
#2701=ORIENTED_EDGE('',*,*,#2700,.T.);
#2702=CARTESIAN_POINT('',(-36.257458227,-32.386895048,8.700000048));
#2703=VERTEX_POINT('',#2702);
#2704=CARTESIAN_POINT('',(-41.766769903,-19.407776701,8.700000048));
#2705=DIRECTION('',(0.390731297,-0.920504782,0.));
#2706=VECTOR('',#2705,14.100001);
#2707=LINE('',#2704,#2706);
#2708=EDGE_CURVE('',#2695,#2703,#2707,.T.);
#2709=ORIENTED_EDGE('',*,*,#2708,.T.);
#2710=CARTESIAN_POINT('',(-36.257458227,-32.386895048,8.700000048));
#2711=DIRECTION('',(-0.920504879,-0.390731068,0.));
#2712=VECTOR('',#2711,14.100000785);
#2713=LINE('',#2710,#2712);
#2714=EDGE_CURVE('',#2703,#2685,#2713,.T.);
#2715=ORIENTED_EDGE('',*,*,#2714,.T.);
#2716=EDGE_LOOP('',(#2693,#2701,#2709,#2715));
#2717=FACE_BOUND('',#2716,.T.);
#2718=ADVANCED_FACE('crnxx-right-top-case',(#1953,#1987,#2021,#2055,#2089,#2114,#2148,#2182,#2216,#2250,#2284,#2318,#2352,#2386,#2420,#2454,#2488,#2513,#2547,#2572,#2606,#2640,#2665,#2683,#2717),#1477,.T.);
#2719=CARTESIAN_POINT('',(18.260243956,20.058718038,0.));
#2720=DIRECTION('',(1.,-0.,0.));
#2721=DIRECTION('',(0.,1.,0.));
#2722=AXIS2_PLACEMENT_3D('',#2719,#2720,#2721);
#2723=PLANE('',#2722);
#2724=CARTESIAN_POINT('',(18.260243956,23.608717275,7.5));
#2725=VERTEX_POINT('',#2724);
#2726=CARTESIAN_POINT('',(18.260243956,23.608717275,7.5));
#2727=DIRECTION('',(-0.,-1.,0.));
#2728=VECTOR('',#2727,14.099999905);
#2729=LINE('',#2726,#2728);
#2730=EDGE_CURVE('',#2725,#1408,#2729,.T.);
#2731=ORIENTED_EDGE('',*,*,#2730,.F.);
#2732=CARTESIAN_POINT('',(18.260243956,23.608717275,7.5));
#2733=DIRECTION('',(0.,0.,1.));
#2734=VECTOR('',#2733,1.200000048);
#2735=LINE('',#2732,#2734);
#2736=EDGE_CURVE('',#2725,#2490,#2735,.T.);
#2737=ORIENTED_EDGE('',*,*,#2736,.T.);
#2738=ORIENTED_EDGE('',*,*,#2495,.T.);
#2739=ORIENTED_EDGE('',*,*,#1423,.F.);
#2740=EDGE_LOOP('',(#2731,#2737,#2738,#2739));
#2741=FACE_BOUND('',#2740,.T.);
#2742=ADVANCED_FACE('crnxx-right-top-case',(#2741),#2723,.T.);
#2743=CARTESIAN_POINT('',(15.360244338,22.183718038,1.));
#2744=DIRECTION('',(-1.,0.,-0.));
#2745=DIRECTION('',(0.,0.947340546,0.320227872));
#2746=AXIS2_PLACEMENT_3D('',#2743,#2744,#2745);
#2747=PLANE('',#2746);
#2748=CARTESIAN_POINT('',(15.360244338,11.633717847,7.5));
#2749=VERTEX_POINT('',#2748);
#2750=CARTESIAN_POINT('',(15.360244338,25.733717275,7.5));
#2751=VERTEX_POINT('',#2750);
#2752=CARTESIAN_POINT('',(15.360244338,11.633717847,7.5));
#2753=DIRECTION('',(0.,1.,0.));
#2754=VECTOR('',#2753,14.099999428);
#2755=LINE('',#2752,#2754);
#2756=EDGE_CURVE('',#2749,#2751,#2755,.T.);
#2757=ORIENTED_EDGE('',*,*,#2756,.F.);
#2758=CARTESIAN_POINT('',(15.360244338,11.633717847,7.5));
#2759=DIRECTION('',(0.,0.,1.));
#2760=VECTOR('',#2759,1.200000048);
#2761=LINE('',#2758,#2760);
#2762=EDGE_CURVE('',#2749,#2168,#2761,.T.);
#2763=ORIENTED_EDGE('',*,*,#2762,.T.);
#2764=ORIENTED_EDGE('',*,*,#2173,.T.);
#2765=CARTESIAN_POINT('',(15.360244338,25.733717275,8.700000048));
#2766=DIRECTION('',(0.,0.,-1.));
#2767=VECTOR('',#2766,1.200000048);
#2768=LINE('',#2765,#2767);
#2769=EDGE_CURVE('',#2160,#2751,#2768,.T.);
#2770=ORIENTED_EDGE('',*,*,#2769,.T.);
#2771=EDGE_LOOP('',(#2757,#2763,#2764,#2770));
#2772=FACE_BOUND('',#2771,.T.);
#2773=ADVANCED_FACE('crnxx-right-top-case',(#2772),#2747,.T.);
#2774=CARTESIAN_POINT('',(66.36024243,36.358717275,0.));
#2775=DIRECTION('',(-1.,0.,0.));
#2776=DIRECTION('',(-0.,-1.,0.));
#2777=AXIS2_PLACEMENT_3D('',#2774,#2775,#2776);
#2778=PLANE('',#2777);
#2779=CARTESIAN_POINT('',(66.36024243,22.258716893,7.5));
#2780=VERTEX_POINT('',#2779);
#2781=CARTESIAN_POINT('',(66.36024243,36.358717275,7.5));
#2782=VERTEX_POINT('',#2781);
#2783=CARTESIAN_POINT('',(66.36024243,22.258716893,7.5));
#2784=DIRECTION('',(0.,1.,0.));
#2785=VECTOR('',#2784,14.100000381);
#2786=LINE('',#2783,#2785);
#2787=EDGE_CURVE('',#2780,#2782,#2786,.T.);
#2788=ORIENTED_EDGE('',*,*,#2787,.F.);
#2789=CARTESIAN_POINT('',(66.36024243,22.258716893,7.5));
#2790=DIRECTION('',(0.,0.,1.));
#2791=VECTOR('',#2790,1.200000048);
#2792=LINE('',#2789,#2791);
#2793=EDGE_CURVE('',#2780,#2057,#2792,.T.);
#2794=ORIENTED_EDGE('',*,*,#2793,.T.);
#2795=ORIENTED_EDGE('',*,*,#2064,.T.);
#2796=CARTESIAN_POINT('',(66.36024243,36.358717275,8.700000048));
#2797=DIRECTION('',(0.,0.,-1.));
#2798=VECTOR('',#2797,1.200000048);
#2799=LINE('',#2796,#2798);
#2800=EDGE_CURVE('',#2059,#2782,#2799,.T.);
#2801=ORIENTED_EDGE('',*,*,#2800,.T.);
#2802=EDGE_LOOP('',(#2788,#2794,#2795,#2801));
#2803=FACE_BOUND('',#2802,.T.);
#2804=ADVANCED_FACE('crnxx-right-top-case',(#2803),#2778,.T.);
#2805=CARTESIAN_POINT('',(1.260243956,25.733717275,0.));
#2806=DIRECTION('',(-0.,-1.,0.));
#2807=DIRECTION('',(1.,-0.,0.));
#2808=AXIS2_PLACEMENT_3D('',#2805,#2806,#2807);
#2809=PLANE('',#2808);
#2810=CARTESIAN_POINT('',(1.260243956,25.733717275,7.5));
#2811=VERTEX_POINT('',#2810);
#2812=CARTESIAN_POINT('',(15.360244338,25.733717275,7.5));
#2813=DIRECTION('',(-1.,0.,0.));
#2814=VECTOR('',#2813,14.100000381);
#2815=LINE('',#2812,#2814);
#2816=EDGE_CURVE('',#2751,#2811,#2815,.T.);
#2817=ORIENTED_EDGE('',*,*,#2816,.F.);
#2818=ORIENTED_EDGE('',*,*,#2769,.F.);
#2819=ORIENTED_EDGE('',*,*,#2165,.T.);
#2820=CARTESIAN_POINT('',(1.260243956,25.733717275,8.700000048));
#2821=DIRECTION('',(0.,0.,-1.));
#2822=VECTOR('',#2821,1.200000048);
#2823=LINE('',#2820,#2822);
#2824=EDGE_CURVE('',#2152,#2811,#2823,.T.);
#2825=ORIENTED_EDGE('',*,*,#2824,.T.);
#2826=EDGE_LOOP('',(#2817,#2818,#2819,#2825));
#2827=FACE_BOUND('',#2826,.T.);
#2828=ADVANCED_FACE('crnxx-right-top-case',(#2827),#2809,.T.);
#2829=CARTESIAN_POINT('',(49.36024243,36.358717275,0.));
#2830=DIRECTION('',(-1.,0.,0.));
#2831=DIRECTION('',(-0.,-1.,0.));
#2832=AXIS2_PLACEMENT_3D('',#2829,#2830,#2831);
#2833=PLANE('',#2832);
#2834=CARTESIAN_POINT('',(49.36024243,22.258716893,7.5));
#2835=VERTEX_POINT('',#2834);
#2836=CARTESIAN_POINT('',(49.36024243,36.358717275,7.5));
#2837=VERTEX_POINT('',#2836);
#2838=CARTESIAN_POINT('',(49.36024243,22.258716893,7.5));
#2839=DIRECTION('',(0.,1.,0.));
#2840=VECTOR('',#2839,14.100000381);
#2841=LINE('',#2838,#2840);
#2842=EDGE_CURVE('',#2835,#2837,#2841,.T.);
#2843=ORIENTED_EDGE('',*,*,#2842,.F.);
#2844=CARTESIAN_POINT('',(49.36024243,22.258716893,8.700000048));
#2845=DIRECTION('',(0.,0.,-1.));
#2846=VECTOR('',#2845,1.200000048);
#2847=LINE('',#2844,#2846);
#2848=EDGE_CURVE('',#2270,#2835,#2847,.T.);
#2849=ORIENTED_EDGE('',*,*,#2848,.F.);
#2850=ORIENTED_EDGE('',*,*,#2275,.T.);
#2851=CARTESIAN_POINT('',(49.36024243,36.358717275,8.700000048));
#2852=DIRECTION('',(0.,0.,-1.));
#2853=VECTOR('',#2852,1.200000048);
#2854=LINE('',#2851,#2853);
#2855=EDGE_CURVE('',#2262,#2837,#2854,.T.);
#2856=ORIENTED_EDGE('',*,*,#2855,.T.);
#2857=EDGE_LOOP('',(#2843,#2849,#2850,#2856));
#2858=FACE_BOUND('',#2857,.T.);
#2859=ADVANCED_FACE('crnxx-right-top-case',(#2858),#2833,.T.);
#2860=CARTESIAN_POINT('',(15.360244338,5.183717322,1.));
#2861=DIRECTION('',(-1.,0.,-0.));
#2862=DIRECTION('',(0.,0.947340566,0.320227814));
#2863=AXIS2_PLACEMENT_3D('',#2860,#2861,#2862);
#2864=PLANE('',#2863);
#2865=CARTESIAN_POINT('',(15.360244338,-5.36628263,7.5));
#2866=VERTEX_POINT('',#2865);
#2867=CARTESIAN_POINT('',(15.360244338,8.733717275,7.5));
#2868=VERTEX_POINT('',#2867);
#2869=CARTESIAN_POINT('',(15.360244338,-5.36628263,7.5));
#2870=DIRECTION('',(0.,1.,0.));
#2871=VECTOR('',#2870,14.099999905);
#2872=LINE('',#2869,#2871);
#2873=EDGE_CURVE('',#2866,#2868,#2872,.T.);
#2874=ORIENTED_EDGE('',*,*,#2873,.F.);
#2875=CARTESIAN_POINT('',(15.360244338,-5.36628263,7.5));
#2876=DIRECTION('',(0.,0.,1.));
#2877=VECTOR('',#2876,1.200000048);
#2878=LINE('',#2875,#2877);
#2879=EDGE_CURVE('',#2866,#2236,#2878,.T.);
#2880=ORIENTED_EDGE('',*,*,#2879,.T.);
#2881=ORIENTED_EDGE('',*,*,#2241,.F.);
#2882=CARTESIAN_POINT('',(15.360244338,8.733717275,8.700000048));
#2883=DIRECTION('',(0.,0.,-1.));
#2884=VECTOR('',#2883,1.200000048);
#2885=LINE('',#2882,#2884);
#2886=EDGE_CURVE('',#2228,#2868,#2885,.T.);
#2887=ORIENTED_EDGE('',*,*,#2886,.T.);
#2888=EDGE_LOOP('',(#2874,#2880,#2881,#2887));
#2889=FACE_BOUND('',#2888,.T.);
#2890=ADVANCED_FACE('crnxx-right-top-case',(#2889),#2864,.T.);
#2891=CARTESIAN_POINT('',(18.260243956,3.058717442,0.));
#2892=DIRECTION('',(1.,-0.,0.));
#2893=DIRECTION('',(0.,1.,0.));
#2894=AXIS2_PLACEMENT_3D('',#2891,#2892,#2893);
#2895=PLANE('',#2894);
#2896=CARTESIAN_POINT('',(18.260243956,-7.491282153,7.5));
#2897=VERTEX_POINT('',#2896);
#2898=CARTESIAN_POINT('',(18.260243956,6.608717275,7.5));
#2899=DIRECTION('',(-0.,-1.,0.));
#2900=VECTOR('',#2899,14.099999428);
#2901=LINE('',#2898,#2900);
#2902=EDGE_CURVE('',#1448,#2897,#2901,.T.);
#2903=ORIENTED_EDGE('',*,*,#2902,.F.);
#2904=ORIENTED_EDGE('',*,*,#1468,.F.);
#2905=ORIENTED_EDGE('',*,*,#2678,.T.);
#2906=CARTESIAN_POINT('',(18.260243956,-7.491282153,7.5));
#2907=DIRECTION('',(0.,0.,1.));
#2908=VECTOR('',#2907,1.200000048);
#2909=LINE('',#2906,#2908);
#2910=EDGE_CURVE('',#2897,#2667,#2909,.T.);
#2911=ORIENTED_EDGE('',*,*,#2910,.F.);
#2912=EDGE_LOOP('',(#2903,#2904,#2905,#2911));
#2913=FACE_BOUND('',#2912,.T.);
#2914=ADVANCED_FACE('crnxx-right-top-case',(#2913),#2895,.T.);
#2915=CARTESIAN_POINT('',(15.360244338,11.633717847,2.200000048));
#2916=DIRECTION('',(0.,1.,0.));
#2917=DIRECTION('',(0.,0.,-1.));
#2918=AXIS2_PLACEMENT_3D('',#2915,#2916,#2917);
#2919=PLANE('',#2918);
#2920=CARTESIAN_POINT('',(1.260243956,11.633717847,7.5));
#2921=VERTEX_POINT('',#2920);
#2922=CARTESIAN_POINT('',(1.260243956,11.633717847,7.5));
#2923=DIRECTION('',(1.,-0.,0.));
#2924=VECTOR('',#2923,14.100000381);
#2925=LINE('',#2922,#2924);
#2926=EDGE_CURVE('',#2921,#2749,#2925,.T.);
#2927=ORIENTED_EDGE('',*,*,#2926,.F.);
#2928=CARTESIAN_POINT('',(1.260243956,11.633717847,7.5));
#2929=DIRECTION('',(0.,0.,1.));
#2930=VECTOR('',#2929,1.200000048);
#2931=LINE('',#2928,#2930);
#2932=EDGE_CURVE('',#2921,#2150,#2931,.T.);
#2933=ORIENTED_EDGE('',*,*,#2932,.T.);
#2934=ORIENTED_EDGE('',*,*,#2179,.T.);
#2935=ORIENTED_EDGE('',*,*,#2762,.F.);
#2936=EDGE_LOOP('',(#2927,#2933,#2934,#2935));
#2937=FACE_BOUND('',#2936,.T.);
#2938=ADVANCED_FACE('crnxx-right-top-case',(#2937),#2919,.T.);
#2939=CARTESIAN_POINT('',(1.260243956,8.733717275,0.));
#2940=DIRECTION('',(-0.,-1.,0.));
#2941=DIRECTION('',(1.,-0.,0.));
#2942=AXIS2_PLACEMENT_3D('',#2939,#2940,#2941);
#2943=PLANE('',#2942);
#2944=CARTESIAN_POINT('',(1.260243956,8.733717275,7.5));
#2945=VERTEX_POINT('',#2944);
#2946=CARTESIAN_POINT('',(15.360244338,8.733717275,7.5));
#2947=DIRECTION('',(-1.,0.,0.));
#2948=VECTOR('',#2947,14.100000381);
#2949=LINE('',#2946,#2948);
#2950=EDGE_CURVE('',#2868,#2945,#2949,.T.);
#2951=ORIENTED_EDGE('',*,*,#2950,.F.);
#2952=ORIENTED_EDGE('',*,*,#2886,.F.);
#2953=ORIENTED_EDGE('',*,*,#2233,.T.);
#2954=CARTESIAN_POINT('',(1.260243956,8.733717275,8.700000048));
#2955=DIRECTION('',(0.,0.,-1.));
#2956=VECTOR('',#2955,1.200000048);
#2957=LINE('',#2954,#2956);
#2958=EDGE_CURVE('',#2220,#2945,#2957,.T.);
#2959=ORIENTED_EDGE('',*,*,#2958,.T.);
#2960=EDGE_LOOP('',(#2951,#2952,#2953,#2959));
#2961=FACE_BOUND('',#2960,.T.);
#2962=ADVANCED_FACE('crnxx-right-top-case',(#2961),#2943,.T.);
#2963=CARTESIAN_POINT('',(32.360244338,13.058717084,0.));
#2964=DIRECTION('',(-1.,0.,0.));
#2965=DIRECTION('',(-0.,-1.,0.));
#2966=AXIS2_PLACEMENT_3D('',#2963,#2964,#2965);
#2967=PLANE('',#2966);
#2968=CARTESIAN_POINT('',(32.360244338,23.608717275,7.5));
#2969=VERTEX_POINT('',#2968);
#2970=CARTESIAN_POINT('',(32.360244338,9.50871737,7.5));
#2971=DIRECTION('',(0.,1.,0.));
#2972=VECTOR('',#2971,14.099999905);
#2973=LINE('',#2970,#2972);
#2974=EDGE_CURVE('',#1410,#2969,#2973,.T.);
#2975=ORIENTED_EDGE('',*,*,#2974,.F.);
#2976=ORIENTED_EDGE('',*,*,#1437,.F.);
#2977=ORIENTED_EDGE('',*,*,#2509,.F.);
#2978=CARTESIAN_POINT('',(32.360244338,23.608717275,7.5));
#2979=DIRECTION('',(0.,0.,1.));
#2980=VECTOR('',#2979,1.200000048);
#2981=LINE('',#2978,#2980);
#2982=EDGE_CURVE('',#2969,#2498,#2981,.T.);
#2983=ORIENTED_EDGE('',*,*,#2982,.F.);
#2984=EDGE_LOOP('',(#2975,#2976,#2977,#2983));
#2985=FACE_BOUND('',#2984,.T.);
#2986=ADVANCED_FACE('crnxx-right-top-case',(#2985),#2967,.T.);
#2987=CARTESIAN_POINT('',(66.36024243,-1.191282678,1.));
#2988=DIRECTION('',(-1.,0.,-0.));
#2989=DIRECTION('',(0.,0.962540444,-0.271138145));
#2990=AXIS2_PLACEMENT_3D('',#2987,#2988,#2989);
#2991=PLANE('',#2990);
#2992=CARTESIAN_POINT('',(66.36024243,-11.741282153,7.5));
#2993=VERTEX_POINT('',#2992);
#2994=CARTESIAN_POINT('',(66.36024243,2.358717424,7.5));
#2995=VERTEX_POINT('',#2994);
#2996=CARTESIAN_POINT('',(66.36024243,-11.741282153,7.5));
#2997=DIRECTION('',(0.,1.,0.));
#2998=VECTOR('',#2997,14.099999577);
#2999=LINE('',#2996,#2998);
#3000=EDGE_CURVE('',#2993,#2995,#2999,.T.);
#3001=ORIENTED_EDGE('',*,*,#3000,.F.);
#3002=CARTESIAN_POINT('',(66.36024243,-11.741282153,7.5));
#3003=DIRECTION('',(0.,0.,1.));
#3004=VECTOR('',#3003,1.200000048);
#3005=LINE('',#3002,#3004);
#3006=EDGE_CURVE('',#2993,#2466,#3005,.T.);
#3007=ORIENTED_EDGE('',*,*,#3006,.T.);
#3008=ORIENTED_EDGE('',*,*,#2471,.T.);
#3009=CARTESIAN_POINT('',(66.36024243,2.358717424,7.5));
#3010=DIRECTION('',(0.,0.,1.));
#3011=VECTOR('',#3010,1.200000048);
#3012=LINE('',#3009,#3011);
#3013=EDGE_CURVE('',#2995,#2458,#3012,.T.);
#3014=ORIENTED_EDGE('',*,*,#3013,.F.);
#3015=EDGE_LOOP('',(#3001,#3007,#3008,#3014));
#3016=FACE_BOUND('',#3015,.T.);
#3017=ADVANCED_FACE('crnxx-right-top-case',(#3016),#2991,.T.);
#3018=CARTESIAN_POINT('',(66.36024243,-14.641282725,0.));
#3019=DIRECTION('',(-1.,0.,0.));
#3020=DIRECTION('',(-0.,-1.,0.));
#3021=AXIS2_PLACEMENT_3D('',#3018,#3019,#3020);
#3022=PLANE('',#3021);
#3023=CARTESIAN_POINT('',(66.36024243,-28.741283107,7.5));
#3024=VERTEX_POINT('',#3023);
#3025=CARTESIAN_POINT('',(66.36024243,-14.641282725,7.5));
#3026=VERTEX_POINT('',#3025);
#3027=CARTESIAN_POINT('',(66.36024243,-28.741283107,7.5));
#3028=DIRECTION('',(0.,1.,0.));
#3029=VECTOR('',#3028,14.100000382);
#3030=LINE('',#3027,#3029);
#3031=EDGE_CURVE('',#3024,#3026,#3030,.T.);
#3032=ORIENTED_EDGE('',*,*,#3031,.F.);
#3033=CARTESIAN_POINT('',(66.36024243,-28.741283107,7.5));
#3034=DIRECTION('',(0.,0.,1.));
#3035=VECTOR('',#3034,1.200000048);
#3036=LINE('',#3033,#3035);
#3037=EDGE_CURVE('',#3024,#2525,#3036,.T.);
#3038=ORIENTED_EDGE('',*,*,#3037,.T.);
#3039=ORIENTED_EDGE('',*,*,#2530,.T.);
#3040=CARTESIAN_POINT('',(66.36024243,-14.641282725,8.700000048));
#3041=DIRECTION('',(0.,0.,-1.));
#3042=VECTOR('',#3041,1.200000048);
#3043=LINE('',#3040,#3042);
#3044=EDGE_CURVE('',#2515,#3026,#3043,.T.);
#3045=ORIENTED_EDGE('',*,*,#3044,.T.);
#3046=EDGE_LOOP('',(#3032,#3038,#3039,#3045));
#3047=FACE_BOUND('',#3046,.T.);
#3048=ADVANCED_FACE('crnxx-right-top-case',(#3047),#3022,.T.);
#3049=CARTESIAN_POINT('',(49.36024243,-1.191282678,1.));
#3050=DIRECTION('',(-1.,0.,-0.));
#3051=DIRECTION('',(0.,0.962540444,-0.271138145));
#3052=AXIS2_PLACEMENT_3D('',#3049,#3050,#3051);
#3053=PLANE('',#3052);
#3054=CARTESIAN_POINT('',(49.36024243,-11.741282153,7.5));
#3055=VERTEX_POINT('',#3054);
#3056=CARTESIAN_POINT('',(49.36024243,2.358717424,7.5));
#3057=VERTEX_POINT('',#3056);
#3058=CARTESIAN_POINT('',(49.36024243,-11.741282153,7.5));
#3059=DIRECTION('',(0.,1.,0.));
#3060=VECTOR('',#3059,14.099999577);
#3061=LINE('',#3058,#3060);
#3062=EDGE_CURVE('',#3055,#3057,#3061,.T.);
#3063=ORIENTED_EDGE('',*,*,#3062,.F.);
#3064=CARTESIAN_POINT('',(49.36024243,-11.741282153,7.5));
#3065=DIRECTION('',(0.,0.,1.));
#3066=VECTOR('',#3065,1.200000048);
#3067=LINE('',#3064,#3066);
#3068=EDGE_CURVE('',#3055,#2549,#3067,.T.);
#3069=ORIENTED_EDGE('',*,*,#3068,.T.);
#3070=ORIENTED_EDGE('',*,*,#2556,.T.);
#3071=CARTESIAN_POINT('',(49.36024243,2.358717424,7.5));
#3072=DIRECTION('',(0.,0.,1.));
#3073=VECTOR('',#3072,1.200000048);
#3074=LINE('',#3071,#3073);
#3075=EDGE_CURVE('',#3057,#2551,#3074,.T.);
#3076=ORIENTED_EDGE('',*,*,#3075,.F.);
#3077=EDGE_LOOP('',(#3063,#3069,#3070,#3076));
#3078=FACE_BOUND('',#3077,.T.);
#3079=ADVANCED_FACE('crnxx-right-top-case',(#3078),#3053,.T.);
#3080=CARTESIAN_POINT('',(52.260243956,-11.741282153,0.));
#3081=DIRECTION('',(1.,-0.,0.));
#3082=DIRECTION('',(0.,1.,0.));
#3083=AXIS2_PLACEMENT_3D('',#3080,#3081,#3082);
#3084=PLANE('',#3083);
#3085=CARTESIAN_POINT('',(52.260243956,2.358717424,7.5));
#3086=VERTEX_POINT('',#3085);
#3087=CARTESIAN_POINT('',(52.260243956,-11.741282153,7.5));
#3088=VERTEX_POINT('',#3087);
#3089=CARTESIAN_POINT('',(52.260243956,2.358717424,7.5));
#3090=DIRECTION('',(-0.,-1.,0.));
#3091=VECTOR('',#3090,14.099999577);
#3092=LINE('',#3089,#3091);
#3093=EDGE_CURVE('',#3086,#3088,#3092,.T.);
#3094=ORIENTED_EDGE('',*,*,#3093,.F.);
#3095=CARTESIAN_POINT('',(52.260243956,2.358717424,7.5));
#3096=DIRECTION('',(0.,0.,1.));
#3097=VECTOR('',#3096,1.200000048);
#3098=LINE('',#3095,#3097);
#3099=EDGE_CURVE('',#3086,#2456,#3098,.T.);
#3100=ORIENTED_EDGE('',*,*,#3099,.T.);
#3101=ORIENTED_EDGE('',*,*,#2485,.T.);
#3102=CARTESIAN_POINT('',(52.260243956,-11.741282153,8.700000048));
#3103=DIRECTION('',(0.,0.,-1.));
#3104=VECTOR('',#3103,1.200000048);
#3105=LINE('',#3102,#3104);
#3106=EDGE_CURVE('',#2474,#3088,#3105,.T.);
#3107=ORIENTED_EDGE('',*,*,#3106,.T.);
#3108=EDGE_LOOP('',(#3094,#3100,#3101,#3107));
#3109=FACE_BOUND('',#3108,.T.);
#3110=ADVANCED_FACE('crnxx-right-top-case',(#3109),#3084,.T.);
#3111=CARTESIAN_POINT('',(49.36024243,-14.641282725,0.));
#3112=DIRECTION('',(-1.,0.,0.));
#3113=DIRECTION('',(-0.,-1.,0.));
#3114=AXIS2_PLACEMENT_3D('',#3111,#3112,#3113);
#3115=PLANE('',#3114);
#3116=CARTESIAN_POINT('',(49.36024243,-28.741283107,7.5));
#3117=VERTEX_POINT('',#3116);
#3118=CARTESIAN_POINT('',(49.36024243,-14.641282725,7.5));
#3119=VERTEX_POINT('',#3118);
#3120=CARTESIAN_POINT('',(49.36024243,-28.741283107,7.5));
#3121=DIRECTION('',(0.,1.,0.));
#3122=VECTOR('',#3121,14.100000382);
#3123=LINE('',#3120,#3122);
#3124=EDGE_CURVE('',#3117,#3119,#3123,.T.);
#3125=ORIENTED_EDGE('',*,*,#3124,.F.);
#3126=CARTESIAN_POINT('',(49.36024243,-28.741283107,7.5));
#3127=DIRECTION('',(0.,0.,1.));
#3128=VECTOR('',#3127,1.200000048);
#3129=LINE('',#3126,#3128);
#3130=EDGE_CURVE('',#3117,#2626,#3129,.T.);
#3131=ORIENTED_EDGE('',*,*,#3130,.T.);
#3132=ORIENTED_EDGE('',*,*,#2631,.T.);
#3133=CARTESIAN_POINT('',(49.36024243,-14.641282725,8.700000048));
#3134=DIRECTION('',(0.,0.,-1.));
#3135=VECTOR('',#3134,1.200000048);
#3136=LINE('',#3133,#3135);
#3137=EDGE_CURVE('',#2618,#3119,#3136,.T.);
#3138=ORIENTED_EDGE('',*,*,#3137,.T.);
#3139=EDGE_LOOP('',(#3125,#3131,#3132,#3138));
#3140=FACE_BOUND('',#3139,.T.);
#3141=ADVANCED_FACE('crnxx-right-top-case',(#3140),#3115,.T.);
#3142=CARTESIAN_POINT('',(-54.745890077,-24.917087245,2.200000048));
#3143=DIRECTION('',(0.390731182,-0.920504831,-0.));
#3144=DIRECTION('',(0.909500574,0.386060152,-0.154163114));
#3145=AXIS2_PLACEMENT_3D('',#3142,#3143,#3144);
#3146=PLANE('',#3145);
#3147=CARTESIAN_POINT('',(-41.76677024,-19.407776844,7.5));
#3148=VERTEX_POINT('',#3147);
#3149=CARTESIAN_POINT('',(-54.745890077,-24.917087245,7.5));
#3150=VERTEX_POINT('',#3149);
#3151=CARTESIAN_POINT('',(-41.76677024,-19.407776844,7.5));
#3152=DIRECTION('',(-0.920504831,-0.390731182,0.));
#3153=VECTOR('',#3152,14.100001874);
#3154=LINE('',#3151,#3153);
#3155=EDGE_CURVE('',#3148,#3150,#3154,.T.);
#3156=ORIENTED_EDGE('',*,*,#3155,.F.);
#3157=CARTESIAN_POINT('',(-41.76677024,-19.407776844,7.5));
#3158=DIRECTION('',(0.000000281,0.000000119,1.));
#3159=VECTOR('',#3158,1.200000048);
#3160=LINE('',#3157,#3159);
#3161=EDGE_CURVE('',#3148,#2695,#3160,.T.);
#3162=ORIENTED_EDGE('',*,*,#3161,.T.);
#3163=ORIENTED_EDGE('',*,*,#2700,.F.);
#3164=CARTESIAN_POINT('',(-54.745890077,-24.917087245,8.700000048));
#3165=DIRECTION('',(-0.,0.,-1.));
#3166=VECTOR('',#3165,1.200000048);
#3167=LINE('',#3164,#3166);
#3168=EDGE_CURVE('',#2687,#3150,#3167,.T.);
#3169=ORIENTED_EDGE('',*,*,#3168,.T.);
#3170=EDGE_LOOP('',(#3156,#3162,#3163,#3169));
#3171=FACE_BOUND('',#3170,.T.);
#3172=ADVANCED_FACE('crnxx-right-top-case',(#3171),#3146,.T.);
#3173=CARTESIAN_POINT('',(-35.977632936,-17.557859111,2.200000048));
#3174=DIRECTION('',(0.978400824,0.20671678,0.));
#3175=DIRECTION('',(0.175711322,-0.831650448,-0.526766613));
#3176=AXIS2_PLACEMENT_3D('',#3173,#3174,#3175);
#3177=PLANE('',#3176);
#3178=CARTESIAN_POINT('',(-35.977632936,-17.557859111,7.5));
#3179=VERTEX_POINT('',#3178);
#3180=CARTESIAN_POINT('',(-33.06292638,-31.353310555,7.5));
#3181=VERTEX_POINT('',#3180);
#3182=CARTESIAN_POINT('',(-35.977632936,-17.557859111,7.5));
#3183=DIRECTION('',(0.20671678,-0.978400824,0.));
#3184=VECTOR('',#3183,14.099999818);
#3185=LINE('',#3182,#3184);
#3186=EDGE_CURVE('',#3179,#3181,#3185,.T.);
#3187=ORIENTED_EDGE('',*,*,#3186,.F.);
#3188=CARTESIAN_POINT('',(-35.977632936,-17.557859111,7.5));
#3189=DIRECTION('',(-0.,-0.,1.));
#3190=VECTOR('',#3189,1.200000048);
#3191=LINE('',#3188,#3190);
#3192=EDGE_CURVE('',#3179,#2440,#3191,.T.);
#3193=ORIENTED_EDGE('',*,*,#3192,.T.);
#3194=ORIENTED_EDGE('',*,*,#2445,.F.);
#3195=CARTESIAN_POINT('',(-33.06292638,-31.353310555,7.5));
#3196=DIRECTION('',(-0.,0.,1.));
#3197=VECTOR('',#3196,1.200000048);
#3198=LINE('',#3195,#3197);
#3199=EDGE_CURVE('',#3181,#2432,#3198,.T.);
#3200=ORIENTED_EDGE('',*,*,#3199,.F.);
#3201=EDGE_LOOP('',(#3187,#3193,#3194,#3200));
#3202=FACE_BOUND('',#3201,.T.);
#3203=ADVANCED_FACE('crnxx-right-top-case',(#3202),#3177,.T.);
#3204=CARTESIAN_POINT('',(52.260243956,22.258716893,0.));
#3205=DIRECTION('',(1.,-0.,0.));
#3206=DIRECTION('',(0.,1.,0.));
#3207=AXIS2_PLACEMENT_3D('',#3204,#3205,#3206);
#3208=PLANE('',#3207);
#3209=CARTESIAN_POINT('',(52.260243956,36.358717275,7.5));
#3210=VERTEX_POINT('',#3209);
#3211=CARTESIAN_POINT('',(52.260243956,22.258716893,7.5));
#3212=VERTEX_POINT('',#3211);
#3213=CARTESIAN_POINT('',(52.260243956,36.358717275,7.5));
#3214=DIRECTION('',(-0.,-1.,0.));
#3215=VECTOR('',#3214,14.100000382);
#3216=LINE('',#3213,#3215);
#3217=EDGE_CURVE('',#3210,#3212,#3216,.T.);
#3218=ORIENTED_EDGE('',*,*,#3217,.F.);
#3219=CARTESIAN_POINT('',(52.260243956,36.358717275,8.700000048));
#3220=DIRECTION('',(0.,0.,-1.));
#3221=VECTOR('',#3220,1.200000048);
#3222=LINE('',#3219,#3221);
#3223=EDGE_CURVE('',#2075,#3210,#3222,.T.);
#3224=ORIENTED_EDGE('',*,*,#3223,.F.);
#3225=ORIENTED_EDGE('',*,*,#2080,.T.);
#3226=CARTESIAN_POINT('',(52.260243956,22.258716893,7.5));
#3227=DIRECTION('',(0.,0.,1.));
#3228=VECTOR('',#3227,1.200000048);
#3229=LINE('',#3226,#3228);
#3230=EDGE_CURVE('',#3212,#2067,#3229,.T.);
#3231=ORIENTED_EDGE('',*,*,#3230,.F.);
#3232=EDGE_LOOP('',(#3218,#3224,#3225,#3231));
#3233=FACE_BOUND('',#3232,.T.);
#3234=ADVANCED_FACE('crnxx-right-top-case',(#3233),#3208,.T.);
#3235=CARTESIAN_POINT('',(52.260243956,-28.741283107,0.));
#3236=DIRECTION('',(1.,-0.,0.));
#3237=DIRECTION('',(0.,1.,0.));
#3238=AXIS2_PLACEMENT_3D('',#3235,#3236,#3237);
#3239=PLANE('',#3238);
#3240=CARTESIAN_POINT('',(52.260243956,-14.641282725,7.5));
#3241=VERTEX_POINT('',#3240);
#3242=CARTESIAN_POINT('',(52.260243956,-28.741283107,7.5));
#3243=VERTEX_POINT('',#3242);
#3244=CARTESIAN_POINT('',(52.260243956,-14.641282725,7.5));
#3245=DIRECTION('',(-0.,-1.,0.));
#3246=VECTOR('',#3245,14.100000382);
#3247=LINE('',#3244,#3246);
#3248=EDGE_CURVE('',#3241,#3243,#3247,.T.);
#3249=ORIENTED_EDGE('',*,*,#3248,.F.);
#3250=CARTESIAN_POINT('',(52.260243956,-14.641282725,8.700000048));
#3251=DIRECTION('',(0.,0.,-1.));
#3252=VECTOR('',#3251,1.200000048);
#3253=LINE('',#3250,#3252);
#3254=EDGE_CURVE('',#2517,#3241,#3253,.T.);
#3255=ORIENTED_EDGE('',*,*,#3254,.F.);
#3256=ORIENTED_EDGE('',*,*,#2544,.T.);
#3257=CARTESIAN_POINT('',(52.260243956,-28.741283107,8.700000048));
#3258=DIRECTION('',(0.,0.,-1.));
#3259=VECTOR('',#3258,1.200000048);
#3260=LINE('',#3257,#3259);
#3261=EDGE_CURVE('',#2533,#3243,#3260,.T.);
#3262=ORIENTED_EDGE('',*,*,#3261,.T.);
#3263=EDGE_LOOP('',(#3249,#3255,#3256,#3262));
#3264=FACE_BOUND('',#3263,.T.);
#3265=ADVANCED_FACE('crnxx-right-top-case',(#3264),#3239,.T.);
#3266=CARTESIAN_POINT('',(49.36024243,19.358717275,0.));
#3267=DIRECTION('',(-1.,0.,0.));
#3268=DIRECTION('',(-0.,-1.,0.));
#3269=AXIS2_PLACEMENT_3D('',#3266,#3267,#3268);
#3270=PLANE('',#3269);
#3271=CARTESIAN_POINT('',(49.36024243,5.25871737,7.5));
#3272=VERTEX_POINT('',#3271);
#3273=CARTESIAN_POINT('',(49.36024243,19.358717275,7.5));
#3274=VERTEX_POINT('',#3273);
#3275=CARTESIAN_POINT('',(49.36024243,5.25871737,7.5));
#3276=DIRECTION('',(0.,1.,0.));
#3277=VECTOR('',#3276,14.099999905);
#3278=LINE('',#3275,#3277);
#3279=EDGE_CURVE('',#3272,#3274,#3278,.T.);
#3280=ORIENTED_EDGE('',*,*,#3279,.F.);
#3281=CARTESIAN_POINT('',(49.36024243,5.25871737,8.700000048));
#3282=DIRECTION('',(0.,0.,-1.));
#3283=VECTOR('',#3282,1.200000048);
#3284=LINE('',#3281,#3283);
#3285=EDGE_CURVE('',#2642,#3272,#3284,.T.);
#3286=ORIENTED_EDGE('',*,*,#3285,.F.);
#3287=ORIENTED_EDGE('',*,*,#2662,.F.);
#3288=CARTESIAN_POINT('',(49.36024243,19.358717275,7.5));
#3289=DIRECTION('',(0.,0.,1.));
#3290=VECTOR('',#3289,1.200000048);
#3291=LINE('',#3288,#3290);
#3292=EDGE_CURVE('',#3274,#2651,#3291,.T.);
#3293=ORIENTED_EDGE('',*,*,#3292,.F.);
#3294=EDGE_LOOP('',(#3280,#3286,#3287,#3293));
#3295=FACE_BOUND('',#3294,.T.);
#3296=ADVANCED_FACE('crnxx-right-top-case',(#3295),#3270,.T.);
#3297=CARTESIAN_POINT('',(32.360244338,-10.391282725,0.));
#3298=DIRECTION('',(-1.,0.,0.));
#3299=DIRECTION('',(-0.,-1.,0.));
#3300=AXIS2_PLACEMENT_3D('',#3297,#3298,#3299);
#3301=PLANE('',#3300);
#3302=CARTESIAN_POINT('',(32.360244338,-24.491283107,7.5));
#3303=VERTEX_POINT('',#3302);
#3304=CARTESIAN_POINT('',(32.360244338,-10.391282725,7.5));
#3305=VERTEX_POINT('',#3304);
#3306=CARTESIAN_POINT('',(32.360244338,-24.491283107,7.5));
#3307=DIRECTION('',(0.,1.,0.));
#3308=VECTOR('',#3307,14.100000382);
#3309=LINE('',#3306,#3308);
#3310=EDGE_CURVE('',#3303,#3305,#3309,.T.);
#3311=ORIENTED_EDGE('',*,*,#3310,.F.);
#3312=CARTESIAN_POINT('',(32.360244338,-24.491283107,7.5));
#3313=DIRECTION('',(0.,0.,1.));
#3314=VECTOR('',#3313,1.200000048);
#3315=LINE('',#3312,#3314);
#3316=EDGE_CURVE('',#3303,#2584,#3315,.T.);
#3317=ORIENTED_EDGE('',*,*,#3316,.T.);
#3318=ORIENTED_EDGE('',*,*,#2589,.T.);
#3319=CARTESIAN_POINT('',(32.360244338,-10.391282725,8.700000048));
#3320=DIRECTION('',(0.,0.,-1.));
#3321=VECTOR('',#3320,1.200000048);
#3322=LINE('',#3319,#3321);
#3323=EDGE_CURVE('',#2574,#3305,#3322,.T.);
#3324=ORIENTED_EDGE('',*,*,#3323,.T.);
#3325=EDGE_LOOP('',(#3311,#3317,#3318,#3324));
#3326=FACE_BOUND('',#3325,.T.);
#3327=ADVANCED_FACE('crnxx-right-top-case',(#3326),#3301,.T.);
#3328=CARTESIAN_POINT('',(-19.267477449,-28.438609767,2.200000048));
#3329=DIRECTION('',(-0.206716424,0.978400899,-0.));
#3330=DIRECTION('',(-0.966704517,-0.204245214,-0.154163123));
#3331=AXIS2_PLACEMENT_3D('',#3328,#3329,#3330);
#3332=PLANE('',#3331);
#3333=CARTESIAN_POINT('',(-19.267477449,-28.438609767,7.5));
#3334=VERTEX_POINT('',#3333);
#3335=CARTESIAN_POINT('',(-33.06292638,-31.353310555,7.5));
#3336=DIRECTION('',(0.978400899,0.206716424,0.));
#3337=VECTOR('',#3336,14.099996167);
#3338=LINE('',#3335,#3337);
#3339=EDGE_CURVE('',#3181,#3334,#3338,.T.);
#3340=ORIENTED_EDGE('',*,*,#3339,.F.);
#3341=ORIENTED_EDGE('',*,*,#3199,.T.);
#3342=ORIENTED_EDGE('',*,*,#2437,.F.);
#3343=CARTESIAN_POINT('',(-19.267477449,-28.438609767,8.700000048));
#3344=DIRECTION('',(0.,-0.,-1.));
#3345=VECTOR('',#3344,1.200000048);
#3346=LINE('',#3343,#3345);
#3347=EDGE_CURVE('',#2424,#3334,#3346,.T.);
#3348=ORIENTED_EDGE('',*,*,#3347,.T.);
#3349=EDGE_LOOP('',(#3340,#3341,#3342,#3348));
#3350=FACE_BOUND('',#3349,.T.);
#3351=ADVANCED_FACE('crnxx-right-top-case',(#3350),#3332,.T.);
#3352=CARTESIAN_POINT('',(-20.001322206,-24.965285945,1.));
#3353=DIRECTION('',(-0.978400824,-0.20671678,0.));
#3354=DIRECTION('',(0.,0.,-1.));
#3355=AXIS2_PLACEMENT_3D('',#3352,#3353,#3354);
#3356=PLANE('',#3355);
#3357=CARTESIAN_POINT('',(-22.182184005,-14.643158322,7.5));
#3358=VERTEX_POINT('',#3357);
#3359=CARTESIAN_POINT('',(-19.267477449,-28.438609767,7.5));
#3360=DIRECTION('',(-0.20671678,0.978400824,0.));
#3361=VECTOR('',#3360,14.099999818);
#3362=LINE('',#3359,#3361);
#3363=EDGE_CURVE('',#3334,#3358,#3362,.T.);
#3364=ORIENTED_EDGE('',*,*,#3363,.F.);
#3365=ORIENTED_EDGE('',*,*,#3347,.F.);
#3366=ORIENTED_EDGE('',*,*,#2429,.F.);
#3367=CARTESIAN_POINT('',(-22.182184005,-14.643158322,7.5));
#3368=DIRECTION('',(0.,-0.,1.));
#3369=VECTOR('',#3368,1.200000048);
#3370=LINE('',#3367,#3369);
#3371=EDGE_CURVE('',#3358,#2422,#3370,.T.);
#3372=ORIENTED_EDGE('',*,*,#3371,.F.);
#3373=EDGE_LOOP('',(#3364,#3365,#3366,#3372));
#3374=FACE_BOUND('',#3373,.T.);
#3375=ADVANCED_FACE('crnxx-right-top-case',(#3374),#3356,.T.);
#3376=CARTESIAN_POINT('',(52.260243956,5.25871737,0.));
#3377=DIRECTION('',(1.,-0.,0.));
#3378=DIRECTION('',(0.,1.,0.));
#3379=AXIS2_PLACEMENT_3D('',#3376,#3377,#3378);
#3380=PLANE('',#3379);
#3381=CARTESIAN_POINT('',(52.260243956,19.358717275,7.5));
#3382=VERTEX_POINT('',#3381);
#3383=CARTESIAN_POINT('',(52.260243956,5.25871737,7.5));
#3384=VERTEX_POINT('',#3383);
#3385=CARTESIAN_POINT('',(52.260243956,19.358717275,7.5));
#3386=DIRECTION('',(-0.,-1.,0.));
#3387=VECTOR('',#3386,14.099999905);
#3388=LINE('',#3385,#3387);
#3389=EDGE_CURVE('',#3382,#3384,#3388,.T.);
#3390=ORIENTED_EDGE('',*,*,#3389,.F.);
#3391=CARTESIAN_POINT('',(52.260243956,19.358717275,7.5));
#3392=DIRECTION('',(0.,0.,1.));
#3393=VECTOR('',#3392,1.200000048);
#3394=LINE('',#3391,#3393);
#3395=EDGE_CURVE('',#3382,#2091,#3394,.T.);
#3396=ORIENTED_EDGE('',*,*,#3395,.T.);
#3397=ORIENTED_EDGE('',*,*,#2111,.T.);
#3398=CARTESIAN_POINT('',(52.260243956,5.25871737,7.5));
#3399=DIRECTION('',(0.,0.,1.));
#3400=VECTOR('',#3399,1.200000048);
#3401=LINE('',#3398,#3400);
#3402=EDGE_CURVE('',#3384,#2100,#3401,.T.);
#3403=ORIENTED_EDGE('',*,*,#3402,.F.);
#3404=EDGE_LOOP('',(#3390,#3396,#3397,#3403));
#3405=FACE_BOUND('',#3404,.T.);
#3406=ADVANCED_FACE('crnxx-right-top-case',(#3405),#3380,.T.);
#3407=CARTESIAN_POINT('',(18.260243956,-24.491283107,0.));
#3408=DIRECTION('',(1.,-0.,0.));
#3409=DIRECTION('',(0.,1.,0.));
#3410=AXIS2_PLACEMENT_3D('',#3407,#3408,#3409);
#3411=PLANE('',#3410);
#3412=CARTESIAN_POINT('',(18.260243956,-10.391282725,7.5));
#3413=VERTEX_POINT('',#3412);
#3414=CARTESIAN_POINT('',(18.260243956,-24.491283107,7.5));
#3415=VERTEX_POINT('',#3414);
#3416=CARTESIAN_POINT('',(18.260243956,-10.391282725,7.5));
#3417=DIRECTION('',(-0.,-1.,0.));
#3418=VECTOR('',#3417,14.100000382);
#3419=LINE('',#3416,#3418);
#3420=EDGE_CURVE('',#3413,#3415,#3419,.T.);
#3421=ORIENTED_EDGE('',*,*,#3420,.F.);
#3422=CARTESIAN_POINT('',(18.260243956,-10.391282725,8.700000048));
#3423=DIRECTION('',(0.,0.,-1.));
#3424=VECTOR('',#3423,1.200000048);
#3425=LINE('',#3422,#3424);
#3426=EDGE_CURVE('',#2576,#3413,#3425,.T.);
#3427=ORIENTED_EDGE('',*,*,#3426,.F.);
#3428=ORIENTED_EDGE('',*,*,#2603,.T.);
#3429=CARTESIAN_POINT('',(18.260243956,-24.491283107,7.5));
#3430=DIRECTION('',(0.,0.,1.));
#3431=VECTOR('',#3430,1.200000048);
#3432=LINE('',#3429,#3431);
#3433=EDGE_CURVE('',#3415,#2592,#3432,.T.);
#3434=ORIENTED_EDGE('',*,*,#3433,.F.);
#3435=EDGE_LOOP('',(#3421,#3427,#3428,#3434));
#3436=FACE_BOUND('',#3435,.T.);
#3437=ADVANCED_FACE('crnxx-right-top-case',(#3436),#3411,.T.);
#3438=CARTESIAN_POINT('',(2.610243861,-27.97628181,2.200000048));
#3439=DIRECTION('',(0.,1.,0.));
#3440=DIRECTION('',(-0.98804541,0.,-0.154163118));
#3441=AXIS2_PLACEMENT_3D('',#3438,#3439,#3440);
#3442=PLANE('',#3441);
#3443=CARTESIAN_POINT('',(-11.489756044,-27.97628181,7.5));
#3444=VERTEX_POINT('',#3443);
#3445=CARTESIAN_POINT('',(2.610243861,-27.97628181,7.5));
#3446=VERTEX_POINT('',#3445);
#3447=CARTESIAN_POINT('',(-11.489756044,-27.97628181,7.5));
#3448=DIRECTION('',(1.,-0.,0.));
#3449=VECTOR('',#3448,14.099999905);
#3450=LINE('',#3447,#3449);
#3451=EDGE_CURVE('',#3444,#3446,#3450,.T.);
#3452=ORIENTED_EDGE('',*,*,#3451,.F.);
#3453=CARTESIAN_POINT('',(-11.489756044,-27.97628181,7.5));
#3454=DIRECTION('',(0.,0.,1.));
#3455=VECTOR('',#3454,1.200000048);
#3456=LINE('',#3453,#3455);
#3457=EDGE_CURVE('',#3444,#2364,#3456,.T.);
#3458=ORIENTED_EDGE('',*,*,#3457,.T.);
#3459=ORIENTED_EDGE('',*,*,#2369,.F.);
#3460=CARTESIAN_POINT('',(2.610243861,-27.97628181,8.700000048));
#3461=DIRECTION('',(0.,0.,-1.));
#3462=VECTOR('',#3461,1.200000048);
#3463=LINE('',#3460,#3462);
#3464=EDGE_CURVE('',#2356,#3446,#3463,.T.);
#3465=ORIENTED_EDGE('',*,*,#3464,.T.);
#3466=EDGE_LOOP('',(#3452,#3458,#3459,#3465));
#3467=FACE_BOUND('',#3466,.T.);
#3468=ADVANCED_FACE('crnxx-right-top-case',(#3467),#3442,.T.);
#3469=CARTESIAN_POINT('',(32.360244338,26.508716893,2.200000048));
#3470=DIRECTION('',(0.,1.,0.));
#3471=DIRECTION('',(-0.988045411,0.,-0.154163113));
#3472=AXIS2_PLACEMENT_3D('',#3469,#3470,#3471);
#3473=PLANE('',#3472);
#3474=CARTESIAN_POINT('',(18.260243956,26.508716893,7.5));
#3475=VERTEX_POINT('',#3474);
#3476=CARTESIAN_POINT('',(32.360244338,26.508716893,7.5));
#3477=VERTEX_POINT('',#3476);
#3478=CARTESIAN_POINT('',(18.260243956,26.508716893,7.5));
#3479=DIRECTION('',(1.,-0.,0.));
#3480=VECTOR('',#3479,14.100000382);
#3481=LINE('',#3478,#3480);
#3482=EDGE_CURVE('',#3475,#3477,#3481,.T.);
#3483=ORIENTED_EDGE('',*,*,#3482,.F.);
#3484=CARTESIAN_POINT('',(18.260243956,26.508716893,7.5));
#3485=DIRECTION('',(0.,0.,1.));
#3486=VECTOR('',#3485,1.200000048);
#3487=LINE('',#3484,#3486);
#3488=EDGE_CURVE('',#3475,#1965,#3487,.T.);
#3489=ORIENTED_EDGE('',*,*,#3488,.T.);
#3490=ORIENTED_EDGE('',*,*,#1970,.F.);
#3491=CARTESIAN_POINT('',(32.360244338,26.508716893,8.700000048));
#3492=DIRECTION('',(0.,0.,-1.));
#3493=VECTOR('',#3492,1.200000048);
#3494=LINE('',#3491,#3493);
#3495=EDGE_CURVE('',#1957,#3477,#3494,.T.);
#3496=ORIENTED_EDGE('',*,*,#3495,.T.);
#3497=EDGE_LOOP('',(#3483,#3489,#3490,#3496));
#3498=FACE_BOUND('',#3497,.T.);
#3499=ADVANCED_FACE('crnxx-right-top-case',(#3498),#3473,.T.);
#3500=CARTESIAN_POINT('',(18.260243956,23.608717275,2.200000048));
#3501=DIRECTION('',(-0.,-1.,0.));
#3502=DIRECTION('',(0.988045411,-0.,-0.154163113));
#3503=AXIS2_PLACEMENT_3D('',#3500,#3501,#3502);
#3504=PLANE('',#3503);
#3505=CARTESIAN_POINT('',(32.360244338,23.608717275,7.5));
#3506=DIRECTION('',(-1.,0.,0.));
#3507=VECTOR('',#3506,14.100000382);
#3508=LINE('',#3505,#3507);
#3509=EDGE_CURVE('',#2969,#2725,#3508,.T.);
#3510=ORIENTED_EDGE('',*,*,#3509,.F.);
#3511=ORIENTED_EDGE('',*,*,#2982,.T.);
#3512=ORIENTED_EDGE('',*,*,#2503,.F.);
#3513=ORIENTED_EDGE('',*,*,#2736,.F.);
#3514=EDGE_LOOP('',(#3510,#3511,#3512,#3513));
#3515=FACE_BOUND('',#3514,.T.);
#3516=ADVANCED_FACE('crnxx-right-top-case',(#3515),#3504,.T.);
#3517=CARTESIAN_POINT('',(-11.489756044,-24.426282573,1.));
#3518=DIRECTION('',(1.,-0.,-0.));
#3519=DIRECTION('',(-0.,-0.947340546,0.320227872));
#3520=AXIS2_PLACEMENT_3D('',#3517,#3518,#3519);
#3521=PLANE('',#3520);
#3522=CARTESIAN_POINT('',(-11.489756044,-13.876282382,7.5));
#3523=VERTEX_POINT('',#3522);
#3524=CARTESIAN_POINT('',(-11.489756044,-13.876282382,7.5));
#3525=DIRECTION('',(-0.,-1.,0.));
#3526=VECTOR('',#3525,14.099999428);
#3527=LINE('',#3524,#3526);
#3528=EDGE_CURVE('',#3523,#3444,#3527,.T.);
#3529=ORIENTED_EDGE('',*,*,#3528,.F.);
#3530=CARTESIAN_POINT('',(-11.489756044,-13.876282382,7.5));
#3531=DIRECTION('',(0.,0.,1.));
#3532=VECTOR('',#3531,1.200000048);
#3533=LINE('',#3530,#3532);
#3534=EDGE_CURVE('',#3523,#2372,#3533,.T.);
#3535=ORIENTED_EDGE('',*,*,#3534,.T.);
#3536=ORIENTED_EDGE('',*,*,#2377,.F.);
#3537=ORIENTED_EDGE('',*,*,#3457,.F.);
#3538=EDGE_LOOP('',(#3529,#3535,#3536,#3537));
#3539=FACE_BOUND('',#3538,.T.);
#3540=ADVANCED_FACE('crnxx-right-top-case',(#3539),#3521,.T.);
#3541=CARTESIAN_POINT('',(2.610243861,-24.426282573,1.));
#3542=DIRECTION('',(-1.,0.,0.));
#3543=DIRECTION('',(0.,0.,-1.));
#3544=AXIS2_PLACEMENT_3D('',#3541,#3542,#3543);
#3545=PLANE('',#3544);
#3546=CARTESIAN_POINT('',(2.610243861,-13.876282382,7.5));
#3547=VERTEX_POINT('',#3546);
#3548=CARTESIAN_POINT('',(2.610243861,-27.97628181,7.5));
#3549=DIRECTION('',(0.,1.,0.));
#3550=VECTOR('',#3549,14.099999428);
#3551=LINE('',#3548,#3550);
#3552=EDGE_CURVE('',#3446,#3547,#3551,.T.);
#3553=ORIENTED_EDGE('',*,*,#3552,.F.);
#3554=ORIENTED_EDGE('',*,*,#3464,.F.);
#3555=ORIENTED_EDGE('',*,*,#2361,.F.);
#3556=CARTESIAN_POINT('',(2.610243861,-13.876282382,7.5));
#3557=DIRECTION('',(0.,0.,1.));
#3558=VECTOR('',#3557,1.200000048);
#3559=LINE('',#3556,#3558);
#3560=EDGE_CURVE('',#3547,#2354,#3559,.T.);
#3561=ORIENTED_EDGE('',*,*,#3560,.F.);
#3562=EDGE_LOOP('',(#3553,#3554,#3555,#3561));
#3563=FACE_BOUND('',#3562,.T.);
#3564=ADVANCED_FACE('crnxx-right-top-case',(#3563),#3545,.T.);
#3565=CARTESIAN_POINT('',(35.260243956,25.808718038,1.));
#3566=DIRECTION('',(1.,-0.,0.));
#3567=DIRECTION('',(0.,1.,0.));
#3568=AXIS2_PLACEMENT_3D('',#3565,#3566,#3567);
#3569=PLANE('',#3568);
#3570=CARTESIAN_POINT('',(35.260243956,36.358717275,7.5));
#3571=VERTEX_POINT('',#3570);
#3572=CARTESIAN_POINT('',(35.260243956,22.258716893,7.5));
#3573=VERTEX_POINT('',#3572);
#3574=CARTESIAN_POINT('',(35.260243956,36.358717275,7.5));
#3575=DIRECTION('',(-0.,-1.,0.));
#3576=VECTOR('',#3575,14.100000382);
#3577=LINE('',#3574,#3576);
#3578=EDGE_CURVE('',#3571,#3573,#3577,.T.);
#3579=ORIENTED_EDGE('',*,*,#3578,.F.);
#3580=CARTESIAN_POINT('',(35.260243956,36.358717275,7.5));
#3581=DIRECTION('',(0.,0.,1.));
#3582=VECTOR('',#3581,1.200000048);
#3583=LINE('',#3580,#3582);
#3584=EDGE_CURVE('',#3571,#2254,#3583,.T.);
#3585=ORIENTED_EDGE('',*,*,#3584,.T.);
#3586=ORIENTED_EDGE('',*,*,#2259,.F.);
#3587=CARTESIAN_POINT('',(35.260243956,22.258716893,8.700000048));
#3588=DIRECTION('',(0.,0.,-1.));
#3589=VECTOR('',#3588,1.200000048);
#3590=LINE('',#3587,#3589);
#3591=EDGE_CURVE('',#2252,#3573,#3590,.T.);
#3592=ORIENTED_EDGE('',*,*,#3591,.T.);
#3593=EDGE_LOOP('',(#3579,#3585,#3586,#3592));
#3594=FACE_BOUND('',#3593,.T.);
#3595=ADVANCED_FACE('crnxx-right-top-case',(#3594),#3569,.T.);
#3596=CARTESIAN_POINT('',(-53.358793672,-28.184878993,0.));
#3597=DIRECTION('',(0.920504742,0.390731392,0.));
#3598=DIRECTION('',(-0.390731392,0.920504742,0.));
#3599=AXIS2_PLACEMENT_3D('',#3596,#3597,#3598);
#3600=PLANE('',#3599);
#3601=CARTESIAN_POINT('',(-49.236577747,-37.896203407,7.5));
#3602=VERTEX_POINT('',#3601);
#3603=CARTESIAN_POINT('',(-54.745890077,-24.917087245,7.5));
#3604=DIRECTION('',(0.390731392,-0.920504742,0.));
#3605=VECTOR('',#3604,14.099999245);
#3606=LINE('',#3603,#3605);
#3607=EDGE_CURVE('',#3150,#3602,#3606,.T.);
#3608=ORIENTED_EDGE('',*,*,#3607,.F.);
#3609=ORIENTED_EDGE('',*,*,#3168,.F.);
#3610=ORIENTED_EDGE('',*,*,#2692,.F.);
#3611=CARTESIAN_POINT('',(-49.236577747,-37.896203407,7.5));
#3612=DIRECTION('',(0.,-0.,1.));
#3613=VECTOR('',#3612,1.200000048);
#3614=LINE('',#3611,#3613);
#3615=EDGE_CURVE('',#3602,#2685,#3614,.T.);
#3616=ORIENTED_EDGE('',*,*,#3615,.F.);
#3617=EDGE_LOOP('',(#3608,#3609,#3610,#3616));
#3618=FACE_BOUND('',#3617,.T.);
#3619=ADVANCED_FACE('crnxx-right-top-case',(#3618),#3600,.T.);
#3620=CARTESIAN_POINT('',(-35.977632936,-17.557859111,2.200000048));
#3621=DIRECTION('',(0.206716424,-0.978400899,-0.));
#3622=DIRECTION('',(0.966704517,0.204245214,-0.154163123));
#3623=AXIS2_PLACEMENT_3D('',#3620,#3621,#3622);
#3624=PLANE('',#3623);
#3625=CARTESIAN_POINT('',(-22.182184005,-14.643158322,7.5));
#3626=DIRECTION('',(-0.978400899,-0.206716424,0.));
#3627=VECTOR('',#3626,14.099996167);
#3628=LINE('',#3625,#3627);
#3629=EDGE_CURVE('',#3358,#3179,#3628,.T.);
#3630=ORIENTED_EDGE('',*,*,#3629,.F.);
#3631=ORIENTED_EDGE('',*,*,#3371,.T.);
#3632=ORIENTED_EDGE('',*,*,#2451,.F.);
#3633=ORIENTED_EDGE('',*,*,#3192,.F.);
#3634=EDGE_LOOP('',(#3630,#3631,#3632,#3633));
#3635=FACE_BOUND('',#3634,.T.);
#3636=ADVANCED_FACE('crnxx-right-top-case',(#3635),#3624,.T.);
#3637=CARTESIAN_POINT('',(-36.257460054,-32.386895823,2.200000048));
#3638=DIRECTION('',(-0.390731068,0.920504879,-0.));
#3639=DIRECTION('',(-0.909500621,-0.386060038,-0.154163122));
#3640=AXIS2_PLACEMENT_3D('',#3637,#3638,#3639);
#3641=PLANE('',#3640);
#3642=CARTESIAN_POINT('',(-36.257458564,-32.386895191,7.5));
#3643=VERTEX_POINT('',#3642);
#3644=CARTESIAN_POINT('',(-49.236577747,-37.896203407,7.5));
#3645=DIRECTION('',(0.920504879,0.390731068,0.));
#3646=VECTOR('',#3645,14.100000418);
#3647=LINE('',#3644,#3646);
#3648=EDGE_CURVE('',#3602,#3643,#3647,.T.);
#3649=ORIENTED_EDGE('',*,*,#3648,.F.);
#3650=ORIENTED_EDGE('',*,*,#3615,.T.);
#3651=ORIENTED_EDGE('',*,*,#2714,.F.);
#3652=CARTESIAN_POINT('',(-36.257458227,-32.386895048,8.700000048));
#3653=DIRECTION('',(-0.000000281,-0.000000119,-1.));
#3654=VECTOR('',#3653,1.200000048);
#3655=LINE('',#3652,#3654);
#3656=EDGE_CURVE('',#2703,#3643,#3655,.T.);
#3657=ORIENTED_EDGE('',*,*,#3656,.T.);
#3658=EDGE_LOOP('',(#3649,#3650,#3651,#3657));
#3659=FACE_BOUND('',#3658,.T.);
#3660=ADVANCED_FACE('crnxx-right-top-case',(#3659),#3641,.T.);
#3661=CARTESIAN_POINT('',(35.260243956,-28.741283107,0.));
#3662=DIRECTION('',(1.,-0.,0.));
#3663=DIRECTION('',(0.,1.,0.));
#3664=AXIS2_PLACEMENT_3D('',#3661,#3662,#3663);
#3665=PLANE('',#3664);
#3666=CARTESIAN_POINT('',(35.260243956,-14.641282725,7.5));
#3667=VERTEX_POINT('',#3666);
#3668=CARTESIAN_POINT('',(35.260243956,-28.741283107,7.5));
#3669=VERTEX_POINT('',#3668);
#3670=CARTESIAN_POINT('',(35.260243956,-14.641282725,7.5));
#3671=DIRECTION('',(-0.,-1.,0.));
#3672=VECTOR('',#3671,14.100000382);
#3673=LINE('',#3670,#3672);
#3674=EDGE_CURVE('',#3667,#3669,#3673,.T.);
#3675=ORIENTED_EDGE('',*,*,#3674,.F.);
#3676=CARTESIAN_POINT('',(35.260243956,-14.641282725,8.700000048));
#3677=DIRECTION('',(0.,0.,-1.));
#3678=VECTOR('',#3677,1.200000048);
#3679=LINE('',#3676,#3678);
#3680=EDGE_CURVE('',#2608,#3667,#3679,.T.);
#3681=ORIENTED_EDGE('',*,*,#3680,.F.);
#3682=ORIENTED_EDGE('',*,*,#2615,.T.);
#3683=CARTESIAN_POINT('',(35.260243956,-28.741283107,7.5));
#3684=DIRECTION('',(0.,0.,1.));
#3685=VECTOR('',#3684,1.200000048);
#3686=LINE('',#3683,#3685);
#3687=EDGE_CURVE('',#3669,#2610,#3686,.T.);
#3688=ORIENTED_EDGE('',*,*,#3687,.F.);
#3689=EDGE_LOOP('',(#3675,#3681,#3682,#3688));
#3690=FACE_BOUND('',#3689,.T.);
#3691=ADVANCED_FACE('crnxx-right-top-case',(#3690),#3665,.T.);
#3692=CARTESIAN_POINT('',(-18.639755662,-9.616282153,2.200000048));
#3693=DIRECTION('',(0.,1.,0.));
#3694=DIRECTION('',(-0.988045411,0.,-0.154163113));
#3695=AXIS2_PLACEMENT_3D('',#3692,#3693,#3694);
#3696=PLANE('',#3695);
#3697=CARTESIAN_POINT('',(-32.739756044,-9.616282153,7.5));
#3698=VERTEX_POINT('',#3697);
#3699=CARTESIAN_POINT('',(-18.639755662,-9.616282153,7.5));
#3700=VERTEX_POINT('',#3699);
#3701=CARTESIAN_POINT('',(-32.739756044,-9.616282153,7.5));
#3702=DIRECTION('',(1.,-0.,0.));
#3703=VECTOR('',#3702,14.100000381);
#3704=LINE('',#3701,#3703);
#3705=EDGE_CURVE('',#3698,#3700,#3704,.T.);
#3706=ORIENTED_EDGE('',*,*,#3705,.F.);
#3707=CARTESIAN_POINT('',(-32.739756044,-9.616282153,7.5));
#3708=DIRECTION('',(0.,0.,1.));
#3709=VECTOR('',#3708,1.200000048);
#3710=LINE('',#3707,#3709);
#3711=EDGE_CURVE('',#3698,#2388,#3710,.T.);
#3712=ORIENTED_EDGE('',*,*,#3711,.T.);
#3713=ORIENTED_EDGE('',*,*,#2417,.F.);
#3714=CARTESIAN_POINT('',(-18.639755662,-9.616282153,8.700000048));
#3715=DIRECTION('',(0.,0.,-1.));
#3716=VECTOR('',#3715,1.200000048);
#3717=LINE('',#3714,#3716);
#3718=EDGE_CURVE('',#2406,#3700,#3717,.T.);
#3719=ORIENTED_EDGE('',*,*,#3718,.T.);
#3720=EDGE_LOOP('',(#3706,#3712,#3713,#3719));
#3721=FACE_BOUND('',#3720,.T.);
#3722=ADVANCED_FACE('crnxx-right-top-case',(#3721),#3696,.T.);
#3723=CARTESIAN_POINT('',(-32.739756044,-6.066282916,1.));
#3724=DIRECTION('',(1.,-0.,-0.));
#3725=DIRECTION('',(-0.,-0.947340546,0.320227872));
#3726=AXIS2_PLACEMENT_3D('',#3723,#3724,#3725);
#3727=PLANE('',#3726);
#3728=CARTESIAN_POINT('',(-32.739756044,4.483717513,7.5));
#3729=VERTEX_POINT('',#3728);
#3730=CARTESIAN_POINT('',(-32.739756044,4.483717513,7.5));
#3731=DIRECTION('',(-0.,-1.,0.));
#3732=VECTOR('',#3731,14.099999666);
#3733=LINE('',#3730,#3732);
#3734=EDGE_CURVE('',#3729,#3698,#3733,.T.);
#3735=ORIENTED_EDGE('',*,*,#3734,.F.);
#3736=CARTESIAN_POINT('',(-32.739756044,4.483717513,7.5));
#3737=DIRECTION('',(0.,0.,1.));
#3738=VECTOR('',#3737,1.200000048);
#3739=LINE('',#3736,#3738);
#3740=EDGE_CURVE('',#3729,#2390,#3739,.T.);
#3741=ORIENTED_EDGE('',*,*,#3740,.T.);
#3742=ORIENTED_EDGE('',*,*,#2395,.F.);
#3743=ORIENTED_EDGE('',*,*,#3711,.F.);
#3744=EDGE_LOOP('',(#3735,#3741,#3742,#3743));
#3745=FACE_BOUND('',#3744,.T.);
#3746=ADVANCED_FACE('crnxx-right-top-case',(#3745),#3727,.T.);
#3747=CARTESIAN_POINT('',(66.36024243,-11.741282153,2.200000048));
#3748=DIRECTION('',(0.,1.,0.));
#3749=DIRECTION('',(0.,0.,-1.));
#3750=AXIS2_PLACEMENT_3D('',#3747,#3748,#3749);
#3751=PLANE('',#3750);
#3752=CARTESIAN_POINT('',(52.260243956,-11.741282153,7.5));
#3753=DIRECTION('',(1.,-0.,0.));
#3754=VECTOR('',#3753,14.099998474);
#3755=LINE('',#3752,#3754);
#3756=EDGE_CURVE('',#3088,#2993,#3755,.T.);
#3757=ORIENTED_EDGE('',*,*,#3756,.F.);
#3758=ORIENTED_EDGE('',*,*,#3106,.F.);
#3759=ORIENTED_EDGE('',*,*,#2479,.T.);
#3760=ORIENTED_EDGE('',*,*,#3006,.F.);
#3761=EDGE_LOOP('',(#3757,#3758,#3759,#3760));
#3762=FACE_BOUND('',#3761,.T.);
#3763=ADVANCED_FACE('crnxx-right-top-case',(#3762),#3751,.T.);
#3764=CARTESIAN_POINT('',(66.36024243,-14.641282725,0.));
#3765=DIRECTION('',(-0.,-1.,0.));
#3766=DIRECTION('',(0.,0.,1.));
#3767=AXIS2_PLACEMENT_3D('',#3764,#3765,#3766);
#3768=PLANE('',#3767);
#3769=CARTESIAN_POINT('',(66.36024243,-14.641282725,7.5));
#3770=DIRECTION('',(-1.,0.,0.));
#3771=VECTOR('',#3770,14.099998474);
#3772=LINE('',#3769,#3771);
#3773=EDGE_CURVE('',#3026,#3241,#3772,.T.);
#3774=ORIENTED_EDGE('',*,*,#3773,.F.);
#3775=ORIENTED_EDGE('',*,*,#3044,.F.);
#3776=ORIENTED_EDGE('',*,*,#2522,.T.);
#3777=ORIENTED_EDGE('',*,*,#3254,.T.);
#3778=EDGE_LOOP('',(#3774,#3775,#3776,#3777));
#3779=FACE_BOUND('',#3778,.T.);
#3780=ADVANCED_FACE('crnxx-right-top-case',(#3779),#3768,.T.);
#3781=CARTESIAN_POINT('',(-18.639755662,-9.616282153,2.200000048));
#3782=DIRECTION('',(-1.,0.,0.));
#3783=DIRECTION('',(0.,0.947340546,-0.320227872));
#3784=AXIS2_PLACEMENT_3D('',#3781,#3782,#3783);
#3785=PLANE('',#3784);
#3786=CARTESIAN_POINT('',(-18.639755662,4.483717513,7.5));
#3787=VERTEX_POINT('',#3786);
#3788=CARTESIAN_POINT('',(-18.639755662,-9.616282153,7.5));
#3789=DIRECTION('',(0.,1.,0.));
#3790=VECTOR('',#3789,14.099999666);
#3791=LINE('',#3788,#3790);
#3792=EDGE_CURVE('',#3700,#3787,#3791,.T.);
#3793=ORIENTED_EDGE('',*,*,#3792,.F.);
#3794=ORIENTED_EDGE('',*,*,#3718,.F.);
#3795=ORIENTED_EDGE('',*,*,#2411,.F.);
#3796=CARTESIAN_POINT('',(-18.639755662,4.483717513,7.5));
#3797=DIRECTION('',(0.,0.,1.));
#3798=VECTOR('',#3797,1.200000048);
#3799=LINE('',#3796,#3798);
#3800=EDGE_CURVE('',#3787,#2398,#3799,.T.);
#3801=ORIENTED_EDGE('',*,*,#3800,.F.);
#3802=EDGE_LOOP('',(#3793,#3794,#3795,#3801));
#3803=FACE_BOUND('',#3802,.T.);
#3804=ADVANCED_FACE('crnxx-right-top-case',(#3803),#3785,.T.);
#3805=CARTESIAN_POINT('',(-11.489756044,-13.876282382,0.));
#3806=DIRECTION('',(-0.,-1.,0.));
#3807=DIRECTION('',(1.,-0.,0.));
#3808=AXIS2_PLACEMENT_3D('',#3805,#3806,#3807);
#3809=PLANE('',#3808);
#3810=CARTESIAN_POINT('',(2.610243861,-13.876282382,7.5));
#3811=DIRECTION('',(-1.,0.,0.));
#3812=VECTOR('',#3811,14.099999905);
#3813=LINE('',#3810,#3812);
#3814=EDGE_CURVE('',#3547,#3523,#3813,.T.);
#3815=ORIENTED_EDGE('',*,*,#3814,.F.);
#3816=ORIENTED_EDGE('',*,*,#3560,.T.);
#3817=ORIENTED_EDGE('',*,*,#2383,.T.);
#3818=ORIENTED_EDGE('',*,*,#3534,.F.);
#3819=EDGE_LOOP('',(#3815,#3816,#3817,#3818));
#3820=FACE_BOUND('',#3819,.T.);
#3821=ADVANCED_FACE('crnxx-right-top-case',(#3820),#3809,.T.);
#3822=CARTESIAN_POINT('',(49.36024243,-11.741282153,2.200000048));
#3823=DIRECTION('',(0.,1.,0.));
#3824=DIRECTION('',(0.,0.,-1.));
#3825=AXIS2_PLACEMENT_3D('',#3822,#3823,#3824);
#3826=PLANE('',#3825);
#3827=CARTESIAN_POINT('',(35.260243956,-11.741282153,7.5));
#3828=DIRECTION('',(1.,-0.,0.));
#3829=VECTOR('',#3828,14.099998474);
#3830=LINE('',#3827,#3829);
#3831=EDGE_CURVE('',#1330,#3055,#3830,.T.);
#3832=ORIENTED_EDGE('',*,*,#3831,.F.);
#3833=ORIENTED_EDGE('',*,*,#1357,.T.);
#3834=ORIENTED_EDGE('',*,*,#2562,.T.);
#3835=ORIENTED_EDGE('',*,*,#3068,.F.);
#3836=EDGE_LOOP('',(#3832,#3833,#3834,#3835));
#3837=FACE_BOUND('',#3836,.T.);
#3838=ADVANCED_FACE('crnxx-right-top-case',(#3837),#3826,.T.);
#3839=CARTESIAN_POINT('',(-1.639756139,-7.491282153,2.200000048));
#3840=DIRECTION('',(0.,1.,0.));
#3841=DIRECTION('',(-0.98804541,0.,-0.154163118));
#3842=AXIS2_PLACEMENT_3D('',#3839,#3840,#3841);
#3843=PLANE('',#3842);
#3844=CARTESIAN_POINT('',(-15.739756044,-7.491282153,7.5));
#3845=VERTEX_POINT('',#3844);
#3846=CARTESIAN_POINT('',(-1.639756139,-7.491282153,7.5));
#3847=VERTEX_POINT('',#3846);
#3848=CARTESIAN_POINT('',(-15.739756044,-7.491282153,7.5));
#3849=DIRECTION('',(1.,-0.,0.));
#3850=VECTOR('',#3849,14.099999905);
#3851=LINE('',#3848,#3850);
#3852=EDGE_CURVE('',#3845,#3847,#3851,.T.);
#3853=ORIENTED_EDGE('',*,*,#3852,.F.);
#3854=CARTESIAN_POINT('',(-15.739756044,-7.491282153,7.5));
#3855=DIRECTION('',(0.,0.,1.));
#3856=VECTOR('',#3855,1.200000048);
#3857=LINE('',#3854,#3856);
#3858=EDGE_CURVE('',#3845,#2134,#3857,.T.);
#3859=ORIENTED_EDGE('',*,*,#3858,.T.);
#3860=ORIENTED_EDGE('',*,*,#2139,.F.);
#3861=CARTESIAN_POINT('',(-1.639756139,-7.491282153,8.700000048));
#3862=DIRECTION('',(0.,0.,-1.));
#3863=VECTOR('',#3862,1.200000048);
#3864=LINE('',#3861,#3863);
#3865=EDGE_CURVE('',#2126,#3847,#3864,.T.);
#3866=ORIENTED_EDGE('',*,*,#3865,.T.);
#3867=EDGE_LOOP('',(#3853,#3859,#3860,#3866));
#3868=FACE_BOUND('',#3867,.T.);
#3869=ADVANCED_FACE('crnxx-right-top-case',(#3868),#3843,.T.);
#3870=CARTESIAN_POINT('',(-15.739756044,-3.941282439,1.));
#3871=DIRECTION('',(1.,-0.,0.));
#3872=DIRECTION('',(-0.,-0.947340559,0.320227833));
#3873=AXIS2_PLACEMENT_3D('',#3870,#3871,#3872);
#3874=PLANE('',#3873);
#3875=CARTESIAN_POINT('',(-15.739756044,6.608717275,7.5));
#3876=VERTEX_POINT('',#3875);
#3877=CARTESIAN_POINT('',(-15.739756044,6.608717275,7.5));
#3878=DIRECTION('',(-0.,-1.,0.));
#3879=VECTOR('',#3878,14.099999428);
#3880=LINE('',#3877,#3879);
#3881=EDGE_CURVE('',#3876,#3845,#3880,.T.);
#3882=ORIENTED_EDGE('',*,*,#3881,.F.);
#3883=CARTESIAN_POINT('',(-15.739756044,6.608717275,7.5));
#3884=DIRECTION('',(0.,0.,1.));
#3885=VECTOR('',#3884,1.200000048);
#3886=LINE('',#3883,#3885);
#3887=EDGE_CURVE('',#3876,#2116,#3886,.T.);
#3888=ORIENTED_EDGE('',*,*,#3887,.T.);
#3889=ORIENTED_EDGE('',*,*,#2145,.T.);
#3890=ORIENTED_EDGE('',*,*,#3858,.F.);
#3891=EDGE_LOOP('',(#3882,#3888,#3889,#3890));
#3892=FACE_BOUND('',#3891,.T.);
#3893=ADVANCED_FACE('crnxx-right-top-case',(#3892),#3874,.T.);
#3894=CARTESIAN_POINT('',(35.260243956,-14.641282725,0.));
#3895=DIRECTION('',(-0.,-1.,0.));
#3896=DIRECTION('',(1.,-0.,0.));
#3897=AXIS2_PLACEMENT_3D('',#3894,#3895,#3896);
#3898=PLANE('',#3897);
#3899=CARTESIAN_POINT('',(49.36024243,-14.641282725,7.5));
#3900=DIRECTION('',(-1.,0.,0.));
#3901=VECTOR('',#3900,14.099998474);
#3902=LINE('',#3899,#3901);
#3903=EDGE_CURVE('',#3119,#3667,#3902,.T.);
#3904=ORIENTED_EDGE('',*,*,#3903,.F.);
#3905=ORIENTED_EDGE('',*,*,#3137,.F.);
#3906=ORIENTED_EDGE('',*,*,#2623,.T.);
#3907=ORIENTED_EDGE('',*,*,#3680,.T.);
#3908=EDGE_LOOP('',(#3904,#3905,#3906,#3907));
#3909=FACE_BOUND('',#3908,.T.);
#3910=ADVANCED_FACE('crnxx-right-top-case',(#3909),#3898,.T.);
#3911=CARTESIAN_POINT('',(-1.639756139,-7.491282153,2.200000048));
#3912=DIRECTION('',(-1.,0.,-0.));
#3913=DIRECTION('',(0.,0.850009882,-0.526766742));
#3914=AXIS2_PLACEMENT_3D('',#3911,#3912,#3913);
#3915=PLANE('',#3914);
#3916=CARTESIAN_POINT('',(-1.639756139,6.608717275,7.5));
#3917=VERTEX_POINT('',#3916);
#3918=CARTESIAN_POINT('',(-1.639756139,-7.491282153,7.5));
#3919=DIRECTION('',(0.,1.,0.));
#3920=VECTOR('',#3919,14.099999428);
#3921=LINE('',#3918,#3920);
#3922=EDGE_CURVE('',#3847,#3917,#3921,.T.);
#3923=ORIENTED_EDGE('',*,*,#3922,.F.);
#3924=ORIENTED_EDGE('',*,*,#3865,.F.);
#3925=ORIENTED_EDGE('',*,*,#2131,.F.);
#3926=CARTESIAN_POINT('',(-1.639756139,6.608717275,7.5));
#3927=DIRECTION('',(0.,0.,1.));
#3928=VECTOR('',#3927,1.200000048);
#3929=LINE('',#3926,#3928);
#3930=EDGE_CURVE('',#3917,#2118,#3929,.T.);
#3931=ORIENTED_EDGE('',*,*,#3930,.F.);
#3932=EDGE_LOOP('',(#3923,#3924,#3925,#3931));
#3933=FACE_BOUND('',#3932,.T.);
#3934=ADVANCED_FACE('crnxx-right-top-case',(#3933),#3915,.T.);
#3935=CARTESIAN_POINT('',(66.36024243,-28.741283107,2.200000048));
#3936=DIRECTION('',(0.,1.,0.));
#3937=DIRECTION('',(0.,0.,-1.));
#3938=AXIS2_PLACEMENT_3D('',#3935,#3936,#3937);
#3939=PLANE('',#3938);
#3940=CARTESIAN_POINT('',(52.260243956,-28.741283107,7.5));
#3941=DIRECTION('',(1.,-0.,0.));
#3942=VECTOR('',#3941,14.099998474);
#3943=LINE('',#3940,#3942);
#3944=EDGE_CURVE('',#3243,#3024,#3943,.T.);
#3945=ORIENTED_EDGE('',*,*,#3944,.F.);
#3946=ORIENTED_EDGE('',*,*,#3261,.F.);
#3947=ORIENTED_EDGE('',*,*,#2538,.T.);
#3948=ORIENTED_EDGE('',*,*,#3037,.F.);
#3949=EDGE_LOOP('',(#3945,#3946,#3947,#3948));
#3950=FACE_BOUND('',#3949,.T.);
#3951=ADVANCED_FACE('crnxx-right-top-case',(#3950),#3939,.T.);
#3952=CARTESIAN_POINT('',(1.260243956,-1.816282678,1.));
#3953=DIRECTION('',(1.,-0.,0.));
#3954=DIRECTION('',(0.,1.,0.));
#3955=AXIS2_PLACEMENT_3D('',#3952,#3953,#3954);
#3956=PLANE('',#3955);
#3957=CARTESIAN_POINT('',(1.260243956,-5.36628263,7.5));
#3958=VERTEX_POINT('',#3957);
#3959=CARTESIAN_POINT('',(1.260243956,8.733717275,7.5));
#3960=DIRECTION('',(-0.,-1.,0.));
#3961=VECTOR('',#3960,14.099999905);
#3962=LINE('',#3959,#3961);
#3963=EDGE_CURVE('',#2945,#3958,#3962,.T.);
#3964=ORIENTED_EDGE('',*,*,#3963,.F.);
#3965=ORIENTED_EDGE('',*,*,#2958,.F.);
#3966=ORIENTED_EDGE('',*,*,#2225,.F.);
#3967=CARTESIAN_POINT('',(1.260243956,-5.36628263,8.700000048));
#3968=DIRECTION('',(0.,0.,-1.));
#3969=VECTOR('',#3968,1.200000048);
#3970=LINE('',#3967,#3969);
#3971=EDGE_CURVE('',#2218,#3958,#3970,.T.);
#3972=ORIENTED_EDGE('',*,*,#3971,.T.);
#3973=EDGE_LOOP('',(#3964,#3965,#3966,#3972));
#3974=FACE_BOUND('',#3973,.T.);
#3975=ADVANCED_FACE('crnxx-right-top-case',(#3974),#3956,.T.);
#3976=CARTESIAN_POINT('',(49.36024243,-28.741283107,2.200000048));
#3977=DIRECTION('',(0.,1.,0.));
#3978=DIRECTION('',(0.,0.,-1.));
#3979=AXIS2_PLACEMENT_3D('',#3976,#3977,#3978);
#3980=PLANE('',#3979);
#3981=CARTESIAN_POINT('',(35.260243956,-28.741283107,7.5));
#3982=DIRECTION('',(1.,-0.,0.));
#3983=VECTOR('',#3982,14.099998474);
#3984=LINE('',#3981,#3983);
#3985=EDGE_CURVE('',#3669,#3117,#3984,.T.);
#3986=ORIENTED_EDGE('',*,*,#3985,.F.);
#3987=ORIENTED_EDGE('',*,*,#3687,.T.);
#3988=ORIENTED_EDGE('',*,*,#2637,.T.);
#3989=ORIENTED_EDGE('',*,*,#3130,.F.);
#3990=EDGE_LOOP('',(#3986,#3987,#3988,#3989));
#3991=FACE_BOUND('',#3990,.T.);
#3992=ADVANCED_FACE('crnxx-right-top-case',(#3991),#3980,.T.);
#3993=CARTESIAN_POINT('',(32.360244338,40.608717275,0.));
#3994=DIRECTION('',(-1.,0.,0.));
#3995=DIRECTION('',(-0.,-1.,0.));
#3996=AXIS2_PLACEMENT_3D('',#3993,#3994,#3995);
#3997=PLANE('',#3996);
#3998=CARTESIAN_POINT('',(32.360244338,40.608717275,7.5));
#3999=VERTEX_POINT('',#3998);
#4000=CARTESIAN_POINT('',(32.360244338,26.508716893,7.5));
#4001=DIRECTION('',(0.,1.,0.));
#4002=VECTOR('',#4001,14.100000381);
#4003=LINE('',#4000,#4002);
#4004=EDGE_CURVE('',#3477,#3999,#4003,.T.);
#4005=ORIENTED_EDGE('',*,*,#4004,.F.);
#4006=ORIENTED_EDGE('',*,*,#3495,.F.);
#4007=ORIENTED_EDGE('',*,*,#1962,.F.);
#4008=CARTESIAN_POINT('',(32.360244338,40.608717275,8.700000048));
#4009=DIRECTION('',(0.,0.,-1.));
#4010=VECTOR('',#4009,1.200000048);
#4011=LINE('',#4008,#4010);
#4012=EDGE_CURVE('',#1955,#3999,#4011,.T.);
#4013=ORIENTED_EDGE('',*,*,#4012,.T.);
#4014=EDGE_LOOP('',(#4005,#4006,#4007,#4013));
#4015=FACE_BOUND('',#4014,.T.);
#4016=ADVANCED_FACE('crnxx-right-top-case',(#4015),#3997,.T.);
#4017=CARTESIAN_POINT('',(15.360244338,42.733717275,0.));
#4018=DIRECTION('',(-1.,0.,0.));
#4019=DIRECTION('',(-0.,-1.,0.));
#4020=AXIS2_PLACEMENT_3D('',#4017,#4018,#4019);
#4021=PLANE('',#4020);
#4022=CARTESIAN_POINT('',(15.360244338,28.633716893,7.5));
#4023=VERTEX_POINT('',#4022);
#4024=CARTESIAN_POINT('',(15.360244338,42.733717275,7.5));
#4025=VERTEX_POINT('',#4024);
#4026=CARTESIAN_POINT('',(15.360244338,28.633716893,7.5));
#4027=DIRECTION('',(0.,1.,0.));
#4028=VECTOR('',#4027,14.100000381);
#4029=LINE('',#4026,#4028);
#4030=EDGE_CURVE('',#4023,#4025,#4029,.T.);
#4031=ORIENTED_EDGE('',*,*,#4030,.F.);
#4032=CARTESIAN_POINT('',(15.360244338,28.633716893,8.700000048));
#4033=DIRECTION('',(0.,0.,-1.));
#4034=VECTOR('',#4033,1.200000048);
#4035=LINE('',#4032,#4034);
#4036=EDGE_CURVE('',#2286,#4023,#4035,.T.);
#4037=ORIENTED_EDGE('',*,*,#4036,.F.);
#4038=ORIENTED_EDGE('',*,*,#2315,.F.);
#4039=CARTESIAN_POINT('',(15.360244338,42.733717275,7.5));
#4040=DIRECTION('',(0.,0.,1.));
#4041=VECTOR('',#4040,1.200000048);
#4042=LINE('',#4039,#4041);
#4043=EDGE_CURVE('',#4025,#2304,#4042,.T.);
#4044=ORIENTED_EDGE('',*,*,#4043,.F.);
#4045=EDGE_LOOP('',(#4031,#4037,#4038,#4044));
#4046=FACE_BOUND('',#4045,.T.);
#4047=ADVANCED_FACE('crnxx-right-top-case',(#4046),#4021,.T.);
#4048=CARTESIAN_POINT('',(32.360244338,-7.491282153,2.200000048));
#4049=DIRECTION('',(0.,1.,0.));
#4050=DIRECTION('',(0.,0.,-1.));
#4051=AXIS2_PLACEMENT_3D('',#4048,#4049,#4050);
#4052=PLANE('',#4051);
#4053=CARTESIAN_POINT('',(18.260243956,-7.491282153,7.5));
#4054=DIRECTION('',(1.,-0.,0.));
#4055=VECTOR('',#4054,14.100000381);
#4056=LINE('',#4053,#4055);
#4057=EDGE_CURVE('',#2897,#1368,#4056,.T.);
#4058=ORIENTED_EDGE('',*,*,#4057,.F.);
#4059=ORIENTED_EDGE('',*,*,#2910,.T.);
#4060=ORIENTED_EDGE('',*,*,#2672,.T.);
#4061=ORIENTED_EDGE('',*,*,#1383,.F.);
#4062=EDGE_LOOP('',(#4058,#4059,#4060,#4061));
#4063=FACE_BOUND('',#4062,.T.);
#4064=ADVANCED_FACE('crnxx-right-top-case',(#4063),#4052,.T.);
#4065=CARTESIAN_POINT('',(18.260243956,-10.391282725,0.));
#4066=DIRECTION('',(-0.,-1.,0.));
#4067=DIRECTION('',(1.,-0.,0.));
#4068=AXIS2_PLACEMENT_3D('',#4065,#4066,#4067);
#4069=PLANE('',#4068);
#4070=CARTESIAN_POINT('',(32.360244338,-10.391282725,7.5));
#4071=DIRECTION('',(-1.,0.,0.));
#4072=VECTOR('',#4071,14.100000382);
#4073=LINE('',#4070,#4072);
#4074=EDGE_CURVE('',#3305,#3413,#4073,.T.);
#4075=ORIENTED_EDGE('',*,*,#4074,.F.);
#4076=ORIENTED_EDGE('',*,*,#3323,.F.);
#4077=ORIENTED_EDGE('',*,*,#2581,.T.);
#4078=ORIENTED_EDGE('',*,*,#3426,.T.);
#4079=EDGE_LOOP('',(#4075,#4076,#4077,#4078));
#4080=FACE_BOUND('',#4079,.T.);
#4081=ADVANCED_FACE('crnxx-right-top-case',(#4080),#4069,.T.);
#4082=CARTESIAN_POINT('',(18.260243956,26.508716893,0.));
#4083=DIRECTION('',(1.,-0.,0.));
#4084=DIRECTION('',(0.,1.,0.));
#4085=AXIS2_PLACEMENT_3D('',#4082,#4083,#4084);
#4086=PLANE('',#4085);
#4087=CARTESIAN_POINT('',(18.260243956,40.608717275,7.5));
#4088=VERTEX_POINT('',#4087);
#4089=CARTESIAN_POINT('',(18.260243956,40.608717275,7.5));
#4090=DIRECTION('',(-0.,-1.,0.));
#4091=VECTOR('',#4090,14.100000381);
#4092=LINE('',#4089,#4091);
#4093=EDGE_CURVE('',#4088,#3475,#4092,.T.);
#4094=ORIENTED_EDGE('',*,*,#4093,.F.);
#4095=CARTESIAN_POINT('',(18.260243956,40.608717275,7.5));
#4096=DIRECTION('',(0.,0.,1.));
#4097=VECTOR('',#4096,1.200000048);
#4098=LINE('',#4095,#4097);
#4099=EDGE_CURVE('',#4088,#1973,#4098,.T.);
#4100=ORIENTED_EDGE('',*,*,#4099,.T.);
#4101=ORIENTED_EDGE('',*,*,#1978,.F.);
#4102=ORIENTED_EDGE('',*,*,#3488,.F.);
#4103=EDGE_LOOP('',(#4094,#4100,#4101,#4102));
#4104=FACE_BOUND('',#4103,.T.);
#4105=ADVANCED_FACE('crnxx-right-top-case',(#4104),#4086,.T.);
#4106=CARTESIAN_POINT('',(32.360244338,-24.491283107,2.200000048));
#4107=DIRECTION('',(0.,1.,0.));
#4108=DIRECTION('',(0.,0.,-1.));
#4109=AXIS2_PLACEMENT_3D('',#4106,#4107,#4108);
#4110=PLANE('',#4109);
#4111=CARTESIAN_POINT('',(18.260243956,-24.491283107,7.5));
#4112=DIRECTION('',(1.,-0.,0.));
#4113=VECTOR('',#4112,14.100000381);
#4114=LINE('',#4111,#4113);
#4115=EDGE_CURVE('',#3415,#3303,#4114,.T.);
#4116=ORIENTED_EDGE('',*,*,#4115,.F.);
#4117=ORIENTED_EDGE('',*,*,#3433,.T.);
#4118=ORIENTED_EDGE('',*,*,#2597,.T.);
#4119=ORIENTED_EDGE('',*,*,#3316,.F.);
#4120=EDGE_LOOP('',(#4116,#4117,#4118,#4119));
#4121=FACE_BOUND('',#4120,.T.);
#4122=ADVANCED_FACE('crnxx-right-top-case',(#4121),#4110,.T.);
#4123=CARTESIAN_POINT('',(15.360244338,-5.36628263,2.200000048));
#4124=DIRECTION('',(0.,1.,0.));
#4125=DIRECTION('',(0.,0.,-1.));
#4126=AXIS2_PLACEMENT_3D('',#4123,#4124,#4125);
#4127=PLANE('',#4126);
#4128=CARTESIAN_POINT('',(1.260243956,-5.36628263,7.5));
#4129=DIRECTION('',(1.,-0.,0.));
#4130=VECTOR('',#4129,14.100000381);
#4131=LINE('',#4128,#4130);
#4132=EDGE_CURVE('',#3958,#2866,#4131,.T.);
#4133=ORIENTED_EDGE('',*,*,#4132,.F.);
#4134=ORIENTED_EDGE('',*,*,#3971,.F.);
#4135=ORIENTED_EDGE('',*,*,#2247,.T.);
#4136=ORIENTED_EDGE('',*,*,#2879,.F.);
#4137=EDGE_LOOP('',(#4133,#4134,#4135,#4136));
#4138=FACE_BOUND('',#4137,.T.);
#4139=ADVANCED_FACE('crnxx-right-top-case',(#4138),#4127,.T.);
#4140=CARTESIAN_POINT('',(15.360244338,28.633716893,2.200000048));
#4141=DIRECTION('',(0.,1.,0.));
#4142=DIRECTION('',(-0.988045411,0.,-0.154163113));
#4143=AXIS2_PLACEMENT_3D('',#4140,#4141,#4142);
#4144=PLANE('',#4143);
#4145=CARTESIAN_POINT('',(1.260243956,28.633716893,7.5));
#4146=VERTEX_POINT('',#4145);
#4147=CARTESIAN_POINT('',(1.260243956,28.633716893,7.5));
#4148=DIRECTION('',(1.,-0.,0.));
#4149=VECTOR('',#4148,14.100000381);
#4150=LINE('',#4147,#4149);
#4151=EDGE_CURVE('',#4146,#4023,#4150,.T.);
#4152=ORIENTED_EDGE('',*,*,#4151,.F.);
#4153=CARTESIAN_POINT('',(1.260243956,28.633716893,7.5));
#4154=DIRECTION('',(0.,0.,1.));
#4155=VECTOR('',#4154,1.200000048);
#4156=LINE('',#4153,#4155);
#4157=EDGE_CURVE('',#4146,#2288,#4156,.T.);
#4158=ORIENTED_EDGE('',*,*,#4157,.T.);
#4159=ORIENTED_EDGE('',*,*,#2293,.F.);
#4160=ORIENTED_EDGE('',*,*,#4036,.T.);
#4161=EDGE_LOOP('',(#4152,#4158,#4159,#4160));
#4162=FACE_BOUND('',#4161,.T.);
#4163=ADVANCED_FACE('crnxx-right-top-case',(#4162),#4144,.T.);
#4164=CARTESIAN_POINT('',(1.260243956,42.733717275,2.200000048));
#4165=DIRECTION('',(-0.,-1.,0.));
#4166=DIRECTION('',(0.988045411,-0.,-0.154163113));
#4167=AXIS2_PLACEMENT_3D('',#4164,#4165,#4166);
#4168=PLANE('',#4167);
#4169=CARTESIAN_POINT('',(1.260243956,42.733717275,7.5));
#4170=VERTEX_POINT('',#4169);
#4171=CARTESIAN_POINT('',(15.360244338,42.733717275,7.5));
#4172=DIRECTION('',(-1.,0.,0.));
#4173=VECTOR('',#4172,14.100000381);
#4174=LINE('',#4171,#4173);
#4175=EDGE_CURVE('',#4025,#4170,#4174,.T.);
#4176=ORIENTED_EDGE('',*,*,#4175,.F.);
#4177=ORIENTED_EDGE('',*,*,#4043,.T.);
#4178=ORIENTED_EDGE('',*,*,#2309,.F.);
#4179=CARTESIAN_POINT('',(1.260243956,42.733717275,8.700000048));
#4180=DIRECTION('',(0.,0.,-1.));
#4181=VECTOR('',#4180,1.200000048);
#4182=LINE('',#4179,#4181);
#4183=EDGE_CURVE('',#2296,#4170,#4182,.T.);
#4184=ORIENTED_EDGE('',*,*,#4183,.T.);
#4185=EDGE_LOOP('',(#4176,#4177,#4178,#4184));
#4186=FACE_BOUND('',#4185,.T.);
#4187=ADVANCED_FACE('crnxx-right-top-case',(#4186),#4168,.T.);
#4188=CARTESIAN_POINT('',(-37.644556459,-29.119104075,1.));
#4189=DIRECTION('',(-0.920504782,-0.390731297,0.000000305));
#4190=DIRECTION('',(0.370155697,-0.872031481,0.320227817));
#4191=AXIS2_PLACEMENT_3D('',#4188,#4189,#4190);
#4192=PLANE('',#4191);
#4193=CARTESIAN_POINT('',(-36.257458564,-32.386895191,7.5));
#4194=DIRECTION('',(-0.390731297,0.920504782,0.));
#4195=VECTOR('',#4194,14.100001);
#4196=LINE('',#4193,#4195);
#4197=EDGE_CURVE('',#3643,#3148,#4196,.T.);
#4198=ORIENTED_EDGE('',*,*,#4197,.F.);
#4199=ORIENTED_EDGE('',*,*,#3656,.F.);
#4200=ORIENTED_EDGE('',*,*,#2708,.F.);
#4201=ORIENTED_EDGE('',*,*,#3161,.F.);
#4202=EDGE_LOOP('',(#4198,#4199,#4200,#4201));
#4203=FACE_BOUND('',#4202,.T.);
#4204=ADVANCED_FACE('crnxx-right-top-case',(#4203),#4192,.T.);
#4205=CARTESIAN_POINT('',(18.260243956,40.608717275,2.200000048));
#4206=DIRECTION('',(-0.,-1.,0.));
#4207=DIRECTION('',(0.988045411,-0.,-0.154163113));
#4208=AXIS2_PLACEMENT_3D('',#4205,#4206,#4207);
#4209=PLANE('',#4208);
#4210=CARTESIAN_POINT('',(32.360244338,40.608717275,7.5));
#4211=DIRECTION('',(-1.,0.,0.));
#4212=VECTOR('',#4211,14.100000381);
#4213=LINE('',#4210,#4212);
#4214=EDGE_CURVE('',#3999,#4088,#4213,.T.);
#4215=ORIENTED_EDGE('',*,*,#4214,.F.);
#4216=ORIENTED_EDGE('',*,*,#4012,.F.);
#4217=ORIENTED_EDGE('',*,*,#1984,.F.);
#4218=ORIENTED_EDGE('',*,*,#4099,.F.);
#4219=EDGE_LOOP('',(#4215,#4216,#4217,#4218));
#4220=FACE_BOUND('',#4219,.T.);
#4221=ADVANCED_FACE('crnxx-right-top-case',(#4220),#4209,.T.);
#4222=CARTESIAN_POINT('',(49.36024243,5.25871737,2.200000048));
#4223=DIRECTION('',(0.,1.,-0.));
#4224=DIRECTION('',(-0.988045408,0.,-0.154163133));
#4225=AXIS2_PLACEMENT_3D('',#4222,#4223,#4224);
#4226=PLANE('',#4225);
#4227=CARTESIAN_POINT('',(35.260243956,5.25871737,7.5));
#4228=DIRECTION('',(1.,-0.,0.));
#4229=VECTOR('',#4228,14.099998474);
#4230=LINE('',#4227,#4229);
#4231=EDGE_CURVE('',#1290,#3272,#4230,.T.);
#4232=ORIENTED_EDGE('',*,*,#4231,.F.);
#4233=ORIENTED_EDGE('',*,*,#1317,.F.);
#4234=ORIENTED_EDGE('',*,*,#2647,.F.);
#4235=ORIENTED_EDGE('',*,*,#3285,.T.);
#4236=EDGE_LOOP('',(#4232,#4233,#4234,#4235));
#4237=FACE_BOUND('',#4236,.T.);
#4238=ADVANCED_FACE('crnxx-right-top-case',(#4237),#4226,.T.);
#4239=CARTESIAN_POINT('',(35.260243956,2.358717424,2.200000048));
#4240=DIRECTION('',(-0.,-1.,-0.));
#4241=DIRECTION('',(0.988045408,-0.,-0.154163133));
#4242=AXIS2_PLACEMENT_3D('',#4239,#4240,#4241);
#4243=PLANE('',#4242);
#4244=CARTESIAN_POINT('',(49.36024243,2.358717424,7.5));
#4245=DIRECTION('',(-1.,0.,0.));
#4246=VECTOR('',#4245,14.099998474);
#4247=LINE('',#4244,#4246);
#4248=EDGE_CURVE('',#3057,#1328,#4247,.T.);
#4249=ORIENTED_EDGE('',*,*,#4248,.F.);
#4250=ORIENTED_EDGE('',*,*,#3075,.T.);
#4251=ORIENTED_EDGE('',*,*,#2569,.F.);
#4252=ORIENTED_EDGE('',*,*,#1343,.F.);
#4253=EDGE_LOOP('',(#4249,#4250,#4251,#4252));
#4254=FACE_BOUND('',#4253,.T.);
#4255=ADVANCED_FACE('crnxx-right-top-case',(#4254),#4243,.T.);
#4256=CARTESIAN_POINT('',(66.36024243,5.25871737,2.200000048));
#4257=DIRECTION('',(0.,1.,-0.));
#4258=DIRECTION('',(-0.988045408,0.,-0.154163133));
#4259=AXIS2_PLACEMENT_3D('',#4256,#4257,#4258);
#4260=PLANE('',#4259);
#4261=CARTESIAN_POINT('',(52.260243956,5.25871737,7.5));
#4262=DIRECTION('',(1.,-0.,0.));
#4263=VECTOR('',#4262,14.099998474);
#4264=LINE('',#4261,#4263);
#4265=EDGE_CURVE('',#3384,#1248,#4264,.T.);
#4266=ORIENTED_EDGE('',*,*,#4265,.F.);
#4267=ORIENTED_EDGE('',*,*,#3402,.T.);
#4268=ORIENTED_EDGE('',*,*,#2105,.F.);
#4269=ORIENTED_EDGE('',*,*,#1263,.T.);
#4270=EDGE_LOOP('',(#4266,#4267,#4268,#4269));
#4271=FACE_BOUND('',#4270,.T.);
#4272=ADVANCED_FACE('crnxx-right-top-case',(#4271),#4260,.T.);
#4273=CARTESIAN_POINT('',(52.260243956,2.358717424,0.));
#4274=DIRECTION('',(-0.,-1.,0.));
#4275=DIRECTION('',(1.,-0.,0.));
#4276=AXIS2_PLACEMENT_3D('',#4273,#4274,#4275);
#4277=PLANE('',#4276);
#4278=CARTESIAN_POINT('',(66.36024243,2.358717424,7.5));
#4279=DIRECTION('',(-1.,0.,0.));
#4280=VECTOR('',#4279,14.099998474);
#4281=LINE('',#4278,#4280);
#4282=EDGE_CURVE('',#2995,#3086,#4281,.T.);
#4283=ORIENTED_EDGE('',*,*,#4282,.F.);
#4284=ORIENTED_EDGE('',*,*,#3013,.T.);
#4285=ORIENTED_EDGE('',*,*,#2463,.F.);
#4286=ORIENTED_EDGE('',*,*,#3099,.F.);
#4287=EDGE_LOOP('',(#4283,#4284,#4285,#4286));
#4288=FACE_BOUND('',#4287,.T.);
#4289=ADVANCED_FACE('crnxx-right-top-case',(#4288),#4277,.T.);
#4290=CARTESIAN_POINT('',(-1.639756139,40.608717275,0.));
#4291=DIRECTION('',(-1.,0.,0.));
#4292=DIRECTION('',(-0.,-1.,0.));
#4293=AXIS2_PLACEMENT_3D('',#4290,#4291,#4292);
#4294=PLANE('',#4293);
#4295=CARTESIAN_POINT('',(-1.639756139,26.508716893,7.5));
#4296=VERTEX_POINT('',#4295);
#4297=CARTESIAN_POINT('',(-1.639756139,40.608717275,7.5));
#4298=VERTEX_POINT('',#4297);
#4299=CARTESIAN_POINT('',(-1.639756139,26.508716893,7.5));
#4300=DIRECTION('',(0.,1.,0.));
#4301=VECTOR('',#4300,14.100000381);
#4302=LINE('',#4299,#4301);
#4303=EDGE_CURVE('',#4296,#4298,#4302,.T.);
#4304=ORIENTED_EDGE('',*,*,#4303,.F.);
#4305=CARTESIAN_POINT('',(-1.639756139,26.508716893,7.5));
#4306=DIRECTION('',(0.,0.,1.));
#4307=VECTOR('',#4306,1.200000048);
#4308=LINE('',#4305,#4307);
#4309=EDGE_CURVE('',#4296,#2023,#4308,.T.);
#4310=ORIENTED_EDGE('',*,*,#4309,.T.);
#4311=ORIENTED_EDGE('',*,*,#2030,.T.);
#4312=CARTESIAN_POINT('',(-1.639756139,40.608717275,7.5));
#4313=DIRECTION('',(0.,0.,1.));
#4314=VECTOR('',#4313,1.200000048);
#4315=LINE('',#4312,#4314);
#4316=EDGE_CURVE('',#4298,#2025,#4315,.T.);
#4317=ORIENTED_EDGE('',*,*,#4316,.F.);
#4318=EDGE_LOOP('',(#4304,#4310,#4311,#4317));
#4319=FACE_BOUND('',#4318,.T.);
#4320=ADVANCED_FACE('crnxx-right-top-case',(#4319),#4294,.T.);
#4321=CARTESIAN_POINT('',(1.260243956,28.633716893,0.));
#4322=DIRECTION('',(1.,-0.,0.));
#4323=DIRECTION('',(0.,1.,0.));
#4324=AXIS2_PLACEMENT_3D('',#4321,#4322,#4323);
#4325=PLANE('',#4324);
#4326=CARTESIAN_POINT('',(1.260243956,42.733717275,7.5));
#4327=DIRECTION('',(-0.,-1.,0.));
#4328=VECTOR('',#4327,14.100000381);
#4329=LINE('',#4326,#4328);
#4330=EDGE_CURVE('',#4170,#4146,#4329,.T.);
#4331=ORIENTED_EDGE('',*,*,#4330,.F.);
#4332=ORIENTED_EDGE('',*,*,#4183,.F.);
#4333=ORIENTED_EDGE('',*,*,#2301,.T.);
#4334=ORIENTED_EDGE('',*,*,#4157,.F.);
#4335=EDGE_LOOP('',(#4331,#4332,#4333,#4334));
#4336=FACE_BOUND('',#4335,.T.);
#4337=ADVANCED_FACE('crnxx-right-top-case',(#4336),#4325,.T.);
#4338=CARTESIAN_POINT('',(-15.739756044,26.508716893,0.));
#4339=DIRECTION('',(1.,-0.,0.));
#4340=DIRECTION('',(0.,1.,0.));
#4341=AXIS2_PLACEMENT_3D('',#4338,#4339,#4340);
#4342=PLANE('',#4341);
#4343=CARTESIAN_POINT('',(-15.739756044,40.608717275,7.5));
#4344=VERTEX_POINT('',#4343);
#4345=CARTESIAN_POINT('',(-15.739756044,26.508716893,7.5));
#4346=VERTEX_POINT('',#4345);
#4347=CARTESIAN_POINT('',(-15.739756044,40.608717275,7.5));
#4348=DIRECTION('',(-0.,-1.,0.));
#4349=VECTOR('',#4348,14.100000381);
#4350=LINE('',#4347,#4349);
#4351=EDGE_CURVE('',#4344,#4346,#4350,.T.);
#4352=ORIENTED_EDGE('',*,*,#4351,.F.);
#4353=CARTESIAN_POINT('',(-15.739756044,40.608717275,8.700000048));
#4354=DIRECTION('',(0.,0.,-1.));
#4355=VECTOR('',#4354,1.200000048);
#4356=LINE('',#4353,#4355);
#4357=EDGE_CURVE('',#2041,#4344,#4356,.T.);
#4358=ORIENTED_EDGE('',*,*,#4357,.F.);
#4359=ORIENTED_EDGE('',*,*,#2046,.T.);
#4360=CARTESIAN_POINT('',(-15.739756044,26.508716893,8.700000048));
#4361=DIRECTION('',(0.,0.,-1.));
#4362=VECTOR('',#4361,1.200000048);
#4363=LINE('',#4360,#4362);
#4364=EDGE_CURVE('',#2033,#4346,#4363,.T.);
#4365=ORIENTED_EDGE('',*,*,#4364,.T.);
#4366=EDGE_LOOP('',(#4352,#4358,#4359,#4365));
#4367=FACE_BOUND('',#4366,.T.);
#4368=ADVANCED_FACE('crnxx-right-top-case',(#4367),#4342,.T.);
#4369=CARTESIAN_POINT('',(-18.639755662,38.483717275,0.));
#4370=DIRECTION('',(-1.,0.,0.));
#4371=DIRECTION('',(-0.,-1.,0.));
#4372=AXIS2_PLACEMENT_3D('',#4369,#4370,#4371);
#4373=PLANE('',#4372);
#4374=CARTESIAN_POINT('',(-18.639755662,24.383716893,7.5));
#4375=VERTEX_POINT('',#4374);
#4376=CARTESIAN_POINT('',(-18.639755662,38.483717275,7.5));
#4377=VERTEX_POINT('',#4376);
#4378=CARTESIAN_POINT('',(-18.639755662,24.383716893,7.5));
#4379=DIRECTION('',(0.,1.,0.));
#4380=VECTOR('',#4379,14.100000382);
#4381=LINE('',#4378,#4380);
#4382=EDGE_CURVE('',#4375,#4377,#4381,.T.);
#4383=ORIENTED_EDGE('',*,*,#4382,.F.);
#4384=CARTESIAN_POINT('',(-18.639755662,24.383716893,8.700000048));
#4385=DIRECTION('',(0.,0.,-1.));
#4386=VECTOR('',#4385,1.200000048);
#4387=LINE('',#4384,#4386);
#4388=EDGE_CURVE('',#2194,#4375,#4387,.T.);
#4389=ORIENTED_EDGE('',*,*,#4388,.F.);
#4390=ORIENTED_EDGE('',*,*,#2199,.T.);
#4391=CARTESIAN_POINT('',(-18.639755662,38.483717275,8.700000048));
#4392=DIRECTION('',(0.,0.,-1.));
#4393=VECTOR('',#4392,1.200000048);
#4394=LINE('',#4391,#4393);
#4395=EDGE_CURVE('',#2184,#4377,#4394,.T.);
#4396=ORIENTED_EDGE('',*,*,#4395,.T.);
#4397=EDGE_LOOP('',(#4383,#4389,#4390,#4396));
#4398=FACE_BOUND('',#4397,.T.);
#4399=ADVANCED_FACE('crnxx-right-top-case',(#4398),#4373,.T.);
#4400=CARTESIAN_POINT('',(66.36024243,36.358717275,0.));
#4401=DIRECTION('',(-0.,-1.,0.));
#4402=DIRECTION('',(0.,0.,1.));
#4403=AXIS2_PLACEMENT_3D('',#4400,#4401,#4402);
#4404=PLANE('',#4403);
#4405=CARTESIAN_POINT('',(66.36024243,36.358717275,7.5));
#4406=DIRECTION('',(-1.,0.,0.));
#4407=VECTOR('',#4406,14.099998474);
#4408=LINE('',#4405,#4407);
#4409=EDGE_CURVE('',#2782,#3210,#4408,.T.);
#4410=ORIENTED_EDGE('',*,*,#4409,.F.);
#4411=ORIENTED_EDGE('',*,*,#2800,.F.);
#4412=ORIENTED_EDGE('',*,*,#2086,.T.);
#4413=ORIENTED_EDGE('',*,*,#3223,.T.);
#4414=EDGE_LOOP('',(#4410,#4411,#4412,#4413));
#4415=FACE_BOUND('',#4414,.T.);
#4416=ADVANCED_FACE('crnxx-right-top-case',(#4415),#4404,.T.);
#4417=CARTESIAN_POINT('',(-1.639756139,23.608717275,0.));
#4418=DIRECTION('',(-1.,0.,0.));
#4419=DIRECTION('',(-0.,-1.,0.));
#4420=AXIS2_PLACEMENT_3D('',#4417,#4418,#4419);
#4421=PLANE('',#4420);
#4422=CARTESIAN_POINT('',(-1.639756139,9.50871737,7.5));
#4423=VERTEX_POINT('',#4422);
#4424=CARTESIAN_POINT('',(-1.639756139,23.608717275,7.5));
#4425=VERTEX_POINT('',#4424);
#4426=CARTESIAN_POINT('',(-1.639756139,9.50871737,7.5));
#4427=DIRECTION('',(0.,1.,0.));
#4428=VECTOR('',#4427,14.099999905);
#4429=LINE('',#4426,#4428);
#4430=EDGE_CURVE('',#4423,#4425,#4429,.T.);
#4431=ORIENTED_EDGE('',*,*,#4430,.F.);
#4432=CARTESIAN_POINT('',(-1.639756139,9.50871737,8.700000048));
#4433=DIRECTION('',(0.,0.,-1.));
#4434=VECTOR('',#4433,1.200000048);
#4435=LINE('',#4432,#4434);
#4436=EDGE_CURVE('',#1999,#4423,#4435,.T.);
#4437=ORIENTED_EDGE('',*,*,#4436,.F.);
#4438=ORIENTED_EDGE('',*,*,#2004,.F.);
#4439=CARTESIAN_POINT('',(-1.639756139,23.608717275,7.5));
#4440=DIRECTION('',(0.,0.,1.));
#4441=VECTOR('',#4440,1.200000048);
#4442=LINE('',#4439,#4441);
#4443=EDGE_CURVE('',#4425,#1991,#4442,.T.);
#4444=ORIENTED_EDGE('',*,*,#4443,.F.);
#4445=EDGE_LOOP('',(#4431,#4437,#4438,#4444));
#4446=FACE_BOUND('',#4445,.T.);
#4447=ADVANCED_FACE('crnxx-right-top-case',(#4446),#4421,.T.);
#4448=CARTESIAN_POINT('',(1.260243956,11.633717847,0.));
#4449=DIRECTION('',(1.,-0.,0.));
#4450=DIRECTION('',(0.,1.,0.));
#4451=AXIS2_PLACEMENT_3D('',#4448,#4449,#4450);
#4452=PLANE('',#4451);
#4453=CARTESIAN_POINT('',(1.260243956,25.733717275,7.5));
#4454=DIRECTION('',(-0.,-1.,0.));
#4455=VECTOR('',#4454,14.099999428);
#4456=LINE('',#4453,#4455);
#4457=EDGE_CURVE('',#2811,#2921,#4456,.T.);
#4458=ORIENTED_EDGE('',*,*,#4457,.F.);
#4459=ORIENTED_EDGE('',*,*,#2824,.F.);
#4460=ORIENTED_EDGE('',*,*,#2157,.F.);
#4461=ORIENTED_EDGE('',*,*,#2932,.F.);
#4462=EDGE_LOOP('',(#4458,#4459,#4460,#4461));
#4463=FACE_BOUND('',#4462,.T.);
#4464=ADVANCED_FACE('crnxx-right-top-case',(#4463),#4452,.T.);
#4465=CARTESIAN_POINT('',(-15.739756044,9.50871737,0.));
#4466=DIRECTION('',(1.,-0.,0.));
#4467=DIRECTION('',(0.,1.,0.));
#4468=AXIS2_PLACEMENT_3D('',#4465,#4466,#4467);
#4469=PLANE('',#4468);
#4470=CARTESIAN_POINT('',(-15.739756044,23.608717275,7.5));
#4471=VERTEX_POINT('',#4470);
#4472=CARTESIAN_POINT('',(-15.739756044,9.50871737,7.5));
#4473=VERTEX_POINT('',#4472);
#4474=CARTESIAN_POINT('',(-15.739756044,23.608717275,7.5));
#4475=DIRECTION('',(-0.,-1.,0.));
#4476=VECTOR('',#4475,14.099999905);
#4477=LINE('',#4474,#4476);
#4478=EDGE_CURVE('',#4471,#4473,#4477,.T.);
#4479=ORIENTED_EDGE('',*,*,#4478,.F.);
#4480=CARTESIAN_POINT('',(-15.739756044,23.608717275,7.5));
#4481=DIRECTION('',(0.,0.,1.));
#4482=VECTOR('',#4481,1.200000048);
#4483=LINE('',#4480,#4482);
#4484=EDGE_CURVE('',#4471,#1989,#4483,.T.);
#4485=ORIENTED_EDGE('',*,*,#4484,.T.);
#4486=ORIENTED_EDGE('',*,*,#2018,.F.);
#4487=CARTESIAN_POINT('',(-15.739756044,9.50871737,7.5));
#4488=DIRECTION('',(0.,0.,1.));
#4489=VECTOR('',#4488,1.200000048);
#4490=LINE('',#4487,#4489);
#4491=EDGE_CURVE('',#4473,#2007,#4490,.T.);
#4492=ORIENTED_EDGE('',*,*,#4491,.F.);
#4493=EDGE_LOOP('',(#4479,#4485,#4486,#4492));
#4494=FACE_BOUND('',#4493,.T.);
#4495=ADVANCED_FACE('crnxx-right-top-case',(#4494),#4469,.T.);
#4496=CARTESIAN_POINT('',(-18.639755662,21.483717275,0.));
#4497=DIRECTION('',(-1.,0.,0.));
#4498=DIRECTION('',(-0.,-1.,0.));
#4499=AXIS2_PLACEMENT_3D('',#4496,#4497,#4498);
#4500=PLANE('',#4499);
#4501=CARTESIAN_POINT('',(-18.639755662,7.38371737,7.5));
#4502=VERTEX_POINT('',#4501);
#4503=CARTESIAN_POINT('',(-18.639755662,21.483717275,7.5));
#4504=VERTEX_POINT('',#4503);
#4505=CARTESIAN_POINT('',(-18.639755662,7.38371737,7.5));
#4506=DIRECTION('',(0.,1.,0.));
#4507=VECTOR('',#4506,14.099999905);
#4508=LINE('',#4505,#4507);
#4509=EDGE_CURVE('',#4502,#4504,#4508,.T.);
#4510=ORIENTED_EDGE('',*,*,#4509,.F.);
#4511=CARTESIAN_POINT('',(-18.639755662,7.38371737,8.700000048));
#4512=DIRECTION('',(0.,0.,-1.));
#4513=VECTOR('',#4512,1.200000048);
#4514=LINE('',#4511,#4513);
#4515=EDGE_CURVE('',#2322,#4502,#4514,.T.);
#4516=ORIENTED_EDGE('',*,*,#4515,.F.);
#4517=ORIENTED_EDGE('',*,*,#2327,.F.);
#4518=CARTESIAN_POINT('',(-18.639755662,21.483717275,8.700000048));
#4519=DIRECTION('',(0.,0.,-1.));
#4520=VECTOR('',#4519,1.200000048);
#4521=LINE('',#4518,#4520);
#4522=EDGE_CURVE('',#2320,#4504,#4521,.T.);
#4523=ORIENTED_EDGE('',*,*,#4522,.T.);
#4524=EDGE_LOOP('',(#4510,#4516,#4517,#4523));
#4525=FACE_BOUND('',#4524,.T.);
#4526=ADVANCED_FACE('crnxx-right-top-case',(#4525),#4500,.T.);
#4527=CARTESIAN_POINT('',(-32.739756044,24.383716893,0.));
#4528=DIRECTION('',(1.,-0.,0.));
#4529=DIRECTION('',(0.,1.,0.));
#4530=AXIS2_PLACEMENT_3D('',#4527,#4528,#4529);
#4531=PLANE('',#4530);
#4532=CARTESIAN_POINT('',(-32.739756044,38.483717275,7.5));
#4533=VERTEX_POINT('',#4532);
#4534=CARTESIAN_POINT('',(-32.739756044,24.383716893,7.5));
#4535=VERTEX_POINT('',#4534);
#4536=CARTESIAN_POINT('',(-32.739756044,38.483717275,7.5));
#4537=DIRECTION('',(-0.,-1.,0.));
#4538=VECTOR('',#4537,14.100000382);
#4539=LINE('',#4536,#4538);
#4540=EDGE_CURVE('',#4533,#4535,#4539,.T.);
#4541=ORIENTED_EDGE('',*,*,#4540,.F.);
#4542=CARTESIAN_POINT('',(-32.739756044,38.483717275,8.700000048));
#4543=DIRECTION('',(0.,0.,-1.));
#4544=VECTOR('',#4543,1.200000048);
#4545=LINE('',#4542,#4544);
#4546=EDGE_CURVE('',#2186,#4533,#4545,.T.);
#4547=ORIENTED_EDGE('',*,*,#4546,.F.);
#4548=ORIENTED_EDGE('',*,*,#2213,.T.);
#4549=CARTESIAN_POINT('',(-32.739756044,24.383716893,7.5));
#4550=DIRECTION('',(0.,0.,1.));
#4551=VECTOR('',#4550,1.200000048);
#4552=LINE('',#4549,#4551);
#4553=EDGE_CURVE('',#4535,#2202,#4552,.T.);
#4554=ORIENTED_EDGE('',*,*,#4553,.F.);
#4555=EDGE_LOOP('',(#4541,#4547,#4548,#4554));
#4556=FACE_BOUND('',#4555,.T.);
#4557=ADVANCED_FACE('crnxx-right-top-case',(#4556),#4531,.T.);
#4558=CARTESIAN_POINT('',(-32.739756044,7.38371737,0.));
#4559=DIRECTION('',(1.,-0.,0.));
#4560=DIRECTION('',(0.,1.,0.));
#4561=AXIS2_PLACEMENT_3D('',#4558,#4559,#4560);
#4562=PLANE('',#4561);
#4563=CARTESIAN_POINT('',(-32.739756044,21.483717275,7.5));
#4564=VERTEX_POINT('',#4563);
#4565=CARTESIAN_POINT('',(-32.739756044,7.38371737,7.5));
#4566=VERTEX_POINT('',#4565);
#4567=CARTESIAN_POINT('',(-32.739756044,21.483717275,7.5));
#4568=DIRECTION('',(-0.,-1.,0.));
#4569=VECTOR('',#4568,14.099999905);
#4570=LINE('',#4567,#4569);
#4571=EDGE_CURVE('',#4564,#4566,#4570,.T.);
#4572=ORIENTED_EDGE('',*,*,#4571,.F.);
#4573=CARTESIAN_POINT('',(-32.739756044,21.483717275,7.5));
#4574=DIRECTION('',(0.,0.,1.));
#4575=VECTOR('',#4574,1.200000048);
#4576=LINE('',#4573,#4575);
#4577=EDGE_CURVE('',#4564,#2338,#4576,.T.);
#4578=ORIENTED_EDGE('',*,*,#4577,.T.);
#4579=ORIENTED_EDGE('',*,*,#2343,.F.);
#4580=CARTESIAN_POINT('',(-32.739756044,7.38371737,7.5));
#4581=DIRECTION('',(0.,0.,1.));
#4582=VECTOR('',#4581,1.200000048);
#4583=LINE('',#4580,#4582);
#4584=EDGE_CURVE('',#4566,#2330,#4583,.T.);
#4585=ORIENTED_EDGE('',*,*,#4584,.F.);
#4586=EDGE_LOOP('',(#4572,#4578,#4579,#4585));
#4587=FACE_BOUND('',#4586,.T.);
#4588=ADVANCED_FACE('crnxx-right-top-case',(#4587),#4562,.T.);
#4589=CARTESIAN_POINT('',(35.260243956,36.358717275,0.));
#4590=DIRECTION('',(-0.,-1.,0.));
#4591=DIRECTION('',(1.,-0.,0.));
#4592=AXIS2_PLACEMENT_3D('',#4589,#4590,#4591);
#4593=PLANE('',#4592);
#4594=CARTESIAN_POINT('',(49.36024243,36.358717275,7.5));
#4595=DIRECTION('',(-1.,0.,0.));
#4596=VECTOR('',#4595,14.099998474);
#4597=LINE('',#4594,#4596);
#4598=EDGE_CURVE('',#2837,#3571,#4597,.T.);
#4599=ORIENTED_EDGE('',*,*,#4598,.F.);
#4600=ORIENTED_EDGE('',*,*,#2855,.F.);
#4601=ORIENTED_EDGE('',*,*,#2267,.T.);
#4602=ORIENTED_EDGE('',*,*,#3584,.F.);
#4603=EDGE_LOOP('',(#4599,#4600,#4601,#4602));
#4604=FACE_BOUND('',#4603,.T.);
#4605=ADVANCED_FACE('crnxx-right-top-case',(#4604),#4593,.T.);
#4606=CARTESIAN_POINT('',(35.260243956,19.358717275,2.200000048));
#4607=DIRECTION('',(-0.,-1.,-0.));
#4608=DIRECTION('',(0.988045408,-0.,-0.154163133));
#4609=AXIS2_PLACEMENT_3D('',#4606,#4607,#4608);
#4610=PLANE('',#4609);
#4611=CARTESIAN_POINT('',(49.36024243,19.358717275,7.5));
#4612=DIRECTION('',(-1.,0.,0.));
#4613=VECTOR('',#4612,14.099998474);
#4614=LINE('',#4611,#4613);
#4615=EDGE_CURVE('',#3274,#1288,#4614,.T.);
#4616=ORIENTED_EDGE('',*,*,#4615,.F.);
#4617=ORIENTED_EDGE('',*,*,#3292,.T.);
#4618=ORIENTED_EDGE('',*,*,#2656,.F.);
#4619=ORIENTED_EDGE('',*,*,#1303,.F.);
#4620=EDGE_LOOP('',(#4616,#4617,#4618,#4619));
#4621=FACE_BOUND('',#4620,.T.);
#4622=ADVANCED_FACE('crnxx-right-top-case',(#4621),#4610,.T.);
#4623=CARTESIAN_POINT('',(49.36024243,22.258716893,2.200000048));
#4624=DIRECTION('',(0.,1.,-0.));
#4625=DIRECTION('',(-0.988045408,0.,-0.154163133));
#4626=AXIS2_PLACEMENT_3D('',#4623,#4624,#4625);
#4627=PLANE('',#4626);
#4628=CARTESIAN_POINT('',(35.260243956,22.258716893,7.5));
#4629=DIRECTION('',(1.,-0.,0.));
#4630=VECTOR('',#4629,14.099998474);
#4631=LINE('',#4628,#4630);
#4632=EDGE_CURVE('',#3573,#2835,#4631,.T.);
#4633=ORIENTED_EDGE('',*,*,#4632,.F.);
#4634=ORIENTED_EDGE('',*,*,#3591,.F.);
#4635=ORIENTED_EDGE('',*,*,#2281,.F.);
#4636=ORIENTED_EDGE('',*,*,#2848,.T.);
#4637=EDGE_LOOP('',(#4633,#4634,#4635,#4636));
#4638=FACE_BOUND('',#4637,.T.);
#4639=ADVANCED_FACE('crnxx-right-top-case',(#4638),#4627,.T.);
#4640=CARTESIAN_POINT('',(-1.639756139,40.608717275,0.));
#4641=DIRECTION('',(-0.,-1.,0.));
#4642=DIRECTION('',(0.,0.,1.));
#4643=AXIS2_PLACEMENT_3D('',#4640,#4641,#4642);
#4644=PLANE('',#4643);
#4645=CARTESIAN_POINT('',(-1.639756139,40.608717275,7.5));
#4646=DIRECTION('',(-1.,0.,0.));
#4647=VECTOR('',#4646,14.099999905);
#4648=LINE('',#4645,#4647);
#4649=EDGE_CURVE('',#4298,#4344,#4648,.T.);
#4650=ORIENTED_EDGE('',*,*,#4649,.F.);
#4651=ORIENTED_EDGE('',*,*,#4316,.T.);
#4652=ORIENTED_EDGE('',*,*,#2052,.T.);
#4653=ORIENTED_EDGE('',*,*,#4357,.T.);
#4654=EDGE_LOOP('',(#4650,#4651,#4652,#4653));
#4655=FACE_BOUND('',#4654,.T.);
#4656=ADVANCED_FACE('crnxx-right-top-case',(#4655),#4644,.T.);
#4657=CARTESIAN_POINT('',(-32.739756044,4.483717513,0.));
#4658=DIRECTION('',(-0.,-1.,0.));
#4659=DIRECTION('',(1.,-0.,0.));
#4660=AXIS2_PLACEMENT_3D('',#4657,#4658,#4659);
#4661=PLANE('',#4660);
#4662=CARTESIAN_POINT('',(-18.639755662,4.483717513,7.5));
#4663=DIRECTION('',(-1.,0.,0.));
#4664=VECTOR('',#4663,14.100000382);
#4665=LINE('',#4662,#4664);
#4666=EDGE_CURVE('',#3787,#3729,#4665,.T.);
#4667=ORIENTED_EDGE('',*,*,#4666,.F.);
#4668=ORIENTED_EDGE('',*,*,#3800,.T.);
#4669=ORIENTED_EDGE('',*,*,#2403,.F.);
#4670=ORIENTED_EDGE('',*,*,#3740,.F.);
#4671=EDGE_LOOP('',(#4667,#4668,#4669,#4670));
#4672=FACE_BOUND('',#4671,.T.);
#4673=ADVANCED_FACE('crnxx-right-top-case',(#4672),#4661,.T.);
#4674=CARTESIAN_POINT('',(-18.639755662,7.38371737,2.200000048));
#4675=DIRECTION('',(0.,1.,0.));
#4676=DIRECTION('',(-0.988045411,0.,-0.154163113));
#4677=AXIS2_PLACEMENT_3D('',#4674,#4675,#4676);
#4678=PLANE('',#4677);
#4679=CARTESIAN_POINT('',(-32.739756044,7.38371737,7.5));
#4680=DIRECTION('',(1.,-0.,0.));
#4681=VECTOR('',#4680,14.100000382);
#4682=LINE('',#4679,#4681);
#4683=EDGE_CURVE('',#4566,#4502,#4682,.T.);
#4684=ORIENTED_EDGE('',*,*,#4683,.F.);
#4685=ORIENTED_EDGE('',*,*,#4584,.T.);
#4686=ORIENTED_EDGE('',*,*,#2335,.F.);
#4687=ORIENTED_EDGE('',*,*,#4515,.T.);
#4688=EDGE_LOOP('',(#4684,#4685,#4686,#4687));
#4689=FACE_BOUND('',#4688,.T.);
#4690=ADVANCED_FACE('crnxx-right-top-case',(#4689),#4678,.T.);
#4691=CARTESIAN_POINT('',(52.260243956,19.358717275,0.));
#4692=DIRECTION('',(-0.,-1.,0.));
#4693=DIRECTION('',(1.,-0.,0.));
#4694=AXIS2_PLACEMENT_3D('',#4691,#4692,#4693);
#4695=PLANE('',#4694);
#4696=CARTESIAN_POINT('',(66.36024243,19.358717275,7.5));
#4697=DIRECTION('',(-1.,0.,0.));
#4698=VECTOR('',#4697,14.099998474);
#4699=LINE('',#4696,#4698);
#4700=EDGE_CURVE('',#1250,#3382,#4699,.T.);
#4701=ORIENTED_EDGE('',*,*,#4700,.F.);
#4702=ORIENTED_EDGE('',*,*,#1277,.T.);
#4703=ORIENTED_EDGE('',*,*,#2096,.F.);
#4704=ORIENTED_EDGE('',*,*,#3395,.F.);
#4705=EDGE_LOOP('',(#4701,#4702,#4703,#4704));
#4706=FACE_BOUND('',#4705,.T.);
#4707=ADVANCED_FACE('crnxx-right-top-case',(#4706),#4695,.T.);
#4708=CARTESIAN_POINT('',(-18.639755662,38.483717275,0.));
#4709=DIRECTION('',(-0.,-1.,0.));
#4710=DIRECTION('',(0.,0.,1.));
#4711=AXIS2_PLACEMENT_3D('',#4708,#4709,#4710);
#4712=PLANE('',#4711);
#4713=CARTESIAN_POINT('',(-18.639755662,38.483717275,7.5));
#4714=DIRECTION('',(-1.,0.,0.));
#4715=VECTOR('',#4714,14.100000382);
#4716=LINE('',#4713,#4715);
#4717=EDGE_CURVE('',#4377,#4533,#4716,.T.);
#4718=ORIENTED_EDGE('',*,*,#4717,.F.);
#4719=ORIENTED_EDGE('',*,*,#4395,.F.);
#4720=ORIENTED_EDGE('',*,*,#2191,.T.);
#4721=ORIENTED_EDGE('',*,*,#4546,.T.);
#4722=EDGE_LOOP('',(#4718,#4719,#4720,#4721));
#4723=FACE_BOUND('',#4722,.T.);
#4724=ADVANCED_FACE('crnxx-right-top-case',(#4723),#4712,.T.);
#4725=CARTESIAN_POINT('',(-18.639755662,24.383716893,2.200000048));
#4726=DIRECTION('',(0.,1.,0.));
#4727=DIRECTION('',(-0.988045411,0.,-0.154163113));
#4728=AXIS2_PLACEMENT_3D('',#4725,#4726,#4727);
#4729=PLANE('',#4728);
#4730=CARTESIAN_POINT('',(-32.739756044,24.383716893,7.5));
#4731=DIRECTION('',(1.,-0.,0.));
#4732=VECTOR('',#4731,14.100000382);
#4733=LINE('',#4730,#4732);
#4734=EDGE_CURVE('',#4535,#4375,#4733,.T.);
#4735=ORIENTED_EDGE('',*,*,#4734,.F.);
#4736=ORIENTED_EDGE('',*,*,#4553,.T.);
#4737=ORIENTED_EDGE('',*,*,#2207,.F.);
#4738=ORIENTED_EDGE('',*,*,#4388,.T.);
#4739=EDGE_LOOP('',(#4735,#4736,#4737,#4738));
#4740=FACE_BOUND('',#4739,.T.);
#4741=ADVANCED_FACE('crnxx-right-top-case',(#4740),#4729,.T.);
#4742=CARTESIAN_POINT('',(-32.739756044,21.483717275,0.));
#4743=DIRECTION('',(-0.,-1.,0.));
#4744=DIRECTION('',(1.,-0.,0.));
#4745=AXIS2_PLACEMENT_3D('',#4742,#4743,#4744);
#4746=PLANE('',#4745);
#4747=CARTESIAN_POINT('',(-18.639755662,21.483717275,7.5));
#4748=DIRECTION('',(-1.,0.,0.));
#4749=VECTOR('',#4748,14.100000381);
#4750=LINE('',#4747,#4749);
#4751=EDGE_CURVE('',#4504,#4564,#4750,.T.);
#4752=ORIENTED_EDGE('',*,*,#4751,.F.);
#4753=ORIENTED_EDGE('',*,*,#4522,.F.);
#4754=ORIENTED_EDGE('',*,*,#2349,.F.);
#4755=ORIENTED_EDGE('',*,*,#4577,.F.);
#4756=EDGE_LOOP('',(#4752,#4753,#4754,#4755));
#4757=FACE_BOUND('',#4756,.T.);
#4758=ADVANCED_FACE('crnxx-right-top-case',(#4757),#4746,.T.);
#4759=CARTESIAN_POINT('',(66.36024243,22.258716893,2.200000048));
#4760=DIRECTION('',(0.,1.,-0.));
#4761=DIRECTION('',(-0.988045408,0.,-0.154163133));
#4762=AXIS2_PLACEMENT_3D('',#4759,#4760,#4761);
#4763=PLANE('',#4762);
#4764=CARTESIAN_POINT('',(52.260243956,22.258716893,7.5));
#4765=DIRECTION('',(1.,-0.,0.));
#4766=VECTOR('',#4765,14.099998474);
#4767=LINE('',#4764,#4766);
#4768=EDGE_CURVE('',#3212,#2780,#4767,.T.);
#4769=ORIENTED_EDGE('',*,*,#4768,.F.);
#4770=ORIENTED_EDGE('',*,*,#3230,.T.);
#4771=ORIENTED_EDGE('',*,*,#2072,.F.);
#4772=ORIENTED_EDGE('',*,*,#2793,.F.);
#4773=EDGE_LOOP('',(#4769,#4770,#4771,#4772));
#4774=FACE_BOUND('',#4773,.T.);
#4775=ADVANCED_FACE('crnxx-right-top-case',(#4774),#4763,.T.);
#4776=CARTESIAN_POINT('',(-15.739756044,6.608717275,0.));
#4777=DIRECTION('',(-0.,-1.,0.));
#4778=DIRECTION('',(1.,-0.,0.));
#4779=AXIS2_PLACEMENT_3D('',#4776,#4777,#4778);
#4780=PLANE('',#4779);
#4781=CARTESIAN_POINT('',(-1.639756139,6.608717275,7.5));
#4782=DIRECTION('',(-1.,0.,0.));
#4783=VECTOR('',#4782,14.099999905);
#4784=LINE('',#4781,#4783);
#4785=EDGE_CURVE('',#3917,#3876,#4784,.T.);
#4786=ORIENTED_EDGE('',*,*,#4785,.F.);
#4787=ORIENTED_EDGE('',*,*,#3930,.T.);
#4788=ORIENTED_EDGE('',*,*,#2123,.F.);
#4789=ORIENTED_EDGE('',*,*,#3887,.F.);
#4790=EDGE_LOOP('',(#4786,#4787,#4788,#4789));
#4791=FACE_BOUND('',#4790,.T.);
#4792=ADVANCED_FACE('crnxx-right-top-case',(#4791),#4780,.T.);
#4793=CARTESIAN_POINT('',(-1.639756139,9.50871737,2.200000048));
#4794=DIRECTION('',(0.,1.,0.));
#4795=DIRECTION('',(-0.98804541,0.,-0.154163118));
#4796=AXIS2_PLACEMENT_3D('',#4793,#4794,#4795);
#4797=PLANE('',#4796);
#4798=CARTESIAN_POINT('',(-15.739756044,9.50871737,7.5));
#4799=DIRECTION('',(1.,-0.,0.));
#4800=VECTOR('',#4799,14.099999905);
#4801=LINE('',#4798,#4800);
#4802=EDGE_CURVE('',#4473,#4423,#4801,.T.);
#4803=ORIENTED_EDGE('',*,*,#4802,.F.);
#4804=ORIENTED_EDGE('',*,*,#4491,.T.);
#4805=ORIENTED_EDGE('',*,*,#2012,.F.);
#4806=ORIENTED_EDGE('',*,*,#4436,.T.);
#4807=EDGE_LOOP('',(#4803,#4804,#4805,#4806));
#4808=FACE_BOUND('',#4807,.T.);
#4809=ADVANCED_FACE('crnxx-right-top-case',(#4808),#4797,.T.);
#4810=CARTESIAN_POINT('',(-1.639756139,26.508716893,2.200000048));
#4811=DIRECTION('',(0.,1.,0.));
#4812=DIRECTION('',(-0.98804541,0.,-0.154163118));
#4813=AXIS2_PLACEMENT_3D('',#4810,#4811,#4812);
#4814=PLANE('',#4813);
#4815=CARTESIAN_POINT('',(-15.739756044,26.508716893,7.5));
#4816=DIRECTION('',(1.,-0.,0.));
#4817=VECTOR('',#4816,14.099999905);
#4818=LINE('',#4815,#4817);
#4819=EDGE_CURVE('',#4346,#4296,#4818,.T.);
#4820=ORIENTED_EDGE('',*,*,#4819,.F.);
#4821=ORIENTED_EDGE('',*,*,#4364,.F.);
#4822=ORIENTED_EDGE('',*,*,#2038,.F.);
#4823=ORIENTED_EDGE('',*,*,#4309,.F.);
#4824=EDGE_LOOP('',(#4820,#4821,#4822,#4823));
#4825=FACE_BOUND('',#4824,.T.);
#4826=ADVANCED_FACE('crnxx-right-top-case',(#4825),#4814,.T.);
#4827=CARTESIAN_POINT('',(-15.739756044,23.608717275,0.));
#4828=DIRECTION('',(-0.,-1.,0.));
#4829=DIRECTION('',(1.,-0.,0.));
#4830=AXIS2_PLACEMENT_3D('',#4827,#4828,#4829);
#4831=PLANE('',#4830);
#4832=CARTESIAN_POINT('',(-1.639756139,23.608717275,7.5));
#4833=DIRECTION('',(-1.,0.,0.));
#4834=VECTOR('',#4833,14.099999905);
#4835=LINE('',#4832,#4834);
#4836=EDGE_CURVE('',#4425,#4471,#4835,.T.);
#4837=ORIENTED_EDGE('',*,*,#4836,.F.);
#4838=ORIENTED_EDGE('',*,*,#4443,.T.);
#4839=ORIENTED_EDGE('',*,*,#1996,.F.);
#4840=ORIENTED_EDGE('',*,*,#4484,.F.);
#4841=EDGE_LOOP('',(#4837,#4838,#4839,#4840));
#4842=FACE_BOUND('',#4841,.T.);
#4843=ADVANCED_FACE('crnxx-right-top-case',(#4842),#4831,.T.);
#4844=CARTESIAN_POINT('',(12.071349478,-3.953806502,7.5));
#4845=DIRECTION('',(0.,0.,1.));
#4846=DIRECTION('',(1.,0.,0.));
#4847=AXIS2_PLACEMENT_3D('',#4844,#4845,#4846);
#4848=PLANE('',#4847);
#4849=CARTESIAN_POINT('',(-37.32236481,19.417164809,7.5));
#4850=VERTEX_POINT('',#4849);
#4851=CARTESIAN_POINT('',(-37.32236481,19.417164809,7.5));
#4852=DIRECTION('',(-1.,0.,0.));
#4853=VECTOR('',#4852,27.31739276);
#4854=LINE('',#4851,#4853);
#4855=EDGE_CURVE('',#4850,#208,#4854,.T.);
#4856=ORIENTED_EDGE('',*,*,#4855,.T.);
#4857=ORIENTED_EDGE('',*,*,#260,.F.);
#4858=CARTESIAN_POINT('',(-63.63975757,39.633718801,7.5));
#4859=DIRECTION('',(-0.,-0.,-1.));
#4860=DIRECTION('',(1.,0.,-0.));
#4861=AXIS2_PLACEMENT_3D('',#4858,#4859,#4860);
#4862=CIRCLE('',#4861,1.);
#4863=EDGE_CURVE('',#249,#791,#4862,.T.);
#4864=ORIENTED_EDGE('',*,*,#4863,.T.);
#4865=ORIENTED_EDGE('',*,*,#796,.F.);
#4866=CARTESIAN_POINT('',(-59.255721915,41.633718801,7.5));
#4867=VERTEX_POINT('',#4866);
#4868=CARTESIAN_POINT('',(-59.255721915,41.633718801,7.5));
#4869=DIRECTION('',(0.,-1.,0.));
#4870=VECTOR('',#4869,1.);
#4871=LINE('',#4868,#4870);
#4872=EDGE_CURVE('',#4867,#783,#4871,.T.);
#4873=ORIENTED_EDGE('',*,*,#4872,.F.);
#4874=CARTESIAN_POINT('',(-58.755721915,42.133718801,7.5));
#4875=VERTEX_POINT('',#4874);
#4876=CARTESIAN_POINT('',(-58.755721915,41.633718801,7.5));
#4877=DIRECTION('',(-0.,-0.,-1.));
#4878=DIRECTION('',(1.,0.,-0.));
#4879=AXIS2_PLACEMENT_3D('',#4876,#4877,#4878);
#4880=CIRCLE('',#4879,0.5);
#4881=EDGE_CURVE('',#4867,#4875,#4880,.T.);
#4882=ORIENTED_EDGE('',*,*,#4881,.T.);
#4883=CARTESIAN_POINT('',(-55.955721915,42.133718801,7.5));
#4884=VERTEX_POINT('',#4883);
#4885=CARTESIAN_POINT('',(-58.755721915,42.133718801,7.5));
#4886=DIRECTION('',(1.,0.,0.));
#4887=VECTOR('',#4886,2.8);
#4888=LINE('',#4885,#4887);
#4889=EDGE_CURVE('',#4875,#4884,#4888,.T.);
#4890=ORIENTED_EDGE('',*,*,#4889,.T.);
#4891=CARTESIAN_POINT('',(-55.455721915,41.633718801,7.5));
#4892=VERTEX_POINT('',#4891);
#4893=CARTESIAN_POINT('',(-55.955721915,41.633718801,7.5));
#4894=DIRECTION('',(-0.,-0.,-1.));
#4895=DIRECTION('',(1.,0.,-0.));
#4896=AXIS2_PLACEMENT_3D('',#4893,#4894,#4895);
#4897=CIRCLE('',#4896,0.5);
#4898=EDGE_CURVE('',#4884,#4892,#4897,.T.);
#4899=ORIENTED_EDGE('',*,*,#4898,.T.);
#4900=CARTESIAN_POINT('',(-55.455721915,41.633718801,7.5));
#4901=DIRECTION('',(0.,-1.,0.));
#4902=VECTOR('',#4901,1.);
#4903=LINE('',#4900,#4902);
#4904=EDGE_CURVE('',#4892,#409,#4903,.T.);
#4905=ORIENTED_EDGE('',*,*,#4904,.T.);
#4906=ORIENTED_EDGE('',*,*,#414,.F.);
#4907=CARTESIAN_POINT('',(-27.366290736,41.633718801,7.5));
#4908=VERTEX_POINT('',#4907);
#4909=CARTESIAN_POINT('',(-27.366290736,41.633718801,7.5));
#4910=DIRECTION('',(0.,-1.,0.));
#4911=VECTOR('',#4910,1.);
#4912=LINE('',#4909,#4911);
#4913=EDGE_CURVE('',#4908,#401,#4912,.T.);
#4914=ORIENTED_EDGE('',*,*,#4913,.F.);
#4915=CARTESIAN_POINT('',(-26.866290736,42.133718801,7.5));
#4916=VERTEX_POINT('',#4915);
#4917=CARTESIAN_POINT('',(-26.866290736,41.633718801,7.5));
#4918=DIRECTION('',(-0.,-0.,-1.));
#4919=DIRECTION('',(1.,0.,-0.));
#4920=AXIS2_PLACEMENT_3D('',#4917,#4918,#4919);
#4921=CIRCLE('',#4920,0.5);
#4922=EDGE_CURVE('',#4908,#4916,#4921,.T.);
#4923=ORIENTED_EDGE('',*,*,#4922,.T.);
#4924=CARTESIAN_POINT('',(-24.066290736,42.133718801,7.5));
#4925=VERTEX_POINT('',#4924);
#4926=CARTESIAN_POINT('',(-26.866290736,42.133718801,7.5));
#4927=DIRECTION('',(1.,0.,0.));
#4928=VECTOR('',#4927,2.8);
#4929=LINE('',#4926,#4928);
#4930=EDGE_CURVE('',#4916,#4925,#4929,.T.);
#4931=ORIENTED_EDGE('',*,*,#4930,.T.);
#4932=CARTESIAN_POINT('',(-23.566290736,41.633718801,7.5));
#4933=VERTEX_POINT('',#4932);
#4934=CARTESIAN_POINT('',(-24.066290736,41.633718801,7.5));
#4935=DIRECTION('',(-0.,-0.,-1.));
#4936=DIRECTION('',(1.,0.,-0.));
#4937=AXIS2_PLACEMENT_3D('',#4934,#4935,#4936);
#4938=CIRCLE('',#4937,0.5);
#4939=EDGE_CURVE('',#4925,#4933,#4938,.T.);
#4940=ORIENTED_EDGE('',*,*,#4939,.T.);
#4941=CARTESIAN_POINT('',(-23.566290736,41.633718801,7.5));
#4942=DIRECTION('',(0.,-1.,0.));
#4943=VECTOR('',#4942,1.);
#4944=LINE('',#4941,#4943);
#4945=EDGE_CURVE('',#4933,#353,#4944,.T.);
#4946=ORIENTED_EDGE('',*,*,#4945,.T.);
#4947=ORIENTED_EDGE('',*,*,#358,.F.);
#4948=ORIENTED_EDGE('',*,*,#872,.F.);
#4949=CARTESIAN_POINT('',(-16.889755662,41.758718801,7.5));
#4950=DIRECTION('',(-0.,-0.,-1.));
#4951=DIRECTION('',(1.,0.,-0.));
#4952=AXIS2_PLACEMENT_3D('',#4949,#4950,#4951);
#4953=CIRCLE('',#4952,1.);
#4954=EDGE_CURVE('',#861,#886,#4953,.T.);
#4955=ORIENTED_EDGE('',*,*,#4954,.T.);
#4956=ORIENTED_EDGE('',*,*,#891,.F.);
#4957=ORIENTED_EDGE('',*,*,#943,.F.);
#4958=CARTESIAN_POINT('',(0.110243861,43.883718801,7.5));
#4959=DIRECTION('',(-0.,-0.,-1.));
#4960=DIRECTION('',(1.,0.,-0.));
#4961=AXIS2_PLACEMENT_3D('',#4958,#4959,#4960);
#4962=CIRCLE('',#4961,1.);
#4963=EDGE_CURVE('',#932,#1075,#4962,.T.);
#4964=ORIENTED_EDGE('',*,*,#4963,.T.);
#4965=ORIENTED_EDGE('',*,*,#1080,.F.);
#4966=CARTESIAN_POINT('',(6.839244691,45.883718801,7.5));
#4967=VERTEX_POINT('',#4966);
#4968=CARTESIAN_POINT('',(6.839244691,45.883718801,7.5));
#4969=DIRECTION('',(0.,-1.,0.));
#4970=VECTOR('',#4969,1.);
#4971=LINE('',#4968,#4970);
#4972=EDGE_CURVE('',#4967,#1067,#4971,.T.);
#4973=ORIENTED_EDGE('',*,*,#4972,.F.);
#4974=CARTESIAN_POINT('',(7.339244691,46.383718801,7.5));
#4975=VERTEX_POINT('',#4974);
#4976=CARTESIAN_POINT('',(7.339244691,45.883718801,7.5));
#4977=DIRECTION('',(-0.,-0.,-1.));
#4978=DIRECTION('',(1.,0.,-0.));
#4979=AXIS2_PLACEMENT_3D('',#4976,#4977,#4978);
#4980=CIRCLE('',#4979,0.5);
#4981=EDGE_CURVE('',#4967,#4975,#4980,.T.);
#4982=ORIENTED_EDGE('',*,*,#4981,.T.);
#4983=CARTESIAN_POINT('',(10.139244691,46.383718801,7.5));
#4984=VERTEX_POINT('',#4983);
#4985=CARTESIAN_POINT('',(7.339244691,46.383718801,7.5));
#4986=DIRECTION('',(1.,-0.,0.));
#4987=VECTOR('',#4986,2.8);
#4988=LINE('',#4985,#4987);
#4989=EDGE_CURVE('',#4975,#4984,#4988,.T.);
#4990=ORIENTED_EDGE('',*,*,#4989,.T.);
#4991=CARTESIAN_POINT('',(10.639244691,45.883718801,7.5));
#4992=VERTEX_POINT('',#4991);
#4993=CARTESIAN_POINT('',(10.139244691,45.883718801,7.5));
#4994=DIRECTION('',(-0.,-0.,-1.));
#4995=DIRECTION('',(1.,0.,-0.));
#4996=AXIS2_PLACEMENT_3D('',#4993,#4994,#4995);
#4997=CIRCLE('',#4996,0.5);
#4998=EDGE_CURVE('',#4984,#4992,#4997,.T.);
#4999=ORIENTED_EDGE('',*,*,#4998,.T.);
#5000=CARTESIAN_POINT('',(10.639244691,45.883718801,7.5));
#5001=DIRECTION('',(0.,-1.,0.));
#5002=VECTOR('',#5001,1.);
#5003=LINE('',#5000,#5002);
#5004=EDGE_CURVE('',#4992,#433,#5003,.T.);
#5005=ORIENTED_EDGE('',*,*,#5004,.T.);
#5006=ORIENTED_EDGE('',*,*,#438,.F.);
#5007=CARTESIAN_POINT('',(16.510243956,43.883718801,7.5));
#5008=DIRECTION('',(-0.,-0.,-1.));
#5009=DIRECTION('',(1.,0.,-0.));
#5010=AXIS2_PLACEMENT_3D('',#5007,#5008,#5009);
#5011=CIRCLE('',#5010,1.);
#5012=EDGE_CURVE('',#431,#1026,#5011,.T.);
#5013=ORIENTED_EDGE('',*,*,#5012,.T.);
#5014=ORIENTED_EDGE('',*,*,#1031,.F.);
#5015=ORIENTED_EDGE('',*,*,#1009,.F.);
#5016=CARTESIAN_POINT('',(33.510243956,41.758718801,7.5));
#5017=DIRECTION('',(-0.,-0.,-1.));
#5018=DIRECTION('',(1.,0.,-0.));
#5019=AXIS2_PLACEMENT_3D('',#5016,#5017,#5018);
#5020=CIRCLE('',#5019,1.);
#5021=EDGE_CURVE('',#996,#955,#5020,.T.);
#5022=ORIENTED_EDGE('',*,*,#5021,.T.);
#5023=ORIENTED_EDGE('',*,*,#960,.F.);
#5024=ORIENTED_EDGE('',*,*,#756,.F.);
#5025=CARTESIAN_POINT('',(49.471327168,39.508718801,7.5));
#5026=VERTEX_POINT('',#5025);
#5027=CARTESIAN_POINT('',(49.471327168,39.508718801,7.5));
#5028=DIRECTION('',(0.,-1.,0.));
#5029=VECTOR('',#5028,1.);
#5030=LINE('',#5027,#5029);
#5031=EDGE_CURVE('',#5026,#743,#5030,.T.);
#5032=ORIENTED_EDGE('',*,*,#5031,.F.);
#5033=CARTESIAN_POINT('',(49.971327168,40.008718801,7.5));
#5034=VERTEX_POINT('',#5033);
#5035=CARTESIAN_POINT('',(49.971327168,39.508718801,7.5));
#5036=DIRECTION('',(-0.,-0.,-1.));
#5037=DIRECTION('',(1.,0.,-0.));
#5038=AXIS2_PLACEMENT_3D('',#5035,#5036,#5037);
#5039=CIRCLE('',#5038,0.5);
#5040=EDGE_CURVE('',#5026,#5034,#5039,.T.);
#5041=ORIENTED_EDGE('',*,*,#5040,.T.);
#5042=CARTESIAN_POINT('',(52.771327168,40.008718801,7.5));
#5043=VERTEX_POINT('',#5042);
#5044=CARTESIAN_POINT('',(49.971327168,40.008718801,7.5));
#5045=DIRECTION('',(1.,0.,-0.));
#5046=VECTOR('',#5045,2.8);
#5047=LINE('',#5044,#5046);
#5048=EDGE_CURVE('',#5034,#5043,#5047,.T.);
#5049=ORIENTED_EDGE('',*,*,#5048,.T.);
#5050=CARTESIAN_POINT('',(53.271327168,39.508718801,7.5));
#5051=VERTEX_POINT('',#5050);
#5052=CARTESIAN_POINT('',(52.771327168,39.508718801,7.5));
#5053=DIRECTION('',(-0.,-0.,-1.));
#5054=DIRECTION('',(1.,0.,-0.));
#5055=AXIS2_PLACEMENT_3D('',#5052,#5053,#5054);
#5056=CIRCLE('',#5055,0.5);
#5057=EDGE_CURVE('',#5043,#5051,#5056,.T.);
#5058=ORIENTED_EDGE('',*,*,#5057,.T.);
#5059=CARTESIAN_POINT('',(53.271327168,39.508718801,7.5));
#5060=DIRECTION('',(0.,-1.,0.));
#5061=VECTOR('',#5060,1.);
#5062=LINE('',#5059,#5061);
#5063=EDGE_CURVE('',#5051,#313,#5062,.T.);
#5064=ORIENTED_EDGE('',*,*,#5063,.T.);
#5065=ORIENTED_EDGE('',*,*,#318,.F.);
#5066=CARTESIAN_POINT('',(67.510243956,37.508718801,7.5));
#5067=DIRECTION('',(-0.,-0.,-1.));
#5068=DIRECTION('',(1.,0.,-0.));
#5069=AXIS2_PLACEMENT_3D('',#5066,#5067,#5068);
#5070=CIRCLE('',#5069,1.);
#5071=EDGE_CURVE('',#311,#831,#5070,.T.);
#5072=ORIENTED_EDGE('',*,*,#5071,.T.);
#5073=ORIENTED_EDGE('',*,*,#836,.F.);
#5074=CARTESIAN_POINT('',(67.510243956,-29.891282725,7.5));
#5075=DIRECTION('',(-0.,-0.,-1.));
#5076=DIRECTION('',(1.,0.,-0.));
#5077=AXIS2_PLACEMENT_3D('',#5074,#5075,#5076);
#5078=CIRCLE('',#5077,1.);
#5079=EDGE_CURVE('',#823,#1195,#5078,.T.);
#5080=ORIENTED_EDGE('',*,*,#5079,.T.);
#5081=ORIENTED_EDGE('',*,*,#1200,.F.);
#5082=CARTESIAN_POINT('',(63.846318918,-31.391282725,7.5));
#5083=VERTEX_POINT('',#5082);
#5084=CARTESIAN_POINT('',(63.846318918,-31.391282725,7.5));
#5085=DIRECTION('',(0.,1.,-0.));
#5086=VECTOR('',#5085,0.5);
#5087=LINE('',#5084,#5086);
#5088=EDGE_CURVE('',#5083,#1187,#5087,.T.);
#5089=ORIENTED_EDGE('',*,*,#5088,.F.);
#5090=CARTESIAN_POINT('',(63.346318918,-31.891282725,7.5));
#5091=VERTEX_POINT('',#5090);
#5092=CARTESIAN_POINT('',(63.346318918,-31.391282725,7.5));
#5093=DIRECTION('',(-0.,-0.,-1.));
#5094=DIRECTION('',(1.,0.,-0.));
#5095=AXIS2_PLACEMENT_3D('',#5092,#5093,#5094);
#5096=CIRCLE('',#5095,0.5);
#5097=EDGE_CURVE('',#5083,#5091,#5096,.T.);
#5098=ORIENTED_EDGE('',*,*,#5097,.T.);
#5099=CARTESIAN_POINT('',(60.546318918,-31.891282725,7.5));
#5100=VERTEX_POINT('',#5099);
#5101=CARTESIAN_POINT('',(63.346318918,-31.891282725,7.5));
#5102=DIRECTION('',(-1.,-0.,0.));
#5103=VECTOR('',#5102,2.8);
#5104=LINE('',#5101,#5103);
#5105=EDGE_CURVE('',#5091,#5100,#5104,.T.);
#5106=ORIENTED_EDGE('',*,*,#5105,.T.);
#5107=CARTESIAN_POINT('',(60.046318918,-31.391282725,7.5));
#5108=VERTEX_POINT('',#5107);
#5109=CARTESIAN_POINT('',(60.546318918,-31.391282725,7.5));
#5110=DIRECTION('',(-0.,-0.,-1.));
#5111=DIRECTION('',(1.,0.,-0.));
#5112=AXIS2_PLACEMENT_3D('',#5109,#5110,#5111);
#5113=CIRCLE('',#5112,0.5);
#5114=EDGE_CURVE('',#5100,#5108,#5113,.T.);
#5115=ORIENTED_EDGE('',*,*,#5114,.T.);
#5116=CARTESIAN_POINT('',(60.046318918,-31.391282725,7.5));
#5117=DIRECTION('',(0.,1.,-0.));
#5118=VECTOR('',#5117,0.5);
#5119=LINE('',#5116,#5118);
#5120=EDGE_CURVE('',#5108,#513,#5119,.T.);
#5121=ORIENTED_EDGE('',*,*,#5120,.T.);
#5122=ORIENTED_EDGE('',*,*,#518,.F.);
#5123=CARTESIAN_POINT('',(34.110244338,-29.891282725,7.5));
#5124=DIRECTION('',(-0.,-0.,-1.));
#5125=DIRECTION('',(1.,0.,-0.));
#5126=AXIS2_PLACEMENT_3D('',#5123,#5124,#5125);
#5127=CIRCLE('',#5126,1.);
#5128=EDGE_CURVE('',#511,#1155,#5127,.T.);
#5129=ORIENTED_EDGE('',*,*,#5128,.T.);
#5130=ORIENTED_EDGE('',*,*,#1160,.F.);
#5131=CARTESIAN_POINT('',(32.110244338,-27.641282725,7.5));
#5132=DIRECTION('',(0.,0.,1.));
#5133=DIRECTION('',(1.,0.,-0.));
#5134=AXIS2_PLACEMENT_3D('',#5131,#5132,#5133);
#5135=CIRCLE('',#5134,1.);
#5136=EDGE_CURVE('',#1147,#1115,#5135,.T.);
#5137=ORIENTED_EDGE('',*,*,#5136,.T.);
#5138=ORIENTED_EDGE('',*,*,#1120,.F.);
#5139=CARTESIAN_POINT('',(27.259438235,-27.141282725,7.5));
#5140=VERTEX_POINT('',#5139);
#5141=CARTESIAN_POINT('',(27.259438235,-27.141282725,7.5));
#5142=DIRECTION('',(0.,1.,-0.));
#5143=VECTOR('',#5142,0.5);
#5144=LINE('',#5141,#5143);
#5145=EDGE_CURVE('',#5140,#1107,#5144,.T.);
#5146=ORIENTED_EDGE('',*,*,#5145,.F.);
#5147=CARTESIAN_POINT('',(26.759438235,-27.641282725,7.5));
#5148=VERTEX_POINT('',#5147);
#5149=CARTESIAN_POINT('',(26.759438235,-27.141282725,7.5));
#5150=DIRECTION('',(-0.,-0.,-1.));
#5151=DIRECTION('',(1.,0.,-0.));
#5152=AXIS2_PLACEMENT_3D('',#5149,#5150,#5151);
#5153=CIRCLE('',#5152,0.5);
#5154=EDGE_CURVE('',#5140,#5148,#5153,.T.);
#5155=ORIENTED_EDGE('',*,*,#5154,.T.);
#5156=CARTESIAN_POINT('',(23.959438235,-27.641282725,7.5));
#5157=VERTEX_POINT('',#5156);
#5158=CARTESIAN_POINT('',(26.759438235,-27.641282725,7.5));
#5159=DIRECTION('',(-1.,0.,0.));
#5160=VECTOR('',#5159,2.8);
#5161=LINE('',#5158,#5160);
#5162=EDGE_CURVE('',#5148,#5157,#5161,.T.);
#5163=ORIENTED_EDGE('',*,*,#5162,.T.);
#5164=CARTESIAN_POINT('',(23.459438235,-27.141282725,7.5));
#5165=VERTEX_POINT('',#5164);
#5166=CARTESIAN_POINT('',(23.959438235,-27.141282725,7.5));
#5167=DIRECTION('',(-0.,-0.,-1.));
#5168=DIRECTION('',(1.,0.,-0.));
#5169=AXIS2_PLACEMENT_3D('',#5166,#5167,#5168);
#5170=CIRCLE('',#5169,0.5);
#5171=EDGE_CURVE('',#5157,#5165,#5170,.T.);
#5172=ORIENTED_EDGE('',*,*,#5171,.T.);
#5173=CARTESIAN_POINT('',(23.459438235,-27.141282725,7.5));
#5174=DIRECTION('',(0.,1.,-0.));
#5175=VECTOR('',#5174,0.5);
#5176=LINE('',#5173,#5175);
#5177=EDGE_CURVE('',#5165,#473,#5176,.T.);
#5178=ORIENTED_EDGE('',*,*,#5177,.T.);
#5179=ORIENTED_EDGE('',*,*,#478,.F.);
#5180=CARTESIAN_POINT('',(17.110243956,-27.641282725,7.5));
#5181=DIRECTION('',(0.,0.,1.));
#5182=DIRECTION('',(1.,0.,-0.));
#5183=AXIS2_PLACEMENT_3D('',#5180,#5181,#5182);
#5184=CIRCLE('',#5183,1.);
#5185=EDGE_CURVE('',#471,#711,#5184,.T.);
#5186=ORIENTED_EDGE('',*,*,#5185,.T.);
#5187=ORIENTED_EDGE('',*,*,#716,.F.);
#5188=CARTESIAN_POINT('',(15.110243956,-30.126283336,7.5));
#5189=DIRECTION('',(-0.,-0.,-1.));
#5190=DIRECTION('',(1.,0.,-0.));
#5191=AXIS2_PLACEMENT_3D('',#5188,#5189,#5190);
#5192=CIRCLE('',#5191,1.);
#5193=EDGE_CURVE('',#703,#671,#5192,.T.);
#5194=ORIENTED_EDGE('',*,*,#5193,.T.);
#5195=ORIENTED_EDGE('',*,*,#676,.F.);
#5196=CARTESIAN_POINT('',(-6.784175587,-31.626283336,7.5));
#5197=VERTEX_POINT('',#5196);
#5198=CARTESIAN_POINT('',(-6.784175587,-31.626283336,7.5));
#5199=DIRECTION('',(-0.,1.,-0.));
#5200=VECTOR('',#5199,0.5);
#5201=LINE('',#5198,#5200);
#5202=EDGE_CURVE('',#5197,#663,#5201,.T.);
#5203=ORIENTED_EDGE('',*,*,#5202,.F.);
#5204=CARTESIAN_POINT('',(-7.284175587,-32.126283336,7.5));
#5205=VERTEX_POINT('',#5204);
#5206=CARTESIAN_POINT('',(-7.284175587,-31.626283336,7.5));
#5207=DIRECTION('',(-0.,-0.,-1.));
#5208=DIRECTION('',(1.,0.,-0.));
#5209=AXIS2_PLACEMENT_3D('',#5206,#5207,#5208);
#5210=CIRCLE('',#5209,0.5);
#5211=EDGE_CURVE('',#5197,#5205,#5210,.T.);
#5212=ORIENTED_EDGE('',*,*,#5211,.T.);
#5213=CARTESIAN_POINT('',(-10.084175587,-32.126283336,7.5));
#5214=VERTEX_POINT('',#5213);
#5215=CARTESIAN_POINT('',(-7.284175587,-32.126283336,7.5));
#5216=DIRECTION('',(-1.,-0.,0.));
#5217=VECTOR('',#5216,2.8);
#5218=LINE('',#5215,#5217);
#5219=EDGE_CURVE('',#5205,#5214,#5218,.T.);
#5220=ORIENTED_EDGE('',*,*,#5219,.T.);
#5221=CARTESIAN_POINT('',(-10.584175587,-31.626283336,7.5));
#5222=VERTEX_POINT('',#5221);
#5223=CARTESIAN_POINT('',(-10.084175587,-31.626283336,7.5));
#5224=DIRECTION('',(-0.,-0.,-1.));
#5225=DIRECTION('',(1.,0.,-0.));
#5226=AXIS2_PLACEMENT_3D('',#5223,#5224,#5225);
#5227=CIRCLE('',#5226,0.5);
#5228=EDGE_CURVE('',#5214,#5222,#5227,.T.);
#5229=ORIENTED_EDGE('',*,*,#5228,.T.);
#5230=CARTESIAN_POINT('',(-10.584175587,-31.626283336,7.5));
#5231=DIRECTION('',(-0.,1.,-0.));
#5232=VECTOR('',#5231,0.5);
#5233=LINE('',#5230,#5232);
#5234=EDGE_CURVE('',#5222,#273,#5233,.T.);
#5235=ORIENTED_EDGE('',*,*,#5234,.T.);
#5236=ORIENTED_EDGE('',*,*,#278,.F.);
#5237=ORIENTED_EDGE('',*,*,#635,.F.);
#5238=ORIENTED_EDGE('',*,*,#1236,.F.);
#5239=CARTESIAN_POINT('',(-40.183004721,-38.018390372,7.5));
#5240=VERTEX_POINT('',#5239);
#5241=CARTESIAN_POINT('',(-40.183004721,-38.018390372,7.5));
#5242=DIRECTION('',(-0.390729293,0.920505633,0.));
#5243=VECTOR('',#5242,0.5);
#5244=LINE('',#5241,#5243);
#5245=EDGE_CURVE('',#5240,#1225,#5244,.T.);
#5246=ORIENTED_EDGE('',*,*,#5245,.F.);
#5247=CARTESIAN_POINT('',(-40.143257537,-38.213755019,7.5));
#5248=VERTEX_POINT('',#5247);
#5249=CARTESIAN_POINT('',(-40.643257537,-38.213755019,7.5));
#5250=DIRECTION('',(-0.,-0.,-1.));
#5251=DIRECTION('',(1.,0.,-0.));
#5252=AXIS2_PLACEMENT_3D('',#5249,#5250,#5251);
#5253=CIRCLE('',#5252,0.5);
#5254=EDGE_CURVE('',#5240,#5248,#5253,.T.);
#5255=ORIENTED_EDGE('',*,*,#5254,.T.);
#5256=CARTESIAN_POINT('',(-40.44789289,-38.674007835,7.5));
#5257=VERTEX_POINT('',#5256);
#5258=CARTESIAN_POINT('',(-40.643257537,-38.213755019,7.5));
#5259=DIRECTION('',(-0.,-0.,-1.));
#5260=DIRECTION('',(1.,0.,-0.));
#5261=AXIS2_PLACEMENT_3D('',#5258,#5259,#5260);
#5262=CIRCLE('',#5261,0.5);
#5263=EDGE_CURVE('',#5248,#5257,#5262,.T.);
#5264=ORIENTED_EDGE('',*,*,#5263,.T.);
#5265=CARTESIAN_POINT('',(-43.025308662,-39.768049855,7.5));
#5266=VERTEX_POINT('',#5265);
#5267=CARTESIAN_POINT('',(-40.44789289,-38.674007835,7.5));
#5268=DIRECTION('',(-0.920505633,-0.390729293,0.));
#5269=VECTOR('',#5268,2.8);
#5270=LINE('',#5267,#5269);
#5271=EDGE_CURVE('',#5257,#5266,#5270,.T.);
#5272=ORIENTED_EDGE('',*,*,#5271,.T.);
#5273=CARTESIAN_POINT('',(-43.680926124,-39.503161685,7.5));
#5274=VERTEX_POINT('',#5273);
#5275=CARTESIAN_POINT('',(-43.220673308,-39.307797039,7.5));
#5276=DIRECTION('',(-0.,-0.,-1.));
#5277=DIRECTION('',(1.,0.,-0.));
#5278=AXIS2_PLACEMENT_3D('',#5275,#5276,#5277);
#5279=CIRCLE('',#5278,0.5);
#5280=EDGE_CURVE('',#5266,#5274,#5279,.T.);
#5281=ORIENTED_EDGE('',*,*,#5280,.T.);
#5282=CARTESIAN_POINT('',(-43.680926124,-39.503161685,7.5));
#5283=DIRECTION('',(-0.390729293,0.920505633,0.));
#5284=VECTOR('',#5283,0.5);
#5285=LINE('',#5282,#5284);
#5286=EDGE_CURVE('',#5274,#553,#5285,.T.);
#5287=ORIENTED_EDGE('',*,*,#5286,.T.);
#5288=ORIENTED_EDGE('',*,*,#558,.F.);
#5289=CARTESIAN_POINT('',(-54.517899463,-42.473619262,7.5));
#5290=DIRECTION('',(-0.,-0.,-1.));
#5291=DIRECTION('',(1.,0.,-0.));
#5292=AXIS2_PLACEMENT_3D('',#5289,#5290,#5291);
#5293=CIRCLE('',#5292,1.);
#5294=EDGE_CURVE('',#551,#591,#5293,.T.);
#5295=ORIENTED_EDGE('',*,*,#5294,.T.);
#5296=ORIENTED_EDGE('',*,*,#596,.F.);
#5297=ORIENTED_EDGE('',*,*,#183,.F.);
#5298=CARTESIAN_POINT('',(-37.32236481,-11.329835191,7.5));
#5299=VERTEX_POINT('',#5298);
#5300=CARTESIAN_POINT('',(-64.63975757,-11.329835191,7.5));
#5301=DIRECTION('',(1.,0.,-0.));
#5302=VECTOR('',#5301,27.31739276);
#5303=LINE('',#5300,#5302);
#5304=EDGE_CURVE('',#170,#5299,#5303,.T.);
#5305=ORIENTED_EDGE('',*,*,#5304,.T.);
#5306=CARTESIAN_POINT('',(-37.32236481,-11.329835191,7.5));
#5307=DIRECTION('',(0.,1.,0.));
#5308=VECTOR('',#5307,30.747);
#5309=LINE('',#5306,#5308);
#5310=EDGE_CURVE('',#5299,#4850,#5309,.T.);
#5311=ORIENTED_EDGE('',*,*,#5310,.T.);
#5312=EDGE_LOOP('',(#4856,#4857,#4864,#4865,#4873,#4882,#4890,#4899,#4905,#4906,#4914,#4923,#4931,#4940,#4946,#4947,#4948,#4955,#4956,#4957,#4964,#4965,#4973,#4982,#4990,#4999,
#5005,#5006,#5013,#5014,#5015,#5022,#5023,#5024,#5032,#5041,#5049,#5058,#5064,#5065,#5072,#5073,#5080,#5081,#5089,#5098,#5106,#5115,#5121,#5122,#5129,
#5130,#5137,#5138,#5146,#5155,#5163,#5172,#5178,#5179,#5186,#5187,#5194,#5195,#5203,#5212,#5220,#5229,#5235,#5236,#5237,#5238,#5246,#5255,#5264,#5272,
#5281,#5287,#5288,#5295,#5296,#5297,#5305,#5311));
#5313=FACE_BOUND('',#5312,.T.);
#5314=ORIENTED_EDGE('',*,*,#4802,.T.);
#5315=ORIENTED_EDGE('',*,*,#4430,.T.);
#5316=ORIENTED_EDGE('',*,*,#4836,.T.);
#5317=ORIENTED_EDGE('',*,*,#4478,.T.);
#5318=EDGE_LOOP('',(#5314,#5315,#5316,#5317));
#5319=FACE_BOUND('',#5318,.T.);
#5320=ORIENTED_EDGE('',*,*,#4649,.T.);
#5321=ORIENTED_EDGE('',*,*,#4351,.T.);
#5322=ORIENTED_EDGE('',*,*,#4819,.T.);
#5323=ORIENTED_EDGE('',*,*,#4303,.T.);
#5324=EDGE_LOOP('',(#5320,#5321,#5322,#5323));
#5325=FACE_BOUND('',#5324,.T.);
#5326=ORIENTED_EDGE('',*,*,#3852,.T.);
#5327=ORIENTED_EDGE('',*,*,#3922,.T.);
#5328=ORIENTED_EDGE('',*,*,#4785,.T.);
#5329=ORIENTED_EDGE('',*,*,#3881,.T.);
#5330=EDGE_LOOP('',(#5326,#5327,#5328,#5329));
#5331=FACE_BOUND('',#5330,.T.);
#5332=ORIENTED_EDGE('',*,*,#4409,.T.);
#5333=ORIENTED_EDGE('',*,*,#3217,.T.);
#5334=ORIENTED_EDGE('',*,*,#4768,.T.);
#5335=ORIENTED_EDGE('',*,*,#2787,.T.);
#5336=EDGE_LOOP('',(#5332,#5333,#5334,#5335));
#5337=FACE_BOUND('',#5336,.T.);
#5338=ORIENTED_EDGE('',*,*,#4683,.T.);
#5339=ORIENTED_EDGE('',*,*,#4509,.T.);
#5340=ORIENTED_EDGE('',*,*,#4751,.T.);
#5341=ORIENTED_EDGE('',*,*,#4571,.T.);
#5342=EDGE_LOOP('',(#5338,#5339,#5340,#5341));
#5343=FACE_BOUND('',#5342,.T.);
#5344=ORIENTED_EDGE('',*,*,#4717,.T.);
#5345=ORIENTED_EDGE('',*,*,#4540,.T.);
#5346=ORIENTED_EDGE('',*,*,#4734,.T.);
#5347=ORIENTED_EDGE('',*,*,#4382,.T.);
#5348=EDGE_LOOP('',(#5344,#5345,#5346,#5347));
#5349=FACE_BOUND('',#5348,.T.);
#5350=ORIENTED_EDGE('',*,*,#4265,.T.);
#5351=ORIENTED_EDGE('',*,*,#1255,.T.);
#5352=ORIENTED_EDGE('',*,*,#4700,.T.);
#5353=ORIENTED_EDGE('',*,*,#3389,.T.);
#5354=EDGE_LOOP('',(#5350,#5351,#5352,#5353));
#5355=FACE_BOUND('',#5354,.T.);
#5356=ORIENTED_EDGE('',*,*,#3705,.T.);
#5357=ORIENTED_EDGE('',*,*,#3792,.T.);
#5358=ORIENTED_EDGE('',*,*,#4666,.T.);
#5359=ORIENTED_EDGE('',*,*,#3734,.T.);
#5360=EDGE_LOOP('',(#5356,#5357,#5358,#5359));
#5361=FACE_BOUND('',#5360,.T.);
#5362=ORIENTED_EDGE('',*,*,#4598,.T.);
#5363=ORIENTED_EDGE('',*,*,#3578,.T.);
#5364=ORIENTED_EDGE('',*,*,#4632,.T.);
#5365=ORIENTED_EDGE('',*,*,#2842,.T.);
#5366=EDGE_LOOP('',(#5362,#5363,#5364,#5365));
#5367=FACE_BOUND('',#5366,.T.);
#5368=ORIENTED_EDGE('',*,*,#4231,.T.);
#5369=ORIENTED_EDGE('',*,*,#3279,.T.);
#5370=ORIENTED_EDGE('',*,*,#4615,.T.);
#5371=ORIENTED_EDGE('',*,*,#1295,.T.);
#5372=EDGE_LOOP('',(#5368,#5369,#5370,#5371));
#5373=FACE_BOUND('',#5372,.T.);
#5374=ORIENTED_EDGE('',*,*,#2756,.T.);
#5375=ORIENTED_EDGE('',*,*,#2816,.T.);
#5376=ORIENTED_EDGE('',*,*,#4457,.T.);
#5377=ORIENTED_EDGE('',*,*,#2926,.T.);
#5378=EDGE_LOOP('',(#5374,#5375,#5376,#5377));
#5379=FACE_BOUND('',#5378,.T.);
#5380=ORIENTED_EDGE('',*,*,#4030,.T.);
#5381=ORIENTED_EDGE('',*,*,#4175,.T.);
#5382=ORIENTED_EDGE('',*,*,#4330,.T.);
#5383=ORIENTED_EDGE('',*,*,#4151,.T.);
#5384=EDGE_LOOP('',(#5380,#5381,#5382,#5383));
#5385=FACE_BOUND('',#5384,.T.);
#5386=ORIENTED_EDGE('',*,*,#3756,.T.);
#5387=ORIENTED_EDGE('',*,*,#3000,.T.);
#5388=ORIENTED_EDGE('',*,*,#4282,.T.);
#5389=ORIENTED_EDGE('',*,*,#3093,.T.);
#5390=EDGE_LOOP('',(#5386,#5387,#5388,#5389));
#5391=FACE_BOUND('',#5390,.T.);
#5392=ORIENTED_EDGE('',*,*,#3831,.T.);
#5393=ORIENTED_EDGE('',*,*,#3062,.T.);
#5394=ORIENTED_EDGE('',*,*,#4248,.T.);
#5395=ORIENTED_EDGE('',*,*,#1335,.T.);
#5396=EDGE_LOOP('',(#5392,#5393,#5394,#5395));
#5397=FACE_BOUND('',#5396,.T.);
#5398=ORIENTED_EDGE('',*,*,#3482,.T.);
#5399=ORIENTED_EDGE('',*,*,#4004,.T.);
#5400=ORIENTED_EDGE('',*,*,#4214,.T.);
#5401=ORIENTED_EDGE('',*,*,#4093,.T.);
#5402=EDGE_LOOP('',(#5398,#5399,#5400,#5401));
#5403=FACE_BOUND('',#5402,.T.);
#5404=ORIENTED_EDGE('',*,*,#3155,.T.);
#5405=ORIENTED_EDGE('',*,*,#3607,.T.);
#5406=ORIENTED_EDGE('',*,*,#3648,.T.);
#5407=ORIENTED_EDGE('',*,*,#4197,.T.);
#5408=EDGE_LOOP('',(#5404,#5405,#5406,#5407));
#5409=FACE_BOUND('',#5408,.T.);
#5410=ORIENTED_EDGE('',*,*,#2873,.T.);
#5411=ORIENTED_EDGE('',*,*,#2950,.T.);
#5412=ORIENTED_EDGE('',*,*,#3963,.T.);
#5413=ORIENTED_EDGE('',*,*,#4132,.T.);
#5414=EDGE_LOOP('',(#5410,#5411,#5412,#5413));
#5415=FACE_BOUND('',#5414,.T.);
#5416=ORIENTED_EDGE('',*,*,#4074,.T.);
#5417=ORIENTED_EDGE('',*,*,#3420,.T.);
#5418=ORIENTED_EDGE('',*,*,#4115,.T.);
#5419=ORIENTED_EDGE('',*,*,#3310,.T.);
#5420=EDGE_LOOP('',(#5416,#5417,#5418,#5419));
#5421=FACE_BOUND('',#5420,.T.);
#5422=ORIENTED_EDGE('',*,*,#1375,.T.);
#5423=ORIENTED_EDGE('',*,*,#1453,.T.);
#5424=ORIENTED_EDGE('',*,*,#2902,.T.);
#5425=ORIENTED_EDGE('',*,*,#4057,.T.);
#5426=EDGE_LOOP('',(#5422,#5423,#5424,#5425));
#5427=FACE_BOUND('',#5426,.T.);
#5428=ORIENTED_EDGE('',*,*,#3903,.T.);
#5429=ORIENTED_EDGE('',*,*,#3674,.T.);
#5430=ORIENTED_EDGE('',*,*,#3985,.T.);
#5431=ORIENTED_EDGE('',*,*,#3124,.T.);
#5432=EDGE_LOOP('',(#5428,#5429,#5430,#5431));
#5433=FACE_BOUND('',#5432,.T.);
#5434=ORIENTED_EDGE('',*,*,#3773,.T.);
#5435=ORIENTED_EDGE('',*,*,#3248,.T.);
#5436=ORIENTED_EDGE('',*,*,#3944,.T.);
#5437=ORIENTED_EDGE('',*,*,#3031,.T.);
#5438=EDGE_LOOP('',(#5434,#5435,#5436,#5437));
#5439=FACE_BOUND('',#5438,.T.);
#5440=ORIENTED_EDGE('',*,*,#3451,.T.);
#5441=ORIENTED_EDGE('',*,*,#3552,.T.);
#5442=ORIENTED_EDGE('',*,*,#3814,.T.);
#5443=ORIENTED_EDGE('',*,*,#3528,.T.);
#5444=EDGE_LOOP('',(#5440,#5441,#5442,#5443));
#5445=FACE_BOUND('',#5444,.T.);
#5446=ORIENTED_EDGE('',*,*,#3186,.T.);
#5447=ORIENTED_EDGE('',*,*,#3339,.T.);
#5448=ORIENTED_EDGE('',*,*,#3363,.T.);
#5449=ORIENTED_EDGE('',*,*,#3629,.T.);
#5450=EDGE_LOOP('',(#5446,#5447,#5448,#5449));
#5451=FACE_BOUND('',#5450,.T.);
#5452=ORIENTED_EDGE('',*,*,#1415,.T.);
#5453=ORIENTED_EDGE('',*,*,#2974,.T.);
#5454=ORIENTED_EDGE('',*,*,#3509,.T.);
#5455=ORIENTED_EDGE('',*,*,#2730,.T.);
#5456=EDGE_LOOP('',(#5452,#5453,#5454,#5455));
#5457=FACE_BOUND('',#5456,.T.);
#5458=ADVANCED_FACE('',(#5313,#5319,#5325,#5331,#5337,#5343,#5349,#5355,#5361,#5367,#5373,#5379,#5385,#5391,#5397,#5403,#5409,#5415,#5421,#5427,#5433,#5439,#5445,#5451,#5457),#4848,.F.);
#5459=CARTESIAN_POINT('',(0.110243861,43.883718801,5.5));
#5460=DIRECTION('',(0.,0.,-1.));
#5461=DIRECTION('',(-1.,0.,0.));
#5462=AXIS2_PLACEMENT_3D('',#5459,#5460,#5461);
#5463=CYLINDRICAL_SURFACE('',#5462,1.);
#5464=ORIENTED_EDGE('',*,*,#1849,.F.);
#5465=ORIENTED_EDGE('',*,*,#1086,.F.);
#5466=ORIENTED_EDGE('',*,*,#4963,.F.);
#5467=ORIENTED_EDGE('',*,*,#937,.F.);
#5468=EDGE_LOOP('',(#5464,#5465,#5466,#5467));
#5469=FACE_BOUND('',#5468,.T.);
#5470=ADVANCED_FACE('',(#5469),#5463,.T.);
#5471=CARTESIAN_POINT('',(67.510243956,37.508718801,2.200000048));
#5472=DIRECTION('',(0.,0.,-1.));
#5473=DIRECTION('',(-1.,0.,0.));
#5474=AXIS2_PLACEMENT_3D('',#5471,#5472,#5473);
#5475=CYLINDRICAL_SURFACE('',#5474,1.);
#5476=ORIENTED_EDGE('',*,*,#1741,.F.);
#5477=ORIENTED_EDGE('',*,*,#842,.F.);
#5478=ORIENTED_EDGE('',*,*,#5071,.F.);
#5479=ORIENTED_EDGE('',*,*,#340,.F.);
#5480=EDGE_LOOP('',(#5476,#5477,#5478,#5479));
#5481=FACE_BOUND('',#5480,.T.);
#5482=ADVANCED_FACE('',(#5481),#5475,.T.);
#5483=CARTESIAN_POINT('',(16.510243956,43.883718801,2.200000048));
#5484=DIRECTION('',(0.,0.,1.));
#5485=DIRECTION('',(1.,0.,-0.));
#5486=AXIS2_PLACEMENT_3D('',#5483,#5484,#5485);
#5487=CYLINDRICAL_SURFACE('',#5486,1.);
#5488=ORIENTED_EDGE('',*,*,#5012,.F.);
#5489=ORIENTED_EDGE('',*,*,#460,.F.);
#5490=ORIENTED_EDGE('',*,*,#1800,.F.);
#5491=ORIENTED_EDGE('',*,*,#1039,.F.);
#5492=EDGE_LOOP('',(#5488,#5489,#5490,#5491));
#5493=FACE_BOUND('',#5492,.T.);
#5494=ADVANCED_FACE('',(#5493),#5487,.T.);
#5495=CARTESIAN_POINT('',(33.510243956,41.758718801,2.200000048));
#5496=DIRECTION('',(0.,0.,1.));
#5497=DIRECTION('',(1.,0.,-0.));
#5498=AXIS2_PLACEMENT_3D('',#5495,#5496,#5497);
#5499=CYLINDRICAL_SURFACE('',#5498,1.);
#5500=ORIENTED_EDGE('',*,*,#5021,.F.);
#5501=ORIENTED_EDGE('',*,*,#1001,.F.);
#5502=ORIENTED_EDGE('',*,*,#1791,.F.);
#5503=ORIENTED_EDGE('',*,*,#968,.F.);
#5504=EDGE_LOOP('',(#5500,#5501,#5502,#5503));
#5505=FACE_BOUND('',#5504,.T.);
#5506=ADVANCED_FACE('',(#5505),#5499,.T.);
#5507=CARTESIAN_POINT('',(67.510243956,-29.891282725,5.5));
#5508=DIRECTION('',(0.,0.,1.));
#5509=DIRECTION('',(1.,0.,-0.));
#5510=AXIS2_PLACEMENT_3D('',#5507,#5508,#5509);
#5511=CYLINDRICAL_SURFACE('',#5510,1.);
#5512=ORIENTED_EDGE('',*,*,#5079,.F.);
#5513=ORIENTED_EDGE('',*,*,#828,.F.);
#5514=ORIENTED_EDGE('',*,*,#1733,.F.);
#5515=ORIENTED_EDGE('',*,*,#1206,.F.);
#5516=EDGE_LOOP('',(#5512,#5513,#5514,#5515));
#5517=FACE_BOUND('',#5516,.T.);
#5518=ADVANCED_FACE('',(#5517),#5511,.T.);
#5519=CARTESIAN_POINT('',(34.110244338,-29.891282725,5.5));
#5520=DIRECTION('',(0.,0.,1.));
#5521=DIRECTION('',(1.,0.,-0.));
#5522=AXIS2_PLACEMENT_3D('',#5519,#5520,#5521);
#5523=CYLINDRICAL_SURFACE('',#5522,1.);
#5524=ORIENTED_EDGE('',*,*,#5128,.F.);
#5525=ORIENTED_EDGE('',*,*,#540,.F.);
#5526=ORIENTED_EDGE('',*,*,#1684,.F.);
#5527=ORIENTED_EDGE('',*,*,#1166,.F.);
#5528=EDGE_LOOP('',(#5524,#5525,#5526,#5527));
#5529=FACE_BOUND('',#5528,.T.);
#5530=ADVANCED_FACE('',(#5529),#5523,.T.);
#5531=CARTESIAN_POINT('',(32.110244338,-27.641282725,5.5));
#5532=DIRECTION('',(0.,0.,1.));
#5533=DIRECTION('',(1.,0.,-0.));
#5534=AXIS2_PLACEMENT_3D('',#5531,#5532,#5533);
#5535=CYLINDRICAL_SURFACE('',#5534,1.);
#5536=ORIENTED_EDGE('',*,*,#1676,.F.);
#5537=ORIENTED_EDGE('',*,*,#1126,.F.);
#5538=ORIENTED_EDGE('',*,*,#5136,.F.);
#5539=ORIENTED_EDGE('',*,*,#1152,.F.);
#5540=EDGE_LOOP('',(#5536,#5537,#5538,#5539));
#5541=FACE_BOUND('',#5540,.T.);
#5542=ADVANCED_FACE('',(#5541),#5535,.F.);
#5543=CARTESIAN_POINT('',(17.110243956,-27.641282725,5.5));
#5544=DIRECTION('',(0.,0.,1.));
#5545=DIRECTION('',(1.,0.,-0.));
#5546=AXIS2_PLACEMENT_3D('',#5543,#5544,#5545);
#5547=CYLINDRICAL_SURFACE('',#5546,1.);
#5548=ORIENTED_EDGE('',*,*,#1627,.F.);
#5549=ORIENTED_EDGE('',*,*,#722,.F.);
#5550=ORIENTED_EDGE('',*,*,#5185,.F.);
#5551=ORIENTED_EDGE('',*,*,#500,.F.);
#5552=EDGE_LOOP('',(#5548,#5549,#5550,#5551));
#5553=FACE_BOUND('',#5552,.T.);
#5554=ADVANCED_FACE('',(#5553),#5547,.F.);
#5555=CARTESIAN_POINT('',(15.110243956,-30.126283336,5.5));
#5556=DIRECTION('',(0.,0.,1.));
#5557=DIRECTION('',(1.,0.,-0.));
#5558=AXIS2_PLACEMENT_3D('',#5555,#5556,#5557);
#5559=CYLINDRICAL_SURFACE('',#5558,1.);
#5560=ORIENTED_EDGE('',*,*,#5193,.F.);
#5561=ORIENTED_EDGE('',*,*,#708,.F.);
#5562=ORIENTED_EDGE('',*,*,#1619,.F.);
#5563=ORIENTED_EDGE('',*,*,#682,.F.);
#5564=EDGE_LOOP('',(#5560,#5561,#5562,#5563));
#5565=FACE_BOUND('',#5564,.T.);
#5566=ADVANCED_FACE('',(#5565),#5559,.T.);
#5567=CARTESIAN_POINT('',(-54.517899463,-42.473619262,5.5));
#5568=DIRECTION('',(0.,0.,1.));
#5569=DIRECTION('',(1.,0.,-0.));
#5570=AXIS2_PLACEMENT_3D('',#5567,#5568,#5569);
#5571=CYLINDRICAL_SURFACE('',#5570,1.);
#5572=ORIENTED_EDGE('',*,*,#5294,.F.);
#5573=ORIENTED_EDGE('',*,*,#580,.F.);
#5574=ORIENTED_EDGE('',*,*,#1518,.F.);
#5575=ORIENTED_EDGE('',*,*,#604,.F.);
#5576=EDGE_LOOP('',(#5572,#5573,#5574,#5575));
#5577=FACE_BOUND('',#5576,.T.);
#5578=ADVANCED_FACE('',(#5577),#5571,.T.);
#5579=CARTESIAN_POINT('',(-63.63975757,39.633718801,2.200000048));
#5580=DIRECTION('',(0.,0.,1.));
#5581=DIRECTION('',(1.,0.,-0.));
#5582=AXIS2_PLACEMENT_3D('',#5579,#5580,#5581);
#5583=CYLINDRICAL_SURFACE('',#5582,1.);
#5584=ORIENTED_EDGE('',*,*,#4863,.F.);
#5585=ORIENTED_EDGE('',*,*,#254,.F.);
#5586=ORIENTED_EDGE('',*,*,#1949,.F.);
#5587=ORIENTED_EDGE('',*,*,#802,.F.);
#5588=EDGE_LOOP('',(#5584,#5585,#5586,#5587));
#5589=FACE_BOUND('',#5588,.T.);
#5590=ADVANCED_FACE('',(#5589),#5583,.T.);
#5591=CARTESIAN_POINT('',(-16.889755662,41.758718801,5.5));
#5592=DIRECTION('',(0.,0.,-1.));
#5593=DIRECTION('',(-1.,0.,0.));
#5594=AXIS2_PLACEMENT_3D('',#5591,#5592,#5593);
#5595=CYLINDRICAL_SURFACE('',#5594,1.);
#5596=ORIENTED_EDGE('',*,*,#1858,.F.);
#5597=ORIENTED_EDGE('',*,*,#899,.F.);
#5598=ORIENTED_EDGE('',*,*,#4954,.F.);
#5599=ORIENTED_EDGE('',*,*,#866,.F.);
#5600=EDGE_LOOP('',(#5596,#5597,#5598,#5599));
#5601=FACE_BOUND('',#5600,.T.);
#5602=ADVANCED_FACE('',(#5601),#5595,.T.);
#5603=CARTESIAN_POINT('',(-43.485561478,-39.963414502,7.5));
#5604=DIRECTION('',(-0.920505633,-0.390729293,0.));
#5605=DIRECTION('',(0.390729293,-0.920505633,0.));
#5606=AXIS2_PLACEMENT_3D('',#5603,#5604,#5605);
#5607=PLANE('',#5606);
#5608=ORIENTED_EDGE('',*,*,#5286,.F.);
#5609=CARTESIAN_POINT('',(-43.680926124,-39.503161685,7.5));
#5610=DIRECTION('',(0.,0.,1.));
#5611=VECTOR('',#5610,1.200000048);
#5612=LINE('',#5609,#5611);
#5613=EDGE_CURVE('',#5274,#1522,#5612,.T.);
#5614=ORIENTED_EDGE('',*,*,#5613,.T.);
#5615=ORIENTED_EDGE('',*,*,#1527,.T.);
#5616=ORIENTED_EDGE('',*,*,#566,.F.);
#5617=EDGE_LOOP('',(#5608,#5614,#5615,#5616));
#5618=FACE_BOUND('',#5617,.T.);
#5619=ADVANCED_FACE('',(#5618),#5607,.T.);
#5620=CARTESIAN_POINT('',(-39.987640074,-38.478643188,8.700000048));
#5621=DIRECTION('',(0.920505633,0.390729293,0.));
#5622=DIRECTION('',(-0.390729293,0.920505633,0.));
#5623=AXIS2_PLACEMENT_3D('',#5620,#5621,#5622);
#5624=PLANE('',#5623);
#5625=ORIENTED_EDGE('',*,*,#1568,.F.);
#5626=CARTESIAN_POINT('',(-40.183004721,-38.018390372,8.700000048));
#5627=DIRECTION('',(0.,0.,-1.));
#5628=VECTOR('',#5627,1.200000048);
#5629=LINE('',#5626,#5628);
#5630=EDGE_CURVE('',#1556,#5240,#5629,.T.);
#5631=ORIENTED_EDGE('',*,*,#5630,.T.);
#5632=ORIENTED_EDGE('',*,*,#5245,.T.);
#5633=ORIENTED_EDGE('',*,*,#1230,.F.);
#5634=EDGE_LOOP('',(#5625,#5631,#5632,#5633));
#5635=FACE_BOUND('',#5634,.T.);
#5636=ADVANCED_FACE('',(#5635),#5624,.T.);
#5637=CARTESIAN_POINT('',(-41.736600776,-39.221028845,8.100000024));
#5638=DIRECTION('',(-0.390729293,0.920505633,0.));
#5639=DIRECTION('',(-0.920505633,-0.390729293,0.));
#5640=AXIS2_PLACEMENT_3D('',#5637,#5638,#5639);
#5641=PLANE('',#5640);
#5642=ORIENTED_EDGE('',*,*,#1544,.F.);
#5643=CARTESIAN_POINT('',(-43.025308662,-39.768049855,8.700000048));
#5644=DIRECTION('',(-0.,-0.,-1.));
#5645=VECTOR('',#5644,1.200000048);
#5646=LINE('',#5643,#5645);
#5647=EDGE_CURVE('',#1530,#5266,#5646,.T.);
#5648=ORIENTED_EDGE('',*,*,#5647,.T.);
#5649=ORIENTED_EDGE('',*,*,#5271,.F.);
#5650=CARTESIAN_POINT('',(-40.44789289,-38.674007835,7.5));
#5651=DIRECTION('',(-0.,-0.,1.));
#5652=VECTOR('',#5651,1.200000048);
#5653=LINE('',#5650,#5652);
#5654=EDGE_CURVE('',#5257,#1539,#5653,.T.);
#5655=ORIENTED_EDGE('',*,*,#5654,.T.);
#5656=EDGE_LOOP('',(#5642,#5648,#5649,#5655));
#5657=FACE_BOUND('',#5656,.T.);
#5658=ADVANCED_FACE('',(#5657),#5641,.F.);
#5659=CARTESIAN_POINT('',(60.046318918,-31.891282725,7.5));
#5660=DIRECTION('',(-1.,0.,0.));
#5661=DIRECTION('',(0.,0.,1.));
#5662=AXIS2_PLACEMENT_3D('',#5659,#5660,#5661);
#5663=PLANE('',#5662);
#5664=ORIENTED_EDGE('',*,*,#5120,.F.);
#5665=CARTESIAN_POINT('',(60.046318918,-31.391282725,7.5));
#5666=DIRECTION('',(0.,0.,1.));
#5667=VECTOR('',#5666,1.200000048);
#5668=LINE('',#5665,#5667);
#5669=EDGE_CURVE('',#5108,#1688,#5668,.T.);
#5670=ORIENTED_EDGE('',*,*,#5669,.T.);
#5671=ORIENTED_EDGE('',*,*,#1693,.T.);
#5672=ORIENTED_EDGE('',*,*,#526,.F.);
#5673=EDGE_LOOP('',(#5664,#5670,#5671,#5672));
#5674=FACE_BOUND('',#5673,.T.);
#5675=ADVANCED_FACE('',(#5674),#5663,.T.);
#5676=CARTESIAN_POINT('',(63.846318918,-31.891282725,8.700000048));
#5677=DIRECTION('',(1.,0.,0.));
#5678=DIRECTION('',(0.,0.,-1.));
#5679=AXIS2_PLACEMENT_3D('',#5676,#5677,#5678);
#5680=PLANE('',#5679);
#5681=ORIENTED_EDGE('',*,*,#1725,.F.);
#5682=CARTESIAN_POINT('',(63.846318918,-31.391282725,8.700000048));
#5683=DIRECTION('',(0.,-0.,-1.));
#5684=VECTOR('',#5683,1.200000048);
#5685=LINE('',#5682,#5684);
#5686=EDGE_CURVE('',#1713,#5083,#5685,.T.);
#5687=ORIENTED_EDGE('',*,*,#5686,.T.);
#5688=ORIENTED_EDGE('',*,*,#5088,.T.);
#5689=ORIENTED_EDGE('',*,*,#1192,.F.);
#5690=EDGE_LOOP('',(#5681,#5687,#5688,#5689));
#5691=FACE_BOUND('',#5690,.T.);
#5692=ADVANCED_FACE('',(#5691),#5680,.T.);
#5693=CARTESIAN_POINT('',(61.946318918,-31.891282725,8.100000024));
#5694=DIRECTION('',(-0.,1.,-0.));
#5695=DIRECTION('',(0.,0.,1.));
#5696=AXIS2_PLACEMENT_3D('',#5693,#5694,#5695);
#5697=PLANE('',#5696);
#5698=ORIENTED_EDGE('',*,*,#1710,.F.);
#5699=CARTESIAN_POINT('',(60.546318918,-31.891282725,8.700000048));
#5700=DIRECTION('',(-0.,-0.,-1.));
#5701=VECTOR('',#5700,1.200000048);
#5702=LINE('',#5699,#5701);
#5703=EDGE_CURVE('',#1696,#5100,#5702,.T.);
#5704=ORIENTED_EDGE('',*,*,#5703,.T.);
#5705=ORIENTED_EDGE('',*,*,#5105,.F.);
#5706=CARTESIAN_POINT('',(63.346318918,-31.891282725,7.5));
#5707=DIRECTION('',(-0.,0.,1.));
#5708=VECTOR('',#5707,1.200000048);
#5709=LINE('',#5706,#5708);
#5710=EDGE_CURVE('',#5091,#1705,#5709,.T.);
#5711=ORIENTED_EDGE('',*,*,#5710,.T.);
#5712=EDGE_LOOP('',(#5698,#5704,#5705,#5711));
#5713=FACE_BOUND('',#5712,.T.);
#5714=ADVANCED_FACE('',(#5713),#5697,.F.);
#5715=CARTESIAN_POINT('',(23.459438235,-27.641282725,7.5));
#5716=DIRECTION('',(-1.,0.,0.));
#5717=DIRECTION('',(0.,0.,1.));
#5718=AXIS2_PLACEMENT_3D('',#5715,#5716,#5717);
#5719=PLANE('',#5718);
#5720=ORIENTED_EDGE('',*,*,#5177,.F.);
#5721=CARTESIAN_POINT('',(23.459438235,-27.141282725,7.5));
#5722=DIRECTION('',(0.,0.,1.));
#5723=VECTOR('',#5722,1.200000048);
#5724=LINE('',#5721,#5723);
#5725=EDGE_CURVE('',#5165,#1631,#5724,.T.);
#5726=ORIENTED_EDGE('',*,*,#5725,.T.);
#5727=ORIENTED_EDGE('',*,*,#1636,.T.);
#5728=ORIENTED_EDGE('',*,*,#486,.F.);
#5729=EDGE_LOOP('',(#5720,#5726,#5727,#5728));
#5730=FACE_BOUND('',#5729,.T.);
#5731=ADVANCED_FACE('',(#5730),#5719,.T.);
#5732=CARTESIAN_POINT('',(27.259438235,-27.641282725,8.700000048));
#5733=DIRECTION('',(1.,0.,0.));
#5734=DIRECTION('',(0.,0.,-1.));
#5735=AXIS2_PLACEMENT_3D('',#5732,#5733,#5734);
#5736=PLANE('',#5735);
#5737=ORIENTED_EDGE('',*,*,#1668,.F.);
#5738=CARTESIAN_POINT('',(27.259438235,-27.141282725,8.700000048));
#5739=DIRECTION('',(0.,-0.,-1.));
#5740=VECTOR('',#5739,1.200000048);
#5741=LINE('',#5738,#5740);
#5742=EDGE_CURVE('',#1656,#5140,#5741,.T.);
#5743=ORIENTED_EDGE('',*,*,#5742,.T.);
#5744=ORIENTED_EDGE('',*,*,#5145,.T.);
#5745=ORIENTED_EDGE('',*,*,#1112,.F.);
#5746=EDGE_LOOP('',(#5737,#5743,#5744,#5745));
#5747=FACE_BOUND('',#5746,.T.);
#5748=ADVANCED_FACE('',(#5747),#5736,.T.);
#5749=CARTESIAN_POINT('',(25.359438235,-27.641282725,8.100000024));
#5750=DIRECTION('',(0.,1.,-0.));
#5751=DIRECTION('',(0.,0.,1.));
#5752=AXIS2_PLACEMENT_3D('',#5749,#5750,#5751);
#5753=PLANE('',#5752);
#5754=ORIENTED_EDGE('',*,*,#1653,.F.);
#5755=CARTESIAN_POINT('',(23.959438235,-27.641282725,8.700000048));
#5756=DIRECTION('',(-0.,-0.,-1.));
#5757=VECTOR('',#5756,1.200000048);
#5758=LINE('',#5755,#5757);
#5759=EDGE_CURVE('',#1639,#5157,#5758,.T.);
#5760=ORIENTED_EDGE('',*,*,#5759,.T.);
#5761=ORIENTED_EDGE('',*,*,#5162,.F.);
#5762=CARTESIAN_POINT('',(26.759438235,-27.641282725,7.5));
#5763=DIRECTION('',(-0.,0.,1.));
#5764=VECTOR('',#5763,1.200000048);
#5765=LINE('',#5762,#5764);
#5766=EDGE_CURVE('',#5148,#1648,#5765,.T.);
#5767=ORIENTED_EDGE('',*,*,#5766,.T.);
#5768=EDGE_LOOP('',(#5754,#5760,#5761,#5767));
#5769=FACE_BOUND('',#5768,.T.);
#5770=ADVANCED_FACE('',(#5769),#5753,.F.);
#5771=CARTESIAN_POINT('',(10.639244691,46.383718801,7.5));
#5772=DIRECTION('',(1.,0.,0.));
#5773=DIRECTION('',(0.,0.,-1.));
#5774=AXIS2_PLACEMENT_3D('',#5771,#5772,#5773);
#5775=PLANE('',#5774);
#5776=ORIENTED_EDGE('',*,*,#5004,.F.);
#5777=CARTESIAN_POINT('',(10.639244691,45.883718801,7.5));
#5778=DIRECTION('',(0.,0.,1.));
#5779=VECTOR('',#5778,1.200000048);
#5780=LINE('',#5777,#5779);
#5781=EDGE_CURVE('',#4992,#1804,#5780,.T.);
#5782=ORIENTED_EDGE('',*,*,#5781,.T.);
#5783=ORIENTED_EDGE('',*,*,#1809,.T.);
#5784=ORIENTED_EDGE('',*,*,#446,.F.);
#5785=EDGE_LOOP('',(#5776,#5782,#5783,#5784));
#5786=FACE_BOUND('',#5785,.T.);
#5787=ADVANCED_FACE('',(#5786),#5775,.T.);
#5788=CARTESIAN_POINT('',(6.839244691,46.383718801,8.700000048));
#5789=DIRECTION('',(-1.,0.,0.));
#5790=DIRECTION('',(0.,0.,1.));
#5791=AXIS2_PLACEMENT_3D('',#5788,#5789,#5790);
#5792=PLANE('',#5791);
#5793=ORIENTED_EDGE('',*,*,#1841,.F.);
#5794=CARTESIAN_POINT('',(6.839244691,45.883718801,8.700000048));
#5795=DIRECTION('',(0.,0.,-1.));
#5796=VECTOR('',#5795,1.200000048);
#5797=LINE('',#5794,#5796);
#5798=EDGE_CURVE('',#1829,#4967,#5797,.T.);
#5799=ORIENTED_EDGE('',*,*,#5798,.T.);
#5800=ORIENTED_EDGE('',*,*,#4972,.T.);
#5801=ORIENTED_EDGE('',*,*,#1072,.F.);
#5802=EDGE_LOOP('',(#5793,#5799,#5800,#5801));
#5803=FACE_BOUND('',#5802,.T.);
#5804=ADVANCED_FACE('',(#5803),#5792,.T.);
#5805=CARTESIAN_POINT('',(8.739244691,46.383718801,8.100000024));
#5806=DIRECTION('',(-0.,-1.,0.));
#5807=DIRECTION('',(1.,-0.,0.));
#5808=AXIS2_PLACEMENT_3D('',#5805,#5806,#5807);
#5809=PLANE('',#5808);
#5810=ORIENTED_EDGE('',*,*,#4989,.F.);
#5811=CARTESIAN_POINT('',(7.339244691,46.383718801,7.5));
#5812=DIRECTION('',(-0.,-0.,1.));
#5813=VECTOR('',#5812,1.200000048);
#5814=LINE('',#5811,#5813);
#5815=EDGE_CURVE('',#4975,#1821,#5814,.T.);
#5816=ORIENTED_EDGE('',*,*,#5815,.T.);
#5817=ORIENTED_EDGE('',*,*,#1826,.F.);
#5818=CARTESIAN_POINT('',(10.139244691,46.383718801,8.700000048));
#5819=DIRECTION('',(-0.,-0.,-1.));
#5820=VECTOR('',#5819,1.200000048);
#5821=LINE('',#5818,#5820);
#5822=EDGE_CURVE('',#1812,#4984,#5821,.T.);
#5823=ORIENTED_EDGE('',*,*,#5822,.T.);
#5824=EDGE_LOOP('',(#5810,#5816,#5817,#5823));
#5825=FACE_BOUND('',#5824,.T.);
#5826=ADVANCED_FACE('',(#5825),#5809,.F.);
#5827=CARTESIAN_POINT('',(-55.455721915,42.133718801,7.5));
#5828=DIRECTION('',(1.,0.,0.));
#5829=DIRECTION('',(0.,0.,-1.));
#5830=AXIS2_PLACEMENT_3D('',#5827,#5828,#5829);
#5831=PLANE('',#5830);
#5832=ORIENTED_EDGE('',*,*,#4904,.F.);
#5833=CARTESIAN_POINT('',(-55.455721915,41.633718801,7.5));
#5834=DIRECTION('',(0.,0.,1.));
#5835=VECTOR('',#5834,1.200000048);
#5836=LINE('',#5833,#5835);
#5837=EDGE_CURVE('',#4892,#1904,#5836,.T.);
#5838=ORIENTED_EDGE('',*,*,#5837,.T.);
#5839=ORIENTED_EDGE('',*,*,#1909,.T.);
#5840=ORIENTED_EDGE('',*,*,#420,.F.);
#5841=EDGE_LOOP('',(#5832,#5838,#5839,#5840));
#5842=FACE_BOUND('',#5841,.T.);
#5843=ADVANCED_FACE('',(#5842),#5831,.T.);
#5844=CARTESIAN_POINT('',(-59.255721915,42.133718801,8.700000048));
#5845=DIRECTION('',(-1.,0.,0.));
#5846=DIRECTION('',(0.,0.,1.));
#5847=AXIS2_PLACEMENT_3D('',#5844,#5845,#5846);
#5848=PLANE('',#5847);
#5849=ORIENTED_EDGE('',*,*,#1941,.F.);
#5850=CARTESIAN_POINT('',(-59.255721915,41.633718801,8.700000048));
#5851=DIRECTION('',(0.,0.,-1.));
#5852=VECTOR('',#5851,1.200000048);
#5853=LINE('',#5850,#5852);
#5854=EDGE_CURVE('',#1929,#4867,#5853,.T.);
#5855=ORIENTED_EDGE('',*,*,#5854,.T.);
#5856=ORIENTED_EDGE('',*,*,#4872,.T.);
#5857=ORIENTED_EDGE('',*,*,#788,.F.);
#5858=EDGE_LOOP('',(#5849,#5855,#5856,#5857));
#5859=FACE_BOUND('',#5858,.T.);
#5860=ADVANCED_FACE('',(#5859),#5848,.T.);
#5861=CARTESIAN_POINT('',(-57.355721915,42.133718801,8.100000024));
#5862=DIRECTION('',(0.,-1.,0.));
#5863=DIRECTION('',(1.,0.,0.));
#5864=AXIS2_PLACEMENT_3D('',#5861,#5862,#5863);
#5865=PLANE('',#5864);
#5866=ORIENTED_EDGE('',*,*,#4889,.F.);
#5867=CARTESIAN_POINT('',(-58.755721915,42.133718801,7.5));
#5868=DIRECTION('',(-0.,-0.,1.));
#5869=VECTOR('',#5868,1.200000048);
#5870=LINE('',#5867,#5869);
#5871=EDGE_CURVE('',#4875,#1921,#5870,.T.);
#5872=ORIENTED_EDGE('',*,*,#5871,.T.);
#5873=ORIENTED_EDGE('',*,*,#1926,.F.);
#5874=CARTESIAN_POINT('',(-55.955721915,42.133718801,8.700000048));
#5875=DIRECTION('',(-0.,-0.,-1.));
#5876=VECTOR('',#5875,1.200000048);
#5877=LINE('',#5874,#5876);
#5878=EDGE_CURVE('',#1912,#4884,#5877,.T.);
#5879=ORIENTED_EDGE('',*,*,#5878,.T.);
#5880=EDGE_LOOP('',(#5866,#5872,#5873,#5879));
#5881=FACE_BOUND('',#5880,.T.);
#5882=ADVANCED_FACE('',(#5881),#5865,.F.);
#5883=CARTESIAN_POINT('',(-23.566290736,42.133718801,7.5));
#5884=DIRECTION('',(1.,0.,0.));
#5885=DIRECTION('',(0.,0.,-1.));
#5886=AXIS2_PLACEMENT_3D('',#5883,#5884,#5885);
#5887=PLANE('',#5886);
#5888=ORIENTED_EDGE('',*,*,#4945,.F.);
#5889=CARTESIAN_POINT('',(-23.566290736,41.633718801,7.5));
#5890=DIRECTION('',(0.,0.,1.));
#5891=VECTOR('',#5890,1.200000048);
#5892=LINE('',#5889,#5891);
#5893=EDGE_CURVE('',#4933,#1863,#5892,.T.);
#5894=ORIENTED_EDGE('',*,*,#5893,.T.);
#5895=ORIENTED_EDGE('',*,*,#1868,.T.);
#5896=ORIENTED_EDGE('',*,*,#366,.F.);
#5897=EDGE_LOOP('',(#5888,#5894,#5895,#5896));
#5898=FACE_BOUND('',#5897,.T.);
#5899=ADVANCED_FACE('',(#5898),#5887,.T.);
#5900=CARTESIAN_POINT('',(-27.366290736,42.133718801,8.700000048));
#5901=DIRECTION('',(-1.,0.,0.));
#5902=DIRECTION('',(0.,0.,1.));
#5903=AXIS2_PLACEMENT_3D('',#5900,#5901,#5902);
#5904=PLANE('',#5903);
#5905=ORIENTED_EDGE('',*,*,#1900,.F.);
#5906=CARTESIAN_POINT('',(-27.366290736,41.633718801,8.700000048));
#5907=DIRECTION('',(0.,0.,-1.));
#5908=VECTOR('',#5907,1.200000048);
#5909=LINE('',#5906,#5908);
#5910=EDGE_CURVE('',#1888,#4908,#5909,.T.);
#5911=ORIENTED_EDGE('',*,*,#5910,.T.);
#5912=ORIENTED_EDGE('',*,*,#4913,.T.);
#5913=ORIENTED_EDGE('',*,*,#406,.F.);
#5914=EDGE_LOOP('',(#5905,#5911,#5912,#5913));
#5915=FACE_BOUND('',#5914,.T.);
#5916=ADVANCED_FACE('',(#5915),#5904,.T.);
#5917=CARTESIAN_POINT('',(-57.355721915,42.133718801,8.100000024));
#5918=DIRECTION('',(0.,-1.,0.));
#5919=DIRECTION('',(1.,0.,0.));
#5920=AXIS2_PLACEMENT_3D('',#5917,#5918,#5919);
#5921=PLANE('',#5920);
#5922=ORIENTED_EDGE('',*,*,#1885,.F.);
#5923=CARTESIAN_POINT('',(-24.066290736,42.133718801,8.700000048));
#5924=DIRECTION('',(-0.,-0.,-1.));
#5925=VECTOR('',#5924,1.200000048);
#5926=LINE('',#5923,#5925);
#5927=EDGE_CURVE('',#1871,#4925,#5926,.T.);
#5928=ORIENTED_EDGE('',*,*,#5927,.T.);
#5929=ORIENTED_EDGE('',*,*,#4930,.F.);
#5930=CARTESIAN_POINT('',(-26.866290736,42.133718801,7.5));
#5931=DIRECTION('',(-0.,-0.,1.));
#5932=VECTOR('',#5931,1.200000048);
#5933=LINE('',#5930,#5932);
#5934=EDGE_CURVE('',#4916,#1880,#5933,.T.);
#5935=ORIENTED_EDGE('',*,*,#5934,.T.);
#5936=EDGE_LOOP('',(#5922,#5928,#5929,#5935));
#5937=FACE_BOUND('',#5936,.T.);
#5938=ADVANCED_FACE('',(#5937),#5921,.F.);
#5939=CARTESIAN_POINT('',(53.271327168,40.008718801,7.5));
#5940=DIRECTION('',(1.,0.,0.));
#5941=DIRECTION('',(0.,0.,-1.));
#5942=AXIS2_PLACEMENT_3D('',#5939,#5940,#5941);
#5943=PLANE('',#5942);
#5944=ORIENTED_EDGE('',*,*,#5063,.F.);
#5945=CARTESIAN_POINT('',(53.271327168,39.508718801,7.5));
#5946=DIRECTION('',(0.,0.,1.));
#5947=VECTOR('',#5946,1.200000048);
#5948=LINE('',#5945,#5947);
#5949=EDGE_CURVE('',#5051,#1745,#5948,.T.);
#5950=ORIENTED_EDGE('',*,*,#5949,.T.);
#5951=ORIENTED_EDGE('',*,*,#1750,.T.);
#5952=ORIENTED_EDGE('',*,*,#326,.F.);
#5953=EDGE_LOOP('',(#5944,#5950,#5951,#5952));
#5954=FACE_BOUND('',#5953,.T.);
#5955=ADVANCED_FACE('',(#5954),#5943,.T.);
#5956=CARTESIAN_POINT('',(49.471327168,40.008718801,8.700000048));
#5957=DIRECTION('',(-1.,0.,0.));
#5958=DIRECTION('',(0.,0.,1.));
#5959=AXIS2_PLACEMENT_3D('',#5956,#5957,#5958);
#5960=PLANE('',#5959);
#5961=ORIENTED_EDGE('',*,*,#1782,.F.);
#5962=CARTESIAN_POINT('',(49.471327168,39.508718801,8.700000048));
#5963=DIRECTION('',(0.,0.,-1.));
#5964=VECTOR('',#5963,1.200000048);
#5965=LINE('',#5962,#5964);
#5966=EDGE_CURVE('',#1770,#5026,#5965,.T.);
#5967=ORIENTED_EDGE('',*,*,#5966,.T.);
#5968=ORIENTED_EDGE('',*,*,#5031,.T.);
#5969=ORIENTED_EDGE('',*,*,#748,.F.);
#5970=EDGE_LOOP('',(#5961,#5967,#5968,#5969));
#5971=FACE_BOUND('',#5970,.T.);
#5972=ADVANCED_FACE('',(#5971),#5960,.T.);
#5973=CARTESIAN_POINT('',(51.371327168,40.008718801,8.100000024));
#5974=DIRECTION('',(0.,-1.,0.));
#5975=DIRECTION('',(0.,0.,-1.));
#5976=AXIS2_PLACEMENT_3D('',#5973,#5974,#5975);
#5977=PLANE('',#5976);
#5978=ORIENTED_EDGE('',*,*,#5048,.F.);
#5979=CARTESIAN_POINT('',(49.971327168,40.008718801,7.5));
#5980=DIRECTION('',(-0.,-0.,1.));
#5981=VECTOR('',#5980,1.200000048);
#5982=LINE('',#5979,#5981);
#5983=EDGE_CURVE('',#5034,#1762,#5982,.T.);
#5984=ORIENTED_EDGE('',*,*,#5983,.T.);
#5985=ORIENTED_EDGE('',*,*,#1767,.F.);
#5986=CARTESIAN_POINT('',(52.771327168,40.008718801,8.700000048));
#5987=DIRECTION('',(-0.,-0.,-1.));
#5988=VECTOR('',#5987,1.200000048);
#5989=LINE('',#5986,#5988);
#5990=EDGE_CURVE('',#1753,#5043,#5989,.T.);
#5991=ORIENTED_EDGE('',*,*,#5990,.T.);
#5992=EDGE_LOOP('',(#5978,#5984,#5985,#5991));
#5993=FACE_BOUND('',#5992,.T.);
#5994=ADVANCED_FACE('',(#5993),#5977,.F.);
#5995=CARTESIAN_POINT('',(-10.584175587,-32.126283336,7.5));
#5996=DIRECTION('',(-1.,-0.,0.));
#5997=DIRECTION('',(0.,-1.,0.));
#5998=AXIS2_PLACEMENT_3D('',#5995,#5996,#5997);
#5999=PLANE('',#5998);
#6000=ORIENTED_EDGE('',*,*,#5234,.F.);
#6001=CARTESIAN_POINT('',(-10.584175587,-31.626283336,7.5));
#6002=DIRECTION('',(0.,0.,1.));
#6003=VECTOR('',#6002,1.200000048);
#6004=LINE('',#6001,#6003);
#6005=EDGE_CURVE('',#5222,#1574,#6004,.T.);
#6006=ORIENTED_EDGE('',*,*,#6005,.T.);
#6007=ORIENTED_EDGE('',*,*,#1579,.T.);
#6008=ORIENTED_EDGE('',*,*,#286,.F.);
#6009=EDGE_LOOP('',(#6000,#6006,#6007,#6008));
#6010=FACE_BOUND('',#6009,.T.);
#6011=ADVANCED_FACE('',(#6010),#5999,.T.);
#6012=CARTESIAN_POINT('',(-6.784175587,-32.126283336,8.700000048));
#6013=DIRECTION('',(1.,0.,-0.));
#6014=DIRECTION('',(-0.,1.,0.));
#6015=AXIS2_PLACEMENT_3D('',#6012,#6013,#6014);
#6016=PLANE('',#6015);
#6017=ORIENTED_EDGE('',*,*,#1611,.F.);
#6018=CARTESIAN_POINT('',(-6.784175587,-31.626283336,8.700000048));
#6019=DIRECTION('',(0.,-0.,-1.));
#6020=VECTOR('',#6019,1.200000048);
#6021=LINE('',#6018,#6020);
#6022=EDGE_CURVE('',#1599,#5197,#6021,.T.);
#6023=ORIENTED_EDGE('',*,*,#6022,.T.);
#6024=ORIENTED_EDGE('',*,*,#5202,.T.);
#6025=ORIENTED_EDGE('',*,*,#668,.F.);
#6026=EDGE_LOOP('',(#6017,#6023,#6024,#6025));
#6027=FACE_BOUND('',#6026,.T.);
#6028=ADVANCED_FACE('',(#6027),#6016,.T.);
#6029=CARTESIAN_POINT('',(-8.684175587,-32.126283336,8.100000024));
#6030=DIRECTION('',(-0.,1.,-0.));
#6031=DIRECTION('',(0.,0.,1.));
#6032=AXIS2_PLACEMENT_3D('',#6029,#6030,#6031);
#6033=PLANE('',#6032);
#6034=ORIENTED_EDGE('',*,*,#1596,.F.);
#6035=CARTESIAN_POINT('',(-10.084175587,-32.126283336,8.700000048));
#6036=DIRECTION('',(-0.,-0.,-1.));
#6037=VECTOR('',#6036,1.200000048);
#6038=LINE('',#6035,#6037);
#6039=EDGE_CURVE('',#1582,#5214,#6038,.T.);
#6040=ORIENTED_EDGE('',*,*,#6039,.T.);
#6041=ORIENTED_EDGE('',*,*,#5219,.F.);
#6042=CARTESIAN_POINT('',(-7.284175587,-32.126283336,7.5));
#6043=DIRECTION('',(-0.,0.,1.));
#6044=VECTOR('',#6043,1.200000048);
#6045=LINE('',#6042,#6044);
#6046=EDGE_CURVE('',#5205,#1591,#6045,.T.);
#6047=ORIENTED_EDGE('',*,*,#6046,.T.);
#6048=EDGE_LOOP('',(#6034,#6040,#6041,#6047));
#6049=FACE_BOUND('',#6048,.T.);
#6050=ADVANCED_FACE('',(#6049),#6033,.F.);
#6051=CARTESIAN_POINT('',(23.959438235,-27.141282725,7.5));
#6052=DIRECTION('',(0.,-0.,-1.));
#6053=DIRECTION('',(0.,1.,-0.));
#6054=AXIS2_PLACEMENT_3D('',#6051,#6052,#6053);
#6055=CYLINDRICAL_SURFACE('',#6054,0.5);
#6056=ORIENTED_EDGE('',*,*,#5171,.F.);
#6057=ORIENTED_EDGE('',*,*,#5759,.F.);
#6058=ORIENTED_EDGE('',*,*,#1645,.F.);
#6059=ORIENTED_EDGE('',*,*,#5725,.F.);
#6060=EDGE_LOOP('',(#6056,#6057,#6058,#6059));
#6061=FACE_BOUND('',#6060,.T.);
#6062=ADVANCED_FACE('',(#6061),#6055,.T.);
#6063=CARTESIAN_POINT('',(60.546318918,-31.391282725,7.5));
#6064=DIRECTION('',(0.,-0.,-1.));
#6065=DIRECTION('',(0.,1.,-0.));
#6066=AXIS2_PLACEMENT_3D('',#6063,#6064,#6065);
#6067=CYLINDRICAL_SURFACE('',#6066,0.5);
#6068=ORIENTED_EDGE('',*,*,#5114,.F.);
#6069=ORIENTED_EDGE('',*,*,#5703,.F.);
#6070=ORIENTED_EDGE('',*,*,#1702,.F.);
#6071=ORIENTED_EDGE('',*,*,#5669,.F.);
#6072=EDGE_LOOP('',(#6068,#6069,#6070,#6071));
#6073=FACE_BOUND('',#6072,.T.);
#6074=ADVANCED_FACE('',(#6073),#6067,.T.);
#6075=CARTESIAN_POINT('',(-10.084175587,-31.626283336,7.5));
#6076=DIRECTION('',(0.,-0.,-1.));
#6077=DIRECTION('',(0.,1.,-0.));
#6078=AXIS2_PLACEMENT_3D('',#6075,#6076,#6077);
#6079=CYLINDRICAL_SURFACE('',#6078,0.5);
#6080=ORIENTED_EDGE('',*,*,#5228,.F.);
#6081=ORIENTED_EDGE('',*,*,#6039,.F.);
#6082=ORIENTED_EDGE('',*,*,#1588,.F.);
#6083=ORIENTED_EDGE('',*,*,#6005,.F.);
#6084=EDGE_LOOP('',(#6080,#6081,#6082,#6083));
#6085=FACE_BOUND('',#6084,.T.);
#6086=ADVANCED_FACE('',(#6085),#6079,.T.);
#6087=CARTESIAN_POINT('',(7.339244691,45.883718801,8.700000048));
#6088=DIRECTION('',(0.,0.,1.));
#6089=DIRECTION('',(1.,0.,-0.));
#6090=AXIS2_PLACEMENT_3D('',#6087,#6088,#6089);
#6091=CYLINDRICAL_SURFACE('',#6090,0.5);
#6092=ORIENTED_EDGE('',*,*,#1835,.F.);
#6093=ORIENTED_EDGE('',*,*,#5815,.F.);
#6094=ORIENTED_EDGE('',*,*,#4981,.F.);
#6095=ORIENTED_EDGE('',*,*,#5798,.F.);
#6096=EDGE_LOOP('',(#6092,#6093,#6094,#6095));
#6097=FACE_BOUND('',#6096,.T.);
#6098=ADVANCED_FACE('',(#6097),#6091,.T.);
#6099=CARTESIAN_POINT('',(-7.284175587,-31.626283336,8.700000048));
#6100=DIRECTION('',(0.,0.,1.));
#6101=DIRECTION('',(0.,-1.,0.));
#6102=AXIS2_PLACEMENT_3D('',#6099,#6100,#6101);
#6103=CYLINDRICAL_SURFACE('',#6102,0.5);
#6104=ORIENTED_EDGE('',*,*,#1605,.F.);
#6105=ORIENTED_EDGE('',*,*,#6046,.F.);
#6106=ORIENTED_EDGE('',*,*,#5211,.F.);
#6107=ORIENTED_EDGE('',*,*,#6022,.F.);
#6108=EDGE_LOOP('',(#6104,#6105,#6106,#6107));
#6109=FACE_BOUND('',#6108,.T.);
#6110=ADVANCED_FACE('',(#6109),#6103,.T.);
#6111=CARTESIAN_POINT('',(49.971327168,39.508718801,8.700000048));
#6112=DIRECTION('',(0.,0.,1.));
#6113=DIRECTION('',(1.,0.,-0.));
#6114=AXIS2_PLACEMENT_3D('',#6111,#6112,#6113);
#6115=CYLINDRICAL_SURFACE('',#6114,0.5);
#6116=ORIENTED_EDGE('',*,*,#1776,.F.);
#6117=ORIENTED_EDGE('',*,*,#5983,.F.);
#6118=ORIENTED_EDGE('',*,*,#5040,.F.);
#6119=ORIENTED_EDGE('',*,*,#5966,.F.);
#6120=EDGE_LOOP('',(#6116,#6117,#6118,#6119));
#6121=FACE_BOUND('',#6120,.T.);
#6122=ADVANCED_FACE('',(#6121),#6115,.T.);
#6123=CARTESIAN_POINT('',(26.759438235,-27.141282725,8.700000048));
#6124=DIRECTION('',(0.,0.,1.));
#6125=DIRECTION('',(0.,-1.,0.));
#6126=AXIS2_PLACEMENT_3D('',#6123,#6124,#6125);
#6127=CYLINDRICAL_SURFACE('',#6126,0.5);
#6128=ORIENTED_EDGE('',*,*,#1662,.F.);
#6129=ORIENTED_EDGE('',*,*,#5766,.F.);
#6130=ORIENTED_EDGE('',*,*,#5154,.F.);
#6131=ORIENTED_EDGE('',*,*,#5742,.F.);
#6132=EDGE_LOOP('',(#6128,#6129,#6130,#6131));
#6133=FACE_BOUND('',#6132,.T.);
#6134=ADVANCED_FACE('',(#6133),#6127,.T.);
#6135=CARTESIAN_POINT('',(63.346318918,-31.391282725,8.700000048));
#6136=DIRECTION('',(0.,0.,1.));
#6137=DIRECTION('',(0.,-1.,0.));
#6138=AXIS2_PLACEMENT_3D('',#6135,#6136,#6137);
#6139=CYLINDRICAL_SURFACE('',#6138,0.5);
#6140=ORIENTED_EDGE('',*,*,#1719,.F.);
#6141=ORIENTED_EDGE('',*,*,#5710,.F.);
#6142=ORIENTED_EDGE('',*,*,#5097,.F.);
#6143=ORIENTED_EDGE('',*,*,#5686,.F.);
#6144=EDGE_LOOP('',(#6140,#6141,#6142,#6143));
#6145=FACE_BOUND('',#6144,.T.);
#6146=ADVANCED_FACE('',(#6145),#6139,.T.);
#6147=CARTESIAN_POINT('',(-43.220673308,-39.307797039,7.5));
#6148=DIRECTION('',(0.,0.,-1.));
#6149=DIRECTION('',(-1.,0.,0.));
#6150=AXIS2_PLACEMENT_3D('',#6147,#6148,#6149);
#6151=CYLINDRICAL_SURFACE('',#6150,0.5);
#6152=ORIENTED_EDGE('',*,*,#5280,.F.);
#6153=ORIENTED_EDGE('',*,*,#5647,.F.);
#6154=ORIENTED_EDGE('',*,*,#1536,.F.);
#6155=ORIENTED_EDGE('',*,*,#5613,.F.);
#6156=EDGE_LOOP('',(#6152,#6153,#6154,#6155));
#6157=FACE_BOUND('',#6156,.T.);
#6158=ADVANCED_FACE('',(#6157),#6151,.T.);
#6159=CARTESIAN_POINT('',(-40.643257537,-38.213755019,8.700000048));
#6160=DIRECTION('',(0.,0.,1.));
#6161=DIRECTION('',(1.,0.,-0.));
#6162=AXIS2_PLACEMENT_3D('',#6159,#6160,#6161);
#6163=CYLINDRICAL_SURFACE('',#6162,0.5);
#6164=CARTESIAN_POINT('',(-40.143257537,-38.213755019,8.700000048));
#6165=DIRECTION('',(-0.,-0.,-1.));
#6166=VECTOR('',#6165,1.200000048);
#6167=LINE('',#6164,#6166);
#6168=EDGE_CURVE('',#1547,#5248,#6167,.T.);
#6169=ORIENTED_EDGE('',*,*,#6168,.T.);
#6170=ORIENTED_EDGE('',*,*,#5254,.F.);
#6171=ORIENTED_EDGE('',*,*,#5630,.F.);
#6172=ORIENTED_EDGE('',*,*,#1562,.F.);
#6173=EDGE_LOOP('',(#6169,#6170,#6171,#6172));
#6174=FACE_BOUND('',#6173,.T.);
#6175=ADVANCED_FACE('',(#6174),#6163,.T.);
#6176=CARTESIAN_POINT('',(-24.066290736,41.633718801,7.5));
#6177=DIRECTION('',(0.,0.,-1.));
#6178=DIRECTION('',(-1.,0.,0.));
#6179=AXIS2_PLACEMENT_3D('',#6176,#6177,#6178);
#6180=CYLINDRICAL_SURFACE('',#6179,0.5);
#6181=ORIENTED_EDGE('',*,*,#4939,.F.);
#6182=ORIENTED_EDGE('',*,*,#5927,.F.);
#6183=ORIENTED_EDGE('',*,*,#1877,.F.);
#6184=ORIENTED_EDGE('',*,*,#5893,.F.);
#6185=EDGE_LOOP('',(#6181,#6182,#6183,#6184));
#6186=FACE_BOUND('',#6185,.T.);
#6187=ADVANCED_FACE('',(#6186),#6180,.T.);
#6188=CARTESIAN_POINT('',(-58.755721915,41.633718801,8.700000048));
#6189=DIRECTION('',(0.,0.,1.));
#6190=DIRECTION('',(1.,0.,-0.));
#6191=AXIS2_PLACEMENT_3D('',#6188,#6189,#6190);
#6192=CYLINDRICAL_SURFACE('',#6191,0.5);
#6193=ORIENTED_EDGE('',*,*,#1935,.F.);
#6194=ORIENTED_EDGE('',*,*,#5871,.F.);
#6195=ORIENTED_EDGE('',*,*,#4881,.F.);
#6196=ORIENTED_EDGE('',*,*,#5854,.F.);
#6197=EDGE_LOOP('',(#6193,#6194,#6195,#6196));
#6198=FACE_BOUND('',#6197,.T.);
#6199=ADVANCED_FACE('',(#6198),#6192,.T.);
#6200=CARTESIAN_POINT('',(-55.955721915,41.633718801,7.5));
#6201=DIRECTION('',(0.,0.,-1.));
#6202=DIRECTION('',(-1.,0.,0.));
#6203=AXIS2_PLACEMENT_3D('',#6200,#6201,#6202);
#6204=CYLINDRICAL_SURFACE('',#6203,0.5);
#6205=ORIENTED_EDGE('',*,*,#4898,.F.);
#6206=ORIENTED_EDGE('',*,*,#5878,.F.);
#6207=ORIENTED_EDGE('',*,*,#1918,.F.);
#6208=ORIENTED_EDGE('',*,*,#5837,.F.);
#6209=EDGE_LOOP('',(#6205,#6206,#6207,#6208));
#6210=FACE_BOUND('',#6209,.T.);
#6211=ADVANCED_FACE('',(#6210),#6204,.T.);
#6212=CARTESIAN_POINT('',(-26.866290736,41.633718801,8.700000048));
#6213=DIRECTION('',(0.,0.,1.));
#6214=DIRECTION('',(1.,0.,-0.));
#6215=AXIS2_PLACEMENT_3D('',#6212,#6213,#6214);
#6216=CYLINDRICAL_SURFACE('',#6215,0.5);
#6217=ORIENTED_EDGE('',*,*,#1894,.F.);
#6218=ORIENTED_EDGE('',*,*,#5934,.F.);
#6219=ORIENTED_EDGE('',*,*,#4922,.F.);
#6220=ORIENTED_EDGE('',*,*,#5910,.F.);
#6221=EDGE_LOOP('',(#6217,#6218,#6219,#6220));
#6222=FACE_BOUND('',#6221,.T.);
#6223=ADVANCED_FACE('',(#6222),#6216,.T.);
#6224=CARTESIAN_POINT('',(10.139244691,45.883718801,7.5));
#6225=DIRECTION('',(0.,0.,-1.));
#6226=DIRECTION('',(-1.,0.,0.));
#6227=AXIS2_PLACEMENT_3D('',#6224,#6225,#6226);
#6228=CYLINDRICAL_SURFACE('',#6227,0.5);
#6229=ORIENTED_EDGE('',*,*,#4998,.F.);
#6230=ORIENTED_EDGE('',*,*,#5822,.F.);
#6231=ORIENTED_EDGE('',*,*,#1818,.F.);
#6232=ORIENTED_EDGE('',*,*,#5781,.F.);
#6233=EDGE_LOOP('',(#6229,#6230,#6231,#6232));
#6234=FACE_BOUND('',#6233,.T.);
#6235=ADVANCED_FACE('',(#6234),#6228,.T.);
#6236=CARTESIAN_POINT('',(52.771327168,39.508718801,7.5));
#6237=DIRECTION('',(0.,0.,-1.));
#6238=DIRECTION('',(-1.,0.,0.));
#6239=AXIS2_PLACEMENT_3D('',#6236,#6237,#6238);
#6240=CYLINDRICAL_SURFACE('',#6239,0.5);
#6241=ORIENTED_EDGE('',*,*,#5057,.F.);
#6242=ORIENTED_EDGE('',*,*,#5990,.F.);
#6243=ORIENTED_EDGE('',*,*,#1759,.F.);
#6244=ORIENTED_EDGE('',*,*,#5949,.F.);
#6245=EDGE_LOOP('',(#6241,#6242,#6243,#6244));
#6246=FACE_BOUND('',#6245,.T.);
#6247=ADVANCED_FACE('',(#6246),#6240,.T.);
#6248=CARTESIAN_POINT('',(-39.01975757,-9.616282153,-25.898452062));
#6249=DIRECTION('',(1.,0.,0.));
#6250=DIRECTION('',(0.,0.,-1.));
#6251=AXIS2_PLACEMENT_3D('',#6248,#6249,#6250);
#6252=PLANE('',#6251);
#6253=ORIENTED_EDGE('',*,*,#128,.F.);
#6254=CARTESIAN_POINT('',(-39.01975757,-9.616282153,11.4));
#6255=VERTEX_POINT('',#6254);
#6256=CARTESIAN_POINT('',(-39.01975757,17.713717847,11.4));
#6257=DIRECTION('',(0.,-1.,0.));
#6258=VECTOR('',#6257,27.33);
#6259=LINE('',#6256,#6258);
#6260=EDGE_CURVE('',#115,#6255,#6259,.T.);
#6261=ORIENTED_EDGE('',*,*,#6260,.T.);
#6262=CARTESIAN_POINT('',(-39.01975757,-9.616282153,15.900000048));
#6263=VERTEX_POINT('',#6262);
#6264=CARTESIAN_POINT('',(-39.01975757,-9.616282153,11.4));
#6265=DIRECTION('',(0.,0.,1.));
#6266=VECTOR('',#6265,4.500000048);
#6267=LINE('',#6264,#6266);
#6268=EDGE_CURVE('',#6255,#6263,#6267,.T.);
#6269=ORIENTED_EDGE('',*,*,#6268,.T.);
#6270=CARTESIAN_POINT('',(-39.01975757,17.713717847,15.900000048));
#6271=DIRECTION('',(0.,-1.,0.));
#6272=VECTOR('',#6271,27.33);
#6273=LINE('',#6270,#6272);
#6274=EDGE_CURVE('',#123,#6263,#6273,.T.);
#6275=ORIENTED_EDGE('',*,*,#6274,.F.);
#6276=EDGE_LOOP('',(#6253,#6261,#6269,#6275));
#6277=FACE_BOUND('',#6276,.T.);
#6278=ADVANCED_FACE('',(#6277),#6252,.F.);
#6279=CARTESIAN_POINT('',(-64.63975757,-9.616282153,-25.898452062));
#6280=DIRECTION('',(-0.,-1.,0.));
#6281=DIRECTION('',(0.,-0.,-1.));
#6282=AXIS2_PLACEMENT_3D('',#6279,#6280,#6281);
#6283=PLANE('',#6282);
#6284=ORIENTED_EDGE('',*,*,#159,.T.);
#6285=CARTESIAN_POINT('',(-64.640313387,-9.616282153,12.7));
#6286=VERTEX_POINT('',#6285);
#6287=CARTESIAN_POINT('',(-64.63975757,-9.616282153,12.7));
#6288=DIRECTION('',(-1.,0.,0.));
#6289=VECTOR('',#6288,0.000555817);
#6290=LINE('',#6287,#6289);
#6291=EDGE_CURVE('',#146,#6286,#6290,.T.);
#6292=ORIENTED_EDGE('',*,*,#6291,.T.);
#6293=CARTESIAN_POINT('',(-64.640313387,-9.616282153,15.900000048));
#6294=VERTEX_POINT('',#6293);
#6295=CARTESIAN_POINT('',(-64.640313387,-9.616282153,12.7));
#6296=DIRECTION('',(0.,0.,1.));
#6297=VECTOR('',#6296,3.200000048);
#6298=LINE('',#6295,#6297);
#6299=EDGE_CURVE('',#6286,#6294,#6298,.T.);
#6300=ORIENTED_EDGE('',*,*,#6299,.T.);
#6301=CARTESIAN_POINT('',(-39.01975757,-9.616282153,15.900000048));
#6302=DIRECTION('',(-1.,0.,0.));
#6303=VECTOR('',#6302,25.620555817);
#6304=LINE('',#6301,#6303);
#6305=EDGE_CURVE('',#6263,#6294,#6304,.T.);
#6306=ORIENTED_EDGE('',*,*,#6305,.F.);
#6307=ORIENTED_EDGE('',*,*,#6268,.F.);
#6308=CARTESIAN_POINT('',(-39.01975757,-9.616282153,11.4));
#6309=DIRECTION('',(-1.,0.,0.));
#6310=VECTOR('',#6309,25.62);
#6311=LINE('',#6308,#6310);
#6312=EDGE_CURVE('',#6255,#154,#6311,.T.);
#6313=ORIENTED_EDGE('',*,*,#6312,.T.);
#6314=EDGE_LOOP('',(#6284,#6292,#6300,#6306,#6307,#6313));
#6315=FACE_BOUND('',#6314,.T.);
#6316=ADVANCED_FACE('',(#6315),#6283,.F.);
#6317=CARTESIAN_POINT('',(-35.021891303,-13.793145651,12.700000048));
#6318=DIRECTION('',(-1.,0.,0.));
#6319=DIRECTION('',(0.,0.,1.));
#6320=AXIS2_PLACEMENT_3D('',#6317,#6318,#6319);
#6321=PLANE('',#6320);
#6322=CARTESIAN_POINT('',(-35.021891303,18.713717847,14.900000048));
#6323=VERTEX_POINT('',#6322);
#6324=CARTESIAN_POINT('',(-35.021891303,18.713717847,8.700000048));
#6325=DIRECTION('',(-0.,0.,1.));
#6326=VECTOR('',#6325,6.2);
#6327=LINE('',#6324,#6326);
#6328=EDGE_CURVE('',#1487,#6323,#6327,.T.);
#6329=ORIENTED_EDGE('',*,*,#6328,.T.);
#6330=CARTESIAN_POINT('',(-35.021891303,-10.613145651,14.900000048));
#6331=VERTEX_POINT('',#6330);
#6332=CARTESIAN_POINT('',(-35.021891303,18.713717847,14.900000048));
#6333=DIRECTION('',(0.,-1.,0.));
#6334=VECTOR('',#6333,29.326863498);
#6335=LINE('',#6332,#6334);
#6336=EDGE_CURVE('',#6323,#6331,#6335,.T.);
#6337=ORIENTED_EDGE('',*,*,#6336,.T.);
#6338=CARTESIAN_POINT('',(-35.021891303,-10.613145651,14.900000048));
#6339=DIRECTION('',(0.,-0.,-1.));
#6340=VECTOR('',#6339,6.2);
#6341=LINE('',#6338,#6340);
#6342=EDGE_CURVE('',#6331,#1496,#6341,.T.);
#6343=ORIENTED_EDGE('',*,*,#6342,.T.);
#6344=ORIENTED_EDGE('',*,*,#1501,.T.);
#6345=EDGE_LOOP('',(#6329,#6337,#6343,#6344));
#6346=FACE_BOUND('',#6345,.T.);
#6347=ADVANCED_FACE('',(#6346),#6321,.F.);
#6348=CARTESIAN_POINT('',(-34.191891303,21.713717847,12.700000048));
#6349=DIRECTION('',(0.,-1.,0.));
#6350=DIRECTION('',(0.,-0.,-1.));
#6351=AXIS2_PLACEMENT_3D('',#6348,#6349,#6350);
#6352=PLANE('',#6351);
#6353=CARTESIAN_POINT('',(-66.63975757,21.713717847,12.7));
#6354=VERTEX_POINT('',#6353);
#6355=CARTESIAN_POINT('',(-66.63975757,21.713717847,14.900000048));
#6356=VERTEX_POINT('',#6355);
#6357=CARTESIAN_POINT('',(-66.63975757,21.713717847,12.7));
#6358=DIRECTION('',(0.,0.,1.));
#6359=VECTOR('',#6358,2.200000048);
#6360=LINE('',#6357,#6359);
#6361=EDGE_CURVE('',#6354,#6356,#6360,.T.);
#6362=ORIENTED_EDGE('',*,*,#6361,.T.);
#6363=CARTESIAN_POINT('',(-38.021891303,21.713717847,14.900000048));
#6364=VERTEX_POINT('',#6363);
#6365=CARTESIAN_POINT('',(-66.63975757,21.713717847,14.900000048));
#6366=DIRECTION('',(1.,0.,-0.));
#6367=VECTOR('',#6366,28.617866267);
#6368=LINE('',#6365,#6367);
#6369=EDGE_CURVE('',#6356,#6364,#6368,.T.);
#6370=ORIENTED_EDGE('',*,*,#6369,.T.);
#6371=CARTESIAN_POINT('',(-38.021891303,21.713717847,14.900000048));
#6372=DIRECTION('',(0.,-0.,-1.));
#6373=VECTOR('',#6372,6.2);
#6374=LINE('',#6371,#6373);
#6375=EDGE_CURVE('',#6364,#1479,#6374,.T.);
#6376=ORIENTED_EDGE('',*,*,#6375,.T.);
#6377=ORIENTED_EDGE('',*,*,#1484,.T.);
#6378=ORIENTED_EDGE('',*,*,#238,.T.);
#6379=CARTESIAN_POINT('',(-64.63975757,21.713717847,12.7));
#6380=DIRECTION('',(-1.,0.,0.));
#6381=VECTOR('',#6380,2.);
#6382=LINE('',#6379,#6381);
#6383=EDGE_CURVE('',#225,#6354,#6382,.T.);
#6384=ORIENTED_EDGE('',*,*,#6383,.T.);
#6385=EDGE_LOOP('',(#6362,#6370,#6376,#6377,#6378,#6384));
#6386=FACE_BOUND('',#6385,.T.);
#6387=ADVANCED_FACE('',(#6386),#6352,.F.);
#6388=CARTESIAN_POINT('',(-48.689756807,-9.616282153,15.900000048));
#6389=DIRECTION('',(0.,0.,1.));
#6390=DIRECTION('',(1.,0.,0.));
#6391=AXIS2_PLACEMENT_3D('',#6388,#6389,#6390);
#6392=PLANE('',#6391);
#6393=CARTESIAN_POINT('',(-67.63975757,19.713717847,15.900000048));
#6394=VERTEX_POINT('',#6393);
#6395=CARTESIAN_POINT('',(-67.63975757,-11.613145651,15.900000048));
#6396=VERTEX_POINT('',#6395);
#6397=CARTESIAN_POINT('',(-67.63975757,19.713717847,15.900000048));
#6398=DIRECTION('',(0.,-1.,0.));
#6399=VECTOR('',#6398,31.326863498);
#6400=LINE('',#6397,#6399);
#6401=EDGE_CURVE('',#6394,#6396,#6400,.T.);
#6402=ORIENTED_EDGE('',*,*,#6401,.T.);
#6403=CARTESIAN_POINT('',(-66.63975757,-12.613145651,15.900000048));
#6404=VERTEX_POINT('',#6403);
#6405=CARTESIAN_POINT('',(-66.63975757,-11.613145651,15.900000048));
#6406=DIRECTION('',(0.,0.,1.));
#6407=DIRECTION('',(1.,0.,-0.));
#6408=AXIS2_PLACEMENT_3D('',#6405,#6406,#6407);
#6409=CIRCLE('',#6408,1.);
#6410=EDGE_CURVE('',#6396,#6404,#6409,.T.);
#6411=ORIENTED_EDGE('',*,*,#6410,.T.);
#6412=CARTESIAN_POINT('',(-38.021891303,-12.613145651,15.900000048));
#6413=VERTEX_POINT('',#6412);
#6414=CARTESIAN_POINT('',(-66.63975757,-12.613145651,15.900000048));
#6415=DIRECTION('',(1.,-0.,0.));
#6416=VECTOR('',#6415,28.617866267);
#6417=LINE('',#6414,#6416);
#6418=EDGE_CURVE('',#6404,#6413,#6417,.T.);
#6419=ORIENTED_EDGE('',*,*,#6418,.T.);
#6420=CARTESIAN_POINT('',(-36.021891303,-10.613145651,15.900000048));
#6421=VERTEX_POINT('',#6420);
#6422=CARTESIAN_POINT('',(-38.021891303,-10.613145651,15.900000048));
#6423=DIRECTION('',(0.,0.,1.));
#6424=DIRECTION('',(1.,0.,-0.));
#6425=AXIS2_PLACEMENT_3D('',#6422,#6423,#6424);
#6426=CIRCLE('',#6425,2.);
#6427=EDGE_CURVE('',#6413,#6421,#6426,.T.);
#6428=ORIENTED_EDGE('',*,*,#6427,.T.);
#6429=CARTESIAN_POINT('',(-36.021891303,18.713717847,15.900000048));
#6430=VERTEX_POINT('',#6429);
#6431=CARTESIAN_POINT('',(-36.021891303,-10.613145651,15.900000048));
#6432=DIRECTION('',(0.,1.,0.));
#6433=VECTOR('',#6432,29.326863498);
#6434=LINE('',#6431,#6433);
#6435=EDGE_CURVE('',#6421,#6430,#6434,.T.);
#6436=ORIENTED_EDGE('',*,*,#6435,.T.);
#6437=CARTESIAN_POINT('',(-38.021891303,20.713717847,15.900000048));
#6438=VERTEX_POINT('',#6437);
#6439=CARTESIAN_POINT('',(-38.021891303,18.713717847,15.900000048));
#6440=DIRECTION('',(0.,0.,1.));
#6441=DIRECTION('',(1.,0.,-0.));
#6442=AXIS2_PLACEMENT_3D('',#6439,#6440,#6441);
#6443=CIRCLE('',#6442,2.);
#6444=EDGE_CURVE('',#6430,#6438,#6443,.T.);
#6445=ORIENTED_EDGE('',*,*,#6444,.T.);
#6446=CARTESIAN_POINT('',(-66.63975757,20.713717847,15.900000048));
#6447=VERTEX_POINT('',#6446);
#6448=CARTESIAN_POINT('',(-38.021891303,20.713717847,15.900000048));
#6449=DIRECTION('',(-1.,0.,0.));
#6450=VECTOR('',#6449,28.617866267);
#6451=LINE('',#6448,#6450);
#6452=EDGE_CURVE('',#6438,#6447,#6451,.T.);
#6453=ORIENTED_EDGE('',*,*,#6452,.T.);
#6454=CARTESIAN_POINT('',(-66.63975757,19.713717847,15.900000048));
#6455=DIRECTION('',(0.,0.,1.));
#6456=DIRECTION('',(1.,0.,-0.));
#6457=AXIS2_PLACEMENT_3D('',#6454,#6455,#6456);
#6458=CIRCLE('',#6457,1.);
#6459=EDGE_CURVE('',#6447,#6394,#6458,.T.);
#6460=ORIENTED_EDGE('',*,*,#6459,.T.);
#6461=EDGE_LOOP('',(#6402,#6411,#6419,#6428,#6436,#6445,#6453,#6460));
#6462=FACE_BOUND('',#6461,.T.);
#6463=ORIENTED_EDGE('',*,*,#6305,.T.);
#6464=CARTESIAN_POINT('',(-64.640313387,17.713717847,15.900000048));
#6465=DIRECTION('',(0.,-1.,-0.));
#6466=VECTOR('',#6465,27.33);
#6467=LINE('',#6464,#6466);
#6468=EDGE_CURVE('',#91,#6294,#6467,.T.);
#6469=ORIENTED_EDGE('',*,*,#6468,.F.);
#6470=ORIENTED_EDGE('',*,*,#134,.T.);
#6471=ORIENTED_EDGE('',*,*,#6274,.T.);
#6472=EDGE_LOOP('',(#6463,#6469,#6470,#6471));
#6473=FACE_BOUND('',#6472,.T.);
#6474=ADVANCED_FACE('',(#6462,#6473),#6392,.T.);
#6475=CARTESIAN_POINT('',(-50.83236481,3.957164809,11.4));
#6476=DIRECTION('',(0.,0.,1.));
#6477=DIRECTION('',(1.,0.,0.));
#6478=AXIS2_PLACEMENT_3D('',#6475,#6476,#6477);
#6479=PLANE('',#6478);
#6480=CARTESIAN_POINT('',(-37.32236481,-11.329835191,11.4));
#6481=VERTEX_POINT('',#6480);
#6482=CARTESIAN_POINT('',(-37.32236481,-11.329835191,11.4));
#6483=DIRECTION('',(-1.,0.,0.));
#6484=VECTOR('',#6483,27.31739276);
#6485=LINE('',#6482,#6484);
#6486=EDGE_CURVE('',#6481,#162,#6485,.T.);
#6487=ORIENTED_EDGE('',*,*,#6486,.T.);
#6488=ORIENTED_EDGE('',*,*,#167,.T.);
#6489=ORIENTED_EDGE('',*,*,#6312,.F.);
#6490=ORIENTED_EDGE('',*,*,#6260,.F.);
#6491=ORIENTED_EDGE('',*,*,#120,.F.);
#6492=ORIENTED_EDGE('',*,*,#221,.T.);
#6493=CARTESIAN_POINT('',(-37.32236481,19.417164809,11.4));
#6494=VERTEX_POINT('',#6493);
#6495=CARTESIAN_POINT('',(-64.63975757,19.417164809,11.4));
#6496=DIRECTION('',(1.,0.,-0.));
#6497=VECTOR('',#6496,27.31739276);
#6498=LINE('',#6495,#6497);
#6499=EDGE_CURVE('',#210,#6494,#6498,.T.);
#6500=ORIENTED_EDGE('',*,*,#6499,.T.);
#6501=CARTESIAN_POINT('',(-37.32236481,19.417164809,11.4));
#6502=DIRECTION('',(0.,-1.,0.));
#6503=VECTOR('',#6502,30.747);
#6504=LINE('',#6501,#6503);
#6505=EDGE_CURVE('',#6494,#6481,#6504,.T.);
#6506=ORIENTED_EDGE('',*,*,#6505,.T.);
#6507=EDGE_LOOP('',(#6487,#6488,#6489,#6490,#6491,#6492,#6500,#6506));
#6508=FACE_BOUND('',#6507,.T.);
#6509=ADVANCED_FACE('',(#6508),#6479,.F.);
#6510=CARTESIAN_POINT('',(-50.83236481,-11.329835191,7.5));
#6511=DIRECTION('',(0.,-1.,0.));
#6512=DIRECTION('',(0.,0.,-1.));
#6513=AXIS2_PLACEMENT_3D('',#6510,#6511,#6512);
#6514=PLANE('',#6513);
#6515=ORIENTED_EDGE('',*,*,#5304,.F.);
#6516=ORIENTED_EDGE('',*,*,#175,.T.);
#6517=ORIENTED_EDGE('',*,*,#6486,.F.);
#6518=CARTESIAN_POINT('',(-37.32236481,-11.329835191,7.5));
#6519=DIRECTION('',(0.,0.,1.));
#6520=VECTOR('',#6519,3.9);
#6521=LINE('',#6518,#6520);
#6522=EDGE_CURVE('',#5299,#6481,#6521,.T.);
#6523=ORIENTED_EDGE('',*,*,#6522,.F.);
#6524=EDGE_LOOP('',(#6515,#6516,#6517,#6523));
#6525=FACE_BOUND('',#6524,.T.);
#6526=ADVANCED_FACE('',(#6525),#6514,.F.);
#6527=CARTESIAN_POINT('',(-50.83236481,19.417164809,7.5));
#6528=DIRECTION('',(0.,1.,0.));
#6529=DIRECTION('',(0.,0.,1.));
#6530=AXIS2_PLACEMENT_3D('',#6527,#6528,#6529);
#6531=PLANE('',#6530);
#6532=ORIENTED_EDGE('',*,*,#215,.F.);
#6533=ORIENTED_EDGE('',*,*,#4855,.F.);
#6534=CARTESIAN_POINT('',(-37.32236481,19.417164809,7.5));
#6535=DIRECTION('',(0.,0.,1.));
#6536=VECTOR('',#6535,3.9);
#6537=LINE('',#6534,#6536);
#6538=EDGE_CURVE('',#4850,#6494,#6537,.T.);
#6539=ORIENTED_EDGE('',*,*,#6538,.T.);
#6540=ORIENTED_EDGE('',*,*,#6499,.F.);
#6541=EDGE_LOOP('',(#6532,#6533,#6539,#6540));
#6542=FACE_BOUND('',#6541,.T.);
#6543=ADVANCED_FACE('',(#6542),#6531,.F.);
#6544=CARTESIAN_POINT('',(-37.32236481,3.957164809,7.5));
#6545=DIRECTION('',(1.,0.,0.));
#6546=DIRECTION('',(0.,0.,-1.));
#6547=AXIS2_PLACEMENT_3D('',#6544,#6545,#6546);
#6548=PLANE('',#6547);
#6549=ORIENTED_EDGE('',*,*,#5310,.F.);
#6550=ORIENTED_EDGE('',*,*,#6522,.T.);
#6551=ORIENTED_EDGE('',*,*,#6505,.F.);
#6552=ORIENTED_EDGE('',*,*,#6538,.F.);
#6553=EDGE_LOOP('',(#6549,#6550,#6551,#6552));
#6554=FACE_BOUND('',#6553,.T.);
#6555=ADVANCED_FACE('',(#6554),#6548,.F.);
#6556=CARTESIAN_POINT('',(-38.021891303,-10.613145651,12.700000048));
#6557=DIRECTION('',(0.,-0.,-1.));
#6558=DIRECTION('',(0.,1.,-0.));
#6559=AXIS2_PLACEMENT_3D('',#6556,#6557,#6558);
#6560=CYLINDRICAL_SURFACE('',#6559,3.);
#6561=ORIENTED_EDGE('',*,*,#6342,.F.);
#6562=CARTESIAN_POINT('',(-38.021891303,-10.613145651,14.900000048));
#6563=DIRECTION('',(-0.,-0.,-1.));
#6564=DIRECTION('',(1.,0.,-0.));
#6565=AXIS2_PLACEMENT_3D('',#6562,#6563,#6564);
#6566=CIRCLE('',#6565,3.);
#6567=EDGE_CURVE('',#6331,#35,#6566,.T.);
#6568=ORIENTED_EDGE('',*,*,#6567,.T.);
#6569=ORIENTED_EDGE('',*,*,#40,.F.);
#6570=ORIENTED_EDGE('',*,*,#1508,.F.);
#6571=EDGE_LOOP('',(#6561,#6568,#6569,#6570));
#6572=FACE_BOUND('',#6571,.T.);
#6573=ADVANCED_FACE('',(#6572),#6560,.T.);
#6574=CARTESIAN_POINT('',(-38.021891303,18.713717847,12.700000048));
#6575=DIRECTION('',(0.,-0.,-1.));
#6576=DIRECTION('',(0.,1.,-0.));
#6577=AXIS2_PLACEMENT_3D('',#6574,#6575,#6576);
#6578=CYLINDRICAL_SURFACE('',#6577,3.);
#6579=ORIENTED_EDGE('',*,*,#6375,.F.);
#6580=CARTESIAN_POINT('',(-38.021891303,18.713717847,14.900000048));
#6581=DIRECTION('',(-0.,-0.,-1.));
#6582=DIRECTION('',(1.,0.,-0.));
#6583=AXIS2_PLACEMENT_3D('',#6580,#6581,#6582);
#6584=CIRCLE('',#6583,3.);
#6585=EDGE_CURVE('',#6364,#6323,#6584,.T.);
#6586=ORIENTED_EDGE('',*,*,#6585,.T.);
#6587=ORIENTED_EDGE('',*,*,#6328,.F.);
#6588=ORIENTED_EDGE('',*,*,#1493,.F.);
#6589=EDGE_LOOP('',(#6579,#6586,#6587,#6588));
#6590=FACE_BOUND('',#6589,.T.);
#6591=ADVANCED_FACE('',(#6590),#6578,.T.);
#6592=CARTESIAN_POINT('',(-68.63975757,19.713717847,13.650000024));
#6593=DIRECTION('',(-1.,0.,0.));
#6594=DIRECTION('',(0.,0.,1.));
#6595=AXIS2_PLACEMENT_3D('',#6592,#6593,#6594);
#6596=PLANE('',#6595);
#6597=CARTESIAN_POINT('',(-68.63975757,-11.613145651,12.7));
#6598=VERTEX_POINT('',#6597);
#6599=CARTESIAN_POINT('',(-68.63975757,-11.613145651,14.900000048));
#6600=VERTEX_POINT('',#6599);
#6601=CARTESIAN_POINT('',(-68.63975757,-11.613145651,12.7));
#6602=DIRECTION('',(-0.,0.,1.));
#6603=VECTOR('',#6602,2.200000048);
#6604=LINE('',#6601,#6603);
#6605=EDGE_CURVE('',#6598,#6600,#6604,.T.);
#6606=ORIENTED_EDGE('',*,*,#6605,.T.);
#6607=CARTESIAN_POINT('',(-68.63975757,19.713717847,14.900000048));
#6608=VERTEX_POINT('',#6607);
#6609=CARTESIAN_POINT('',(-68.63975757,-11.613145651,14.900000048));
#6610=DIRECTION('',(0.,1.,0.));
#6611=VECTOR('',#6610,31.326863498);
#6612=LINE('',#6609,#6611);
#6613=EDGE_CURVE('',#6600,#6608,#6612,.T.);
#6614=ORIENTED_EDGE('',*,*,#6613,.T.);
#6615=CARTESIAN_POINT('',(-68.63975757,19.713717847,12.7));
#6616=VERTEX_POINT('',#6615);
#6617=CARTESIAN_POINT('',(-68.63975757,19.713717847,14.900000048));
#6618=DIRECTION('',(-0.,-0.,-1.));
#6619=VECTOR('',#6618,2.200000048);
#6620=LINE('',#6617,#6619);
#6621=EDGE_CURVE('',#6608,#6616,#6620,.T.);
#6622=ORIENTED_EDGE('',*,*,#6621,.T.);
#6623=CARTESIAN_POINT('',(-68.63975757,-11.613145651,12.7));
#6624=DIRECTION('',(0.,1.,0.));
#6625=VECTOR('',#6624,31.326863498);
#6626=LINE('',#6623,#6625);
#6627=EDGE_CURVE('',#6598,#6616,#6626,.T.);
#6628=ORIENTED_EDGE('',*,*,#6627,.F.);
#6629=EDGE_LOOP('',(#6606,#6614,#6622,#6628));
#6630=FACE_BOUND('',#6629,.T.);
#6631=ADVANCED_FACE('',(#6630),#6596,.T.);
#6632=CARTESIAN_POINT('',(-64.640313387,17.713717847,13.650000024));
#6633=DIRECTION('',(1.,0.,0.));
#6634=DIRECTION('',(0.,0.,-1.));
#6635=AXIS2_PLACEMENT_3D('',#6632,#6633,#6634);
#6636=PLANE('',#6635);
#6637=CARTESIAN_POINT('',(-64.640313387,17.713717847,12.7));
#6638=DIRECTION('',(0.,-1.,0.));
#6639=VECTOR('',#6638,27.33);
#6640=LINE('',#6637,#6639);
#6641=EDGE_CURVE('',#89,#6286,#6640,.T.);
#6642=ORIENTED_EDGE('',*,*,#6641,.F.);
#6643=ORIENTED_EDGE('',*,*,#96,.T.);
#6644=ORIENTED_EDGE('',*,*,#6468,.T.);
#6645=ORIENTED_EDGE('',*,*,#6299,.F.);
#6646=EDGE_LOOP('',(#6642,#6643,#6644,#6645));
#6647=FACE_BOUND('',#6646,.T.);
#6648=ADVANCED_FACE('',(#6647),#6636,.T.);
#6649=CARTESIAN_POINT('',(-66.63975757,19.713717847,12.700000048));
#6650=DIRECTION('',(0.,-0.,-1.));
#6651=DIRECTION('',(0.,1.,-0.));
#6652=AXIS2_PLACEMENT_3D('',#6649,#6650,#6651);
#6653=CYLINDRICAL_SURFACE('',#6652,2.);
#6654=ORIENTED_EDGE('',*,*,#6621,.F.);
#6655=CARTESIAN_POINT('',(-66.63975757,19.713717847,14.900000048));
#6656=DIRECTION('',(-0.,-0.,-1.));
#6657=DIRECTION('',(1.,0.,-0.));
#6658=AXIS2_PLACEMENT_3D('',#6655,#6656,#6657);
#6659=CIRCLE('',#6658,2.);
#6660=EDGE_CURVE('',#6608,#6356,#6659,.T.);
#6661=ORIENTED_EDGE('',*,*,#6660,.T.);
#6662=ORIENTED_EDGE('',*,*,#6361,.F.);
#6663=CARTESIAN_POINT('',(-66.63975757,19.713717847,12.7));
#6664=DIRECTION('',(-0.,-0.,-1.));
#6665=DIRECTION('',(1.,0.,-0.));
#6666=AXIS2_PLACEMENT_3D('',#6663,#6664,#6665);
#6667=CIRCLE('',#6666,2.);
#6668=EDGE_CURVE('',#6616,#6354,#6667,.T.);
#6669=ORIENTED_EDGE('',*,*,#6668,.F.);
#6670=EDGE_LOOP('',(#6654,#6661,#6662,#6669));
#6671=FACE_BOUND('',#6670,.T.);
#6672=ADVANCED_FACE('',(#6671),#6653,.T.);
#6673=CARTESIAN_POINT('',(-66.63975757,-11.613145651,12.700000048));
#6674=DIRECTION('',(0.,0.,1.));
#6675=DIRECTION('',(0.,-1.,0.));
#6676=AXIS2_PLACEMENT_3D('',#6673,#6674,#6675);
#6677=CYLINDRICAL_SURFACE('',#6676,2.);
#6678=ORIENTED_EDGE('',*,*,#56,.F.);
#6679=CARTESIAN_POINT('',(-66.63975757,-11.613145651,14.900000048));
#6680=DIRECTION('',(-0.,-0.,-1.));
#6681=DIRECTION('',(1.,0.,-0.));
#6682=AXIS2_PLACEMENT_3D('',#6679,#6680,#6681);
#6683=CIRCLE('',#6682,2.);
#6684=EDGE_CURVE('',#43,#6600,#6683,.T.);
#6685=ORIENTED_EDGE('',*,*,#6684,.T.);
#6686=ORIENTED_EDGE('',*,*,#6605,.F.);
#6687=CARTESIAN_POINT('',(-66.63975757,-11.613145651,12.7));
#6688=DIRECTION('',(-0.,-0.,-1.));
#6689=DIRECTION('',(1.,0.,-0.));
#6690=AXIS2_PLACEMENT_3D('',#6687,#6688,#6689);
#6691=CIRCLE('',#6690,2.);
#6692=EDGE_CURVE('',#51,#6598,#6691,.T.);
#6693=ORIENTED_EDGE('',*,*,#6692,.F.);
#6694=EDGE_LOOP('',(#6678,#6685,#6686,#6693));
#6695=FACE_BOUND('',#6694,.T.);
#6696=ADVANCED_FACE('',(#6695),#6677,.T.);
#6697=CARTESIAN_POINT('',(-69.019878785,4.893427174,12.7));
#6698=DIRECTION('',(0.,0.,1.));
#6699=DIRECTION('',(1.,0.,0.));
#6700=AXIS2_PLACEMENT_3D('',#6697,#6698,#6699);
#6701=PLANE('',#6700);
#6702=ORIENTED_EDGE('',*,*,#6641,.T.);
#6703=ORIENTED_EDGE('',*,*,#6291,.F.);
#6704=ORIENTED_EDGE('',*,*,#151,.T.);
#6705=ORIENTED_EDGE('',*,*,#64,.T.);
#6706=ORIENTED_EDGE('',*,*,#6692,.T.);
#6707=ORIENTED_EDGE('',*,*,#6627,.T.);
#6708=ORIENTED_EDGE('',*,*,#6668,.T.);
#6709=ORIENTED_EDGE('',*,*,#6383,.F.);
#6710=ORIENTED_EDGE('',*,*,#230,.T.);
#6711=ORIENTED_EDGE('',*,*,#104,.F.);
#6712=EDGE_LOOP('',(#6702,#6703,#6704,#6705,#6706,#6707,#6708,#6709,#6710,#6711));
#6713=FACE_BOUND('',#6712,.T.);
#6714=ADVANCED_FACE('',(#6713),#6701,.F.);
#6715=CARTESIAN_POINT('',(-36.021891303,-9.616282153,15.900000048));
#6716=DIRECTION('',(0.707106781,0.,0.707106781));
#6717=DIRECTION('',(0.,-1.,0.));
#6718=AXIS2_PLACEMENT_3D('',#6715,#6716,#6717);
#6719=PLANE('',#6718);
#6720=CARTESIAN_POINT('',(-35.021891303,-10.613145651,14.900000048));
#6721=DIRECTION('',(-0.707106781,0.,0.707106781));
#6722=VECTOR('',#6721,1.414213562);
#6723=LINE('',#6720,#6722);
#6724=EDGE_CURVE('',#6331,#6421,#6723,.T.);
#6725=ORIENTED_EDGE('',*,*,#6724,.F.);
#6726=ORIENTED_EDGE('',*,*,#6336,.F.);
#6727=CARTESIAN_POINT('',(-36.021891303,18.713717847,15.900000048));
#6728=DIRECTION('',(0.707106781,0.,-0.707106781));
#6729=VECTOR('',#6728,1.414213562);
#6730=LINE('',#6727,#6729);
#6731=EDGE_CURVE('',#6430,#6323,#6730,.T.);
#6732=ORIENTED_EDGE('',*,*,#6731,.F.);
#6733=ORIENTED_EDGE('',*,*,#6435,.F.);
#6734=EDGE_LOOP('',(#6725,#6726,#6732,#6733));
#6735=FACE_BOUND('',#6734,.T.);
#6736=ADVANCED_FACE('',(#6735),#6719,.T.);
#6737=CARTESIAN_POINT('',(-38.021891303,18.713717847,15.900000048));
#6738=DIRECTION('',(0.,0.,-1.));
#6739=DIRECTION('',(-1.,0.,0.));
#6740=AXIS2_PLACEMENT_3D('',#6737,#6738,#6739);
#6741=CONICAL_SURFACE('',#6740,2.,45.);
#6742=ORIENTED_EDGE('',*,*,#6731,.T.);
#6743=ORIENTED_EDGE('',*,*,#6585,.F.);
#6744=CARTESIAN_POINT('',(-38.021891303,20.713717847,15.900000048));
#6745=DIRECTION('',(0.,0.707106781,-0.707106781));
#6746=VECTOR('',#6745,1.414213562);
#6747=LINE('',#6744,#6746);
#6748=EDGE_CURVE('',#6438,#6364,#6747,.T.);
#6749=ORIENTED_EDGE('',*,*,#6748,.F.);
#6750=ORIENTED_EDGE('',*,*,#6444,.F.);
#6751=EDGE_LOOP('',(#6742,#6743,#6749,#6750));
#6752=FACE_BOUND('',#6751,.T.);
#6753=ADVANCED_FACE('',(#6752),#6741,.T.);
#6754=CARTESIAN_POINT('',(-38.021891303,-10.613145651,15.900000048));
#6755=DIRECTION('',(0.,0.,-1.));
#6756=DIRECTION('',(-1.,0.,0.));
#6757=AXIS2_PLACEMENT_3D('',#6754,#6755,#6756);
#6758=CONICAL_SURFACE('',#6757,2.,45.);
#6759=ORIENTED_EDGE('',*,*,#6724,.T.);
#6760=ORIENTED_EDGE('',*,*,#6427,.F.);
#6761=CARTESIAN_POINT('',(-38.021891303,-13.613145651,14.900000048));
#6762=DIRECTION('',(0.,0.707106781,0.707106781));
#6763=VECTOR('',#6762,1.414213562);
#6764=LINE('',#6761,#6763);
#6765=EDGE_CURVE('',#35,#6413,#6764,.T.);
#6766=ORIENTED_EDGE('',*,*,#6765,.F.);
#6767=ORIENTED_EDGE('',*,*,#6567,.F.);
#6768=EDGE_LOOP('',(#6759,#6760,#6766,#6767));
#6769=FACE_BOUND('',#6768,.T.);
#6770=ADVANCED_FACE('',(#6769),#6758,.T.);
#6771=CARTESIAN_POINT('',(-48.689756807,20.713717847,15.900000048));
#6772=DIRECTION('',(0.,0.707106781,0.707106781));
#6773=DIRECTION('',(1.,0.,0.));
#6774=AXIS2_PLACEMENT_3D('',#6771,#6772,#6773);
#6775=PLANE('',#6774);
#6776=ORIENTED_EDGE('',*,*,#6748,.T.);
#6777=ORIENTED_EDGE('',*,*,#6369,.F.);
#6778=CARTESIAN_POINT('',(-66.63975757,20.713717847,15.900000048));
#6779=DIRECTION('',(0.,0.707106781,-0.707106781));
#6780=VECTOR('',#6779,1.414213562);
#6781=LINE('',#6778,#6780);
#6782=EDGE_CURVE('',#6447,#6356,#6781,.T.);
#6783=ORIENTED_EDGE('',*,*,#6782,.F.);
#6784=ORIENTED_EDGE('',*,*,#6452,.F.);
#6785=EDGE_LOOP('',(#6776,#6777,#6783,#6784));
#6786=FACE_BOUND('',#6785,.T.);
#6787=ADVANCED_FACE('',(#6786),#6775,.T.);
#6788=CARTESIAN_POINT('',(-48.689756807,-12.613145651,15.900000048));
#6789=DIRECTION('',(-0.,-0.707106781,0.707106781));
#6790=DIRECTION('',(-1.,0.,-0.));
#6791=AXIS2_PLACEMENT_3D('',#6788,#6789,#6790);
#6792=PLANE('',#6791);
#6793=ORIENTED_EDGE('',*,*,#6765,.T.);
#6794=ORIENTED_EDGE('',*,*,#6418,.F.);
#6795=CARTESIAN_POINT('',(-66.63975757,-13.613145651,14.900000048));
#6796=DIRECTION('',(0.,0.707106781,0.707106781));
#6797=VECTOR('',#6796,1.414213562);
#6798=LINE('',#6795,#6797);
#6799=EDGE_CURVE('',#43,#6404,#6798,.T.);
#6800=ORIENTED_EDGE('',*,*,#6799,.F.);
#6801=ORIENTED_EDGE('',*,*,#48,.F.);
#6802=EDGE_LOOP('',(#6793,#6794,#6800,#6801));
#6803=FACE_BOUND('',#6802,.T.);
#6804=ADVANCED_FACE('',(#6803),#6792,.T.);
#6805=CARTESIAN_POINT('',(-66.63975757,19.713717847,15.900000048));
#6806=DIRECTION('',(0.,0.,-1.));
#6807=DIRECTION('',(-1.,0.,0.));
#6808=AXIS2_PLACEMENT_3D('',#6805,#6806,#6807);
#6809=CONICAL_SURFACE('',#6808,1.,45.);
#6810=ORIENTED_EDGE('',*,*,#6782,.T.);
#6811=ORIENTED_EDGE('',*,*,#6660,.F.);
#6812=CARTESIAN_POINT('',(-67.63975757,19.713717847,15.900000048));
#6813=DIRECTION('',(-0.707106781,0.,-0.707106781));
#6814=VECTOR('',#6813,1.414213562);
#6815=LINE('',#6812,#6814);
#6816=EDGE_CURVE('',#6394,#6608,#6815,.T.);
#6817=ORIENTED_EDGE('',*,*,#6816,.F.);
#6818=ORIENTED_EDGE('',*,*,#6459,.F.);
#6819=EDGE_LOOP('',(#6810,#6811,#6817,#6818));
#6820=FACE_BOUND('',#6819,.T.);
#6821=ADVANCED_FACE('',(#6820),#6809,.T.);
#6822=CARTESIAN_POINT('',(-66.63975757,-11.613145651,15.900000048));
#6823=DIRECTION('',(0.,0.,-1.));
#6824=DIRECTION('',(-1.,0.,0.));
#6825=AXIS2_PLACEMENT_3D('',#6822,#6823,#6824);
#6826=CONICAL_SURFACE('',#6825,1.,45.);
#6827=ORIENTED_EDGE('',*,*,#6799,.T.);
#6828=ORIENTED_EDGE('',*,*,#6410,.F.);
#6829=CARTESIAN_POINT('',(-68.63975757,-11.613145651,14.900000048));
#6830=DIRECTION('',(0.707106781,0.,0.707106781));
#6831=VECTOR('',#6830,1.414213562);
#6832=LINE('',#6829,#6831);
#6833=EDGE_CURVE('',#6600,#6396,#6832,.T.);
#6834=ORIENTED_EDGE('',*,*,#6833,.F.);
#6835=ORIENTED_EDGE('',*,*,#6684,.F.);
#6836=EDGE_LOOP('',(#6827,#6828,#6834,#6835));
#6837=FACE_BOUND('',#6836,.T.);
#6838=ADVANCED_FACE('',(#6837),#6826,.T.);
#6839=CARTESIAN_POINT('',(-67.63975757,-9.616282153,15.900000048));
#6840=DIRECTION('',(0.707106781,0.,-0.707106781));
#6841=DIRECTION('',(0.,-1.,0.));
#6842=AXIS2_PLACEMENT_3D('',#6839,#6840,#6841);
#6843=PLANE('',#6842);
#6844=ORIENTED_EDGE('',*,*,#6816,.T.);
#6845=ORIENTED_EDGE('',*,*,#6613,.F.);
#6846=ORIENTED_EDGE('',*,*,#6833,.T.);
#6847=ORIENTED_EDGE('',*,*,#6401,.F.);
#6848=EDGE_LOOP('',(#6844,#6845,#6846,#6847));
#6849=FACE_BOUND('',#6848,.T.);
#6850=ADVANCED_FACE('',(#6849),#6843,.F.);
#6851=CARTESIAN_POINT('',(-40.643257537,-38.213755019,8.700000048));
#6852=DIRECTION('',(0.,0.,1.));
#6853=DIRECTION('',(1.,0.,-0.));
#6854=AXIS2_PLACEMENT_3D('',#6851,#6852,#6853);
#6855=CYLINDRICAL_SURFACE('',#6854,0.5);
#6856=ORIENTED_EDGE('',*,*,#6168,.F.);
#6857=ORIENTED_EDGE('',*,*,#1553,.F.);
#6858=ORIENTED_EDGE('',*,*,#5654,.F.);
#6859=ORIENTED_EDGE('',*,*,#5263,.F.);
#6860=EDGE_LOOP('',(#6856,#6857,#6858,#6859));
#6861=FACE_BOUND('',#6860,.T.);
#6862=ADVANCED_FACE('',(#6861),#6855,.T.);
#6863=CLOSED_SHELL('',(#82,#138,#201,#264,#304,#344,#384,#424,#464,#504,#544,#584,#615,#646,#686,#726,#766,#806,#846,#877,#917,#948,#979,#1019,#1050,#1090,
#1130,#1170,#1210,#1241,#1281,#1321,#1361,#1401,#1441,#1472,#2718,#2742,#2773,#2804,#2828,#2859,#2890,#2914,#2938,#2962,#2986,#3017,#3048,#3079,#3110,
#3141,#3172,#3203,#3234,#3265,#3296,#3327,#3351,#3375,#3406,#3437,#3468,#3499,#3516,#3540,#3564,#3595,#3619,#3636,#3660,#3691,#3722,#3746,#3763,#3780,
#3804,#3821,#3838,#3869,#3893,#3910,#3934,#3951,#3975,#3992,#4016,#4047,#4064,#4081,#4105,#4122,#4139,#4163,#4187,#4204,#4221,#4238,#4255,#4272,#4289,
#4320,#4337,#4368,#4399,#4416,#4447,#4464,#4495,#4526,#4557,#4588,#4605,#4622,#4639,#4656,#4673,#4690,#4707,#4724,#4741,#4758,#4775,#4792,#4809,#4826,
#4843,#5458,#5470,#5482,#5494,#5506,#5518,#5530,#5542,#5554,#5566,#5578,#5590,#5602,#5619,#5636,#5658,#5675,#5692,#5714,#5731,#5748,#5770,#5787,#5804,
#5826,#5843,#5860,#5882,#5899,#5916,#5938,#5955,#5972,#5994,#6011,#6028,#6050,#6062,#6074,#6086,#6098,#6110,#6122,#6134,#6146,#6158,#6175,#6187,#6199,
#6211,#6223,#6235,#6247,#6278,#6316,#6347,#6387,#6474,#6509,#6526,#6543,#6555,#6573,#6591,#6631,#6648,#6672,#6696,#6714,#6736,#6753,#6770,#6787,#6804,
#6821,#6838,#6850,#6862));
#6864=MANIFOLD_SOLID_BREP('\X2\30C830C330D730D730EC30FC30C8\X0\_modula_module',#6863);
#26=STYLED_ITEM('',(),#6864);
#16=SHAPE_REPRESENTATION('root',(#15),#10);
#17=ADVANCED_BREP_SHAPE_REPRESENTATION('root',(#6864),#10);
#6872=SHAPE_REPRESENTATION_RELATIONSHIP('','',#16,#17);
#6873=APPLICATION_CONTEXT('configuration controlled 3D design of mechanical parts and assemblies');
#6874=APPLICATION_PROTOCOL_DEFINITION('international standard','configuration_control_3d_design_ed2_mim',2004,#6873);
#6875=PRODUCT_CONTEXT('',#6873,'mechanical');
#6876=PRODUCT_DEFINITION_CONTEXT('part definition',#6873,'design');
#24=PRODUCT('root','root','',(#6875));
#6877=PRODUCT_RELATED_PRODUCT_CATEGORY('part','',(#24));
#6878=PRODUCT_DEFINITION_FORMATION_WITH_SPECIFIED_SOURCE('','',#24,.NOT_KNOWN.);
#25=PRODUCT_DEFINITION('design','',#6878,#6876);
#23=PRODUCT_DEFINITION_SHAPE('','',#25);
#6879=SHAPE_DEFINITION_REPRESENTATION(#23,#16);
#11=DRAUGHTING_MODEL('',(),#10);
#1=MECHANICAL_DESIGN_GEOMETRIC_PRESENTATION_REPRESENTATION('',(#26),#10);
ENDSEC;
END-ISO-10303-21;
