ISO-10303-21;
HEADER;

/* File generated by HOOPS Exchange Version 24.2.0 */

FILE_DESCRIPTION(('HOOPS Exchange Step'),'2;1');

FILE_NAME('/Users/zoesu_takanori/Desktop/Corchibi2-case/R-battery-cover.stp',
'2026-06-29T23:08:58+09:00',
('zoesu_takanori'),
('Unknown organisation'),
'HOOPS Exchange 2024.2',
'HOOPS Exchange',
'Unknown authorisation');

FILE_SCHEMA( ('AP203_CONFIGURATION_CONTROLLED_3D_DESIGN_OF_MECHANICAL_PARTS_AND_ASSEMBLIES_MIM_LF') );

ENDSEC;

DATA;
#3=(NAMED_UNIT(*)PLANE_ANGLE_UNIT()SI_UNIT($,.RADIAN.));
#4=PLANE_ANGLE_MEASURE_WITH_UNIT(PLANE_ANGLE_MEASURE(0.0174532925),#3);
#5=(CONVERSION_BASED_UNIT('DEGREE',#4)NAMED_UNIT(#6)PLANE_ANGLE_UNIT());
#6=DIMENSIONAL_EXPONENTS(0.,0.,0.,0.,0.,0.,0.);
#7=(NAMED_UNIT(*)SI_UNIT($,.STERADIAN.)SOLID_ANGLE_UNIT());
#8=(LENGTH_UNIT()NAMED_UNIT(*)SI_UNIT(.MILLI.,.METRE.));
#9=UNCERTAINTY_MEASURE_WITH_UNIT(LENGTH_MEASURE(1.000000E-05),#8,'DISTANCE_ACCURACY_VALUE','Maximum Tolerance applied to model');
#10=(GEOMETRIC_REPRESENTATION_CONTEXT(3)GLOBAL_UNCERTAINTY_ASSIGNED_CONTEXT((#9))GLOBAL_UNIT_ASSIGNED_CONTEXT((#8,#5,#7))REPRESENTATION_CONTEXT('','root'));
#12=CARTESIAN_POINT('',(0.,0.,0.));
#13=DIRECTION('',(0.,0.,1.));
#14=DIRECTION('',(1.,0.,0.));
#15=AXIS2_PLACEMENT_3D('TS3D_PRODUCT_CSYS',#12,#13,#14);
#27=CARTESIAN_POINT('',(-51.8,35.570928991,2.200000048));
#28=DIRECTION('',(1.,0.,0.));
#29=DIRECTION('',(0.,0.,-1.));
#30=AXIS2_PLACEMENT_3D('',#27,#28,#29);
#31=PLANE('',#30);
#32=CARTESIAN_POINT('',(-51.8,-20.533674842,-4.892327558));
#33=VERTEX_POINT('',#32);
#34=CARTESIAN_POINT('',(-51.8,-20.533674842,-5.692565468));
#35=VERTEX_POINT('',#34);
#36=CARTESIAN_POINT('',(-51.8,-20.533674842,-4.892327558));
#37=DIRECTION('',(0.,0.,-1.));
#38=VECTOR('',#37,0.80023791);
#39=LINE('',#36,#38);
#40=EDGE_CURVE('',#33,#35,#39,.T.);
#41=ORIENTED_EDGE('',*,*,#40,.T.);
#42=CARTESIAN_POINT('',(-51.8,36.477904129,-5.692565468));
#43=VERTEX_POINT('',#42);
#44=CARTESIAN_POINT('',(-51.8,-20.533674842,-5.692565468));
#45=DIRECTION('',(0.,1.,0.));
#46=VECTOR('',#45,57.011578971);
#47=LINE('',#44,#46);
#48=EDGE_CURVE('',#35,#43,#47,.T.);
#49=ORIENTED_EDGE('',*,*,#48,.T.);
#50=CARTESIAN_POINT('',(-51.8,36.477904129,-4.892327558));
#51=VERTEX_POINT('',#50);
#52=CARTESIAN_POINT('',(-51.8,36.477904129,-4.892327558));
#53=DIRECTION('',(0.,0.,-1.));
#54=VECTOR('',#53,0.80023791);
#55=LINE('',#52,#54);
#56=EDGE_CURVE('',#51,#43,#55,.T.);
#57=ORIENTED_EDGE('',*,*,#56,.F.);
#58=CARTESIAN_POINT('',(-51.8,-20.533674842,-4.892327558));
#59=DIRECTION('',(0.,1.,0.));
#60=VECTOR('',#59,57.011578971);
#61=LINE('',#58,#60);
#62=EDGE_CURVE('',#33,#51,#61,.T.);
#63=ORIENTED_EDGE('',*,*,#62,.F.);
#64=EDGE_LOOP('',(#41,#49,#57,#63));
#65=FACE_BOUND('',#64,.T.);
#66=ADVANCED_FACE('',(#65),#31,.T.);
#67=CARTESIAN_POINT('',(-58.469878785,36.477904129,3.500000048));
#68=DIRECTION('',(0.,1.,0.));
#69=DIRECTION('',(0.,0.,1.));
#70=AXIS2_PLACEMENT_3D('',#67,#68,#69);
#71=PLANE('',#70);
#72=CARTESIAN_POINT('',(-66.33975757,36.477904129,2.900000048));
#73=VERTEX_POINT('',#72);
#74=CARTESIAN_POINT('',(-66.33975757,36.477904129,-6.027651857));
#75=VERTEX_POINT('',#74);
#76=CARTESIAN_POINT('',(-66.33975757,36.477904129,2.900000048));
#77=DIRECTION('',(0.,0.,-1.));
#78=VECTOR('',#77,8.927651905);
#79=LINE('',#76,#78);
#80=EDGE_CURVE('',#73,#75,#79,.T.);
#81=ORIENTED_EDGE('',*,*,#80,.F.);
#82=CARTESIAN_POINT('',(-65.53975757,36.477904129,2.900000048));
#83=VERTEX_POINT('',#82);
#84=CARTESIAN_POINT('',(-66.33975757,36.477904129,2.900000048));
#85=DIRECTION('',(1.,0.,-0.));
#86=VECTOR('',#85,0.8);
#87=LINE('',#84,#86);
#88=EDGE_CURVE('',#73,#83,#87,.T.);
#89=ORIENTED_EDGE('',*,*,#88,.T.);
#90=CARTESIAN_POINT('',(-65.53975757,36.477904129,-2.229959765));
#91=VERTEX_POINT('',#90);
#92=CARTESIAN_POINT('',(-65.53975757,36.477904129,-2.229959765));
#93=DIRECTION('',(0.,0.,1.));
#94=VECTOR('',#93,5.129959813);
#95=LINE('',#92,#94);
#96=EDGE_CURVE('',#91,#83,#95,.T.);
#97=ORIENTED_EDGE('',*,*,#96,.F.);
#98=CARTESIAN_POINT('',(-62.337130714,36.477904129,-5.308572175));
#99=VERTEX_POINT('',#98);
#100=CARTESIAN_POINT('',(-65.53975757,36.477904129,-2.229959765));
#101=DIRECTION('',(0.720927135,0.,-0.69301087));
#102=VECTOR('',#101,4.442372469);
#103=LINE('',#100,#102);
#104=EDGE_CURVE('',#91,#99,#103,.T.);
#105=ORIENTED_EDGE('',*,*,#104,.T.);
#106=CARTESIAN_POINT('',(-60.969876422,36.477904129,-5.254562003));
#107=VERTEX_POINT('',#106);
#108=CARTESIAN_POINT('',(-62.337130714,36.477904129,-5.308572175));
#109=DIRECTION('',(0.999220682,0.,0.039471868));
#110=VECTOR('',#109,1.368320649);
#111=LINE('',#108,#110);
#112=EDGE_CURVE('',#99,#107,#111,.T.);
#113=ORIENTED_EDGE('',*,*,#112,.T.);
#114=CARTESIAN_POINT('',(-60.965929235,36.477904129,-5.354484072));
#115=VERTEX_POINT('',#114);
#116=CARTESIAN_POINT('',(-60.965929235,36.477904129,-5.354484072));
#117=DIRECTION('',(-0.039471868,0.,0.999220682));
#118=VECTOR('',#117,0.1);
#119=LINE('',#116,#118);
#120=EDGE_CURVE('',#115,#107,#119,.T.);
#121=ORIENTED_EDGE('',*,*,#120,.F.);
#122=CARTESIAN_POINT('',(-55.571982943,36.477904129,-5.141408883));
#123=VERTEX_POINT('',#122);
#124=CARTESIAN_POINT('',(-60.965929235,36.477904129,-5.354484072));
#125=DIRECTION('',(0.999220682,0.,0.039471868));
#126=VECTOR('',#125,5.398153169);
#127=LINE('',#124,#126);
#128=EDGE_CURVE('',#115,#123,#127,.T.);
#129=ORIENTED_EDGE('',*,*,#128,.T.);
#130=CARTESIAN_POINT('',(-55.57593013,36.477904129,-5.041486815));
#131=VERTEX_POINT('',#130);
#132=CARTESIAN_POINT('',(-55.571982943,36.477904129,-5.141408883));
#133=DIRECTION('',(-0.039471868,0.,0.999220682));
#134=VECTOR('',#133,0.1);
#135=LINE('',#132,#134);
#136=EDGE_CURVE('',#123,#131,#135,.T.);
#137=ORIENTED_EDGE('',*,*,#136,.T.);
#138=CARTESIAN_POINT('',(-55.57593013,36.477904129,-5.041486815));
#139=DIRECTION('',(0.999220682,0.,0.039471868));
#140=VECTOR('',#139,3.778875075);
#141=LINE('',#138,#140);
#142=EDGE_CURVE('',#131,#51,#141,.T.);
#143=ORIENTED_EDGE('',*,*,#142,.T.);
#144=ORIENTED_EDGE('',*,*,#56,.T.);
#145=CARTESIAN_POINT('',(-65.339966011,36.477904129,-6.232027692));
#146=VERTEX_POINT('',#145);
#147=CARTESIAN_POINT('',(-51.8,36.477904129,-5.692565468));
#148=DIRECTION('',(-0.999207243,0.,-0.039810629));
#149=VECTOR('',#148,13.550708434);
#150=LINE('',#147,#149);
#151=EDGE_CURVE('',#43,#146,#150,.T.);
#152=ORIENTED_EDGE('',*,*,#151,.T.);
#153=CARTESIAN_POINT('',(-65.300285702,36.477904129,-7.026872539));
#154=VERTEX_POINT('',#153);
#155=CARTESIAN_POINT('',(-65.300285702,36.477904129,-7.026872539));
#156=DIRECTION('',(-0.049859989,0.,0.998756217));
#157=VECTOR('',#156,0.795834693);
#158=LINE('',#155,#157);
#159=EDGE_CURVE('',#154,#146,#158,.T.);
#160=ORIENTED_EDGE('',*,*,#159,.F.);
#161=CARTESIAN_POINT('',(-66.33975757,36.477904129,-6.027651857));
#162=DIRECTION('',(0.720927135,0.,-0.69301087));
#163=VECTOR('',#162,1.44185427);
#164=LINE('',#161,#163);
#165=EDGE_CURVE('',#75,#154,#164,.T.);
#166=ORIENTED_EDGE('',*,*,#165,.F.);
#167=EDGE_LOOP('',(#81,#89,#97,#105,#113,#121,#129,#137,#143,#144,#152,#160,#166));
#168=FACE_BOUND('',#167,.T.);
#169=ADVANCED_FACE('',(#168),#71,.T.);
#170=CARTESIAN_POINT('',(-61.111256494,-23.100805417,-6.68069502));
#171=DIRECTION('',(0.040113463,-0.030220507,-0.998738019));
#172=DIRECTION('',(-0.999194395,0.,-0.040131793));
#173=AXIS2_PLACEMENT_3D('',#170,#171,#172);
#174=PLANE('',#173);
#175=CARTESIAN_POINT('',(-55.356225093,-22.688597833,-6.462021944));
#176=VERTEX_POINT('',#175);
#177=CARTESIAN_POINT('',(-55.356131675,-23.249600747,-6.445042977));
#178=VERTEX_POINT('',#177);
#179=CARTESIAN_POINT('',(-55.356225093,-22.688597833,-6.462021944));
#180=CARTESIAN_POINT('',(-55.355934875,-22.875595486,-6.456351983));
#181=CARTESIAN_POINT('',(-55.355904772,-23.06259647,-6.450692369));
#182=CARTESIAN_POINT('',(-55.356131675,-23.249600747,-6.445042977));
#183=B_SPLINE_CURVE_WITH_KNOTS('',3,(#179,#180,#181,#182),.UNSPECIFIED.,.F.,.F.,(4,4),(0.005711664,0.00627355),.UNSPECIFIED.);
#184=EDGE_CURVE('',#176,#178,#183,.T.);
#185=ORIENTED_EDGE('',*,*,#184,.F.);
#186=CARTESIAN_POINT('',(-55.355450978,-22.688597833,-6.461990853));
#187=VERTEX_POINT('',#186);
#188=CARTESIAN_POINT('',(-55.356225093,-22.688597833,-6.462021944));
#189=DIRECTION('',(0.999194395,-0.,0.040131793));
#190=VECTOR('',#189,0.000774739);
#191=LINE('',#188,#190);
#192=EDGE_CURVE('',#176,#187,#191,.T.);
#193=ORIENTED_EDGE('',*,*,#192,.T.);
#194=CARTESIAN_POINT('',(-55.355450978,-22.688597833,-6.461990853));
#195=DIRECTION('',(-0.001212803,-0.999543256,0.030196161));
#196=VECTOR('',#195,0.561259266);
#197=LINE('',#194,#196);
#198=EDGE_CURVE('',#187,#178,#197,.T.);
#199=ORIENTED_EDGE('',*,*,#198,.T.);
#200=EDGE_LOOP('',(#185,#193,#199));
#201=FACE_BOUND('',#200,.T.);
#202=ADVANCED_FACE('',(#201),#174,.T.);
#203=CARTESIAN_POINT('',(-61.111256494,-23.100805417,-6.68069502));
#204=DIRECTION('',(0.040113463,-0.030220507,-0.998738019));
#205=DIRECTION('',(-0.999194395,0.,-0.040131793));
#206=AXIS2_PLACEMENT_3D('',#203,#204,#205);
#207=PLANE('',#206);
#208=CARTESIAN_POINT('',(-61.110810694,-22.688597833,-6.693149978));
#209=VERTEX_POINT('',#208);
#210=CARTESIAN_POINT('',(-61.110036579,-22.688597833,-6.693118886));
#211=VERTEX_POINT('',#210);
#212=CARTESIAN_POINT('',(-61.110810694,-22.688597833,-6.693149978));
#213=DIRECTION('',(0.999194395,-0.,0.040131793));
#214=VECTOR('',#213,0.000774739);
#215=LINE('',#212,#214);
#216=EDGE_CURVE('',#209,#211,#215,.T.);
#217=ORIENTED_EDGE('',*,*,#216,.T.);
#218=CARTESIAN_POINT('',(-61.111491391,-23.249600747,-6.676202102));
#219=VERTEX_POINT('',#218);
#220=CARTESIAN_POINT('',(-61.111491391,-23.249600747,-6.676202102));
#221=CARTESIAN_POINT('',(-61.111264491,-23.062599409,-6.681851405));
#222=CARTESIAN_POINT('',(-61.110780607,-22.875597892,-6.687490392));
#223=CARTESIAN_POINT('',(-61.110036579,-22.688597833,-6.693118886));
#224=B_SPLINE_CURVE_WITH_KNOTS('',3,(#220,#221,#222,#223),.UNSPECIFIED.,.F.,.F.,(4,4),(0.,0.00056126),.UNSPECIFIED.);
#225=EDGE_CURVE('',#219,#211,#224,.T.);
#226=ORIENTED_EDGE('',*,*,#225,.F.);
#227=CARTESIAN_POINT('',(-61.110810694,-22.688597833,-6.693149978));
#228=DIRECTION('',(-0.001212803,-0.999543256,0.030196161));
#229=VECTOR('',#228,0.561259266);
#230=LINE('',#227,#229);
#231=EDGE_CURVE('',#209,#219,#230,.T.);
#232=ORIENTED_EDGE('',*,*,#231,.F.);
#233=EDGE_LOOP('',(#217,#226,#232));
#234=FACE_BOUND('',#233,.T.);
#235=ADVANCED_FACE('',(#234),#207,.T.);
#236=CARTESIAN_POINT('',(-55.565870053,-20.964201154,-1.223013289));
#237=DIRECTION('',(-0.040113463,-0.030220507,0.998738019));
#238=DIRECTION('',(-0.999194395,0.,-0.040131793));
#239=AXIS2_PLACEMENT_3D('',#236,#237,#238);
#240=PLANE('',#239);
#241=CARTESIAN_POINT('',(-55.565607686,-21.18043356,-1.229545661));
#242=VERTEX_POINT('',#241);
#243=CARTESIAN_POINT('',(-61.320967402,-21.18043356,-1.460704786));
#244=VERTEX_POINT('',#243);
#245=CARTESIAN_POINT('',(-55.565607686,-21.18043356,-1.229545661));
#246=DIRECTION('',(-0.999194395,0.,-0.040131793));
#247=VECTOR('',#246,5.76);
#248=LINE('',#245,#247);
#249=EDGE_CURVE('',#242,#244,#248,.T.);
#250=ORIENTED_EDGE('',*,*,#249,.F.);
#251=CARTESIAN_POINT('',(-55.565607393,-21.180674794,-1.229552949));
#252=VERTEX_POINT('',#251);
#253=CARTESIAN_POINT('',(-55.565607393,-21.180674794,-1.229552949));
#254=DIRECTION('',(-0.001212803,0.999543256,0.030196161));
#255=VECTOR('',#254,0.000241345);
#256=LINE('',#253,#255);
#257=EDGE_CURVE('',#252,#242,#256,.T.);
#258=ORIENTED_EDGE('',*,*,#257,.F.);
#259=CARTESIAN_POINT('',(-61.320967109,-21.180674794,-1.460712074));
#260=VERTEX_POINT('',#259);
#261=CARTESIAN_POINT('',(-55.565607393,-21.180674794,-1.229552949));
#262=DIRECTION('',(-0.999194395,0.,-0.040131793));
#263=VECTOR('',#262,5.76);
#264=LINE('',#261,#263);
#265=EDGE_CURVE('',#252,#260,#264,.T.);
#266=ORIENTED_EDGE('',*,*,#265,.T.);
#267=CARTESIAN_POINT('',(-61.320967109,-21.180674794,-1.460712074));
#268=DIRECTION('',(-0.001212803,0.999543256,0.030196161));
#269=VECTOR('',#268,0.000241345);
#270=LINE('',#267,#269);
#271=EDGE_CURVE('',#260,#244,#270,.T.);
#272=ORIENTED_EDGE('',*,*,#271,.T.);
#273=EDGE_LOOP('',(#250,#258,#266,#272));
#274=FACE_BOUND('',#273,.T.);
#275=ADVANCED_FACE('',(#274),#240,.F.);
#276=CARTESIAN_POINT('',(68.486560835,-235.570672311,-0.140689292));
#277=DIRECTION('',(0.039471868,0.,-0.999220682));
#278=DIRECTION('',(-0.999220682,0.,-0.039471868));
#279=AXIS2_PLACEMENT_3D('',#276,#277,#278);
#280=PLANE('',#279);
#281=ORIENTED_EDGE('',*,*,#62,.T.);
#282=ORIENTED_EDGE('',*,*,#142,.F.);
#283=CARTESIAN_POINT('',(-55.57593013,33.791293168,-5.041486815));
#284=VERTEX_POINT('',#283);
#285=CARTESIAN_POINT('',(-55.57593013,33.791293168,-5.041486815));
#286=DIRECTION('',(0.,1.,0.));
#287=VECTOR('',#286,2.686610962);
#288=LINE('',#285,#287);
#289=EDGE_CURVE('',#284,#131,#288,.T.);
#290=ORIENTED_EDGE('',*,*,#289,.F.);
#291=CARTESIAN_POINT('',(-60.969876422,33.791293167,-5.254562003));
#292=VERTEX_POINT('',#291);
#293=CARTESIAN_POINT('',(-55.57593013,33.791297254,-5.041486815));
#294=DIRECTION('',(-0.999220682,-0.,-0.039471868));
#295=VECTOR('',#294,5.398153169);
#296=LINE('',#293,#295);
#297=EDGE_CURVE('',#284,#292,#296,.T.);
#298=ORIENTED_EDGE('',*,*,#297,.T.);
#299=CARTESIAN_POINT('',(-60.969876422,36.477904129,-5.254562003));
#300=DIRECTION('',(0.,-1.,0.));
#301=VECTOR('',#300,2.686610962);
#302=LINE('',#299,#301);
#303=EDGE_CURVE('',#107,#292,#302,.T.);
#304=ORIENTED_EDGE('',*,*,#303,.F.);
#305=ORIENTED_EDGE('',*,*,#112,.F.);
#306=CARTESIAN_POINT('',(-62.337130714,-20.533674842,-5.308572175));
#307=VERTEX_POINT('',#306);
#308=CARTESIAN_POINT('',(-62.337130714,36.477904129,-5.308572175));
#309=DIRECTION('',(-0.,-1.,-0.));
#310=VECTOR('',#309,57.011578971);
#311=LINE('',#308,#310);
#312=EDGE_CURVE('',#99,#307,#311,.T.);
#313=ORIENTED_EDGE('',*,*,#312,.T.);
#314=CARTESIAN_POINT('',(-61.168275577,-20.533674842,-5.262399296));
#315=VERTEX_POINT('',#314);
#316=CARTESIAN_POINT('',(-61.168275577,-20.533674842,-5.262399296));
#317=DIRECTION('',(-0.999220682,0.,-0.039471868));
#318=VECTOR('',#317,1.169766756);
#319=LINE('',#316,#318);
#320=EDGE_CURVE('',#315,#307,#319,.T.);
#321=ORIENTED_EDGE('',*,*,#320,.F.);
#322=CARTESIAN_POINT('',(-61.168275577,-17.347098905,-5.262399296));
#323=VERTEX_POINT('',#322);
#324=CARTESIAN_POINT('',(-61.168275577,-20.533674842,-5.262399296));
#325=DIRECTION('',(0.,1.,0.));
#326=VECTOR('',#325,3.186575937);
#327=LINE('',#324,#326);
#328=EDGE_CURVE('',#315,#323,#327,.T.);
#329=ORIENTED_EDGE('',*,*,#328,.T.);
#330=CARTESIAN_POINT('',(-55.412763193,-17.346513078,-5.035041288));
#331=VERTEX_POINT('',#330);
#332=CARTESIAN_POINT('',(-61.168275578,-17.347094799,-5.262399296));
#333=DIRECTION('',(0.999220677,0.000101706,0.039471868));
#334=VECTOR('',#333,5.760001286);
#335=LINE('',#332,#334);
#336=EDGE_CURVE('',#323,#331,#335,.T.);
#337=ORIENTED_EDGE('',*,*,#336,.T.);
#338=CARTESIAN_POINT('',(-55.412763193,-20.533674842,-5.035041288));
#339=VERTEX_POINT('',#338);
#340=CARTESIAN_POINT('',(-55.412763193,-20.533674842,-5.035041288));
#341=DIRECTION('',(0.,1.,0.));
#342=VECTOR('',#341,3.187161764);
#343=LINE('',#340,#342);
#344=EDGE_CURVE('',#339,#331,#343,.T.);
#345=ORIENTED_EDGE('',*,*,#344,.F.);
#346=CARTESIAN_POINT('',(-51.8,-20.533674842,-4.892327558));
#347=DIRECTION('',(-0.999220682,0.,-0.039471868));
#348=VECTOR('',#347,3.61558088);
#349=LINE('',#346,#348);
#350=EDGE_CURVE('',#33,#339,#349,.T.);
#351=ORIENTED_EDGE('',*,*,#350,.F.);
#352=EDGE_LOOP('',(#281,#282,#290,#298,#304,#305,#313,#321,#329,#337,#345,#351));
#353=FACE_BOUND('',#352,.T.);
#354=ADVANCED_FACE('',(#353),#280,.F.);
#355=CARTESIAN_POINT('',(32.360244338,9.50871737,4.900000048));
#356=DIRECTION('',(0.,0.,1.));
#357=DIRECTION('',(-0.,-1.,0.));
#358=AXIS2_PLACEMENT_3D('',#355,#356,#357);
#359=PLANE('',#358);
#360=CARTESIAN_POINT('',(-66.33975757,-18.533674842,4.900000048));
#361=VERTEX_POINT('',#360);
#362=CARTESIAN_POINT('',(-66.33975757,34.477904129,4.900000048));
#363=VERTEX_POINT('',#362);
#364=CARTESIAN_POINT('',(-66.33975757,-18.533674842,4.900000048));
#365=DIRECTION('',(0.,1.,0.));
#366=VECTOR('',#365,53.011578971);
#367=LINE('',#364,#366);
#368=EDGE_CURVE('',#361,#363,#367,.T.);
#369=ORIENTED_EDGE('',*,*,#368,.F.);
#370=CARTESIAN_POINT('',(-65.53975757,-18.533674842,4.900000048));
#371=VERTEX_POINT('',#370);
#372=CARTESIAN_POINT('',(-66.33975757,-18.533674842,4.900000048));
#373=DIRECTION('',(1.,-0.,-0.));
#374=VECTOR('',#373,0.8);
#375=LINE('',#372,#374);
#376=EDGE_CURVE('',#361,#371,#375,.T.);
#377=ORIENTED_EDGE('',*,*,#376,.T.);
#378=CARTESIAN_POINT('',(-65.53975757,34.477904129,4.900000048));
#379=VERTEX_POINT('',#378);
#380=CARTESIAN_POINT('',(-65.53975757,-18.533674842,4.900000048));
#381=DIRECTION('',(0.,1.,0.));
#382=VECTOR('',#381,53.011578971);
#383=LINE('',#380,#382);
#384=EDGE_CURVE('',#371,#379,#383,.T.);
#385=ORIENTED_EDGE('',*,*,#384,.T.);
#386=CARTESIAN_POINT('',(-65.53975757,34.477904129,4.900000048));
#387=DIRECTION('',(-1.,-0.,0.));
#388=VECTOR('',#387,0.8);
#389=LINE('',#386,#388);
#390=EDGE_CURVE('',#379,#363,#389,.T.);
#391=ORIENTED_EDGE('',*,*,#390,.T.);
#392=EDGE_LOOP('',(#369,#377,#385,#391));
#393=FACE_BOUND('',#392,.T.);
#394=ADVANCED_FACE('',(#393),#359,.T.);
#395=CARTESIAN_POINT('',(-66.33975757,13.733717275,-2.2));
#396=DIRECTION('',(1.,-0.,0.));
#397=DIRECTION('',(0.,0.984295049,-0.176531178));
#398=AXIS2_PLACEMENT_3D('',#395,#396,#397);
#399=PLANE('',#398);
#400=CARTESIAN_POINT('',(-66.33975757,-20.533674842,2.900000048));
#401=VERTEX_POINT('',#400);
#402=CARTESIAN_POINT('',(-66.33975757,-20.533674842,-6.027651857));
#403=VERTEX_POINT('',#402);
#404=CARTESIAN_POINT('',(-66.33975757,-20.533674842,2.900000048));
#405=DIRECTION('',(0.,0.,-1.));
#406=VECTOR('',#405,8.927651905);
#407=LINE('',#404,#406);
#408=EDGE_CURVE('',#401,#403,#407,.T.);
#409=ORIENTED_EDGE('',*,*,#408,.F.);
#410=CARTESIAN_POINT('',(-66.33975757,-18.533674842,2.900000048));
#411=DIRECTION('',(-1.,0.,-0.));
#412=DIRECTION('',(0.,1.,0.));
#413=AXIS2_PLACEMENT_3D('',#410,#411,#412);
#414=CIRCLE('',#413,2.);
#415=EDGE_CURVE('',#401,#361,#414,.T.);
#416=ORIENTED_EDGE('',*,*,#415,.T.);
#417=ORIENTED_EDGE('',*,*,#368,.T.);
#418=CARTESIAN_POINT('',(-66.33975757,34.477904129,2.900000048));
#419=DIRECTION('',(-1.,0.,-0.));
#420=DIRECTION('',(0.,1.,0.));
#421=AXIS2_PLACEMENT_3D('',#418,#419,#420);
#422=CIRCLE('',#421,2.);
#423=EDGE_CURVE('',#363,#73,#422,.T.);
#424=ORIENTED_EDGE('',*,*,#423,.T.);
#425=ORIENTED_EDGE('',*,*,#80,.T.);
#426=CARTESIAN_POINT('',(-66.33975757,36.477904129,-6.027651857));
#427=DIRECTION('',(-0.,-1.,-0.));
#428=VECTOR('',#427,57.011578971);
#429=LINE('',#426,#428);
#430=EDGE_CURVE('',#75,#403,#429,.T.);
#431=ORIENTED_EDGE('',*,*,#430,.T.);
#432=EDGE_LOOP('',(#409,#416,#417,#424,#425,#431));
#433=FACE_BOUND('',#432,.T.);
#434=ADVANCED_FACE('',(#433),#399,.F.);
#435=CARTESIAN_POINT('',(-65.53975757,13.733717275,-2.2));
#436=DIRECTION('',(1.,-0.,0.));
#437=DIRECTION('',(0.,0.984295049,-0.176531178));
#438=AXIS2_PLACEMENT_3D('',#435,#436,#437);
#439=PLANE('',#438);
#440=ORIENTED_EDGE('',*,*,#384,.F.);
#441=CARTESIAN_POINT('',(-65.53975757,-20.533674842,2.900000048));
#442=VERTEX_POINT('',#441);
#443=CARTESIAN_POINT('',(-65.53975757,-18.533674842,2.900000048));
#444=DIRECTION('',(1.,-0.,0.));
#445=DIRECTION('',(0.,1.,0.));
#446=AXIS2_PLACEMENT_3D('',#443,#444,#445);
#447=CIRCLE('',#446,2.);
#448=EDGE_CURVE('',#371,#442,#447,.T.);
#449=ORIENTED_EDGE('',*,*,#448,.T.);
#450=CARTESIAN_POINT('',(-65.53975757,-20.533674842,-2.229959765));
#451=VERTEX_POINT('',#450);
#452=CARTESIAN_POINT('',(-65.53975757,-20.533674842,2.900000048));
#453=DIRECTION('',(0.,0.,-1.));
#454=VECTOR('',#453,5.129959813);
#455=LINE('',#452,#454);
#456=EDGE_CURVE('',#442,#451,#455,.T.);
#457=ORIENTED_EDGE('',*,*,#456,.T.);
#458=CARTESIAN_POINT('',(-65.53975757,-20.533674842,-2.229959765));
#459=DIRECTION('',(0.,1.,0.));
#460=VECTOR('',#459,57.011578971);
#461=LINE('',#458,#460);
#462=EDGE_CURVE('',#451,#91,#461,.T.);
#463=ORIENTED_EDGE('',*,*,#462,.T.);
#464=ORIENTED_EDGE('',*,*,#96,.T.);
#465=CARTESIAN_POINT('',(-65.53975757,34.477904129,2.900000048));
#466=DIRECTION('',(1.,-0.,0.));
#467=DIRECTION('',(0.,1.,0.));
#468=AXIS2_PLACEMENT_3D('',#465,#466,#467);
#469=CIRCLE('',#468,2.);
#470=EDGE_CURVE('',#83,#379,#469,.T.);
#471=ORIENTED_EDGE('',*,*,#470,.T.);
#472=EDGE_LOOP('',(#440,#449,#457,#463,#464,#471));
#473=FACE_BOUND('',#472,.T.);
#474=ADVANCED_FACE('',(#473),#439,.T.);
#475=CARTESIAN_POINT('',(-65.300285702,-235.570672311,-7.026872539));
#476=DIRECTION('',(-0.69301087,0.,-0.720927135));
#477=DIRECTION('',(-0.,-1.,-0.));
#478=AXIS2_PLACEMENT_3D('',#475,#476,#477);
#479=PLANE('',#478);
#480=ORIENTED_EDGE('',*,*,#430,.F.);
#481=ORIENTED_EDGE('',*,*,#165,.T.);
#482=CARTESIAN_POINT('',(-65.300285702,-20.533674842,-7.026872539));
#483=VERTEX_POINT('',#482);
#484=CARTESIAN_POINT('',(-65.300285702,-20.533674842,-7.026872539));
#485=DIRECTION('',(0.,1.,0.));
#486=VECTOR('',#485,57.011578971);
#487=LINE('',#484,#486);
#488=EDGE_CURVE('',#483,#154,#487,.T.);
#489=ORIENTED_EDGE('',*,*,#488,.F.);
#490=CARTESIAN_POINT('',(-65.300285702,-20.533674842,-7.026872539));
#491=DIRECTION('',(-0.720927135,0.,0.69301087));
#492=VECTOR('',#491,1.44185427);
#493=LINE('',#490,#492);
#494=EDGE_CURVE('',#483,#403,#493,.T.);
#495=ORIENTED_EDGE('',*,*,#494,.T.);
#496=EDGE_LOOP('',(#480,#481,#489,#495));
#497=FACE_BOUND('',#496,.T.);
#498=ADVANCED_FACE('',(#497),#479,.T.);
#499=CARTESIAN_POINT('',(-58.469878785,-20.533674842,3.500000048));
#500=DIRECTION('',(0.,-1.,0.));
#501=DIRECTION('',(0.,0.,-1.));
#502=AXIS2_PLACEMENT_3D('',#499,#500,#501);
#503=PLANE('',#502);
#504=ORIENTED_EDGE('',*,*,#456,.F.);
#505=CARTESIAN_POINT('',(-65.53975757,-20.533674842,2.900000048));
#506=DIRECTION('',(-1.,0.,0.));
#507=VECTOR('',#506,0.8);
#508=LINE('',#505,#507);
#509=EDGE_CURVE('',#442,#401,#508,.T.);
#510=ORIENTED_EDGE('',*,*,#509,.T.);
#511=ORIENTED_EDGE('',*,*,#408,.T.);
#512=ORIENTED_EDGE('',*,*,#494,.F.);
#513=CARTESIAN_POINT('',(-65.339966011,-20.533674842,-6.232027692));
#514=VERTEX_POINT('',#513);
#515=CARTESIAN_POINT('',(-65.339966011,-20.533674842,-6.232027692));
#516=DIRECTION('',(0.049859989,0.,-0.998756217));
#517=VECTOR('',#516,0.795834693);
#518=LINE('',#515,#517);
#519=EDGE_CURVE('',#514,#483,#518,.T.);
#520=ORIENTED_EDGE('',*,*,#519,.F.);
#521=CARTESIAN_POINT('',(-51.8,-20.533674842,-5.692565468));
#522=DIRECTION('',(-0.999207243,0.,-0.039810629));
#523=VECTOR('',#522,13.550708434);
#524=LINE('',#521,#523);
#525=EDGE_CURVE('',#35,#514,#524,.T.);
#526=ORIENTED_EDGE('',*,*,#525,.F.);
#527=ORIENTED_EDGE('',*,*,#40,.F.);
#528=ORIENTED_EDGE('',*,*,#350,.T.);
#529=CARTESIAN_POINT('',(-55.387712862,-20.533674842,-5.658740083));
#530=VERTEX_POINT('',#529);
#531=CARTESIAN_POINT('',(-55.412763193,-20.533674842,-5.035041288));
#532=DIRECTION('',(0.040131793,0.,-0.999194395));
#533=VECTOR('',#532,0.624201654);
#534=LINE('',#531,#533);
#535=EDGE_CURVE('',#339,#530,#534,.T.);
#536=ORIENTED_EDGE('',*,*,#535,.T.);
#537=CARTESIAN_POINT('',(-61.15242202,-20.533674842,-5.657118412));
#538=VERTEX_POINT('',#537);
#539=CARTESIAN_POINT('',(-55.387712862,-20.533674842,-5.658740083));
#540=CARTESIAN_POINT('',(-57.309282576,-20.533674842,-5.658181866));
#541=CARTESIAN_POINT('',(-59.230852296,-20.533674842,-5.657641434));
#542=CARTESIAN_POINT('',(-61.15242202,-20.533674842,-5.657118412));
#543=B_SPLINE_CURVE_WITH_KNOTS('',3,(#539,#540,#541,#542),.UNSPECIFIED.,.F.,.F.,(4,4),(0.014196076,0.019960786),.UNSPECIFIED.);
#544=EDGE_CURVE('',#530,#538,#543,.T.);
#545=ORIENTED_EDGE('',*,*,#544,.T.);
#546=CARTESIAN_POINT('',(-61.168275577,-20.533674842,-5.262399296));
#547=DIRECTION('',(0.040131793,0.,-0.999194395));
#548=VECTOR('',#547,0.39503736);
#549=LINE('',#546,#548);
#550=EDGE_CURVE('',#315,#538,#549,.T.);
#551=ORIENTED_EDGE('',*,*,#550,.F.);
#552=ORIENTED_EDGE('',*,*,#320,.T.);
#553=CARTESIAN_POINT('',(-62.337130714,-20.533674842,-5.308572175));
#554=DIRECTION('',(-0.720927135,0.,0.69301087));
#555=VECTOR('',#554,4.442372469);
#556=LINE('',#553,#555);
#557=EDGE_CURVE('',#307,#451,#556,.T.);
#558=ORIENTED_EDGE('',*,*,#557,.T.);
#559=EDGE_LOOP('',(#504,#510,#511,#512,#520,#526,#527,#528,#536,#545,#551,#552,#558));
#560=FACE_BOUND('',#559,.T.);
#561=ADVANCED_FACE('',(#560),#503,.T.);
#562=CARTESIAN_POINT('',(-60.017592283,35.72387013,-5.317022246));
#563=DIRECTION('',(0.039471868,0.,-0.999220682));
#564=DIRECTION('',(-0.999220682,0.,-0.039471868));
#565=AXIS2_PLACEMENT_3D('',#562,#563,#564);
#566=PLANE('',#565);
#567=CARTESIAN_POINT('',(-60.965929235,38.080508121,-5.354484072));
#568=VERTEX_POINT('',#567);
#569=CARTESIAN_POINT('',(-60.965929235,38.080508121,-5.354484072));
#570=DIRECTION('',(0.,-1.,-0.));
#571=VECTOR('',#570,1.602603992);
#572=LINE('',#569,#571);
#573=EDGE_CURVE('',#568,#115,#572,.T.);
#574=ORIENTED_EDGE('',*,*,#573,.F.);
#575=CARTESIAN_POINT('',(-55.571982943,38.080508091,-5.141408883));
#576=VERTEX_POINT('',#575);
#577=CARTESIAN_POINT('',(-60.965929235,38.080508121,-5.354484072));
#578=DIRECTION('',(0.999220682,-0.000000006,0.039471868));
#579=VECTOR('',#578,5.398153169);
#580=LINE('',#577,#579);
#581=EDGE_CURVE('',#568,#576,#580,.T.);
#582=ORIENTED_EDGE('',*,*,#581,.T.);
#583=CARTESIAN_POINT('',(-55.571982943,36.477904129,-5.141408883));
#584=DIRECTION('',(-0.,1.,0.));
#585=VECTOR('',#584,1.602603962);
#586=LINE('',#583,#585);
#587=EDGE_CURVE('',#123,#576,#586,.T.);
#588=ORIENTED_EDGE('',*,*,#587,.F.);
#589=ORIENTED_EDGE('',*,*,#128,.F.);
#590=EDGE_LOOP('',(#574,#582,#588,#589));
#591=FACE_BOUND('',#590,.T.);
#592=ADVANCED_FACE('',(#591),#566,.T.);
#593=CARTESIAN_POINT('',(-61.036978597,36.180508126,-3.555886844));
#594=DIRECTION('',(0.999220682,0.,0.039471868));
#595=DIRECTION('',(0.039471868,0.,-0.999220682));
#596=AXIS2_PLACEMENT_3D('',#593,#594,#595);
#597=PLANE('',#596);
#598=CARTESIAN_POINT('',(-61.036978597,38.080508121,-3.555886844));
#599=VERTEX_POINT('',#598);
#600=CARTESIAN_POINT('',(-61.036978597,35.277904129,-3.555886844));
#601=VERTEX_POINT('',#600);
#602=CARTESIAN_POINT('',(-61.036978597,38.080508121,-3.555886844));
#603=DIRECTION('',(0.,-1.,-0.));
#604=VECTOR('',#603,2.802603992);
#605=LINE('',#602,#604);
#606=EDGE_CURVE('',#599,#601,#605,.T.);
#607=ORIENTED_EDGE('',*,*,#606,.F.);
#608=CARTESIAN_POINT('',(-61.025137037,38.380508121,-3.855653048));
#609=VERTEX_POINT('',#608);
#610=CARTESIAN_POINT('',(-61.025137037,38.080508121,-3.855653048));
#611=DIRECTION('',(-0.999220682,-0.,-0.039471868));
#612=DIRECTION('',(0.039471868,0.,-0.999220682));
#613=AXIS2_PLACEMENT_3D('',#610,#611,#612);
#614=CIRCLE('',#613,0.3);
#615=EDGE_CURVE('',#599,#609,#614,.T.);
#616=ORIENTED_EDGE('',*,*,#615,.T.);
#617=CARTESIAN_POINT('',(-60.977770795,38.380508121,-5.054717867));
#618=VERTEX_POINT('',#617);
#619=CARTESIAN_POINT('',(-61.025137037,38.380508121,-3.855653048));
#620=DIRECTION('',(0.039471868,0.,-0.999220682));
#621=VECTOR('',#620,1.2);
#622=LINE('',#619,#621);
#623=EDGE_CURVE('',#609,#618,#622,.T.);
#624=ORIENTED_EDGE('',*,*,#623,.T.);
#625=CARTESIAN_POINT('',(-60.977770795,38.080508121,-5.054717867));
#626=DIRECTION('',(-0.999220682,-0.,-0.039471868));
#627=DIRECTION('',(0.039471868,0.,-0.999220682));
#628=AXIS2_PLACEMENT_3D('',#625,#626,#627);
#629=CIRCLE('',#628,0.3);
#630=EDGE_CURVE('',#618,#568,#629,.T.);
#631=ORIENTED_EDGE('',*,*,#630,.T.);
#632=ORIENTED_EDGE('',*,*,#573,.T.);
#633=ORIENTED_EDGE('',*,*,#120,.T.);
#634=ORIENTED_EDGE('',*,*,#303,.T.);
#635=CARTESIAN_POINT('',(-61.014611205,34.782368504,-4.122111897));
#636=VERTEX_POINT('',#635);
#637=CARTESIAN_POINT('',(-61.009348289,33.791297254,-4.255341321));
#638=DIRECTION('',(0.999220682,0.,0.039471868));
#639=DIRECTION('',(0.039471868,0.,-0.999220682));
#640=AXIS2_PLACEMENT_3D('',#637,#638,#639);
#641=CIRCLE('',#640,1.);
#642=EDGE_CURVE('',#292,#636,#641,.T.);
#643=ORIENTED_EDGE('',*,*,#642,.T.);
#644=CARTESIAN_POINT('',(-61.017242663,35.277904129,-4.055497185));
#645=DIRECTION('',(-0.999220682,-0.,-0.039471868));
#646=DIRECTION('',(0.039471868,0.,-0.999220682));
#647=AXIS2_PLACEMENT_3D('',#644,#645,#646);
#648=CIRCLE('',#647,0.5);
#649=EDGE_CURVE('',#636,#601,#648,.T.);
#650=ORIENTED_EDGE('',*,*,#649,.T.);
#651=EDGE_LOOP('',(#607,#616,#624,#631,#632,#633,#634,#643,#650));
#652=FACE_BOUND('',#651,.T.);
#653=ADVANCED_FACE('',(#652),#597,.F.);
#654=CARTESIAN_POINT('',(-58.340928147,38.380508106,-3.449385698));
#655=DIRECTION('',(-0.000000006,-1.,-0.));
#656=DIRECTION('',(1.,-0.000000006,0.));
#657=AXIS2_PLACEMENT_3D('',#654,#655,#656);
#658=PLANE('',#657);
#659=ORIENTED_EDGE('',*,*,#623,.F.);
#660=CARTESIAN_POINT('',(-55.631190745,38.380508091,-3.64257786));
#661=VERTEX_POINT('',#660);
#662=CARTESIAN_POINT('',(-61.025137037,38.380508121,-3.855653048));
#663=DIRECTION('',(0.999220682,-0.000000006,0.039471868));
#664=VECTOR('',#663,5.398153169);
#665=LINE('',#662,#664);
#666=EDGE_CURVE('',#609,#661,#665,.T.);
#667=ORIENTED_EDGE('',*,*,#666,.T.);
#668=CARTESIAN_POINT('',(-55.583824503,38.380508091,-4.841642679));
#669=VERTEX_POINT('',#668);
#670=CARTESIAN_POINT('',(-55.631190745,38.380508091,-3.64257786));
#671=DIRECTION('',(0.039471868,0.,-0.999220682));
#672=VECTOR('',#671,1.2);
#673=LINE('',#670,#672);
#674=EDGE_CURVE('',#661,#669,#673,.T.);
#675=ORIENTED_EDGE('',*,*,#674,.T.);
#676=CARTESIAN_POINT('',(-55.583824503,38.380508091,-4.841642679));
#677=DIRECTION('',(-0.999220682,0.000000006,-0.039471868));
#678=VECTOR('',#677,5.398153169);
#679=LINE('',#676,#678);
#680=EDGE_CURVE('',#669,#618,#679,.T.);
#681=ORIENTED_EDGE('',*,*,#680,.T.);
#682=EDGE_LOOP('',(#659,#667,#675,#681));
#683=FACE_BOUND('',#682,.T.);
#684=ADVANCED_FACE('',(#683),#658,.F.);
#685=CARTESIAN_POINT('',(-55.643032305,34.377904129,-3.342811655));
#686=DIRECTION('',(-0.999220682,0.,-0.039471868));
#687=DIRECTION('',(-0.039471868,0.,0.999220682));
#688=AXIS2_PLACEMENT_3D('',#685,#686,#687);
#689=PLANE('',#688);
#690=ORIENTED_EDGE('',*,*,#674,.F.);
#691=CARTESIAN_POINT('',(-55.643032305,38.080508091,-3.342811655));
#692=VERTEX_POINT('',#691);
#693=CARTESIAN_POINT('',(-55.631190745,38.080508091,-3.64257786));
#694=DIRECTION('',(0.999220682,-0.,0.039471868));
#695=DIRECTION('',(-0.039471868,0.,0.999220682));
#696=AXIS2_PLACEMENT_3D('',#693,#694,#695);
#697=CIRCLE('',#696,0.3);
#698=EDGE_CURVE('',#661,#692,#697,.T.);
#699=ORIENTED_EDGE('',*,*,#698,.T.);
#700=CARTESIAN_POINT('',(-55.643032305,35.277904129,-3.342811655));
#701=VERTEX_POINT('',#700);
#702=CARTESIAN_POINT('',(-55.643032305,35.277904129,-3.342811655));
#703=DIRECTION('',(-0.,1.,0.));
#704=VECTOR('',#703,2.802603962);
#705=LINE('',#702,#704);
#706=EDGE_CURVE('',#701,#692,#705,.T.);
#707=ORIENTED_EDGE('',*,*,#706,.F.);
#708=CARTESIAN_POINT('',(-55.620664913,34.782368504,-3.909036709));
#709=VERTEX_POINT('',#708);
#710=CARTESIAN_POINT('',(-55.623296371,35.277904129,-3.842421996));
#711=DIRECTION('',(0.999220682,-0.,0.039471868));
#712=DIRECTION('',(-0.039471868,0.,0.999220682));
#713=AXIS2_PLACEMENT_3D('',#710,#711,#712);
#714=CIRCLE('',#713,0.5);
#715=EDGE_CURVE('',#701,#709,#714,.T.);
#716=ORIENTED_EDGE('',*,*,#715,.T.);
#717=CARTESIAN_POINT('',(-55.615401998,33.791297254,-4.042266133));
#718=DIRECTION('',(-0.999220682,0.,-0.039471868));
#719=DIRECTION('',(-0.039471868,0.,0.999220682));
#720=AXIS2_PLACEMENT_3D('',#717,#718,#719);
#721=CIRCLE('',#720,1.);
#722=EDGE_CURVE('',#709,#284,#721,.T.);
#723=ORIENTED_EDGE('',*,*,#722,.T.);
#724=ORIENTED_EDGE('',*,*,#289,.T.);
#725=ORIENTED_EDGE('',*,*,#136,.F.);
#726=ORIENTED_EDGE('',*,*,#587,.T.);
#727=CARTESIAN_POINT('',(-55.583824503,38.080508091,-4.841642679));
#728=DIRECTION('',(0.999220682,-0.,0.039471868));
#729=DIRECTION('',(-0.039471868,0.,0.999220682));
#730=AXIS2_PLACEMENT_3D('',#727,#728,#729);
#731=CIRCLE('',#730,0.3);
#732=EDGE_CURVE('',#576,#669,#731,.T.);
#733=ORIENTED_EDGE('',*,*,#732,.T.);
#734=EDGE_LOOP('',(#690,#699,#707,#716,#723,#724,#725,#726,#733));
#735=FACE_BOUND('',#734,.T.);
#736=ADVANCED_FACE('',(#735),#689,.F.);
#737=CARTESIAN_POINT('',(-60.088641645,35.72387013,-3.518425018));
#738=DIRECTION('',(0.039471868,0.,-0.999220682));
#739=DIRECTION('',(-0.999220682,0.,-0.039471868));
#740=AXIS2_PLACEMENT_3D('',#737,#738,#739);
#741=PLANE('',#740);
#742=CARTESIAN_POINT('',(-61.036978597,35.277904129,-3.555886844));
#743=DIRECTION('',(0.999220682,-0.,0.039471868));
#744=VECTOR('',#743,5.398153169);
#745=LINE('',#742,#744);
#746=EDGE_CURVE('',#601,#701,#745,.T.);
#747=ORIENTED_EDGE('',*,*,#746,.T.);
#748=ORIENTED_EDGE('',*,*,#706,.T.);
#749=CARTESIAN_POINT('',(-55.643032305,38.080508091,-3.342811655));
#750=DIRECTION('',(-0.999220682,0.000000006,-0.039471868));
#751=VECTOR('',#750,5.398153169);
#752=LINE('',#749,#751);
#753=EDGE_CURVE('',#692,#599,#752,.T.);
#754=ORIENTED_EDGE('',*,*,#753,.T.);
#755=ORIENTED_EDGE('',*,*,#606,.T.);
#756=EDGE_LOOP('',(#747,#748,#754,#755));
#757=FACE_BOUND('',#756,.T.);
#758=ADVANCED_FACE('',(#757),#741,.F.);
#759=CARTESIAN_POINT('',(-60.061011337,33.791297254,-4.217879496));
#760=DIRECTION('',(0.999220682,0.,0.039471868));
#761=DIRECTION('',(0.039471868,0.,-0.999220682));
#762=AXIS2_PLACEMENT_3D('',#759,#760,#761);
#763=CYLINDRICAL_SURFACE('',#762,1.);
#764=ORIENTED_EDGE('',*,*,#642,.F.);
#765=ORIENTED_EDGE('',*,*,#297,.F.);
#766=ORIENTED_EDGE('',*,*,#722,.F.);
#767=CARTESIAN_POINT('',(-55.620664913,34.782368504,-3.909036709));
#768=DIRECTION('',(-0.999220682,-0.,-0.039471868));
#769=VECTOR('',#768,5.398153169);
#770=LINE('',#767,#769);
#771=EDGE_CURVE('',#709,#636,#770,.T.);
#772=ORIENTED_EDGE('',*,*,#771,.T.);
#773=EDGE_LOOP('',(#764,#765,#766,#772));
#774=FACE_BOUND('',#773,.T.);
#775=ADVANCED_FACE('',(#774),#763,.F.);
#776=CARTESIAN_POINT('',(-60.068905711,35.277904129,-4.018035359));
#777=DIRECTION('',(0.999220682,0.,0.039471868));
#778=DIRECTION('',(0.039471868,0.,-0.999220682));
#779=AXIS2_PLACEMENT_3D('',#776,#777,#778);
#780=CYLINDRICAL_SURFACE('',#779,0.5);
#781=ORIENTED_EDGE('',*,*,#649,.F.);
#782=ORIENTED_EDGE('',*,*,#771,.F.);
#783=ORIENTED_EDGE('',*,*,#715,.F.);
#784=ORIENTED_EDGE('',*,*,#746,.F.);
#785=EDGE_LOOP('',(#781,#782,#783,#784));
#786=FACE_BOUND('',#785,.T.);
#787=ADVANCED_FACE('',(#786),#780,.T.);
#788=CARTESIAN_POINT('',(-60.076800084,38.080508116,-3.818191223));
#789=DIRECTION('',(-0.999220682,0.000000006,-0.039471868));
#790=DIRECTION('',(-0.039471868,0.,0.999220682));
#791=AXIS2_PLACEMENT_3D('',#788,#789,#790);
#792=CYLINDRICAL_SURFACE('',#791,0.3);
#793=ORIENTED_EDGE('',*,*,#698,.F.);
#794=ORIENTED_EDGE('',*,*,#666,.F.);
#795=ORIENTED_EDGE('',*,*,#615,.F.);
#796=ORIENTED_EDGE('',*,*,#753,.F.);
#797=EDGE_LOOP('',(#793,#794,#795,#796));
#798=FACE_BOUND('',#797,.T.);
#799=ADVANCED_FACE('',(#798),#792,.T.);
#800=CARTESIAN_POINT('',(-58.281720347,38.080508106,-4.948216722));
#801=DIRECTION('',(0.999220682,-0.000000006,0.039471868));
#802=DIRECTION('',(0.039471868,-0.,-0.999220682));
#803=AXIS2_PLACEMENT_3D('',#800,#801,#802);
#804=CYLINDRICAL_SURFACE('',#803,0.3);
#805=ORIENTED_EDGE('',*,*,#732,.F.);
#806=ORIENTED_EDGE('',*,*,#581,.F.);
#807=ORIENTED_EDGE('',*,*,#630,.F.);
#808=ORIENTED_EDGE('',*,*,#680,.F.);
#809=EDGE_LOOP('',(#805,#806,#807,#808));
#810=FACE_BOUND('',#809,.T.);
#811=ADVANCED_FACE('',(#810),#804,.T.);
#812=CARTESIAN_POINT('',(-64.93975757,13.733717275,-2.806726129));
#813=DIRECTION('',(-0.69301087,0.,-0.720927135));
#814=DIRECTION('',(0.,1.,0.));
#815=AXIS2_PLACEMENT_3D('',#812,#813,#814);
#816=PLANE('',#815);
#817=ORIENTED_EDGE('',*,*,#557,.F.);
#818=ORIENTED_EDGE('',*,*,#312,.F.);
#819=ORIENTED_EDGE('',*,*,#104,.F.);
#820=ORIENTED_EDGE('',*,*,#462,.F.);
#821=EDGE_LOOP('',(#817,#818,#819,#820));
#822=FACE_BOUND('',#821,.T.);
#823=ADVANCED_FACE('',(#822),#816,.F.);
#824=CARTESIAN_POINT('',(-55.300344294,-21.853383687,-0.360299428));
#825=CARTESIAN_POINT('',(-55.300344294,-19.705383687,-0.360299428));
#826=CARTESIAN_POINT('',(-55.232459361,-19.705383687,-2.050486707));
#827=CARTESIAN_POINT('',(-55.232459361,-21.853383687,-2.050486707));
#828=CARTESIAN_POINT('',(-55.232459361,-24.001383687,-2.050486707));
#829=CARTESIAN_POINT('',(-55.300344294,-24.001383687,-0.360299428));
#830=CARTESIAN_POINT('',(-55.300344294,-21.853383687,-0.360299428));
#831=(BOUNDED_CURVE()
B_SPLINE_CURVE(3,(#824,#825,#826,#827,#828,#829,#830),.UNSPECIFIED.,.T.,.F.)
B_SPLINE_CURVE_WITH_KNOTS((4,3,4),(0.,0.5,1.),.UNSPECIFIED.)
CURVE()
GEOMETRIC_REPRESENTATION_ITEM()
RATIONAL_B_SPLINE_CURVE((1.,0.333333333,0.333333333,1.,0.333333333,0.333333333,1.))
REPRESENTATION_ITEM(''));
#832=DIRECTION('',(-0.999194395,0.,-0.040131793));
#833=VECTOR('',#832,1.);
#834=SURFACE_OF_LINEAR_EXTRUSION('',#831,#833);
#835=OFFSET_SURFACE('',#834,-0.401013394,.F.);
#836=CARTESIAN_POINT('',(-61.339303147,-21.853383687,-1.004184598));
#837=VERTEX_POINT('',#836);
#838=CARTESIAN_POINT('',(-55.583943384,-21.853383687,-0.773026634));
#839=VERTEX_POINT('',#838);
#840=CARTESIAN_POINT('',(-61.339303099,-21.853383687,-1.004185782));
#841=CARTESIAN_POINT('',(-59.420849861,-21.853383687,-0.92713274));
#842=CARTESIAN_POINT('',(-57.502396622,-21.853383687,-0.850079698));
#843=CARTESIAN_POINT('',(-55.583943383,-21.853383687,-0.773026657));
#844=B_SPLINE_CURVE_WITH_KNOTS('',3,(#840,#841,#842,#843),.UNSPECIFIED.,.F.,.F.,(4,4),(0.000299951,0.006059951),.UNSPECIFIED.);
#845=EDGE_CURVE('',#837,#839,#844,.T.);
#846=ORIENTED_EDGE('',*,*,#845,.F.);
#847=CARTESIAN_POINT('',(-61.320967109,-21.180674794,-1.460712074));
#848=CARTESIAN_POINT('',(-61.323971516,-21.177247472,-1.385908891));
#849=CARTESIAN_POINT('',(-61.32687363,-21.207513927,-1.313652558));
#850=CARTESIAN_POINT('',(-61.329227055,-21.252618095,-1.255057376));
#851=CARTESIAN_POINT('',(-61.331580481,-21.297722264,-1.196462195));
#852=CARTESIAN_POINT('',(-61.333464641,-21.356922294,-1.149550707));
#853=CARTESIAN_POINT('',(-61.334930134,-21.420584997,-1.113063103));
#854=CARTESIAN_POINT('',(-61.336395628,-21.4842477,-1.076575498));
#855=CARTESIAN_POINT('',(-61.337474324,-21.554205839,-1.049718315));
#856=CARTESIAN_POINT('',(-61.338189327,-21.625354729,-1.031916303));
#857=CARTESIAN_POINT('',(-61.338904329,-21.69650362,-1.01411429));
#858=CARTESIAN_POINT('',(-61.339269739,-21.769165873,-1.005016375));
#859=CARTESIAN_POINT('',(-61.339300969,-21.843274769,-1.004238811));
#860=CARTESIAN_POINT('',(-61.3393322,-21.917383664,-1.003461248));
#861=CARTESIAN_POINT('',(-61.339027793,-21.990242666,-1.011040303));
#862=CARTESIAN_POINT('',(-61.33837757,-22.061739797,-1.027229443));
#863=CARTESIAN_POINT('',(-61.337727347,-22.133236929,-1.043418583));
#864=CARTESIAN_POINT('',(-61.336716517,-22.203825615,-1.068586049));
#865=CARTESIAN_POINT('',(-61.335323258,-22.268527418,-1.10327518));
#866=CARTESIAN_POINT('',(-61.333929999,-22.333229221,-1.137964311));
#867=CARTESIAN_POINT('',(-61.332126265,-22.393816499,-1.182873344));
#868=CARTESIAN_POINT('',(-61.329856316,-22.441513439,-1.239390142));
#869=CARTESIAN_POINT('',(-61.328721342,-22.46536191,-1.267648541));
#870=CARTESIAN_POINT('',(-61.327462833,-22.48596827,-1.298982673));
#871=CARTESIAN_POINT('',(-61.326105276,-22.500918591,-1.332782902));
#872=CARTESIAN_POINT('',(-61.324747718,-22.515868912,-1.366583132));
#873=CARTESIAN_POINT('',(-61.32325973,-22.525131046,-1.403630804));
#874=CARTESIAN_POINT('',(-61.321775594,-22.526249161,-1.440582557));
#875=B_SPLINE_CURVE_WITH_KNOTS('',3,(#847,#848,#849,#850,#851,#852,#853,#854,#855,#856,#857,#858,#859,#860,#861,#862,#863,#864,#865,#866,#867,#868,#869,#870,#871,#872,
#873,#874),.UNSPECIFIED.,.F.,.F.,(4,3,3,3,3,3,3,3,3,4),(0.,0.00022121,0.000442421,0.000663631,0.000884841,0.001106051,0.001327262,0.001548472,0.001659077,0.001769682),.UNSPECIFIED.);
#876=EDGE_CURVE('',#260,#837,#875,.T.);
#877=ORIENTED_EDGE('',*,*,#876,.F.);
#878=ORIENTED_EDGE('',*,*,#265,.F.);
#879=CARTESIAN_POINT('',(-55.565607393,-21.180674794,-1.229552949));
#880=CARTESIAN_POINT('',(-55.568611881,-21.177247431,-1.154747743));
#881=CARTESIAN_POINT('',(-55.571543613,-21.207804365,-1.081753992));
#882=CARTESIAN_POINT('',(-55.573908847,-21.253416061,-1.022864796));
#883=CARTESIAN_POINT('',(-55.576274082,-21.299027758,-0.9639756));
#884=CARTESIAN_POINT('',(-55.578161948,-21.358808987,-0.91697183));
#885=CARTESIAN_POINT('',(-55.579627205,-21.423063489,-0.880490124));
#886=CARTESIAN_POINT('',(-55.581092461,-21.487317991,-0.844008418));
#887=CARTESIAN_POINT('',(-55.582167776,-21.557914055,-0.817235428));
#888=CARTESIAN_POINT('',(-55.58287564,-21.629987872,-0.79961115));
#889=CARTESIAN_POINT('',(-55.583583504,-21.70206169,-0.781986873));
#890=CARTESIAN_POINT('',(-55.583930186,-21.775170135,-0.773355249));
#891=CARTESIAN_POINT('',(-55.583943025,-21.849234893,-0.773035588));
#892=CARTESIAN_POINT('',(-55.583955864,-21.923299651,-0.772715928));
#893=CARTESIAN_POINT('',(-55.583624978,-21.997679264,-0.780954265));
#894=CARTESIAN_POINT('',(-55.582948219,-22.06924873,-0.797804101));
#895=CARTESIAN_POINT('',(-55.582271459,-22.140818195,-0.814653938));
#896=CARTESIAN_POINT('',(-55.581229474,-22.211572164,-0.840597109));
#897=CARTESIAN_POINT('',(-55.579791569,-22.276395957,-0.876397822));
#898=CARTESIAN_POINT('',(-55.578353663,-22.341219749,-0.912198535));
#899=CARTESIAN_POINT('',(-55.57649601,-22.401572088,-0.958450068));
#900=CARTESIAN_POINT('',(-55.574174034,-22.448135849,-1.016262225));
#901=CARTESIAN_POINT('',(-55.573013046,-22.47141773,-1.045168303));
#902=CARTESIAN_POINT('',(-55.571716197,-22.491412029,-1.077457028));
#903=CARTESIAN_POINT('',(-55.570331905,-22.505265674,-1.111922873));
#904=CARTESIAN_POINT('',(-55.568947614,-22.519119318,-1.146388718));
#905=CARTESIAN_POINT('',(-55.567445082,-22.526819572,-1.1837985));
#906=CARTESIAN_POINT('',(-55.565959095,-22.526348879,-1.220796339));
#907=B_SPLINE_CURVE_WITH_KNOTS('',3,(#879,#880,#881,#882,#883,#884,#885,#886,#887,#888,#889,#890,#891,#892,#893,#894,#895,#896,#897,#898,#899,#900,#901,#902,#903,#904,
#905,#906),.UNSPECIFIED.,.F.,.F.,(4,3,3,3,3,3,3,3,3,4),(0.00287824,0.00309909,0.00331994,0.00354079,0.00376164,0.00398249,0.00420334,0.004424191,0.004534616,0.004645041),.UNSPECIFIED.);
#908=EDGE_CURVE('',#252,#839,#907,.T.);
#909=ORIENTED_EDGE('',*,*,#908,.T.);
#910=EDGE_LOOP('',(#846,#877,#878,#909));
#911=FACE_BOUND('',#910,.T.);
#912=ADVANCED_FACE('',(#911),#835,.F.);
#913=CARTESIAN_POINT('',(-55.062747027,-25.254383687,-5.775954905));
#914=DIRECTION('',(-0.040131793,-0.,0.999194395));
#915=DIRECTION('',(0.,1.,0.));
#916=AXIS2_PLACEMENT_3D('',#913,#914,#915);
#917=PLANE('',#916);
#918=CARTESIAN_POINT('',(-55.574334557,-24.180383687,-5.796502383));
#919=VERTEX_POINT('',#918);
#920=CARTESIAN_POINT('',(-55.574334557,-25.014383687,-5.796502383));
#921=VERTEX_POINT('',#920);
#922=CARTESIAN_POINT('',(-55.574334557,-24.180383687,-5.796502383));
#923=DIRECTION('',(-0.,-1.,-0.));
#924=VECTOR('',#923,0.834);
#925=LINE('',#922,#924);
#926=EDGE_CURVE('',#919,#921,#925,.T.);
#927=ORIENTED_EDGE('',*,*,#926,.F.);
#928=CARTESIAN_POINT('',(-60.946003625,-24.180383687,-6.012250899));
#929=VERTEX_POINT('',#928);
#930=CARTESIAN_POINT('',(-55.574334557,-24.180383687,-5.796502383));
#931=DIRECTION('',(-0.999194395,0.,-0.040131793));
#932=VECTOR('',#931,5.376);
#933=LINE('',#930,#932);
#934=EDGE_CURVE('',#919,#929,#933,.T.);
#935=ORIENTED_EDGE('',*,*,#934,.T.);
#936=CARTESIAN_POINT('',(-60.946003625,-25.014383687,-6.012250899));
#937=VERTEX_POINT('',#936);
#938=CARTESIAN_POINT('',(-60.946003625,-25.014383687,-6.012250899));
#939=DIRECTION('',(0.,1.,0.));
#940=VECTOR('',#939,0.834);
#941=LINE('',#938,#940);
#942=EDGE_CURVE('',#937,#929,#941,.T.);
#943=ORIENTED_EDGE('',*,*,#942,.F.);
#944=CARTESIAN_POINT('',(-55.574334557,-25.014383687,-5.796502383));
#945=DIRECTION('',(-0.999194395,0.,-0.040131793));
#946=VECTOR('',#945,5.376);
#947=LINE('',#944,#946);
#948=EDGE_CURVE('',#921,#937,#947,.T.);
#949=ORIENTED_EDGE('',*,*,#948,.F.);
#950=EDGE_LOOP('',(#927,#935,#943,#949));
#951=FACE_BOUND('',#950,.T.);
#952=ADVANCED_FACE('',(#951),#917,.T.);
#953=CARTESIAN_POINT('',(-55.062747027,-24.180383687,-5.775954905));
#954=DIRECTION('',(-0.004179104,-0.994563225,0.104050596));
#955=DIRECTION('',(-0.039913605,0.104134487,0.993762));
#956=AXIS2_PLACEMENT_3D('',#953,#954,#955);
#957=PLANE('',#956);
#958=CARTESIAN_POINT('',(-55.43679718,-24.0386944,-4.436647255));
#959=VERTEX_POINT('',#958);
#960=CARTESIAN_POINT('',(-55.374904324,-24.200172693,-5.977644819));
#961=VERTEX_POINT('',#960);
#962=CARTESIAN_POINT('',(-55.43679718,-24.0386944,-4.436647255));
#963=DIRECTION('',(0.039913605,-0.104134487,-0.993762));
#964=VECTOR('',#963,1.550670647);
#965=LINE('',#962,#964);
#966=EDGE_CURVE('',#959,#961,#965,.T.);
#967=ORIENTED_EDGE('',*,*,#966,.F.);
#968=CARTESIAN_POINT('',(-61.192156896,-24.0386944,-4.66780638));
#969=VERTEX_POINT('',#968);
#970=CARTESIAN_POINT('',(-55.43679718,-24.0386944,-4.436647255));
#971=DIRECTION('',(-0.999194395,0.,-0.040131793));
#972=VECTOR('',#971,5.76);
#973=LINE('',#970,#972);
#974=EDGE_CURVE('',#959,#969,#973,.T.);
#975=ORIENTED_EDGE('',*,*,#974,.T.);
#976=CARTESIAN_POINT('',(-61.13026404,-24.200172693,-6.208803944));
#977=VERTEX_POINT('',#976);
#978=CARTESIAN_POINT('',(-61.13026404,-24.200172693,-6.208803944));
#979=DIRECTION('',(-0.039913605,0.104134487,0.993762));
#980=VECTOR('',#979,1.550670647);
#981=LINE('',#978,#980);
#982=EDGE_CURVE('',#977,#969,#981,.T.);
#983=ORIENTED_EDGE('',*,*,#982,.F.);
#984=CARTESIAN_POINT('',(-60.946003625,-24.180383687,-6.012250899));
#985=CARTESIAN_POINT('',(-61.041318614,-24.180437006,-6.016588797));
#986=CARTESIAN_POINT('',(-61.096437696,-24.188320749,-6.094159025));
#987=CARTESIAN_POINT('',(-61.132812606,-24.193523492,-6.145350192));
#988=CARTESIAN_POINT('',(-61.13026404,-24.200172693,-6.208803944));
#989=B_SPLINE_CURVE_WITH_KNOTS('',2,(#984,#985,#986,#987,#988),.UNSPECIFIED.,.F.,.F.,(3,2,3),(0.,0.5,1.),.UNSPECIFIED.);
#990=EDGE_CURVE('',#929,#977,#989,.T.);
#991=ORIENTED_EDGE('',*,*,#990,.F.);
#992=ORIENTED_EDGE('',*,*,#934,.F.);
#993=CARTESIAN_POINT('',(-55.374904324,-24.200172693,-5.977644819));
#994=CARTESIAN_POINT('',(-55.377411149,-24.193632395,-5.915230335));
#995=CARTESIAN_POINT('',(-55.417816109,-24.188320749,-5.866082022));
#996=CARTESIAN_POINT('',(-55.47778156,-24.180437676,-5.793140465));
#997=CARTESIAN_POINT('',(-55.574334557,-24.180383687,-5.796502383));
#998=B_SPLINE_CURVE_WITH_KNOTS('',2,(#993,#994,#995,#996,#997),.UNSPECIFIED.,.F.,.F.,(3,2,3),(0.,0.5,1.),.UNSPECIFIED.);
#999=EDGE_CURVE('',#961,#919,#998,.T.);
#1000=ORIENTED_EDGE('',*,*,#999,.F.);
#1001=EDGE_LOOP('',(#967,#975,#983,#991,#992,#1000));
#1002=FACE_BOUND('',#1001,.T.);
#1003=ADVANCED_FACE('',(#1002),#957,.T.);
#1004=CARTESIAN_POINT('',(-55.117054974,-24.0386944,-4.423805082));
#1005=DIRECTION('',(0.040131793,0.,-0.999194395));
#1006=DIRECTION('',(-0.,-1.,-0.));
#1007=AXIS2_PLACEMENT_3D('',#1004,#1005,#1006);
#1008=PLANE('',#1007);
#1009=CARTESIAN_POINT('',(-55.43679718,-24.6114944,-4.436647255));
#1010=VERTEX_POINT('',#1009);
#1011=CARTESIAN_POINT('',(-55.43679718,-24.6114944,-4.436647255));
#1012=DIRECTION('',(0.,1.,0.));
#1013=VECTOR('',#1012,0.5728);
#1014=LINE('',#1011,#1013);
#1015=EDGE_CURVE('',#1010,#959,#1014,.T.);
#1016=ORIENTED_EDGE('',*,*,#1015,.F.);
#1017=CARTESIAN_POINT('',(-61.192156896,-24.6114944,-4.66780638));
#1018=VERTEX_POINT('',#1017);
#1019=CARTESIAN_POINT('',(-55.43679718,-24.6114944,-4.436647255));
#1020=DIRECTION('',(-0.999194395,0.,-0.040131793));
#1021=VECTOR('',#1020,5.76);
#1022=LINE('',#1019,#1021);
#1023=EDGE_CURVE('',#1010,#1018,#1022,.T.);
#1024=ORIENTED_EDGE('',*,*,#1023,.T.);
#1025=CARTESIAN_POINT('',(-61.192156896,-24.0386944,-4.66780638));
#1026=DIRECTION('',(-0.,-1.,-0.));
#1027=VECTOR('',#1026,0.5728);
#1028=LINE('',#1025,#1027);
#1029=EDGE_CURVE('',#969,#1018,#1028,.T.);
#1030=ORIENTED_EDGE('',*,*,#1029,.F.);
#1031=ORIENTED_EDGE('',*,*,#974,.F.);
#1032=EDGE_LOOP('',(#1016,#1024,#1030,#1031));
#1033=FACE_BOUND('',#1032,.T.);
#1034=ADVANCED_FACE('',(#1033),#1008,.T.);
#1035=CARTESIAN_POINT('',(-55.117054974,-24.6114944,-4.423805082));
#1036=DIRECTION('',(-0.,-1.,0.));
#1037=DIRECTION('',(-0.040131793,0.,0.999194395));
#1038=AXIS2_PLACEMENT_3D('',#1035,#1036,#1037);
#1039=PLANE('',#1038);
#1040=CARTESIAN_POINT('',(-55.459425491,-24.6114944,-3.873251496));
#1041=VERTEX_POINT('',#1040);
#1042=CARTESIAN_POINT('',(-55.43679718,-24.6114944,-4.436647255));
#1043=DIRECTION('',(-0.040131793,0.,0.999194395));
#1044=VECTOR('',#1043,0.56385);
#1045=LINE('',#1042,#1044);
#1046=EDGE_CURVE('',#1010,#1041,#1045,.T.);
#1047=ORIENTED_EDGE('',*,*,#1046,.T.);
#1048=CARTESIAN_POINT('',(-61.214785207,-24.6114944,-4.104410621));
#1049=VERTEX_POINT('',#1048);
#1050=CARTESIAN_POINT('',(-55.459425491,-24.6114944,-3.873251496));
#1051=DIRECTION('',(-0.999194395,0.,-0.040131793));
#1052=VECTOR('',#1051,5.76);
#1053=LINE('',#1050,#1052);
#1054=EDGE_CURVE('',#1041,#1049,#1053,.T.);
#1055=ORIENTED_EDGE('',*,*,#1054,.T.);
#1056=CARTESIAN_POINT('',(-61.192156896,-24.6114944,-4.66780638));
#1057=DIRECTION('',(-0.040131793,0.,0.999194395));
#1058=VECTOR('',#1057,0.56385);
#1059=LINE('',#1056,#1058);
#1060=EDGE_CURVE('',#1018,#1049,#1059,.T.);
#1061=ORIENTED_EDGE('',*,*,#1060,.F.);
#1062=ORIENTED_EDGE('',*,*,#1023,.F.);
#1063=EDGE_LOOP('',(#1047,#1055,#1061,#1062));
#1064=FACE_BOUND('',#1063,.T.);
#1065=ADVANCED_FACE('',(#1064),#1039,.T.);
#1066=CARTESIAN_POINT('',(-55.139683285,-24.6114944,-3.860409322));
#1067=DIRECTION('',(-0.022222357,-0.832693298,0.553288386));
#1068=DIRECTION('',(-0.033417475,0.553734477,0.832022476));
#1069=AXIS2_PLACEMENT_3D('',#1066,#1067,#1068);
#1070=PLANE('',#1069);
#1071=CARTESIAN_POINT('',(-55.504682114,-23.861582792,-2.746459976));
#1072=VERTEX_POINT('',#1071);
#1073=CARTESIAN_POINT('',(-55.459425491,-24.6114944,-3.873251496));
#1074=DIRECTION('',(-0.033417475,0.553734477,0.832022476));
#1075=VECTOR('',#1074,1.354280145);
#1076=LINE('',#1073,#1075);
#1077=EDGE_CURVE('',#1041,#1072,#1076,.T.);
#1078=ORIENTED_EDGE('',*,*,#1077,.T.);
#1079=CARTESIAN_POINT('',(-61.26004183,-23.861582792,-2.977619101));
#1080=VERTEX_POINT('',#1079);
#1081=CARTESIAN_POINT('',(-55.504682114,-23.861582792,-2.746459976));
#1082=DIRECTION('',(-0.999194395,0.,-0.040131793));
#1083=VECTOR('',#1082,5.76);
#1084=LINE('',#1081,#1083);
#1085=EDGE_CURVE('',#1072,#1080,#1084,.T.);
#1086=ORIENTED_EDGE('',*,*,#1085,.T.);
#1087=CARTESIAN_POINT('',(-61.214785207,-24.6114944,-4.104410621));
#1088=DIRECTION('',(-0.033417475,0.553734477,0.832022476));
#1089=VECTOR('',#1088,1.354280145);
#1090=LINE('',#1087,#1089);
#1091=EDGE_CURVE('',#1049,#1080,#1090,.T.);
#1092=ORIENTED_EDGE('',*,*,#1091,.F.);
#1093=ORIENTED_EDGE('',*,*,#1054,.F.);
#1094=EDGE_LOOP('',(#1078,#1086,#1092,#1093));
#1095=FACE_BOUND('',#1094,.T.);
#1096=ADVANCED_FACE('',(#1095),#1070,.T.);
#1097=CARTESIAN_POINT('',(-55.184939907,-23.861582792,-2.733617803));
#1098=DIRECTION('',(-0.004179104,-0.994563225,0.104050596));
#1099=DIRECTION('',(-0.039913605,0.104134487,0.993762));
#1100=AXIS2_PLACEMENT_3D('',#1097,#1098,#1099);
#1101=PLANE('',#1100);
#1102=CARTESIAN_POINT('',(-55.591995333,-23.633782841,-0.572550626));
#1103=VERTEX_POINT('',#1102);
#1104=CARTESIAN_POINT('',(-55.591995333,-23.633782841,-0.572550626));
#1105=DIRECTION('',(0.039913605,-0.104134487,-0.993762));
#1106=VECTOR('',#1105,2.18755532);
#1107=LINE('',#1104,#1106);
#1108=EDGE_CURVE('',#1103,#1072,#1107,.T.);
#1109=ORIENTED_EDGE('',*,*,#1108,.F.);
#1110=CARTESIAN_POINT('',(-61.347355049,-23.633782841,-0.803709751));
#1111=VERTEX_POINT('',#1110);
#1112=CARTESIAN_POINT('',(-55.591995333,-23.633782841,-0.572550626));
#1113=DIRECTION('',(-0.999194395,0.,-0.040131793));
#1114=VECTOR('',#1113,5.76);
#1115=LINE('',#1112,#1114);
#1116=EDGE_CURVE('',#1103,#1111,#1115,.T.);
#1117=ORIENTED_EDGE('',*,*,#1116,.T.);
#1118=CARTESIAN_POINT('',(-61.26004183,-23.861582792,-2.977619101));
#1119=DIRECTION('',(-0.039913605,0.104134487,0.993762));
#1120=VECTOR('',#1119,2.18755532);
#1121=LINE('',#1118,#1120);
#1122=EDGE_CURVE('',#1080,#1111,#1121,.T.);
#1123=ORIENTED_EDGE('',*,*,#1122,.F.);
#1124=ORIENTED_EDGE('',*,*,#1085,.F.);
#1125=EDGE_LOOP('',(#1109,#1117,#1123,#1124));
#1126=FACE_BOUND('',#1125,.T.);
#1127=ADVANCED_FACE('',(#1126),#1101,.T.);
#1128=CARTESIAN_POINT('',(-55.322972606,-21.853383687,0.703096331));
#1129=CARTESIAN_POINT('',(-55.322972606,-18.273383687,0.703096331));
#1130=CARTESIAN_POINT('',(-55.20983105,-18.273383687,-2.113882467));
#1131=CARTESIAN_POINT('',(-55.20983105,-21.853383687,-2.113882467));
#1132=CARTESIAN_POINT('',(-55.20983105,-25.433383687,-2.113882467));
#1133=CARTESIAN_POINT('',(-55.322972606,-25.433383687,0.703096331));
#1134=CARTESIAN_POINT('',(-55.322972606,-21.853383687,0.703096331));
#1135=(BOUNDED_CURVE()
B_SPLINE_CURVE(3,(#1128,#1129,#1130,#1131,#1132,#1133,#1134),.UNSPECIFIED.,.T.,.F.)
B_SPLINE_CURVE_WITH_KNOTS((4,3,4),(0.,0.5,1.),.UNSPECIFIED.)
CURVE()
GEOMETRIC_REPRESENTATION_ITEM()
RATIONAL_B_SPLINE_CURVE((1.,0.333333333,0.333333333,1.,0.333333333,0.333333333,1.))
REPRESENTATION_ITEM(''));
#1136=DIRECTION('',(-0.999194395,0.,-0.040131793));
#1137=VECTOR('',#1136,1.);
#1138=SURFACE_OF_LINEAR_EXTRUSION('',#1135,#1137);
#1139=CARTESIAN_POINT('',(-61.398074529,-21.853383687,0.459095049));
#1140=VERTEX_POINT('',#1139);
#1141=CARTESIAN_POINT('',(-55.642714813,-21.853383687,0.690254174));
#1142=VERTEX_POINT('',#1141);
#1143=CARTESIAN_POINT('',(-61.398074528,-21.853383687,0.459095033));
#1144=DIRECTION('',(0.999194395,-0.,0.040131793));
#1145=VECTOR('',#1144,5.76);
#1146=LINE('',#1143,#1145);
#1147=EDGE_CURVE('',#1140,#1142,#1146,.T.);
#1148=ORIENTED_EDGE('',*,*,#1147,.T.);
#1149=CARTESIAN_POINT('',(-55.592695466,-20.075427796,-0.555118837));
#1150=VERTEX_POINT('',#1149);
#1151=CARTESIAN_POINT('',(-55.591995333,-23.633782841,-0.572550626));
#1152=CARTESIAN_POINT('',(-55.59420497,-23.626512118,-0.517535466));
#1153=CARTESIAN_POINT('',(-55.596394156,-23.61513183,-0.46302949));
#1154=CARTESIAN_POINT('',(-55.598541123,-23.599873721,-0.409574681));
#1155=CARTESIAN_POINT('',(-55.60068809,-23.584615613,-0.356119873));
#1156=CARTESIAN_POINT('',(-55.602792755,-23.565481701,-0.303718271));
#1157=CARTESIAN_POINT('',(-55.604836129,-23.542846791,-0.252842714));
#1158=CARTESIAN_POINT('',(-55.606879502,-23.520211881,-0.201967157));
#1159=CARTESIAN_POINT('',(-55.608861531,-23.494078621,-0.152618959));
#1160=CARTESIAN_POINT('',(-55.610767017,-23.464929495,-0.105176498));
#1161=CARTESIAN_POINT('',(-55.612672503,-23.435780369,-0.057734037));
#1162=CARTESIAN_POINT('',(-55.614501426,-23.40361823,-0.012197822));
#1163=CARTESIAN_POINT('',(-55.616242932,-23.368991579,0.031161893));
#1164=CARTESIAN_POINT('',(-55.617984438,-23.334364928,0.074521609));
#1165=CARTESIAN_POINT('',(-55.619638536,-23.297276435,0.115705055));
#1166=CARTESIAN_POINT('',(-55.621198794,-23.258298854,0.15455207));
#1167=CARTESIAN_POINT('',(-55.622759051,-23.219321273,0.193399086));
#1168=CARTESIAN_POINT('',(-55.6242255,-23.17845681,0.229910468));
#1169=CARTESIAN_POINT('',(-55.625595811,-23.136265694,0.264028253));
#1170=CARTESIAN_POINT('',(-55.626966123,-23.094074577,0.298146038));
#1171=CARTESIAN_POINT('',(-55.628240344,-23.050558403,0.329871373));
#1172=CARTESIAN_POINT('',(-55.629419657,-23.006236296,0.359233704));
#1173=CARTESIAN_POINT('',(-55.63059897,-22.961914189,0.388596034));
#1174=CARTESIAN_POINT('',(-55.631683427,-22.916787114,0.415596648));
#1175=CARTESIAN_POINT('',(-55.63267698,-22.871313924,0.440333963));
#1176=CARTESIAN_POINT('',(-55.633670533,-22.825840734,0.465071278));
#1177=CARTESIAN_POINT('',(-55.634573234,-22.780021836,0.487546553));
#1178=CARTESIAN_POINT('',(-55.635391032,-22.734245634,0.507907947));
#1179=CARTESIAN_POINT('',(-55.63620883,-22.688469432,0.528269342));
#1180=CARTESIAN_POINT('',(-55.636941771,-22.642735894,0.546517974));
#1181=CARTESIAN_POINT('',(-55.637597083,-22.597360305,0.56283384));
#1182=CARTESIAN_POINT('',(-55.638252396,-22.551984715,0.579149705));
#1183=CARTESIAN_POINT('',(-55.638830118,-22.506966738,0.593533722));
#1184=CARTESIAN_POINT('',(-55.639338142,-22.462551428,0.606182418));
#1185=CARTESIAN_POINT('',(-55.639846166,-22.418136117,0.618831114));
#1186=CARTESIAN_POINT('',(-55.640284521,-22.374322957,0.62974519));
#1187=CARTESIAN_POINT('',(-55.640661275,-22.331293272,0.639125554));
#1188=CARTESIAN_POINT('',(-55.64103803,-22.288263587,0.648505918));
#1189=CARTESIAN_POINT('',(-55.641353204,-22.246016781,0.65635307));
#1190=CARTESIAN_POINT('',(-55.641614682,-22.204678888,0.66286331));
#1191=CARTESIAN_POINT('',(-55.64187616,-22.163340995,0.66937355));
#1192=CARTESIAN_POINT('',(-55.642083956,-22.122911408,0.674547202));
#1193=CARTESIAN_POINT('',(-55.642245521,-22.08346996,0.678569821));
#1194=CARTESIAN_POINT('',(-55.642568651,-22.004587066,0.686615058));
#1195=CARTESIAN_POINT('',(-55.642707548,-21.92968421,0.690073296));
#1196=CARTESIAN_POINT('',(-55.642714536,-21.858981251,0.690247271));
#1197=CARTESIAN_POINT('',(-55.642714972,-21.854562316,0.690258144));
#1198=CARTESIAN_POINT('',(-55.642714893,-21.850164686,0.690256182));
#1199=CARTESIAN_POINT('',(-55.642714296,-21.845740736,0.690241318));
#1200=CARTESIAN_POINT('',(-55.642713699,-21.841316786,0.690226455));
#1201=CARTESIAN_POINT('',(-55.642712582,-21.836876575,0.690198632));
#1202=CARTESIAN_POINT('',(-55.642710932,-21.832420109,0.690157561));
#1203=CARTESIAN_POINT('',(-55.642707633,-21.823507175,0.690075419));
#1204=CARTESIAN_POINT('',(-55.642702206,-21.814529215,0.689940291));
#1205=CARTESIAN_POINT('',(-55.642694556,-21.805486342,0.689749824));
#1206=CARTESIAN_POINT('',(-55.642679256,-21.787400596,0.689368889));
#1207=CARTESIAN_POINT('',(-55.642655068,-21.769055095,0.688766661));
#1208=CARTESIAN_POINT('',(-55.642621204,-21.750451947,0.687923515));
#1209=CARTESIAN_POINT('',(-55.642553475,-21.713245651,0.686237225));
#1210=CARTESIAN_POINT('',(-55.642447082,-21.675006703,0.683588257));
#1211=CARTESIAN_POINT('',(-55.642295222,-21.635774133,0.679807267));
#1212=CARTESIAN_POINT('',(-55.642143361,-21.596541563,0.676026278));
#1213=CARTESIAN_POINT('',(-55.641946028,-21.556314808,0.671113096));
#1214=CARTESIAN_POINT('',(-55.641695824,-21.515169343,0.664883561));
#1215=CARTESIAN_POINT('',(-55.64144562,-21.474023877,0.658654026));
#1216=CARTESIAN_POINT('',(-55.641142533,-21.431959098,0.651107831));
#1217=CARTESIAN_POINT('',(-55.640778716,-21.389095723,0.642049565));
#1218=CARTESIAN_POINT('',(-55.640414898,-21.346232347,0.6329913));
#1219=CARTESIAN_POINT('',(-55.63999033,-21.302569775,0.622420485));
#1220=CARTESIAN_POINT('',(-55.639496948,-21.258283067,0.610136329));
#1221=CARTESIAN_POINT('',(-55.639003565,-21.213996358,0.597852172));
#1222=CARTESIAN_POINT('',(-55.63844134,-21.169084984,0.583853995));
#1223=CARTESIAN_POINT('',(-55.63780234,-21.123786908,0.567944288));
#1224=CARTESIAN_POINT('',(-55.63716334,-21.078488831,0.552034581));
#1225=CARTESIAN_POINT('',(-55.63644753,-21.032803691,0.534212449));
#1226=CARTESIAN_POINT('',(-55.635647581,-20.987039131,0.514295478));
#1227=CARTESIAN_POINT('',(-55.634847633,-20.941274572,0.494378507));
#1228=CARTESIAN_POINT('',(-55.633963504,-20.895430522,0.472365599));
#1229=CARTESIAN_POINT('',(-55.632989074,-20.84988767,0.448104418));
#1230=CARTESIAN_POINT('',(-55.632014644,-20.804344818,0.423843237));
#1231=CARTESIAN_POINT('',(-55.630949864,-20.759103516,0.397332535));
#1232=CARTESIAN_POINT('',(-55.629790534,-20.714615506,0.368467735));
#1233=CARTESIAN_POINT('',(-55.628631204,-20.670127496,0.339602935));
#1234=CARTESIAN_POINT('',(-55.627377272,-20.626393679,0.308382746));
#1235=CARTESIAN_POINT('',(-55.626027225,-20.583927549,0.274769523));
#1236=CARTESIAN_POINT('',(-55.624677179,-20.541461418,0.2411563));
#1237=CARTESIAN_POINT('',(-55.623230971,-20.500264502,0.205148871));
#1238=CARTESIAN_POINT('',(-55.621690527,-20.460893874,0.16679517));
#1239=CARTESIAN_POINT('',(-55.620150084,-20.421523246,0.128441469));
#1240=CARTESIAN_POINT('',(-55.61851537,-20.383981052,0.087740651));
#1241=CARTESIAN_POINT('',(-55.616792364,-20.348840336,0.044841553));
#1242=CARTESIAN_POINT('',(-55.615069358,-20.313699621,0.001942455));
#1243=CARTESIAN_POINT('',(-55.613258049,-20.280963016,-0.043155222));
#1244=CARTESIAN_POINT('',(-55.611368818,-20.251183511,-0.090192966));
#1245=CARTESIAN_POINT('',(-55.609479587,-20.221404006,-0.137230709));
#1246=CARTESIAN_POINT('',(-55.607512452,-20.194584451,-0.186208093));
#1247=CARTESIAN_POINT('',(-55.605482168,-20.171216331,-0.236757734));
#1248=CARTESIAN_POINT('',(-55.603451885,-20.147848211,-0.287307376));
#1249=CARTESIAN_POINT('',(-55.601358503,-20.127934214,-0.339428045));
#1250=CARTESIAN_POINT('',(-55.599220652,-20.111862366,-0.392655887));
#1251=CARTESIAN_POINT('',(-55.597082801,-20.095790518,-0.445883728));
#1252=CARTESIAN_POINT('',(-55.59490056,-20.083562922,-0.500216771));
#1253=CARTESIAN_POINT('',(-55.592695466,-20.075427796,-0.555118837));
#1254=B_SPLINE_CURVE_WITH_KNOTS('',3,(#1151,#1152,#1153,#1154,#1155,#1156,#1157,#1158,#1159,#1160,#1161,#1162,#1163,#1164,#1165,#1166,#1167,#1168,#1169,#1170,#1171,#1172,#1173,#1174,#1175,#1176,
#1177,#1178,#1179,#1180,#1181,#1182,#1183,#1184,#1185,#1186,#1187,#1188,#1189,#1190,#1191,#1192,#1193,#1194,#1195,#1196,#1197,#1198,#1199,#1200,#1201,
#1202,#1203,#1204,#1205,#1206,#1207,#1208,#1209,#1210,#1211,#1212,#1213,#1214,#1215,#1216,#1217,#1218,#1219,#1220,#1221,#1222,#1223,#1224,#1225,#1226,
#1227,#1228,#1229,#1230,#1231,#1232,#1233,#1234,#1235,#1236,#1237,#1238,#1239,#1240,#1241,#1242,#1243,#1244,#1245,#1246,#1247,#1248,#1249,#1250,#1251,
#1252,#1253),.UNSPECIFIED.,.F.,.F.,(4,3,3,3,3,3,3,3,3,3,3,3,3,3,3,3,3,3,3,3,3,3,3,3,3,3,
3,3,3,3,3,3,3,3,4),(0.,0.03125,0.0625,0.09375,0.125,0.15625,0.1875,0.21875,0.25,0.28125,0.3125,0.34375,0.375,0.40625,0.4375,0.5,0.50390625,0.5078125,0.515625,0.53125,0.5625,0.59375,0.625,0.65625,0.6875,0.71875,
0.75,0.78125,0.8125,0.84375,0.875,0.90625,0.9375,0.96875,1.),.UNSPECIFIED.);
#1255=EDGE_CURVE('',#1142,#1150,#1254,.T.);
#1256=ORIENTED_EDGE('',*,*,#1255,.T.);
#1257=CARTESIAN_POINT('',(-61.348055181,-20.075427796,-0.786277962));
#1258=VERTEX_POINT('',#1257);
#1259=CARTESIAN_POINT('',(-55.592695466,-20.075427796,-0.555118837));
#1260=DIRECTION('',(-0.999194395,0.,-0.040131793));
#1261=VECTOR('',#1260,5.76);
#1262=LINE('',#1259,#1261);
#1263=EDGE_CURVE('',#1150,#1258,#1262,.T.);
#1264=ORIENTED_EDGE('',*,*,#1263,.T.);
#1265=CARTESIAN_POINT('',(-61.347355049,-23.633782841,-0.803709751));
#1266=CARTESIAN_POINT('',(-61.349564686,-23.626512118,-0.748694591));
#1267=CARTESIAN_POINT('',(-61.351753872,-23.61513183,-0.694188615));
#1268=CARTESIAN_POINT('',(-61.353900839,-23.599873721,-0.640733806));
#1269=CARTESIAN_POINT('',(-61.356047806,-23.584615613,-0.587278997));
#1270=CARTESIAN_POINT('',(-61.358152471,-23.565481701,-0.534877396));
#1271=CARTESIAN_POINT('',(-61.360195845,-23.542846791,-0.484001839));
#1272=CARTESIAN_POINT('',(-61.362239218,-23.520211881,-0.433126282));
#1273=CARTESIAN_POINT('',(-61.364221247,-23.494078621,-0.383778084));
#1274=CARTESIAN_POINT('',(-61.366126733,-23.464929495,-0.336335623));
#1275=CARTESIAN_POINT('',(-61.368032219,-23.435780369,-0.288893162));
#1276=CARTESIAN_POINT('',(-61.369861142,-23.40361823,-0.243356947));
#1277=CARTESIAN_POINT('',(-61.371602648,-23.368991579,-0.199997232));
#1278=CARTESIAN_POINT('',(-61.373344154,-23.334364928,-0.156637516));
#1279=CARTESIAN_POINT('',(-61.374998252,-23.297276435,-0.11545407));
#1280=CARTESIAN_POINT('',(-61.37655851,-23.258298854,-0.076607055));
#1281=CARTESIAN_POINT('',(-61.378118767,-23.219321273,-0.037760039));
#1282=CARTESIAN_POINT('',(-61.379585215,-23.17845681,-0.001248657));
#1283=CARTESIAN_POINT('',(-61.380955527,-23.136265694,0.032869128));
#1284=CARTESIAN_POINT('',(-61.382325839,-23.094074577,0.066986913));
#1285=CARTESIAN_POINT('',(-61.38360006,-23.050558403,0.098712248));
#1286=CARTESIAN_POINT('',(-61.384779373,-23.006236296,0.128074579));
#1287=CARTESIAN_POINT('',(-61.385958686,-22.961914189,0.157436909));
#1288=CARTESIAN_POINT('',(-61.387043143,-22.916787114,0.184437523));
#1289=CARTESIAN_POINT('',(-61.388036696,-22.871313924,0.209174838));
#1290=CARTESIAN_POINT('',(-61.389030249,-22.825840734,0.233912153));
#1291=CARTESIAN_POINT('',(-61.38993295,-22.780021836,0.256387428));
#1292=CARTESIAN_POINT('',(-61.390750748,-22.734245634,0.276748822));
#1293=CARTESIAN_POINT('',(-61.391568546,-22.688469432,0.297110217));
#1294=CARTESIAN_POINT('',(-61.392301486,-22.642735894,0.315358849));
#1295=CARTESIAN_POINT('',(-61.392956799,-22.597360305,0.331674715));
#1296=CARTESIAN_POINT('',(-61.393612112,-22.551984715,0.34799058));
#1297=CARTESIAN_POINT('',(-61.394189834,-22.506966738,0.362374597));
#1298=CARTESIAN_POINT('',(-61.394697858,-22.462551428,0.375023293));
#1299=CARTESIAN_POINT('',(-61.395205882,-22.418136117,0.387671989));
#1300=CARTESIAN_POINT('',(-61.395644237,-22.374322957,0.398586065));
#1301=CARTESIAN_POINT('',(-61.396020991,-22.331293272,0.407966429));
#1302=CARTESIAN_POINT('',(-61.396397745,-22.288263587,0.417346793));
#1303=CARTESIAN_POINT('',(-61.39671292,-22.246016781,0.425193945));
#1304=CARTESIAN_POINT('',(-61.396974398,-22.204678888,0.431704185));
#1305=CARTESIAN_POINT('',(-61.397235876,-22.163340995,0.438214425));
#1306=CARTESIAN_POINT('',(-61.397443671,-22.122911408,0.443388077));
#1307=CARTESIAN_POINT('',(-61.397605237,-22.08346996,0.447410696));
#1308=CARTESIAN_POINT('',(-61.397928367,-22.004587066,0.455455933));
#1309=CARTESIAN_POINT('',(-61.398067264,-21.92968421,0.458914171));
#1310=CARTESIAN_POINT('',(-61.398074251,-21.858981251,0.459088146));
#1311=CARTESIAN_POINT('',(-61.398074688,-21.854562316,0.459099019));
#1312=CARTESIAN_POINT('',(-61.398074609,-21.850164686,0.459097057));
#1313=CARTESIAN_POINT('',(-61.398074012,-21.845740736,0.459082193));
#1314=CARTESIAN_POINT('',(-61.398073415,-21.841316786,0.45906733));
#1315=CARTESIAN_POINT('',(-61.398072298,-21.836876575,0.459039507));
#1316=CARTESIAN_POINT('',(-61.398070648,-21.832420109,0.458998436));
#1317=CARTESIAN_POINT('',(-61.398067349,-21.823507175,0.458916294));
#1318=CARTESIAN_POINT('',(-61.398061922,-21.814529215,0.458781166));
#1319=CARTESIAN_POINT('',(-61.398054272,-21.805486342,0.458590699));
#1320=CARTESIAN_POINT('',(-61.398038972,-21.787400596,0.458209764));
#1321=CARTESIAN_POINT('',(-61.398014784,-21.769055095,0.457607536));
#1322=CARTESIAN_POINT('',(-61.39798092,-21.750451947,0.45676439));
#1323=CARTESIAN_POINT('',(-61.397913191,-21.713245651,0.4550781));
#1324=CARTESIAN_POINT('',(-61.397806798,-21.675006703,0.452429132));
#1325=CARTESIAN_POINT('',(-61.397654938,-21.635774133,0.448648142));
#1326=CARTESIAN_POINT('',(-61.397503077,-21.596541563,0.444867153));
#1327=CARTESIAN_POINT('',(-61.397305744,-21.556314808,0.439953971));
#1328=CARTESIAN_POINT('',(-61.39705554,-21.515169343,0.433724436));
#1329=CARTESIAN_POINT('',(-61.396805336,-21.474023877,0.427494901));
#1330=CARTESIAN_POINT('',(-61.396502249,-21.431959098,0.419948706));
#1331=CARTESIAN_POINT('',(-61.396138432,-21.389095723,0.41089044));
#1332=CARTESIAN_POINT('',(-61.395774614,-21.346232347,0.401832175));
#1333=CARTESIAN_POINT('',(-61.395350046,-21.302569775,0.39126136));
#1334=CARTESIAN_POINT('',(-61.394856664,-21.258283067,0.378977204));
#1335=CARTESIAN_POINT('',(-61.394363281,-21.213996358,0.366693047));
#1336=CARTESIAN_POINT('',(-61.393801056,-21.169084984,0.35269487));
#1337=CARTESIAN_POINT('',(-61.393162056,-21.123786908,0.336785163));
#1338=CARTESIAN_POINT('',(-61.392523056,-21.078488831,0.320875456));
#1339=CARTESIAN_POINT('',(-61.391807246,-21.032803691,0.303053324));
#1340=CARTESIAN_POINT('',(-61.391007297,-20.987039131,0.283136353));
#1341=CARTESIAN_POINT('',(-61.390207349,-20.941274572,0.263219382));
#1342=CARTESIAN_POINT('',(-61.389323219,-20.895430522,0.241206474));
#1343=CARTESIAN_POINT('',(-61.38834879,-20.84988767,0.216945293));
#1344=CARTESIAN_POINT('',(-61.38737436,-20.804344818,0.192684112));
#1345=CARTESIAN_POINT('',(-61.38630958,-20.759103516,0.16617341));
#1346=CARTESIAN_POINT('',(-61.38515025,-20.714615506,0.13730861));
#1347=CARTESIAN_POINT('',(-61.38399092,-20.670127496,0.10844381));
#1348=CARTESIAN_POINT('',(-61.382736988,-20.626393679,0.077223621));
#1349=CARTESIAN_POINT('',(-61.381386941,-20.583927549,0.043610398));
#1350=CARTESIAN_POINT('',(-61.380036895,-20.541461418,0.009997175));
#1351=CARTESIAN_POINT('',(-61.378590687,-20.500264502,-0.026010254));
#1352=CARTESIAN_POINT('',(-61.377050243,-20.460893874,-0.064363955));
#1353=CARTESIAN_POINT('',(-61.375509799,-20.421523246,-0.102717656));
#1354=CARTESIAN_POINT('',(-61.373875086,-20.383981052,-0.143418474));
#1355=CARTESIAN_POINT('',(-61.37215208,-20.348840336,-0.186317572));
#1356=CARTESIAN_POINT('',(-61.370429074,-20.313699621,-0.22921667));
#1357=CARTESIAN_POINT('',(-61.368617764,-20.280963016,-0.274314347));
#1358=CARTESIAN_POINT('',(-61.366728533,-20.251183511,-0.321352091));
#1359=CARTESIAN_POINT('',(-61.364839303,-20.221404006,-0.368389834));
#1360=CARTESIAN_POINT('',(-61.362872168,-20.194584451,-0.417367217));
#1361=CARTESIAN_POINT('',(-61.360841884,-20.171216331,-0.467916859));
#1362=CARTESIAN_POINT('',(-61.358811601,-20.147848211,-0.5184665));
#1363=CARTESIAN_POINT('',(-61.356718219,-20.127934214,-0.57058717));
#1364=CARTESIAN_POINT('',(-61.354580368,-20.111862366,-0.623815012));
#1365=CARTESIAN_POINT('',(-61.352442517,-20.095790518,-0.677042853));
#1366=CARTESIAN_POINT('',(-61.350260276,-20.083562922,-0.731375896));
#1367=CARTESIAN_POINT('',(-61.348055181,-20.075427796,-0.786277962));
#1368=B_SPLINE_CURVE_WITH_KNOTS('',3,(#1265,#1266,#1267,#1268,#1269,#1270,#1271,#1272,#1273,#1274,#1275,#1276,#1277,#1278,#1279,#1280,#1281,#1282,#1283,#1284,#1285,#1286,#1287,#1288,#1289,#1290,
#1291,#1292,#1293,#1294,#1295,#1296,#1297,#1298,#1299,#1300,#1301,#1302,#1303,#1304,#1305,#1306,#1307,#1308,#1309,#1310,#1311,#1312,#1313,#1314,#1315,
#1316,#1317,#1318,#1319,#1320,#1321,#1322,#1323,#1324,#1325,#1326,#1327,#1328,#1329,#1330,#1331,#1332,#1333,#1334,#1335,#1336,#1337,#1338,#1339,#1340,
#1341,#1342,#1343,#1344,#1345,#1346,#1347,#1348,#1349,#1350,#1351,#1352,#1353,#1354,#1355,#1356,#1357,#1358,#1359,#1360,#1361,#1362,#1363,#1364,#1365,
#1366,#1367),.UNSPECIFIED.,.F.,.F.,(4,3,3,3,3,3,3,3,3,3,3,3,3,3,3,3,3,3,3,3,3,3,3,3,3,3,
3,3,3,3,3,3,3,3,4),(0.,0.03125,0.0625,0.09375,0.125,0.15625,0.1875,0.21875,0.25,0.28125,0.3125,0.34375,0.375,0.40625,0.4375,0.5,0.50390625,0.5078125,0.515625,0.53125,0.5625,0.59375,0.625,0.65625,0.6875,0.71875,
0.75,0.78125,0.8125,0.84375,0.875,0.90625,0.9375,0.96875,1.),.UNSPECIFIED.);
#1369=EDGE_CURVE('',#1140,#1258,#1368,.T.);
#1370=ORIENTED_EDGE('',*,*,#1369,.F.);
#1371=EDGE_LOOP('',(#1148,#1256,#1264,#1370));
#1372=FACE_BOUND('',#1371,.T.);
#1373=ADVANCED_FACE('',(#1372),#1138,.T.);
#1374=CARTESIAN_POINT('',(-47.99397109,-21.016524744,-6.351092329));
#1375=DIRECTION('',(0.001212803,-0.999543256,-0.030196161));
#1376=DIRECTION('',(-0.040113463,-0.030220507,0.998738019));
#1377=AXIS2_PLACEMENT_3D('',#1374,#1375,#1376);
#1378=PLANE('',#1377);
#1379=CARTESIAN_POINT('',(-61.161221253,-21.060084698,-5.438036648));
#1380=VERTEX_POINT('',#1379);
#1381=CARTESIAN_POINT('',(-61.161221253,-21.060084698,-5.438036648));
#1382=DIRECTION('',(-0.040113463,-0.030220507,0.998738019));
#1383=VECTOR('',#1382,3.982357521);
#1384=LINE('',#1381,#1383);
#1385=EDGE_CURVE('',#1380,#244,#1384,.T.);
#1386=ORIENTED_EDGE('',*,*,#1385,.F.);
#1387=CARTESIAN_POINT('',(-55.398359576,-21.05515862,-5.432568278));
#1388=VERTEX_POINT('',#1387);
#1389=CARTESIAN_POINT('',(-55.40123965,-21.053076433,-5.438677154));
#1390=CARTESIAN_POINT('',(-57.321233512,-21.055413508,-5.438430979));
#1391=CARTESIAN_POINT('',(-59.24122738,-21.057749593,-5.438217587));
#1392=CARTESIAN_POINT('',(-61.161221253,-21.060084698,-5.438036648));
#1393=B_SPLINE_CURVE_WITH_KNOTS('',3,(#1389,#1390,#1391,#1392),.UNSPECIFIED.,.F.,.F.,(4,4),(0.181709174,0.187469092),.UNSPECIFIED.);
#1394=EDGE_CURVE('',#1388,#1380,#1393,.T.);
#1395=ORIENTED_EDGE('',*,*,#1394,.F.);
#1396=CARTESIAN_POINT('',(-55.565607686,-21.18043356,-1.229545661));
#1397=DIRECTION('',(0.040113463,0.030220507,-0.998738019));
#1398=VECTOR('',#1397,4.208213256);
#1399=LINE('',#1396,#1398);
#1400=EDGE_CURVE('',#242,#1388,#1399,.T.);
#1401=ORIENTED_EDGE('',*,*,#1400,.F.);
#1402=ORIENTED_EDGE('',*,*,#249,.T.);
#1403=EDGE_LOOP('',(#1386,#1395,#1401,#1402));
#1404=FACE_BOUND('',#1403,.T.);
#1405=ADVANCED_FACE('',(#1404),#1378,.T.);
#1406=CARTESIAN_POINT('',(-55.02880456,-25.254383687,-6.621048545));
#1407=DIRECTION('',(-0.,-1.,0.));
#1408=DIRECTION('',(-0.040131793,0.,0.999194395));
#1409=AXIS2_PLACEMENT_3D('',#1406,#1407,#1408);
#1410=PLANE('',#1409);
#1411=CARTESIAN_POINT('',(-55.566749648,-25.254383687,-5.985350123));
#1412=VERTEX_POINT('',#1411);
#1413=CARTESIAN_POINT('',(-55.547976999,-25.254383687,-6.452748282));
#1414=VERTEX_POINT('',#1413);
#1415=CARTESIAN_POINT('',(-55.566749648,-25.254383687,-5.985350123));
#1416=DIRECTION('',(0.040131793,-0.,-0.999194395));
#1417=VECTOR('',#1416,0.467775);
#1418=LINE('',#1415,#1417);
#1419=EDGE_CURVE('',#1412,#1414,#1418,.T.);
#1420=ORIENTED_EDGE('',*,*,#1419,.F.);
#1421=CARTESIAN_POINT('',(-60.938418716,-25.254383687,-6.20109864));
#1422=VERTEX_POINT('',#1421);
#1423=CARTESIAN_POINT('',(-60.938418716,-25.254383687,-6.20109864));
#1424=DIRECTION('',(0.999194395,-0.,0.040131793));
#1425=VECTOR('',#1424,5.376);
#1426=LINE('',#1423,#1425);
#1427=EDGE_CURVE('',#1422,#1412,#1426,.T.);
#1428=ORIENTED_EDGE('',*,*,#1427,.F.);
#1429=CARTESIAN_POINT('',(-60.919646067,-25.254383687,-6.668496798));
#1430=VERTEX_POINT('',#1429);
#1431=CARTESIAN_POINT('',(-60.919646067,-25.254383687,-6.668496798));
#1432=DIRECTION('',(-0.040131793,0.,0.999194395));
#1433=VECTOR('',#1432,0.467775);
#1434=LINE('',#1431,#1433);
#1435=EDGE_CURVE('',#1430,#1422,#1434,.T.);
#1436=ORIENTED_EDGE('',*,*,#1435,.F.);
#1437=CARTESIAN_POINT('',(-55.547976999,-25.254383687,-6.452748282));
#1438=DIRECTION('',(-0.999194395,0.,-0.040131793));
#1439=VECTOR('',#1438,5.376);
#1440=LINE('',#1437,#1439);
#1441=EDGE_CURVE('',#1414,#1430,#1440,.T.);
#1442=ORIENTED_EDGE('',*,*,#1441,.F.);
#1443=EDGE_LOOP('',(#1420,#1428,#1436,#1442));
#1444=FACE_BOUND('',#1443,.T.);
#1445=ADVANCED_FACE('',(#1444),#1410,.T.);
#1446=CARTESIAN_POINT('',(-55.02880456,-23.106383687,-6.621048545));
#1447=DIRECTION('',(0.040131793,0.,-0.999194395));
#1448=DIRECTION('',(-0.,-1.,-0.));
#1449=AXIS2_PLACEMENT_3D('',#1446,#1447,#1448);
#1450=PLANE('',#1449);
#1451=CARTESIAN_POINT('',(-55.54039209,-25.014383687,-6.641596022));
#1452=VERTEX_POINT('',#1451);
#1453=CARTESIAN_POINT('',(-55.54039209,-22.693799298,-6.641596022));
#1454=VERTEX_POINT('',#1453);
#1455=CARTESIAN_POINT('',(-55.54039209,-25.014383687,-6.641596022));
#1456=DIRECTION('',(0.,1.,0.));
#1457=VECTOR('',#1456,2.320584389);
#1458=LINE('',#1455,#1457);
#1459=EDGE_CURVE('',#1452,#1454,#1458,.T.);
#1460=ORIENTED_EDGE('',*,*,#1459,.F.);
#1461=CARTESIAN_POINT('',(-60.912061158,-25.014383687,-6.857344539));
#1462=VERTEX_POINT('',#1461);
#1463=CARTESIAN_POINT('',(-60.912061158,-25.014383687,-6.857344539));
#1464=DIRECTION('',(0.999194395,-0.,0.040131793));
#1465=VECTOR('',#1464,5.376);
#1466=LINE('',#1463,#1465);
#1467=EDGE_CURVE('',#1462,#1452,#1466,.T.);
#1468=ORIENTED_EDGE('',*,*,#1467,.F.);
#1469=CARTESIAN_POINT('',(-60.912061158,-22.693799298,-6.857344539));
#1470=VERTEX_POINT('',#1469);
#1471=CARTESIAN_POINT('',(-60.912061158,-22.693799298,-6.857344539));
#1472=DIRECTION('',(-0.,-1.,-0.));
#1473=VECTOR('',#1472,2.320584389);
#1474=LINE('',#1471,#1473);
#1475=EDGE_CURVE('',#1470,#1462,#1474,.T.);
#1476=ORIENTED_EDGE('',*,*,#1475,.F.);
#1477=CARTESIAN_POINT('',(-60.912061158,-22.693799298,-6.857344539));
#1478=DIRECTION('',(0.999194395,-0.,0.040131793));
#1479=VECTOR('',#1478,5.376);
#1480=LINE('',#1477,#1479);
#1481=EDGE_CURVE('',#1470,#1454,#1480,.T.);
#1482=ORIENTED_EDGE('',*,*,#1481,.T.);
#1483=EDGE_LOOP('',(#1460,#1468,#1476,#1482));
#1484=FACE_BOUND('',#1483,.T.);
#1485=ADVANCED_FACE('',(#1484),#1450,.T.);
#1486=CARTESIAN_POINT('',(-55.265901673,-22.515176103,-0.717845842));
#1487=DIRECTION('',(0.001212803,0.999543256,-0.030196161));
#1488=DIRECTION('',(0.040113463,-0.030220507,-0.998738019));
#1489=AXIS2_PLACEMENT_3D('',#1486,#1487,#1488);
#1490=PLANE('',#1489);
#1491=CARTESIAN_POINT('',(-55.565959095,-22.526348879,-1.220796339));
#1492=VERTEX_POINT('',#1491);
#1493=CARTESIAN_POINT('',(-55.355450978,-22.688597833,-6.461990853));
#1494=DIRECTION('',(-0.040113463,0.030220507,0.998738019));
#1495=VECTOR('',#1494,5.247927682);
#1496=LINE('',#1493,#1495);
#1497=EDGE_CURVE('',#187,#1492,#1496,.T.);
#1498=ORIENTED_EDGE('',*,*,#1497,.F.);
#1499=ORIENTED_EDGE('',*,*,#192,.F.);
#1500=CARTESIAN_POINT('',(-55.356225093,-22.688597833,-6.462021944));
#1501=CARTESIAN_POINT('',(-55.358646649,-22.690024121,-6.509331714));
#1502=CARTESIAN_POINT('',(-55.379508586,-22.691365693,-6.554577872));
#1503=CARTESIAN_POINT('',(-55.413454103,-22.692317131,-6.58743545));
#1504=CARTESIAN_POINT('',(-55.44739962,-22.693268569,-6.620293028));
#1505=CARTESIAN_POINT('',(-55.493439068,-22.693799298,-6.639710189));
#1506=CARTESIAN_POINT('',(-55.54039207,-22.693799298,-6.641596022));
#1507=B_SPLINE_CURVE_WITH_KNOTS('',3,(#1500,#1501,#1502,#1503,#1504,#1505,#1506),.UNSPECIFIED.,.F.,.F.,(4,3,4),(0.001025936,0.001166288,0.00130664),.UNSPECIFIED.);
#1508=EDGE_CURVE('',#176,#1454,#1507,.T.);
#1509=ORIENTED_EDGE('',*,*,#1508,.T.);
#1510=ORIENTED_EDGE('',*,*,#1481,.F.);
#1511=CARTESIAN_POINT('',(-61.110036579,-22.688597833,-6.693118886));
#1512=CARTESIAN_POINT('',(-61.10382863,-22.690024121,-6.740082059));
#1513=CARTESIAN_POINT('',(-61.079405199,-22.691365693,-6.783509369));
#1514=CARTESIAN_POINT('',(-61.042933882,-22.692317131,-6.813538714));
#1515=CARTESIAN_POINT('',(-61.006462565,-22.693268569,-6.84356806));
#1516=CARTESIAN_POINT('',(-60.959014181,-22.693799298,-6.859230362));
#1517=CARTESIAN_POINT('',(-60.912061178,-22.693799298,-6.85734454));
#1518=B_SPLINE_CURVE_WITH_KNOTS('',3,(#1511,#1512,#1513,#1514,#1515,#1516,#1517),.UNSPECIFIED.,.F.,.F.,(4,3,4),(0.001025936,0.001166288,0.00130664),.UNSPECIFIED.);
#1519=EDGE_CURVE('',#211,#1470,#1518,.T.);
#1520=ORIENTED_EDGE('',*,*,#1519,.F.);
#1521=ORIENTED_EDGE('',*,*,#216,.F.);
#1522=CARTESIAN_POINT('',(-61.321775594,-22.526249161,-1.440582557));
#1523=VERTEX_POINT('',#1522);
#1524=CARTESIAN_POINT('',(-61.321779731,-22.529658894,-1.440479549));
#1525=DIRECTION('',(0.040113463,-0.030220507,-0.998738019));
#1526=VECTOR('',#1525,5.259307573);
#1527=LINE('',#1524,#1526);
#1528=EDGE_CURVE('',#1523,#209,#1527,.T.);
#1529=ORIENTED_EDGE('',*,*,#1528,.F.);
#1530=CARTESIAN_POINT('',(-55.565644478,-22.530266035,-1.229386678));
#1531=CARTESIAN_POINT('',(-61.321779732,-22.529658893,-1.440479535));
#1532=B_SPLINE_CURVE_WITH_KNOTS('',1,(#1530,#1531),.UNSPECIFIED.,.F.,.F.,(2,2),(0.,0.999994725),.UNSPECIFIED.);
#1533=EDGE_CURVE('',#1492,#1523,#1532,.T.);
#1534=ORIENTED_EDGE('',*,*,#1533,.F.);
#1535=EDGE_LOOP('',(#1498,#1499,#1509,#1510,#1520,#1521,#1529,#1534));
#1536=FACE_BOUND('',#1535,.T.);
#1537=ADVANCED_FACE('',(#1536),#1490,.T.);
#1538=CARTESIAN_POINT('',(-61.13026404,-33.087500522,-6.208803944));
#1539=CARTESIAN_POINT('',(-61.134056495,-33.087500522,-6.114380074));
#1540=CARTESIAN_POINT('',(-61.073900508,-33.087500522,-6.017387769));
#1541=CARTESIAN_POINT('',(-60.946003625,-33.087500522,-6.012250899));
#1542=(BOUNDED_CURVE()
B_SPLINE_CURVE(3,(#1538,#1539,#1540,#1541),.UNSPECIFIED.,.F.,.F.)
B_SPLINE_CURVE_WITH_KNOTS((4,4),(0.,0.25),.UNSPECIFIED.)
CURVE()
GEOMETRIC_REPRESENTATION_ITEM()
RATIONAL_B_SPLINE_CURVE((1.,0.666666667,0.5,0.5))
REPRESENTATION_ITEM(''));
#1543=DIRECTION('',(0.,1.,0.));
#1544=VECTOR('',#1543,1.);
#1545=SURFACE_OF_LINEAR_EXTRUSION('',#1542,#1544);
#1546=ORIENTED_EDGE('',*,*,#990,.T.);
#1547=CARTESIAN_POINT('',(-61.13026404,-25.014383687,-6.208803944));
#1548=VERTEX_POINT('',#1547);
#1549=CARTESIAN_POINT('',(-61.13026404,-24.200172693,-6.208803944));
#1550=DIRECTION('',(-0.,-1.,0.));
#1551=VECTOR('',#1550,0.814210994);
#1552=LINE('',#1549,#1551);
#1553=EDGE_CURVE('',#977,#1548,#1552,.T.);
#1554=ORIENTED_EDGE('',*,*,#1553,.T.);
#1555=CARTESIAN_POINT('',(-61.13026404,-25.014383687,-6.208803944));
#1556=CARTESIAN_POINT('',(-61.131258992,-25.014383687,-6.184031809));
#1557=CARTESIAN_POINT('',(-61.130028432,-25.014386065,-6.141908002));
#1558=CARTESIAN_POINT('',(-61.096445921,-25.014383687,-6.093954239));
#1559=CARTESIAN_POINT('',(-61.06286341,-25.014381309,-6.046000477));
#1560=CARTESIAN_POINT('',(-61.002621399,-25.007404731,-6.014524904));
#1561=CARTESIAN_POINT('',(-60.946003625,-25.014383687,-6.012250899));
#1562=B_SPLINE_CURVE_WITH_KNOTS('',3,(#1555,#1556,#1557,#1558,#1559,#1560,#1561),.UNSPECIFIED.,.F.,.F.,(4,3,4),(0.,0.5,1.),.UNSPECIFIED.);
#1563=EDGE_CURVE('',#1548,#937,#1562,.T.);
#1564=ORIENTED_EDGE('',*,*,#1563,.T.);
#1565=ORIENTED_EDGE('',*,*,#942,.T.);
#1566=EDGE_LOOP('',(#1546,#1554,#1564,#1565));
#1567=FACE_BOUND('',#1566,.T.);
#1568=ADVANCED_FACE('',(#1567),#1545,.T.);
#1569=CARTESIAN_POINT('',(-55.055162118,-25.254383687,-5.964802646));
#1570=CARTESIAN_POINT('',(-55.060218724,-25.254383687,-5.838904152));
#1571=CARTESIAN_POINT('',(-55.062747027,-25.134383687,-5.775954905));
#1572=CARTESIAN_POINT('',(-55.062747027,-25.014383687,-5.775954905));
#1573=(BOUNDED_CURVE()
B_SPLINE_CURVE(3,(#1569,#1570,#1571,#1572),.UNSPECIFIED.,.F.,.F.)
B_SPLINE_CURVE_WITH_KNOTS((4,4),(0.75,1.),.UNSPECIFIED.)
CURVE()
GEOMETRIC_REPRESENTATION_ITEM()
RATIONAL_B_SPLINE_CURVE((0.5,0.5,0.666666667,1.))
REPRESENTATION_ITEM(''));
#1574=DIRECTION('',(-0.999194395,0.,-0.040131793));
#1575=VECTOR('',#1574,1.);
#1576=SURFACE_OF_LINEAR_EXTRUSION('',#1573,#1575);
#1577=CARTESIAN_POINT('',(-60.943781481,-25.184089161,-6.067563293));
#1578=VERTEX_POINT('',#1577);
#1579=CARTESIAN_POINT('',(-60.946003625,-25.014383687,-6.012250899));
#1580=CARTESIAN_POINT('',(-60.946003625,-25.029033818,-6.012250899));
#1581=CARTESIAN_POINT('',(-60.946044788,-25.043332872,-6.013315899));
#1582=CARTESIAN_POINT('',(-60.946030136,-25.056978804,-6.015254915));
#1583=CARTESIAN_POINT('',(-60.946015485,-25.070624735,-6.017193931));
#1584=CARTESIAN_POINT('',(-60.94594534,-25.083616122,-6.020003586));
#1585=CARTESIAN_POINT('',(-60.945801698,-25.09577263,-6.023451576));
#1586=CARTESIAN_POINT('',(-60.945658056,-25.107929137,-6.026899567));
#1587=CARTESIAN_POINT('',(-60.9454425,-25.119251528,-6.030982685));
#1588=CARTESIAN_POINT('',(-60.945200935,-25.129686397,-6.035477985));
#1589=CARTESIAN_POINT('',(-60.94495937,-25.140121267,-6.039973285));
#1590=CARTESIAN_POINT('',(-60.944693709,-25.149671204,-6.044878805));
#1591=CARTESIAN_POINT('',(-60.944486643,-25.158383687,-6.050020448));
#1592=CARTESIAN_POINT('',(-60.944485834,-25.15841772,-6.050040532));
#1593=CARTESIAN_POINT('',(-60.944484176,-25.15848747,-6.050081721));
#1594=CARTESIAN_POINT('',(-60.944482942,-25.158539338,-6.050112382));
#1595=CARTESIAN_POINT('',(-60.944481707,-25.158591205,-6.050143043));
#1596=CARTESIAN_POINT('',(-60.944480473,-25.158643057,-6.050173721));
#1597=CARTESIAN_POINT('',(-60.944479237,-25.158694893,-6.050204415));
#1598=CARTESIAN_POINT('',(-60.944476767,-25.158798564,-6.050265804));
#1599=CARTESIAN_POINT('',(-60.944474295,-25.158902172,-6.050327258));
#1600=CARTESIAN_POINT('',(-60.944471821,-25.159005715,-6.050388778));
#1601=CARTESIAN_POINT('',(-60.944466873,-25.159212801,-6.050511817));
#1602=CARTESIAN_POINT('',(-60.944461918,-25.15941963,-6.050635119));
#1603=CARTESIAN_POINT('',(-60.944456956,-25.159626199,-6.050758681));
#1604=CARTESIAN_POINT('',(-60.94444703,-25.160039336,-6.051005805));
#1605=CARTESIAN_POINT('',(-60.944437075,-25.160451433,-6.05125397));
#1606=CARTESIAN_POINT('',(-60.944427086,-25.160862465,-6.051503163));
#1607=CARTESIAN_POINT('',(-60.944407109,-25.161684529,-6.052001547));
#1608=CARTESIAN_POINT('',(-60.944386998,-25.162502337,-6.052504039));
#1609=CARTESIAN_POINT('',(-60.944366735,-25.163315712,-6.05301052));
#1610=CARTESIAN_POINT('',(-60.944326209,-25.164942463,-6.05402348));
#1611=CARTESIAN_POINT('',(-60.94428507,-25.166551473,-6.055052396));
#1612=CARTESIAN_POINT('',(-60.944243249,-25.168141438,-6.05609628));
#1613=CARTESIAN_POINT('',(-60.944159605,-25.171321368,-6.058184049));
#1614=CARTESIAN_POINT('',(-60.94407314,-25.174424968,-6.060331706));
#1615=CARTESIAN_POINT('',(-60.943984468,-25.177443562,-6.062531026));
#1616=CARTESIAN_POINT('',(-60.943895797,-25.180462155,-6.064730346));
#1617=CARTESIAN_POINT('',(-60.943800571,-25.183405201,-6.066990852));
#1618=CARTESIAN_POINT('',(-60.943718836,-25.186160845,-6.069213406));
#1619=CARTESIAN_POINT('',(-60.943637102,-25.18891649,-6.071435959));
#1620=CARTESIAN_POINT('',(-60.943565444,-25.191646071,-6.073747624));
#1621=CARTESIAN_POINT('',(-60.943498674,-25.194341132,-6.076152127));
#1622=CARTESIAN_POINT('',(-60.943231591,-25.20512138,-6.085770142));
#1623=CARTESIAN_POINT('',(-60.943030214,-25.215378399,-6.096900992));
#1624=CARTESIAN_POINT('',(-60.942633656,-25.224317299,-6.109601965));
#1625=CARTESIAN_POINT('',(-60.942435377,-25.22878675,-6.115952451));
#1626=CARTESIAN_POINT('',(-60.942190696,-25.232920347,-6.122689866));
#1627=CARTESIAN_POINT('',(-60.941891516,-25.236597175,-6.12977993));
#1628=CARTESIAN_POINT('',(-60.941592337,-25.240274003,-6.136869995));
#1629=CARTESIAN_POINT('',(-60.941238337,-25.243492926,-6.14431263));
#1630=CARTESIAN_POINT('',(-60.940846305,-25.24613788,-6.152042374));
#1631=CARTESIAN_POINT('',(-60.940454274,-25.248782835,-6.159772119));
#1632=CARTESIAN_POINT('',(-60.940024188,-25.250852776,-6.167788533));
#1633=CARTESIAN_POINT('',(-60.93960042,-25.252253157,-6.175998941));
#1634=CARTESIAN_POINT('',(-60.939176653,-25.253653539,-6.184209349));
#1635=CARTESIAN_POINT('',(-60.93875953,-25.254383687,-6.19261311));
#1636=CARTESIAN_POINT('',(-60.938418716,-25.254383687,-6.20109864));
#1637=B_SPLINE_CURVE_WITH_KNOTS('',3,(#1579,#1580,#1581,#1582,#1583,#1584,#1585,#1586,#1587,#1588,#1589,#1590,#1591,#1592,#1593,#1594,#1595,#1596,#1597,#1598,#1599,#1600,#1601,#1602,#1603,#1604,
#1605,#1606,#1607,#1608,#1609,#1610,#1611,#1612,#1613,#1614,#1615,#1616,#1617,#1618,#1619,#1620,#1621,#1622,#1623,#1624,#1625,#1626,#1627,#1628,#1629,
#1630,#1631,#1632,#1633,#1634,#1635,#1636),.UNSPECIFIED.,.F.,.F.,(4,3,3,3,3,3,3,3,3,3,3,3,3,3,3,3,3,3,3,4),(0.,0.125,0.25,0.375,0.5,0.500488281,0.500976562,0.501953125,0.50390625,0.5078125,0.515625,0.53125,0.5625,0.59375,0.625,0.75,0.8125,0.875,0.9375,1.),.UNSPECIFIED.);
#1638=EDGE_CURVE('',#937,#1578,#1637,.T.);
#1639=ORIENTED_EDGE('',*,*,#1638,.T.);
#1640=CARTESIAN_POINT('',(-60.946003625,-25.014383687,-6.012250899));
#1641=CARTESIAN_POINT('',(-60.946003625,-25.029033818,-6.012250899));
#1642=CARTESIAN_POINT('',(-60.946044788,-25.043332872,-6.013315899));
#1643=CARTESIAN_POINT('',(-60.946030136,-25.056978804,-6.015254915));
#1644=CARTESIAN_POINT('',(-60.946015485,-25.070624735,-6.017193931));
#1645=CARTESIAN_POINT('',(-60.94594534,-25.083616122,-6.020003586));
#1646=CARTESIAN_POINT('',(-60.945801698,-25.09577263,-6.023451576));
#1647=CARTESIAN_POINT('',(-60.945658056,-25.107929137,-6.026899567));
#1648=CARTESIAN_POINT('',(-60.9454425,-25.119251528,-6.030982685));
#1649=CARTESIAN_POINT('',(-60.945200935,-25.129686397,-6.035477985));
#1650=CARTESIAN_POINT('',(-60.94495937,-25.140121267,-6.039973285));
#1651=CARTESIAN_POINT('',(-60.944693709,-25.149671204,-6.044878805));
#1652=CARTESIAN_POINT('',(-60.944486643,-25.158383687,-6.050020448));
#1653=CARTESIAN_POINT('',(-60.944485834,-25.15841772,-6.050040532));
#1654=CARTESIAN_POINT('',(-60.944484176,-25.15848747,-6.050081721));
#1655=CARTESIAN_POINT('',(-60.944482942,-25.158539338,-6.050112382));
#1656=CARTESIAN_POINT('',(-60.944481707,-25.158591205,-6.050143043));
#1657=CARTESIAN_POINT('',(-60.944480473,-25.158643057,-6.050173721));
#1658=CARTESIAN_POINT('',(-60.944479237,-25.158694893,-6.050204415));
#1659=CARTESIAN_POINT('',(-60.944476767,-25.158798564,-6.050265804));
#1660=CARTESIAN_POINT('',(-60.944474295,-25.158902172,-6.050327258));
#1661=CARTESIAN_POINT('',(-60.944471821,-25.159005715,-6.050388778));
#1662=CARTESIAN_POINT('',(-60.944466873,-25.159212801,-6.050511817));
#1663=CARTESIAN_POINT('',(-60.944461918,-25.15941963,-6.050635119));
#1664=CARTESIAN_POINT('',(-60.944456956,-25.159626199,-6.050758681));
#1665=CARTESIAN_POINT('',(-60.94444703,-25.160039336,-6.051005805));
#1666=CARTESIAN_POINT('',(-60.944437075,-25.160451433,-6.05125397));
#1667=CARTESIAN_POINT('',(-60.944427086,-25.160862465,-6.051503163));
#1668=CARTESIAN_POINT('',(-60.944407109,-25.161684529,-6.052001547));
#1669=CARTESIAN_POINT('',(-60.944386998,-25.162502337,-6.052504039));
#1670=CARTESIAN_POINT('',(-60.944366735,-25.163315712,-6.05301052));
#1671=CARTESIAN_POINT('',(-60.944326209,-25.164942463,-6.05402348));
#1672=CARTESIAN_POINT('',(-60.94428507,-25.166551473,-6.055052396));
#1673=CARTESIAN_POINT('',(-60.944243249,-25.168141438,-6.05609628));
#1674=CARTESIAN_POINT('',(-60.944159605,-25.171321368,-6.058184049));
#1675=CARTESIAN_POINT('',(-60.94407314,-25.174424968,-6.060331706));
#1676=CARTESIAN_POINT('',(-60.943984468,-25.177443562,-6.062531026));
#1677=CARTESIAN_POINT('',(-60.943895797,-25.180462155,-6.064730346));
#1678=CARTESIAN_POINT('',(-60.943800571,-25.183405201,-6.066990852));
#1679=CARTESIAN_POINT('',(-60.943718836,-25.186160845,-6.069213406));
#1680=CARTESIAN_POINT('',(-60.943637102,-25.18891649,-6.071435959));
#1681=CARTESIAN_POINT('',(-60.943565444,-25.191646071,-6.073747624));
#1682=CARTESIAN_POINT('',(-60.943498674,-25.194341132,-6.076152127));
#1683=CARTESIAN_POINT('',(-60.943231591,-25.20512138,-6.085770142));
#1684=CARTESIAN_POINT('',(-60.943030214,-25.215378399,-6.096900992));
#1685=CARTESIAN_POINT('',(-60.942633656,-25.224317299,-6.109601965));
#1686=CARTESIAN_POINT('',(-60.942435377,-25.22878675,-6.115952451));
#1687=CARTESIAN_POINT('',(-60.942190696,-25.232920347,-6.122689866));
#1688=CARTESIAN_POINT('',(-60.941891516,-25.236597175,-6.12977993));
#1689=CARTESIAN_POINT('',(-60.941592337,-25.240274003,-6.136869995));
#1690=CARTESIAN_POINT('',(-60.941238337,-25.243492926,-6.14431263));
#1691=CARTESIAN_POINT('',(-60.940846305,-25.24613788,-6.152042374));
#1692=CARTESIAN_POINT('',(-60.940454274,-25.248782835,-6.159772119));
#1693=CARTESIAN_POINT('',(-60.940024188,-25.250852776,-6.167788533));
#1694=CARTESIAN_POINT('',(-60.93960042,-25.252253157,-6.175998941));
#1695=CARTESIAN_POINT('',(-60.939176653,-25.253653539,-6.184209349));
#1696=CARTESIAN_POINT('',(-60.93875953,-25.254383687,-6.19261311));
#1697=CARTESIAN_POINT('',(-60.938418716,-25.254383687,-6.20109864));
#1698=B_SPLINE_CURVE_WITH_KNOTS('',3,(#1640,#1641,#1642,#1643,#1644,#1645,#1646,#1647,#1648,#1649,#1650,#1651,#1652,#1653,#1654,#1655,#1656,#1657,#1658,#1659,#1660,#1661,#1662,#1663,#1664,#1665,
#1666,#1667,#1668,#1669,#1670,#1671,#1672,#1673,#1674,#1675,#1676,#1677,#1678,#1679,#1680,#1681,#1682,#1683,#1684,#1685,#1686,#1687,#1688,#1689,#1690,
#1691,#1692,#1693,#1694,#1695,#1696,#1697),.UNSPECIFIED.,.F.,.F.,(4,3,3,3,3,3,3,3,3,3,3,3,3,3,3,3,3,3,3,4),(0.,0.125,0.25,0.375,0.5,0.500488281,0.500976562,0.501953125,0.50390625,0.5078125,0.515625,0.53125,0.5625,0.59375,0.625,0.75,0.8125,0.875,0.9375,1.),.UNSPECIFIED.);
#1699=EDGE_CURVE('',#1578,#1422,#1698,.T.);
#1700=ORIENTED_EDGE('',*,*,#1699,.T.);
#1701=ORIENTED_EDGE('',*,*,#1427,.T.);
#1702=CARTESIAN_POINT('',(-55.566749648,-25.254383687,-5.985350123));
#1703=CARTESIAN_POINT('',(-55.567826089,-25.254383687,-5.958549097));
#1704=CARTESIAN_POINT('',(-55.568071759,-25.253068713,-5.899941277));
#1705=CARTESIAN_POINT('',(-55.571969588,-25.174464865,-5.844631809));
#1706=CARTESIAN_POINT('',(-55.573918502,-25.135162941,-5.816977074));
#1707=CARTESIAN_POINT('',(-55.573850766,-25.111139138,-5.811412224));
#1708=CARTESIAN_POINT('',(-55.574265241,-25.087262556,-5.80543163));
#1709=CARTESIAN_POINT('',(-55.574679716,-25.063385973,-5.799451037));
#1710=CARTESIAN_POINT('',(-55.57488026,-25.038492693,-5.796524301));
#1711=CARTESIAN_POINT('',(-55.574334557,-25.014383687,-5.796502383));
#1712=B_SPLINE_CURVE_WITH_KNOTS('',3,(#1702,#1703,#1704,#1705,#1706,#1707,#1708,#1709,#1710,#1711),.UNSPECIFIED.,.F.,.F.,(4,3,3,4),(0.,0.5,0.75,1.),.UNSPECIFIED.);
#1713=EDGE_CURVE('',#1412,#921,#1712,.T.);
#1714=ORIENTED_EDGE('',*,*,#1713,.T.);
#1715=ORIENTED_EDGE('',*,*,#948,.T.);
#1716=EDGE_LOOP('',(#1639,#1700,#1701,#1714,#1715));
#1717=FACE_BOUND('',#1716,.T.);
#1718=ADVANCED_FACE('',(#1717),#1576,.T.);
#1719=CARTESIAN_POINT('',(-55.574334557,-33.087500522,-5.796502383));
#1720=CARTESIAN_POINT('',(-55.446437674,-33.087500522,-5.791365513));
#1721=CARTESIAN_POINT('',(-55.378696779,-33.087500522,-5.883220949));
#1722=CARTESIAN_POINT('',(-55.374904324,-33.087500522,-5.977644819));
#1723=(BOUNDED_CURVE()
B_SPLINE_CURVE(3,(#1719,#1720,#1721,#1722),.UNSPECIFIED.,.F.,.F.)
B_SPLINE_CURVE_WITH_KNOTS((4,4),(0.25,0.5),.UNSPECIFIED.)
CURVE()
GEOMETRIC_REPRESENTATION_ITEM()
RATIONAL_B_SPLINE_CURVE((0.5,0.5,0.666666667,1.))
REPRESENTATION_ITEM(''));
#1724=DIRECTION('',(0.,1.,0.));
#1725=VECTOR('',#1724,1.);
#1726=SURFACE_OF_LINEAR_EXTRUSION('',#1723,#1725);
#1727=ORIENTED_EDGE('',*,*,#999,.T.);
#1728=ORIENTED_EDGE('',*,*,#926,.T.);
#1729=CARTESIAN_POINT('',(-55.436457763,-25.014383715,-5.846366027));
#1730=VERTEX_POINT('',#1729);
#1731=CARTESIAN_POINT('',(-55.574334557,-25.014383687,-5.796502383));
#1732=CARTESIAN_POINT('',(-55.565721973,-25.014383687,-5.796156466));
#1733=CARTESIAN_POINT('',(-55.557172473,-25.014478933,-5.796387453));
#1734=CARTESIAN_POINT('',(-55.548802376,-25.014590467,-5.797150741));
#1735=CARTESIAN_POINT('',(-55.540432278,-25.014702001,-5.797914028));
#1736=CARTESIAN_POINT('',(-55.532242237,-25.014829477,-5.799209093));
#1737=CARTESIAN_POINT('',(-55.524328824,-25.014924295,-5.800964261));
#1738=CARTESIAN_POINT('',(-55.516415412,-25.015019112,-5.802719429));
#1739=CARTESIAN_POINT('',(-55.508779068,-25.015081342,-5.804933901));
#1740=CARTESIAN_POINT('',(-55.501488215,-25.015094803,-5.807518988));
#1741=CARTESIAN_POINT('',(-55.494197362,-25.015108264,-5.810104076));
#1742=CARTESIAN_POINT('',(-55.487252073,-25.015073366,-5.81305891));
#1743=CARTESIAN_POINT('',(-55.480688671,-25.015002633,-5.816290513));
#1744=CARTESIAN_POINT('',(-55.467561868,-25.014861165,-5.822753719));
#1745=CARTESIAN_POINT('',(-55.45598576,-25.014565986,-5.830305077));
#1746=CARTESIAN_POINT('',(-55.445909654,-25.014437695,-5.838326385));
#1747=CARTESIAN_POINT('',(-55.443390627,-25.014405622,-5.840331712));
#1748=CARTESIAN_POINT('',(-55.44096358,-25.014384833,-5.842367769));
#1749=CARTESIAN_POINT('',(-55.438624777,-25.014381532,-5.844427879));
#1750=CARTESIAN_POINT('',(-55.438040077,-25.014380707,-5.844942907));
#1751=CARTESIAN_POINT('',(-55.437460888,-25.014380975,-5.845459445));
#1752=CARTESIAN_POINT('',(-55.436887146,-25.014382434,-5.845977401));
#1753=CARTESIAN_POINT('',(-55.436313403,-25.014383894,-5.846495357));
#1754=CARTESIAN_POINT('',(-55.435947176,-25.014385708,-5.846830586));
#1755=CARTESIAN_POINT('',(-55.435539335,-25.014388001,-5.84720592));
#1756=CARTESIAN_POINT('',(-55.434723652,-25.014392587,-5.847956588));
#1757=CARTESIAN_POINT('',(-55.433910087,-25.014399301,-5.848718458));
#1758=CARTESIAN_POINT('',(-55.433098913,-25.01440786,-5.849491725));
#1759=CARTESIAN_POINT('',(-55.429854214,-25.014442094,-5.852584795));
#1760=CARTESIAN_POINT('',(-55.426647309,-25.014505762,-5.855860484));
#1761=CARTESIAN_POINT('',(-55.423499155,-25.01458124,-5.85932952));
#1762=CARTESIAN_POINT('',(-55.417202847,-25.014732197,-5.866267591));
#1763=CARTESIAN_POINT('',(-55.411137028,-25.014926749,-5.873985374));
#1764=CARTESIAN_POINT('',(-55.40553179,-25.015051288,-5.88251111));
#1765=CARTESIAN_POINT('',(-55.399926552,-25.015175827,-5.891036847));
#1766=CARTESIAN_POINT('',(-55.394785751,-25.015226878,-5.900372802));
#1767=CARTESIAN_POINT('',(-55.3903866,-25.015171192,-5.910432323));
#1768=CARTESIAN_POINT('',(-55.385987448,-25.015115507,-5.920491843));
#1769=CARTESIAN_POINT('',(-55.38233516,-25.014951158,-5.931274235));
#1770=CARTESIAN_POINT('',(-55.379683816,-25.014767887,-5.942565358));
#1771=CARTESIAN_POINT('',(-55.377032472,-25.014584616,-5.95385648));
#1772=CARTESIAN_POINT('',(-55.375385963,-25.014383687,-5.965653051));
#1773=CARTESIAN_POINT('',(-55.374904324,-25.014383687,-5.977644819));
#1774=B_SPLINE_CURVE_WITH_KNOTS('',3,(#1731,#1732,#1733,#1734,#1735,#1736,#1737,#1738,#1739,#1740,#1741,#1742,#1743,#1744,#1745,#1746,#1747,#1748,#1749,#1750,#1751,#1752,#1753,#1754,#1755,#1756,
#1757,#1758,#1759,#1760,#1761,#1762,#1763,#1764,#1765,#1766,#1767,#1768,#1769,#1770,#1771,#1772,#1773),.UNSPECIFIED.,.F.,.F.,(4,3,3,3,3,3,3,3,3,3,3,3,3,3,4),(0.,0.0625,0.125,0.1875,0.25,0.375,0.40625,0.4140625,0.421875,0.4375,0.5,0.625,0.75,0.875,1.),.UNSPECIFIED.);
#1775=EDGE_CURVE('',#921,#1730,#1774,.T.);
#1776=ORIENTED_EDGE('',*,*,#1775,.T.);
#1777=CARTESIAN_POINT('',(-55.374904324,-25.014383687,-5.977644819));
#1778=VERTEX_POINT('',#1777);
#1779=CARTESIAN_POINT('',(-55.574334557,-25.014383687,-5.796502383));
#1780=CARTESIAN_POINT('',(-55.565721973,-25.014383687,-5.796156466));
#1781=CARTESIAN_POINT('',(-55.557172473,-25.014478933,-5.796387453));
#1782=CARTESIAN_POINT('',(-55.548802376,-25.014590467,-5.797150741));
#1783=CARTESIAN_POINT('',(-55.540432278,-25.014702001,-5.797914028));
#1784=CARTESIAN_POINT('',(-55.532242237,-25.014829477,-5.799209093));
#1785=CARTESIAN_POINT('',(-55.524328824,-25.014924295,-5.800964261));
#1786=CARTESIAN_POINT('',(-55.516415412,-25.015019112,-5.802719429));
#1787=CARTESIAN_POINT('',(-55.508779068,-25.015081342,-5.804933901));
#1788=CARTESIAN_POINT('',(-55.501488215,-25.015094803,-5.807518988));
#1789=CARTESIAN_POINT('',(-55.494197362,-25.015108264,-5.810104076));
#1790=CARTESIAN_POINT('',(-55.487252073,-25.015073366,-5.81305891));
#1791=CARTESIAN_POINT('',(-55.480688671,-25.015002633,-5.816290513));
#1792=CARTESIAN_POINT('',(-55.467561868,-25.014861165,-5.822753719));
#1793=CARTESIAN_POINT('',(-55.45598576,-25.014565986,-5.830305077));
#1794=CARTESIAN_POINT('',(-55.445909654,-25.014437695,-5.838326385));
#1795=CARTESIAN_POINT('',(-55.443390627,-25.014405622,-5.840331712));
#1796=CARTESIAN_POINT('',(-55.44096358,-25.014384833,-5.842367769));
#1797=CARTESIAN_POINT('',(-55.438624777,-25.014381532,-5.844427879));
#1798=CARTESIAN_POINT('',(-55.438040077,-25.014380707,-5.844942907));
#1799=CARTESIAN_POINT('',(-55.437460888,-25.014380975,-5.845459445));
#1800=CARTESIAN_POINT('',(-55.436887146,-25.014382434,-5.845977401));
#1801=CARTESIAN_POINT('',(-55.436313403,-25.014383894,-5.846495357));
#1802=CARTESIAN_POINT('',(-55.435947176,-25.014385708,-5.846830586));
#1803=CARTESIAN_POINT('',(-55.435539335,-25.014388001,-5.84720592));
#1804=CARTESIAN_POINT('',(-55.434723652,-25.014392587,-5.847956588));
#1805=CARTESIAN_POINT('',(-55.433910087,-25.014399301,-5.848718458));
#1806=CARTESIAN_POINT('',(-55.433098913,-25.01440786,-5.849491725));
#1807=CARTESIAN_POINT('',(-55.429854214,-25.014442094,-5.852584795));
#1808=CARTESIAN_POINT('',(-55.426647309,-25.014505762,-5.855860484));
#1809=CARTESIAN_POINT('',(-55.423499155,-25.01458124,-5.85932952));
#1810=CARTESIAN_POINT('',(-55.417202847,-25.014732197,-5.866267591));
#1811=CARTESIAN_POINT('',(-55.411137028,-25.014926749,-5.873985374));
#1812=CARTESIAN_POINT('',(-55.40553179,-25.015051288,-5.88251111));
#1813=CARTESIAN_POINT('',(-55.399926552,-25.015175827,-5.891036847));
#1814=CARTESIAN_POINT('',(-55.394785751,-25.015226878,-5.900372802));
#1815=CARTESIAN_POINT('',(-55.3903866,-25.015171192,-5.910432323));
#1816=CARTESIAN_POINT('',(-55.385987448,-25.015115507,-5.920491843));
#1817=CARTESIAN_POINT('',(-55.38233516,-25.014951158,-5.931274235));
#1818=CARTESIAN_POINT('',(-55.379683816,-25.014767887,-5.942565358));
#1819=CARTESIAN_POINT('',(-55.377032472,-25.014584616,-5.95385648));
#1820=CARTESIAN_POINT('',(-55.375385963,-25.014383687,-5.965653051));
#1821=CARTESIAN_POINT('',(-55.374904324,-25.014383687,-5.977644819));
#1822=B_SPLINE_CURVE_WITH_KNOTS('',3,(#1779,#1780,#1781,#1782,#1783,#1784,#1785,#1786,#1787,#1788,#1789,#1790,#1791,#1792,#1793,#1794,#1795,#1796,#1797,#1798,#1799,#1800,#1801,#1802,#1803,#1804,
#1805,#1806,#1807,#1808,#1809,#1810,#1811,#1812,#1813,#1814,#1815,#1816,#1817,#1818,#1819,#1820,#1821),.UNSPECIFIED.,.F.,.F.,(4,3,3,3,3,3,3,3,3,3,3,3,3,3,4),(0.,0.0625,0.125,0.1875,0.25,0.375,0.40625,0.4140625,0.421875,0.4375,0.5,0.625,0.75,0.875,1.),.UNSPECIFIED.);
#1823=EDGE_CURVE('',#1730,#1778,#1822,.T.);
#1824=ORIENTED_EDGE('',*,*,#1823,.T.);
#1825=CARTESIAN_POINT('',(-55.374904324,-25.014383687,-5.977644819));
#1826=DIRECTION('',(0.,1.,-0.));
#1827=VECTOR('',#1826,0.814210994);
#1828=LINE('',#1825,#1827);
#1829=EDGE_CURVE('',#1778,#961,#1828,.T.);
#1830=ORIENTED_EDGE('',*,*,#1829,.T.);
#1831=EDGE_LOOP('',(#1727,#1728,#1776,#1824,#1830));
#1832=FACE_BOUND('',#1831,.T.);
#1833=ADVANCED_FACE('',(#1832),#1726,.T.);
#1834=CARTESIAN_POINT('',(-60.727800743,-32.013500522,-6.660791494));
#1835=CARTESIAN_POINT('',(-60.742970561,-32.013500522,-6.283096013));
#1836=CARTESIAN_POINT('',(-61.126661208,-32.013500522,-6.298506621));
#1837=CARTESIAN_POINT('',(-61.111491391,-32.013500522,-6.676202102));
#1838=CARTESIAN_POINT('',(-61.096321573,-32.013500522,-7.053897584));
#1839=CARTESIAN_POINT('',(-60.712630926,-32.013500522,-7.038486976));
#1840=CARTESIAN_POINT('',(-60.727800743,-32.013500522,-6.660791494));
#1841=(BOUNDED_CURVE()
B_SPLINE_CURVE(3,(#1834,#1835,#1836,#1837,#1838,#1839,#1840),.UNSPECIFIED.,.T.,.F.)
B_SPLINE_CURVE_WITH_KNOTS((4,3,4),(0.,0.5,1.),.UNSPECIFIED.)
CURVE()
GEOMETRIC_REPRESENTATION_ITEM()
RATIONAL_B_SPLINE_CURVE((1.,0.333333333,0.333333333,1.,0.333333333,0.333333333,1.))
REPRESENTATION_ITEM(''));
#1842=DIRECTION('',(-0.,-1.,-0.));
#1843=VECTOR('',#1842,1.);
#1844=SURFACE_OF_LINEAR_EXTRUSION('',#1841,#1843);
#1845=ORIENTED_EDGE('',*,*,#1475,.T.);
#1846=CARTESIAN_POINT('',(-61.049937952,-25.014383715,-6.807480895));
#1847=VERTEX_POINT('',#1846);
#1848=CARTESIAN_POINT('',(-60.912061158,-25.014383687,-6.857344539));
#1849=CARTESIAN_POINT('',(-60.920673742,-25.014383687,-6.857690456));
#1850=CARTESIAN_POINT('',(-60.929223242,-25.014478933,-6.857459468));
#1851=CARTESIAN_POINT('',(-60.937593339,-25.014590467,-6.856696181));
#1852=CARTESIAN_POINT('',(-60.945963437,-25.014702001,-6.855932894));
#1853=CARTESIAN_POINT('',(-60.954153479,-25.014829477,-6.854637828));
#1854=CARTESIAN_POINT('',(-60.962066891,-25.014924295,-6.85288266));
#1855=CARTESIAN_POINT('',(-60.969980304,-25.015019112,-6.851127493));
#1856=CARTESIAN_POINT('',(-60.977616647,-25.015081342,-6.848913021));
#1857=CARTESIAN_POINT('',(-60.9849075,-25.015094803,-6.846327933));
#1858=CARTESIAN_POINT('',(-60.992198354,-25.015108264,-6.843742846));
#1859=CARTESIAN_POINT('',(-60.999143642,-25.015073366,-6.840788012));
#1860=CARTESIAN_POINT('',(-61.005707044,-25.015002633,-6.837556409));
#1861=CARTESIAN_POINT('',(-61.018833847,-25.014861165,-6.831093203));
#1862=CARTESIAN_POINT('',(-61.030409955,-25.014565986,-6.823541845));
#1863=CARTESIAN_POINT('',(-61.040486061,-25.014437695,-6.815520537));
#1864=CARTESIAN_POINT('',(-61.043005088,-25.014405622,-6.81351521));
#1865=CARTESIAN_POINT('',(-61.045432135,-25.014384833,-6.811479153));
#1866=CARTESIAN_POINT('',(-61.047770938,-25.014381532,-6.809419042));
#1867=CARTESIAN_POINT('',(-61.048355639,-25.014380707,-6.808904015));
#1868=CARTESIAN_POINT('',(-61.048934827,-25.014380975,-6.808387477));
#1869=CARTESIAN_POINT('',(-61.04950857,-25.014382434,-6.807869521));
#1870=CARTESIAN_POINT('',(-61.050082312,-25.014383894,-6.807351565));
#1871=CARTESIAN_POINT('',(-61.050448539,-25.014385708,-6.807016336));
#1872=CARTESIAN_POINT('',(-61.05085638,-25.014388001,-6.806641002));
#1873=CARTESIAN_POINT('',(-61.051672063,-25.014392587,-6.805890334));
#1874=CARTESIAN_POINT('',(-61.052485628,-25.014399301,-6.805128464));
#1875=CARTESIAN_POINT('',(-61.053296802,-25.01440786,-6.804355196));
#1876=CARTESIAN_POINT('',(-61.056541501,-25.014442094,-6.801262126));
#1877=CARTESIAN_POINT('',(-61.059748406,-25.014505762,-6.797986437));
#1878=CARTESIAN_POINT('',(-61.06289656,-25.01458124,-6.794517402));
#1879=CARTESIAN_POINT('',(-61.069192868,-25.014732197,-6.787579331));
#1880=CARTESIAN_POINT('',(-61.075258687,-25.014926749,-6.779861548));
#1881=CARTESIAN_POINT('',(-61.080863925,-25.015051288,-6.771335812));
#1882=CARTESIAN_POINT('',(-61.086469163,-25.015175827,-6.762810075));
#1883=CARTESIAN_POINT('',(-61.091609964,-25.015226878,-6.75347412));
#1884=CARTESIAN_POINT('',(-61.096009115,-25.015171192,-6.743414599));
#1885=CARTESIAN_POINT('',(-61.100408267,-25.015115507,-6.733355078));
#1886=CARTESIAN_POINT('',(-61.104060555,-25.014951158,-6.722572687));
#1887=CARTESIAN_POINT('',(-61.106711899,-25.014767887,-6.711281564));
#1888=CARTESIAN_POINT('',(-61.109363243,-25.014584616,-6.699990441));
#1889=CARTESIAN_POINT('',(-61.111009752,-25.014383687,-6.688193871));
#1890=CARTESIAN_POINT('',(-61.111491391,-25.014383687,-6.676202102));
#1891=B_SPLINE_CURVE_WITH_KNOTS('',3,(#1848,#1849,#1850,#1851,#1852,#1853,#1854,#1855,#1856,#1857,#1858,#1859,#1860,#1861,#1862,#1863,#1864,#1865,#1866,#1867,#1868,#1869,#1870,#1871,#1872,#1873,
#1874,#1875,#1876,#1877,#1878,#1879,#1880,#1881,#1882,#1883,#1884,#1885,#1886,#1887,#1888,#1889,#1890),.UNSPECIFIED.,.F.,.F.,(4,3,3,3,3,3,3,3,3,3,3,3,3,3,4),(0.,0.0625,0.125,0.1875,0.25,0.375,0.40625,0.4140625,0.421875,0.4375,0.5,0.625,0.75,0.875,1.),.UNSPECIFIED.);
#1892=EDGE_CURVE('',#1462,#1847,#1891,.T.);
#1893=ORIENTED_EDGE('',*,*,#1892,.T.);
#1894=CARTESIAN_POINT('',(-61.111491391,-25.014383687,-6.676202102));
#1895=VERTEX_POINT('',#1894);
#1896=CARTESIAN_POINT('',(-60.912061158,-25.014383687,-6.857344539));
#1897=CARTESIAN_POINT('',(-60.920673742,-25.014383687,-6.857690456));
#1898=CARTESIAN_POINT('',(-60.929223242,-25.014478933,-6.857459468));
#1899=CARTESIAN_POINT('',(-60.937593339,-25.014590467,-6.856696181));
#1900=CARTESIAN_POINT('',(-60.945963437,-25.014702001,-6.855932894));
#1901=CARTESIAN_POINT('',(-60.954153479,-25.014829477,-6.854637828));
#1902=CARTESIAN_POINT('',(-60.962066891,-25.014924295,-6.85288266));
#1903=CARTESIAN_POINT('',(-60.969980304,-25.015019112,-6.851127493));
#1904=CARTESIAN_POINT('',(-60.977616647,-25.015081342,-6.848913021));
#1905=CARTESIAN_POINT('',(-60.9849075,-25.015094803,-6.846327933));
#1906=CARTESIAN_POINT('',(-60.992198354,-25.015108264,-6.843742846));
#1907=CARTESIAN_POINT('',(-60.999143642,-25.015073366,-6.840788012));
#1908=CARTESIAN_POINT('',(-61.005707044,-25.015002633,-6.837556409));
#1909=CARTESIAN_POINT('',(-61.018833847,-25.014861165,-6.831093203));
#1910=CARTESIAN_POINT('',(-61.030409955,-25.014565986,-6.823541845));
#1911=CARTESIAN_POINT('',(-61.040486061,-25.014437695,-6.815520537));
#1912=CARTESIAN_POINT('',(-61.043005088,-25.014405622,-6.81351521));
#1913=CARTESIAN_POINT('',(-61.045432135,-25.014384833,-6.811479153));
#1914=CARTESIAN_POINT('',(-61.047770938,-25.014381532,-6.809419042));
#1915=CARTESIAN_POINT('',(-61.048355639,-25.014380707,-6.808904015));
#1916=CARTESIAN_POINT('',(-61.048934827,-25.014380975,-6.808387477));
#1917=CARTESIAN_POINT('',(-61.04950857,-25.014382434,-6.807869521));
#1918=CARTESIAN_POINT('',(-61.050082312,-25.014383894,-6.807351565));
#1919=CARTESIAN_POINT('',(-61.050448539,-25.014385708,-6.807016336));
#1920=CARTESIAN_POINT('',(-61.05085638,-25.014388001,-6.806641002));
#1921=CARTESIAN_POINT('',(-61.051672063,-25.014392587,-6.805890334));
#1922=CARTESIAN_POINT('',(-61.052485628,-25.014399301,-6.805128464));
#1923=CARTESIAN_POINT('',(-61.053296802,-25.01440786,-6.804355196));
#1924=CARTESIAN_POINT('',(-61.056541501,-25.014442094,-6.801262126));
#1925=CARTESIAN_POINT('',(-61.059748406,-25.014505762,-6.797986437));
#1926=CARTESIAN_POINT('',(-61.06289656,-25.01458124,-6.794517402));
#1927=CARTESIAN_POINT('',(-61.069192868,-25.014732197,-6.787579331));
#1928=CARTESIAN_POINT('',(-61.075258687,-25.014926749,-6.779861548));
#1929=CARTESIAN_POINT('',(-61.080863925,-25.015051288,-6.771335812));
#1930=CARTESIAN_POINT('',(-61.086469163,-25.015175827,-6.762810075));
#1931=CARTESIAN_POINT('',(-61.091609964,-25.015226878,-6.75347412));
#1932=CARTESIAN_POINT('',(-61.096009115,-25.015171192,-6.743414599));
#1933=CARTESIAN_POINT('',(-61.100408267,-25.015115507,-6.733355078));
#1934=CARTESIAN_POINT('',(-61.104060555,-25.014951158,-6.722572687));
#1935=CARTESIAN_POINT('',(-61.106711899,-25.014767887,-6.711281564));
#1936=CARTESIAN_POINT('',(-61.109363243,-25.014584616,-6.699990441));
#1937=CARTESIAN_POINT('',(-61.111009752,-25.014383687,-6.688193871));
#1938=CARTESIAN_POINT('',(-61.111491391,-25.014383687,-6.676202102));
#1939=B_SPLINE_CURVE_WITH_KNOTS('',3,(#1896,#1897,#1898,#1899,#1900,#1901,#1902,#1903,#1904,#1905,#1906,#1907,#1908,#1909,#1910,#1911,#1912,#1913,#1914,#1915,#1916,#1917,#1918,#1919,#1920,#1921,
#1922,#1923,#1924,#1925,#1926,#1927,#1928,#1929,#1930,#1931,#1932,#1933,#1934,#1935,#1936,#1937,#1938),.UNSPECIFIED.,.F.,.F.,(4,3,3,3,3,3,3,3,3,3,3,3,3,3,4),(0.,0.0625,0.125,0.1875,0.25,0.375,0.40625,0.4140625,0.421875,0.4375,0.5,0.625,0.75,0.875,1.),.UNSPECIFIED.);
#1940=EDGE_CURVE('',#1847,#1895,#1939,.T.);
#1941=ORIENTED_EDGE('',*,*,#1940,.T.);
#1942=CARTESIAN_POINT('',(-61.111491391,-25.014383687,-6.676202102));
#1943=DIRECTION('',(0.,1.,-0.));
#1944=VECTOR('',#1943,1.764782939);
#1945=LINE('',#1942,#1944);
#1946=EDGE_CURVE('',#1895,#219,#1945,.T.);
#1947=ORIENTED_EDGE('',*,*,#1946,.T.);
#1948=ORIENTED_EDGE('',*,*,#225,.T.);
#1949=ORIENTED_EDGE('',*,*,#1519,.T.);
#1950=EDGE_LOOP('',(#1845,#1893,#1941,#1947,#1948,#1949));
#1951=FACE_BOUND('',#1950,.T.);
#1952=ADVANCED_FACE('',(#1951),#1844,.T.);
#1953=CARTESIAN_POINT('',(-63.764170141,-25.014383687,59.369732353));
#1954=CARTESIAN_POINT('',(-63.764170141,-25.134383687,59.369732353));
#1955=CARTESIAN_POINT('',(-63.7002217,-25.254383687,59.372300787));
#1956=CARTESIAN_POINT('',(-63.572324817,-25.254383687,59.377437657));
#1957=(BOUNDED_CURVE()
B_SPLINE_CURVE(3,(#1953,#1954,#1955,#1956),.UNSPECIFIED.,.F.,.F.)
B_SPLINE_CURVE_WITH_KNOTS((4,4),(0.5,0.75),.UNSPECIFIED.)
CURVE()
GEOMETRIC_REPRESENTATION_ITEM()
RATIONAL_B_SPLINE_CURVE((1.,0.666666667,0.5,0.5))
REPRESENTATION_ITEM(''));
#1958=DIRECTION('',(-0.040131793,0.,0.999194395));
#1959=VECTOR('',#1958,1.);
#1960=SURFACE_OF_LINEAR_EXTRUSION('',#1957,#1959);
#1961=CARTESIAN_POINT('',(-60.938418716,-25.254383687,-6.20109864));
#1962=CARTESIAN_POINT('',(-60.996723855,-25.254383687,-6.203440416));
#1963=CARTESIAN_POINT('',(-61.058415003,-25.214537249,-6.201304114));
#1964=CARTESIAN_POINT('',(-61.091894975,-25.158383687,-6.207262883));
#1965=CARTESIAN_POINT('',(-61.125374948,-25.102230125,-6.213221653));
#1966=CARTESIAN_POINT('',(-61.13026404,-25.050978342,-6.208803944));
#1967=CARTESIAN_POINT('',(-61.13026404,-25.014383687,-6.208803944));
#1968=B_SPLINE_CURVE_WITH_KNOTS('',3,(#1961,#1962,#1963,#1964,#1965,#1966,#1967),.UNSPECIFIED.,.F.,.F.,(4,3,4),(0.,0.5,1.),.UNSPECIFIED.);
#1969=EDGE_CURVE('',#1422,#1548,#1968,.T.);
#1970=ORIENTED_EDGE('',*,*,#1969,.T.);
#1971=CARTESIAN_POINT('',(-61.13026404,-25.014383687,-6.208803944));
#1972=DIRECTION('',(0.040131793,-0.,-0.999194395));
#1973=VECTOR('',#1972,0.467775);
#1974=LINE('',#1971,#1973);
#1975=EDGE_CURVE('',#1548,#1895,#1974,.T.);
#1976=ORIENTED_EDGE('',*,*,#1975,.T.);
#1977=CARTESIAN_POINT('',(-61.111491391,-25.014383687,-6.676202103));
#1978=CARTESIAN_POINT('',(-61.111491391,-25.017058945,-6.676202103));
#1979=CARTESIAN_POINT('',(-61.112413435,-25.033137953,-6.675895398));
#1980=CARTESIAN_POINT('',(-61.10760648,-25.062505752,-6.675763947));
#1981=CARTESIAN_POINT('',(-61.102799525,-25.091873551,-6.675632496));
#1982=CARTESIAN_POINT('',(-61.086509132,-25.143305308,-6.674990679));
#1983=CARTESIAN_POINT('',(-61.058373448,-25.180113234,-6.674842945));
#1984=CARTESIAN_POINT('',(-61.002102079,-25.253729087,-6.674547479));
#1985=CARTESIAN_POINT('',(-60.945841579,-25.254383687,-6.669548919));
#1986=CARTESIAN_POINT('',(-60.919646067,-25.254383687,-6.668496798));
#1987=B_SPLINE_CURVE_WITH_KNOTS('',3,(#1977,#1978,#1979,#1980,#1981,#1982,#1983,#1984,#1985,#1986),.UNSPECIFIED.,.F.,.F.,(4,3,3,4),(0.,0.25,0.5,1.),.UNSPECIFIED.);
#1988=EDGE_CURVE('',#1895,#1430,#1987,.T.);
#1989=ORIENTED_EDGE('',*,*,#1988,.T.);
#1990=ORIENTED_EDGE('',*,*,#1435,.T.);
#1991=EDGE_LOOP('',(#1970,#1976,#1989,#1990));
#1992=FACE_BOUND('',#1991,.T.);
#1993=ADVANCED_FACE('',(#1992),#1960,.T.);
#1994=CARTESIAN_POINT('',(-55.02880456,-25.014383687,-6.621048545));
#1995=CARTESIAN_POINT('',(-55.02880456,-25.134383687,-6.621048545));
#1996=CARTESIAN_POINT('',(-55.031332863,-25.254383687,-6.558099298));
#1997=CARTESIAN_POINT('',(-55.036389469,-25.254383687,-6.432200804));
#1998=(BOUNDED_CURVE()
B_SPLINE_CURVE(3,(#1994,#1995,#1996,#1997),.UNSPECIFIED.,.F.,.F.)
B_SPLINE_CURVE_WITH_KNOTS((4,4),(0.5,0.75),.UNSPECIFIED.)
CURVE()
GEOMETRIC_REPRESENTATION_ITEM()
RATIONAL_B_SPLINE_CURVE((1.,0.666666667,0.5,0.5))
REPRESENTATION_ITEM(''));
#1999=DIRECTION('',(-0.999194395,0.,-0.040131793));
#2000=VECTOR('',#1999,1.);
#2001=SURFACE_OF_LINEAR_EXTRUSION('',#1998,#2000);
#2002=CARTESIAN_POINT('',(-60.919646067,-25.254383687,-6.668496798));
#2003=CARTESIAN_POINT('',(-60.918569627,-25.254383687,-6.695297824));
#2004=CARTESIAN_POINT('',(-60.918323956,-25.253068713,-6.753905645));
#2005=CARTESIAN_POINT('',(-60.914426127,-25.174464865,-6.809215113));
#2006=CARTESIAN_POINT('',(-60.912477213,-25.135162941,-6.836869847));
#2007=CARTESIAN_POINT('',(-60.912544949,-25.111139138,-6.842434698));
#2008=CARTESIAN_POINT('',(-60.912130474,-25.087262556,-6.848415292));
#2009=CARTESIAN_POINT('',(-60.911715999,-25.063385973,-6.854395885));
#2010=CARTESIAN_POINT('',(-60.911515455,-25.038492693,-6.857322621));
#2011=CARTESIAN_POINT('',(-60.912061158,-25.014383687,-6.857344539));
#2012=B_SPLINE_CURVE_WITH_KNOTS('',3,(#2002,#2003,#2004,#2005,#2006,#2007,#2008,#2009,#2010,#2011),.UNSPECIFIED.,.F.,.F.,(4,3,3,4),(0.,0.5,0.75,1.),.UNSPECIFIED.);
#2013=EDGE_CURVE('',#1430,#1462,#2012,.T.);
#2014=ORIENTED_EDGE('',*,*,#2013,.T.);
#2015=ORIENTED_EDGE('',*,*,#1467,.T.);
#2016=CARTESIAN_POINT('',(-55.54039209,-25.014383687,-6.641596022));
#2017=CARTESIAN_POINT('',(-55.54039209,-25.017058944,-6.641596022));
#2018=CARTESIAN_POINT('',(-55.540704813,-25.033137951,-6.642504094));
#2019=CARTESIAN_POINT('',(-55.540832272,-25.062505751,-6.63777217));
#2020=CARTESIAN_POINT('',(-55.540959731,-25.09187355,-6.633040246));
#2021=CARTESIAN_POINT('',(-55.541591128,-25.143305308,-6.617004374));
#2022=CARTESIAN_POINT('',(-55.541705661,-25.180113234,-6.589307069));
#2023=CARTESIAN_POINT('',(-55.541934729,-25.253729087,-6.533912459));
#2024=CARTESIAN_POINT('',(-55.546941318,-25.254383687,-6.478534489));
#2025=CARTESIAN_POINT('',(-55.547976999,-25.254383687,-6.452748282));
#2026=B_SPLINE_CURVE_WITH_KNOTS('',3,(#2016,#2017,#2018,#2019,#2020,#2021,#2022,#2023,#2024,#2025),.UNSPECIFIED.,.F.,.F.,(4,3,3,4),(0.,0.25,0.5,1.),.UNSPECIFIED.);
#2027=EDGE_CURVE('',#1452,#1414,#2026,.T.);
#2028=ORIENTED_EDGE('',*,*,#2027,.T.);
#2029=ORIENTED_EDGE('',*,*,#1441,.T.);
#2030=EDGE_LOOP('',(#2014,#2015,#2028,#2029));
#2031=FACE_BOUND('',#2030,.T.);
#2032=ADVANCED_FACE('',(#2031),#2001,.T.);
#2033=CARTESIAN_POINT('',(-58.008810425,-25.014383687,59.600891478));
#2034=CARTESIAN_POINT('',(-58.008810425,-25.134383687,59.600891478));
#2035=CARTESIAN_POINT('',(-58.072758866,-25.254383687,59.598323043));
#2036=CARTESIAN_POINT('',(-58.200655749,-25.254383687,59.593186173));
#2037=(BOUNDED_CURVE()
B_SPLINE_CURVE(3,(#2033,#2034,#2035,#2036),.UNSPECIFIED.,.F.,.F.)
B_SPLINE_CURVE_WITH_KNOTS((4,4),(0.5,0.75),.UNSPECIFIED.)
CURVE()
GEOMETRIC_REPRESENTATION_ITEM()
RATIONAL_B_SPLINE_CURVE((1.,0.666666667,0.5,0.5))
REPRESENTATION_ITEM(''));
#2038=DIRECTION('',(0.040131793,-0.,-0.999194395));
#2039=VECTOR('',#2038,1.);
#2040=SURFACE_OF_LINEAR_EXTRUSION('',#2037,#2039);
#2041=CARTESIAN_POINT('',(-55.356131675,-25.014383687,-6.445042977));
#2042=VERTEX_POINT('',#2041);
#2043=CARTESIAN_POINT('',(-55.547976999,-25.254383687,-6.452748282));
#2044=CARTESIAN_POINT('',(-55.52075056,-25.254383687,-6.451654755));
#2045=CARTESIAN_POINT('',(-55.461215119,-25.253068713,-6.451338885));
#2046=CARTESIAN_POINT('',(-55.405025605,-25.174464865,-6.447431904));
#2047=CARTESIAN_POINT('',(-55.376930849,-25.135162941,-6.445478413));
#2048=CARTESIAN_POINT('',(-55.371278035,-25.111139138,-6.445538066));
#2049=CARTESIAN_POINT('',(-55.365202291,-25.087262556,-6.445122492));
#2050=CARTESIAN_POINT('',(-55.359126547,-25.063385973,-6.444706918));
#2051=CARTESIAN_POINT('',(-55.35615325,-25.038492693,-6.444505801));
#2052=CARTESIAN_POINT('',(-55.356131675,-25.014383687,-6.445042977));
#2053=B_SPLINE_CURVE_WITH_KNOTS('',3,(#2043,#2044,#2045,#2046,#2047,#2048,#2049,#2050,#2051,#2052),.UNSPECIFIED.,.F.,.F.,(4,3,3,4),(0.,0.5,0.75,1.),.UNSPECIFIED.);
#2054=EDGE_CURVE('',#1414,#2042,#2053,.T.);
#2055=ORIENTED_EDGE('',*,*,#2054,.T.);
#2056=CARTESIAN_POINT('',(-55.356131675,-25.014383687,-6.445042977));
#2057=DIRECTION('',(-0.040131793,0.,0.999194395));
#2058=VECTOR('',#2057,0.467775);
#2059=LINE('',#2056,#2058);
#2060=EDGE_CURVE('',#2042,#1778,#2059,.T.);
#2061=ORIENTED_EDGE('',*,*,#2060,.T.);
#2062=CARTESIAN_POINT('',(-55.374904324,-25.014383687,-5.977644818));
#2063=CARTESIAN_POINT('',(-55.374904324,-25.017058945,-5.977644819));
#2064=CARTESIAN_POINT('',(-55.37398228,-25.033137953,-5.977951524));
#2065=CARTESIAN_POINT('',(-55.378789235,-25.062505752,-5.978082975));
#2066=CARTESIAN_POINT('',(-55.38359619,-25.091873551,-5.978214426));
#2067=CARTESIAN_POINT('',(-55.399886583,-25.143305308,-5.978856243));
#2068=CARTESIAN_POINT('',(-55.428022267,-25.180113234,-5.979003976));
#2069=CARTESIAN_POINT('',(-55.484293636,-25.253729087,-5.979299443));
#2070=CARTESIAN_POINT('',(-55.540554136,-25.254383687,-5.984298003));
#2071=CARTESIAN_POINT('',(-55.566749648,-25.254383687,-5.985350123));
#2072=B_SPLINE_CURVE_WITH_KNOTS('',3,(#2062,#2063,#2064,#2065,#2066,#2067,#2068,#2069,#2070,#2071),.UNSPECIFIED.,.F.,.F.,(4,3,3,4),(0.,0.25,0.5,1.),.UNSPECIFIED.);
#2073=EDGE_CURVE('',#1778,#1412,#2072,.T.);
#2074=ORIENTED_EDGE('',*,*,#2073,.T.);
#2075=ORIENTED_EDGE('',*,*,#1419,.T.);
#2076=EDGE_LOOP('',(#2055,#2061,#2074,#2075));
#2077=FACE_BOUND('',#2076,.T.);
#2078=ADVANCED_FACE('',(#2077),#2040,.T.);
#2079=CARTESIAN_POINT('',(-55.739822323,-32.013500522,-6.460453586));
#2080=CARTESIAN_POINT('',(-55.75499214,-32.013500522,-6.082758104));
#2081=CARTESIAN_POINT('',(-55.371301493,-32.013500522,-6.067347496));
#2082=CARTESIAN_POINT('',(-55.356131675,-32.013500522,-6.445042977));
#2083=CARTESIAN_POINT('',(-55.340961857,-32.013500522,-6.822738459));
#2084=CARTESIAN_POINT('',(-55.724652505,-32.013500522,-6.838149067));
#2085=CARTESIAN_POINT('',(-55.739822323,-32.013500522,-6.460453586));
#2086=(BOUNDED_CURVE()
B_SPLINE_CURVE(3,(#2079,#2080,#2081,#2082,#2083,#2084,#2085),.UNSPECIFIED.,.T.,.F.)
B_SPLINE_CURVE_WITH_KNOTS((4,3,4),(0.,0.5,1.),.UNSPECIFIED.)
CURVE()
GEOMETRIC_REPRESENTATION_ITEM()
RATIONAL_B_SPLINE_CURVE((1.,0.333333333,0.333333333,1.,0.333333333,0.333333333,1.))
REPRESENTATION_ITEM(''));
#2087=DIRECTION('',(0.,1.,0.));
#2088=VECTOR('',#2087,1.);
#2089=SURFACE_OF_LINEAR_EXTRUSION('',#2086,#2088);
#2090=CARTESIAN_POINT('',(-55.356131675,-23.249600747,-6.445042977));
#2091=DIRECTION('',(-0.,-1.,0.));
#2092=VECTOR('',#2091,1.764782939);
#2093=LINE('',#2090,#2092);
#2094=EDGE_CURVE('',#178,#2042,#2093,.T.);
#2095=ORIENTED_EDGE('',*,*,#2094,.T.);
#2096=CARTESIAN_POINT('',(-55.406958693,-25.014382976,-6.580835174));
#2097=VERTEX_POINT('',#2096);
#2098=CARTESIAN_POINT('',(-55.356131675,-25.014383687,-6.445042977));
#2099=CARTESIAN_POINT('',(-55.355668675,-25.014383687,-6.456570662));
#2100=CARTESIAN_POINT('',(-55.356295256,-25.014488524,-6.467865412));
#2101=CARTESIAN_POINT('',(-55.357831211,-25.014567495,-6.478681937));
#2102=CARTESIAN_POINT('',(-55.359367167,-25.014646465,-6.489498462));
#2103=CARTESIAN_POINT('',(-55.361809103,-25.014699801,-6.499835507));
#2104=CARTESIAN_POINT('',(-55.364927842,-25.014693361,-6.509541736));
#2105=CARTESIAN_POINT('',(-55.368046581,-25.014686921,-6.519247966));
#2106=CARTESIAN_POINT('',(-55.37183878,-25.01462252,-6.528323848));
#2107=CARTESIAN_POINT('',(-55.376078138,-25.014546313,-6.536718203));
#2108=CARTESIAN_POINT('',(-55.380317496,-25.014470106,-6.545112559));
#2109=CARTESIAN_POINT('',(-55.385001864,-25.014384382,-6.552827341));
#2110=CARTESIAN_POINT('',(-55.389949795,-25.014383687,-6.559892683));
#2111=CARTESIAN_POINT('',(-55.389969122,-25.014383684,-6.559920282));
#2112=CARTESIAN_POINT('',(-55.390008761,-25.014383679,-6.559976846));
#2113=CARTESIAN_POINT('',(-55.39003827,-25.014383675,-6.56001891));
#2114=CARTESIAN_POINT('',(-55.390067778,-25.014383672,-6.560060974));
#2115=CARTESIAN_POINT('',(-55.390097305,-25.014383668,-6.560103026));
#2116=CARTESIAN_POINT('',(-55.390126848,-25.014383665,-6.560145066));
#2117=CARTESIAN_POINT('',(-55.390185934,-25.01438366,-6.560229147));
#2118=CARTESIAN_POINT('',(-55.39024509,-25.014383655,-6.560313179));
#2119=CARTESIAN_POINT('',(-55.390304314,-25.014383651,-6.560397164));
#2120=CARTESIAN_POINT('',(-55.390422762,-25.014383643,-6.560565133));
#2121=CARTESIAN_POINT('',(-55.390541484,-25.01438364,-6.560732911));
#2122=CARTESIAN_POINT('',(-55.390660479,-25.01438364,-6.560900494));
#2123=CARTESIAN_POINT('',(-55.390898469,-25.014383641,-6.561235661));
#2124=CARTESIAN_POINT('',(-55.391137549,-25.014383655,-6.561570051));
#2125=CARTESIAN_POINT('',(-55.391377706,-25.01438368,-6.561903645));
#2126=CARTESIAN_POINT('',(-55.39185802,-25.01438373,-6.562570834));
#2127=CARTESIAN_POINT('',(-55.392342639,-25.014383819,-6.563234841));
#2128=CARTESIAN_POINT('',(-55.39283145,-25.014383918,-6.563895523));
#2129=CARTESIAN_POINT('',(-55.393809071,-25.014384117,-6.565216888));
#2130=CARTESIAN_POINT('',(-55.394803461,-25.01438435,-6.566524943));
#2131=CARTESIAN_POINT('',(-55.395813661,-25.014384481,-6.567818624));
#2132=CARTESIAN_POINT('',(-55.397834062,-25.014384744,-6.570405986));
#2133=CARTESIAN_POINT('',(-55.399917732,-25.014384486,-6.572935731));
#2134=CARTESIAN_POINT('',(-55.402056577,-25.014384064,-6.575400695));
#2135=CARTESIAN_POINT('',(-55.404195421,-25.014383642,-6.577865658));
#2136=CARTESIAN_POINT('',(-55.406398978,-25.014378103,-6.580273679));
#2137=CARTESIAN_POINT('',(-55.408569415,-25.014387511,-6.582532673));
#2138=CARTESIAN_POINT('',(-55.410739851,-25.01439692,-6.584791666));
#2139=CARTESIAN_POINT('',(-55.413001081,-25.014423383,-6.587033764));
#2140=CARTESIAN_POINT('',(-55.415357363,-25.014460608,-6.589252475));
#2141=CARTESIAN_POINT('',(-55.424782491,-25.01460951,-6.598127317));
#2142=CARTESIAN_POINT('',(-55.435755852,-25.014916367,-6.606651967));
#2143=CARTESIAN_POINT('',(-55.448371299,-25.01505821,-6.614203716));
#2144=CARTESIAN_POINT('',(-55.454679022,-25.015129132,-6.61797959));
#2145=CARTESIAN_POINT('',(-55.461391687,-25.015161507,-6.621507031));
#2146=CARTESIAN_POINT('',(-55.468478677,-25.015143505,-6.62468951));
#2147=CARTESIAN_POINT('',(-55.475565667,-25.015125504,-6.62787199));
#2148=CARTESIAN_POINT('',(-55.483026953,-25.015056717,-6.630708611));
#2149=CARTESIAN_POINT('',(-55.490799124,-25.014954833,-6.633105355));
#2150=CARTESIAN_POINT('',(-55.498571295,-25.014852949,-6.635502099));
#2151=CARTESIAN_POINT('',(-55.50665394,-25.014717917,-6.637458124));
#2152=CARTESIAN_POINT('',(-55.514954244,-25.014600507,-6.638895188));
#2153=CARTESIAN_POINT('',(-55.523254549,-25.014483097,-6.640332253));
#2154=CARTESIAN_POINT('',(-55.531771869,-25.014383687,-6.641249798));
#2155=CARTESIAN_POINT('',(-55.54039209,-25.014383687,-6.641596022));
#2156=B_SPLINE_CURVE_WITH_KNOTS('',3,(#2098,#2099,#2100,#2101,#2102,#2103,#2104,#2105,#2106,#2107,#2108,#2109,#2110,#2111,#2112,#2113,#2114,#2115,#2116,#2117,#2118,#2119,#2120,#2121,#2122,#2123,
#2124,#2125,#2126,#2127,#2128,#2129,#2130,#2131,#2132,#2133,#2134,#2135,#2136,#2137,#2138,#2139,#2140,#2141,#2142,#2143,#2144,#2145,#2146,#2147,#2148,
#2149,#2150,#2151,#2152,#2153,#2154,#2155),.UNSPECIFIED.,.F.,.F.,(4,3,3,3,3,3,3,3,3,3,3,3,3,3,3,3,3,3,3,4),(0.,0.125,0.25,0.375,0.5,0.500488281,0.500976562,0.501953125,0.50390625,0.5078125,0.515625,0.53125,0.5625,0.59375,0.625,0.75,0.8125,0.875,0.9375,1.),.UNSPECIFIED.);
#2157=EDGE_CURVE('',#2042,#2097,#2156,.T.);
#2158=ORIENTED_EDGE('',*,*,#2157,.T.);
#2159=CARTESIAN_POINT('',(-55.356131675,-25.014383687,-6.445042977));
#2160=CARTESIAN_POINT('',(-55.355668675,-25.014383687,-6.456570662));
#2161=CARTESIAN_POINT('',(-55.356295256,-25.014488524,-6.467865412));
#2162=CARTESIAN_POINT('',(-55.357831211,-25.014567495,-6.478681937));
#2163=CARTESIAN_POINT('',(-55.359367167,-25.014646465,-6.489498462));
#2164=CARTESIAN_POINT('',(-55.361809103,-25.014699801,-6.499835507));
#2165=CARTESIAN_POINT('',(-55.364927842,-25.014693361,-6.509541736));
#2166=CARTESIAN_POINT('',(-55.368046581,-25.014686921,-6.519247966));
#2167=CARTESIAN_POINT('',(-55.37183878,-25.01462252,-6.528323848));
#2168=CARTESIAN_POINT('',(-55.376078138,-25.014546313,-6.536718203));
#2169=CARTESIAN_POINT('',(-55.380317496,-25.014470106,-6.545112559));
#2170=CARTESIAN_POINT('',(-55.385001864,-25.014384382,-6.552827341));
#2171=CARTESIAN_POINT('',(-55.389949795,-25.014383687,-6.559892683));
#2172=CARTESIAN_POINT('',(-55.389969122,-25.014383684,-6.559920282));
#2173=CARTESIAN_POINT('',(-55.390008761,-25.014383679,-6.559976846));
#2174=CARTESIAN_POINT('',(-55.39003827,-25.014383675,-6.56001891));
#2175=CARTESIAN_POINT('',(-55.390067778,-25.014383672,-6.560060974));
#2176=CARTESIAN_POINT('',(-55.390097305,-25.014383668,-6.560103026));
#2177=CARTESIAN_POINT('',(-55.390126848,-25.014383665,-6.560145066));
#2178=CARTESIAN_POINT('',(-55.390185934,-25.01438366,-6.560229147));
#2179=CARTESIAN_POINT('',(-55.39024509,-25.014383655,-6.560313179));
#2180=CARTESIAN_POINT('',(-55.390304314,-25.014383651,-6.560397164));
#2181=CARTESIAN_POINT('',(-55.390422762,-25.014383643,-6.560565133));
#2182=CARTESIAN_POINT('',(-55.390541484,-25.01438364,-6.560732911));
#2183=CARTESIAN_POINT('',(-55.390660479,-25.01438364,-6.560900494));
#2184=CARTESIAN_POINT('',(-55.390898469,-25.014383641,-6.561235661));
#2185=CARTESIAN_POINT('',(-55.391137549,-25.014383655,-6.561570051));
#2186=CARTESIAN_POINT('',(-55.391377706,-25.01438368,-6.561903645));
#2187=CARTESIAN_POINT('',(-55.39185802,-25.01438373,-6.562570834));
#2188=CARTESIAN_POINT('',(-55.392342639,-25.014383819,-6.563234841));
#2189=CARTESIAN_POINT('',(-55.39283145,-25.014383918,-6.563895523));
#2190=CARTESIAN_POINT('',(-55.393809071,-25.014384117,-6.565216888));
#2191=CARTESIAN_POINT('',(-55.394803461,-25.01438435,-6.566524943));
#2192=CARTESIAN_POINT('',(-55.395813661,-25.014384481,-6.567818624));
#2193=CARTESIAN_POINT('',(-55.397834062,-25.014384744,-6.570405986));
#2194=CARTESIAN_POINT('',(-55.399917732,-25.014384486,-6.572935731));
#2195=CARTESIAN_POINT('',(-55.402056577,-25.014384064,-6.575400695));
#2196=CARTESIAN_POINT('',(-55.404195421,-25.014383642,-6.577865658));
#2197=CARTESIAN_POINT('',(-55.406398978,-25.014378103,-6.580273679));
#2198=CARTESIAN_POINT('',(-55.408569415,-25.014387511,-6.582532673));
#2199=CARTESIAN_POINT('',(-55.410739851,-25.01439692,-6.584791666));
#2200=CARTESIAN_POINT('',(-55.413001081,-25.014423383,-6.587033764));
#2201=CARTESIAN_POINT('',(-55.415357363,-25.014460608,-6.589252475));
#2202=CARTESIAN_POINT('',(-55.424782491,-25.01460951,-6.598127317));
#2203=CARTESIAN_POINT('',(-55.435755852,-25.014916367,-6.606651967));
#2204=CARTESIAN_POINT('',(-55.448371299,-25.01505821,-6.614203716));
#2205=CARTESIAN_POINT('',(-55.454679022,-25.015129132,-6.61797959));
#2206=CARTESIAN_POINT('',(-55.461391687,-25.015161507,-6.621507031));
#2207=CARTESIAN_POINT('',(-55.468478677,-25.015143505,-6.62468951));
#2208=CARTESIAN_POINT('',(-55.475565667,-25.015125504,-6.62787199));
#2209=CARTESIAN_POINT('',(-55.483026953,-25.015056717,-6.630708611));
#2210=CARTESIAN_POINT('',(-55.490799124,-25.014954833,-6.633105355));
#2211=CARTESIAN_POINT('',(-55.498571295,-25.014852949,-6.635502099));
#2212=CARTESIAN_POINT('',(-55.50665394,-25.014717917,-6.637458124));
#2213=CARTESIAN_POINT('',(-55.514954244,-25.014600507,-6.638895188));
#2214=CARTESIAN_POINT('',(-55.523254549,-25.014483097,-6.640332253));
#2215=CARTESIAN_POINT('',(-55.531771869,-25.014383687,-6.641249798));
#2216=CARTESIAN_POINT('',(-55.54039209,-25.014383687,-6.641596022));
#2217=B_SPLINE_CURVE_WITH_KNOTS('',3,(#2159,#2160,#2161,#2162,#2163,#2164,#2165,#2166,#2167,#2168,#2169,#2170,#2171,#2172,#2173,#2174,#2175,#2176,#2177,#2178,#2179,#2180,#2181,#2182,#2183,#2184,
#2185,#2186,#2187,#2188,#2189,#2190,#2191,#2192,#2193,#2194,#2195,#2196,#2197,#2198,#2199,#2200,#2201,#2202,#2203,#2204,#2205,#2206,#2207,#2208,#2209,
#2210,#2211,#2212,#2213,#2214,#2215,#2216),.UNSPECIFIED.,.F.,.F.,(4,3,3,3,3,3,3,3,3,3,3,3,3,3,3,3,3,3,3,4),(0.,0.125,0.25,0.375,0.5,0.500488281,0.500976562,0.501953125,0.50390625,0.5078125,0.515625,0.53125,0.5625,0.59375,0.625,0.75,0.8125,0.875,0.9375,1.),.UNSPECIFIED.);
#2218=EDGE_CURVE('',#2097,#1452,#2217,.T.);
#2219=ORIENTED_EDGE('',*,*,#2218,.T.);
#2220=ORIENTED_EDGE('',*,*,#1459,.T.);
#2221=ORIENTED_EDGE('',*,*,#1508,.F.);
#2222=ORIENTED_EDGE('',*,*,#184,.T.);
#2223=EDGE_LOOP('',(#2095,#2158,#2219,#2220,#2221,#2222));
#2224=FACE_BOUND('',#2223,.T.);
#2225=ADVANCED_FACE('',(#2224),#2089,.T.);
#2226=CARTESIAN_POINT('',(-55.359108918,-24.972798002,-6.461550121));
#2227=CARTESIAN_POINT('',(-55.357252026,-25.002175685,-6.507782698));
#2228=CARTESIAN_POINT('',(-55.377902278,-25.014380524,-6.549840636));
#2229=CARTESIAN_POINT('',(-55.406958529,-25.014380524,-6.580835327));
#2230=CARTESIAN_POINT('',(-55.338711342,-25.099746931,-6.410704427));
#2231=CARTESIAN_POINT('',(-55.336062928,-25.141647196,-6.476644179));
#2232=CARTESIAN_POINT('',(-55.365515591,-25.159054489,-6.536629804));
#2233=CARTESIAN_POINT('',(-55.406957409,-25.159054489,-6.580836344));
#2234=CARTESIAN_POINT('',(-55.406756975,-25.201337346,-6.373403945));
#2235=CARTESIAN_POINT('',(-55.404388159,-25.238814116,-6.432382306));
#2236=CARTESIAN_POINT('',(-55.430731446,-25.254383687,-6.486035129));
#2237=CARTESIAN_POINT('',(-55.467798168,-25.254383687,-6.525574696));
#2238=CARTESIAN_POINT('',(-55.514141899,-25.224980129,-6.368400118));
#2239=CARTESIAN_POINT('',(-55.512828866,-25.245753482,-6.401091791));
#2240=CARTESIAN_POINT('',(-55.527430935,-25.254383687,-6.430831521));
#2241=CARTESIAN_POINT('',(-55.547976999,-25.254383687,-6.452748282));
#2242=(BOUNDED_SURFACE()
B_SPLINE_SURFACE(3,3,((#2226,#2227,#2228,#2229),(#2230,#2231,#2232,#2233),(#2234,#2235,#2236,#2237),(#2238,#2239,#2240,#2241)),.UNSPECIFIED.,.F.,.F.,.U.)
B_SPLINE_SURFACE_WITH_KNOTS((4,4),(4,4),(0.34107775,0.758819045),(0.83909849,1.),.UNSPECIFIED.)
GEOMETRIC_REPRESENTATION_ITEM()
RATIONAL_B_SPLINE_SURFACE(((0.310218413,0.352310109,0.432408159,0.550512563),(0.260337869,0.295661569,0.362880518,0.461994714),(0.276015052,0.313465897,0.384732677,0.489815392),(0.357249964,0.405723092,0.497964636,0.633974596)))
REPRESENTATION_ITEM('')
SURFACE()
);
#2243=CARTESIAN_POINT('',(-55.547976999,-25.254383687,-6.452748282));
#2244=CARTESIAN_POINT('',(-55.467798867,-25.254383687,-6.525574062));
#2245=CARTESIAN_POINT('',(-55.406958277,-25.15905585,-6.580835556));
#2246=CARTESIAN_POINT('',(-55.406958529,-25.014382976,-6.580835327));
#2247=(BOUNDED_CURVE()
B_SPLINE_CURVE(3,(#2243,#2244,#2245,#2246),.UNSPECIFIED.,.F.,.F.)
B_SPLINE_CURVE_WITH_KNOTS((4,4),(0.241180955,0.658919438),.UNSPECIFIED.)
CURVE()
GEOMETRIC_REPRESENTATION_ITEM()
RATIONAL_B_SPLINE_CURVE((0.633974596,0.489816363,0.461995089,0.550510775))
REPRESENTATION_ITEM(''));
#2248=EDGE_CURVE('',#1414,#2097,#2247,.T.);
#2249=ORIENTED_EDGE('',*,*,#2248,.T.);
#2250=ORIENTED_EDGE('',*,*,#2157,.F.);
#2251=ORIENTED_EDGE('',*,*,#2054,.F.);
#2252=EDGE_LOOP('',(#2249,#2250,#2251));
#2253=FACE_BOUND('',#2252,.T.);
#2254=ADVANCED_FACE('',(#2253),#2242,.T.);
#2255=CARTESIAN_POINT('',(-60.928824823,-24.972800215,-6.854434863));
#2256=CARTESIAN_POINT('',(-60.975791598,-25.002178117,-6.856321243));
#2257=CARTESIAN_POINT('',(-61.018489224,-25.014383046,-6.836045575));
#2258=CARTESIAN_POINT('',(-61.049937856,-25.014383046,-6.807480789));
#2259=CARTESIAN_POINT('',(-60.877200739,-25.099748423,-6.874449207));
#2260=CARTESIAN_POINT('',(-60.94418705,-25.141648622,-6.877139655));
#2261=CARTESIAN_POINT('',(-61.00508449,-25.159055889,-6.848221506));
#2262=CARTESIAN_POINT('',(-61.049938066,-25.159055889,-6.807481013));
#2263=CARTESIAN_POINT('',(-60.839224644,-25.201337558,-6.80741626));
#2264=CARTESIAN_POINT('',(-60.899138929,-25.238814178,-6.809822666));
#2265=CARTESIAN_POINT('',(-60.953607172,-25.254383687,-6.783957527));
#2266=CARTESIAN_POINT('',(-60.993725368,-25.254383687,-6.747518178));
#2267=CARTESIAN_POINT('',(-60.834006058,-25.224980129,-6.701698405));
#2268=CARTESIAN_POINT('',(-60.867216646,-25.245753482,-6.70303228));
#2269=CARTESIAN_POINT('',(-60.897408484,-25.254383687,-6.68869519));
#2270=CARTESIAN_POINT('',(-60.919646067,-25.254383687,-6.668496798));
#2271=(BOUNDED_SURFACE()
B_SPLINE_SURFACE(3,3,((#2255,#2256,#2257,#2258),(#2259,#2260,#2261,#2262),(#2263,#2264,#2265,#2266),(#2267,#2268,#2269,#2270)),.UNSPECIFIED.,.F.,.F.,.U.)
B_SPLINE_SURFACE_WITH_KNOTS((4,4),(4,4),(0.341080642,0.758819045),(0.83909849,1.),.UNSPECIFIED.)
GEOMETRIC_REPRESENTATION_ITEM()
RATIONAL_B_SPLINE_SURFACE(((0.310217377,0.352308933,0.432406715,0.550510724),(0.260338086,0.295661816,0.362880821,0.4619951),(0.276015615,0.313466536,0.384733461,0.48981639),(0.357249964,0.405723092,0.497964636,0.633974596)))
REPRESENTATION_ITEM('')
SURFACE()
);
#2272=CARTESIAN_POINT('',(-60.919646067,-25.254383687,-6.668496798));
#2273=CARTESIAN_POINT('',(-60.993725192,-25.254383687,-6.74751799));
#2274=CARTESIAN_POINT('',(-61.049937847,-25.15905626,-6.80748078));
#2275=CARTESIAN_POINT('',(-61.049937856,-25.014383715,-6.807480789));
#2276=(BOUNDED_CURVE()
B_SPLINE_CURVE(3,(#2272,#2273,#2274,#2275),.UNSPECIFIED.,.F.,.F.)
B_SPLINE_CURVE_WITH_KNOTS((4,4),(0.241180955,0.658918591),.UNSPECIFIED.)
CURVE()
GEOMETRIC_REPRESENTATION_ITEM()
RATIONAL_B_SPLINE_CURVE((0.633974596,0.489816655,0.461995202,0.550510237))
REPRESENTATION_ITEM(''));
#2277=EDGE_CURVE('',#1430,#1847,#2276,.T.);
#2278=ORIENTED_EDGE('',*,*,#2277,.T.);
#2279=ORIENTED_EDGE('',*,*,#1892,.F.);
#2280=ORIENTED_EDGE('',*,*,#2013,.F.);
#2281=EDGE_LOOP('',(#2278,#2279,#2280));
#2282=FACE_BOUND('',#2281,.T.);
#2283=ADVANCED_FACE('',(#2282),#2271,.T.);
#2284=CARTESIAN_POINT('',(-55.557570893,-24.972800215,-5.799412059));
#2285=CARTESIAN_POINT('',(-55.510604117,-25.002178117,-5.797525678));
#2286=CARTESIAN_POINT('',(-55.467906491,-25.014383046,-5.817801347));
#2287=CARTESIAN_POINT('',(-55.436457859,-25.014383046,-5.846366133));
#2288=CARTESIAN_POINT('',(-55.609194976,-25.099748423,-5.779397715));
#2289=CARTESIAN_POINT('',(-55.542208665,-25.141648622,-5.776707266));
#2290=CARTESIAN_POINT('',(-55.481311225,-25.159055889,-5.805625416));
#2291=CARTESIAN_POINT('',(-55.436457649,-25.159055889,-5.846365909));
#2292=CARTESIAN_POINT('',(-55.647171072,-25.201337558,-5.846430662));
#2293=CARTESIAN_POINT('',(-55.587256786,-25.238814178,-5.844024256));
#2294=CARTESIAN_POINT('',(-55.532788543,-25.254383687,-5.869889395));
#2295=CARTESIAN_POINT('',(-55.492670347,-25.254383687,-5.906328744));
#2296=CARTESIAN_POINT('',(-55.652389657,-25.224980129,-5.952148517));
#2297=CARTESIAN_POINT('',(-55.619179069,-25.245753482,-5.950814642));
#2298=CARTESIAN_POINT('',(-55.588987231,-25.254383687,-5.965151732));
#2299=CARTESIAN_POINT('',(-55.566749648,-25.254383687,-5.985350123));
#2300=(BOUNDED_SURFACE()
B_SPLINE_SURFACE(3,3,((#2284,#2285,#2286,#2287),(#2288,#2289,#2290,#2291),(#2292,#2293,#2294,#2295),(#2296,#2297,#2298,#2299)),.UNSPECIFIED.,.F.,.F.,.U.)
B_SPLINE_SURFACE_WITH_KNOTS((4,4),(4,4),(0.341080642,0.758819045),(0.83909849,1.),.UNSPECIFIED.)
GEOMETRIC_REPRESENTATION_ITEM()
RATIONAL_B_SPLINE_SURFACE(((0.310217377,0.352308933,0.432406715,0.550510724),(0.260338086,0.295661816,0.362880821,0.4619951),(0.276015615,0.313466536,0.384733461,0.48981639),(0.357249964,0.405723092,0.497964636,0.633974596)))
REPRESENTATION_ITEM('')
SURFACE()
);
#2301=CARTESIAN_POINT('',(-55.566749648,-25.254383687,-5.985350123));
#2302=CARTESIAN_POINT('',(-55.492670523,-25.254383687,-5.906328932));
#2303=CARTESIAN_POINT('',(-55.436457868,-25.15905626,-5.846366142));
#2304=CARTESIAN_POINT('',(-55.436457859,-25.014383715,-5.846366133));
#2305=(BOUNDED_CURVE()
B_SPLINE_CURVE(3,(#2301,#2302,#2303,#2304),.UNSPECIFIED.,.F.,.F.)
B_SPLINE_CURVE_WITH_KNOTS((4,4),(0.241180955,0.658918591),.UNSPECIFIED.)
CURVE()
GEOMETRIC_REPRESENTATION_ITEM()
RATIONAL_B_SPLINE_CURVE((0.633974596,0.489816655,0.461995202,0.550510237))
REPRESENTATION_ITEM(''));
#2306=EDGE_CURVE('',#1412,#1730,#2305,.T.);
#2307=ORIENTED_EDGE('',*,*,#2306,.T.);
#2308=ORIENTED_EDGE('',*,*,#1775,.F.);
#2309=ORIENTED_EDGE('',*,*,#1713,.F.);
#2310=EDGE_LOOP('',(#2307,#2308,#2309));
#2311=FACE_BOUND('',#2310,.T.);
#2312=ADVANCED_FACE('',(#2311),#2300,.T.);
#2313=CARTESIAN_POINT('',(-60.912618187,-25.035176529,-6.014493361));
#2314=CARTESIAN_POINT('',(-60.936101401,-25.093931897,-6.015436545));
#2315=CARTESIAN_POINT('',(-60.944975602,-25.146243419,-6.037783388));
#2316=CARTESIAN_POINT('',(-60.943779528,-25.184089314,-6.067563021));
#2317=CARTESIAN_POINT('',(-61.014981277,-24.971702065,-5.996515559));
#2318=CARTESIAN_POINT('',(-61.048474484,-25.055502593,-5.997860785));
#2319=CARTESIAN_POINT('',(-61.061131417,-25.130112513,-6.029733232));
#2320=CARTESIAN_POINT('',(-61.059425503,-25.184090662,-6.07220678));
#2321=CARTESIAN_POINT('',(-61.093561312,-24.920906857,-6.065179345));
#2322=CARTESIAN_POINT('',(-61.123518575,-24.995860396,-6.066382553));
#2323=CARTESIAN_POINT('',(-61.13483929,-25.062593598,-6.094890162));
#2324=CARTESIAN_POINT('',(-61.133313473,-25.110873167,-6.132879693));
#2325=CARTESIAN_POINT('',(-61.108229439,-24.909085466,-6.171277679));
#2326=CARTESIAN_POINT('',(-61.124834734,-24.950632171,-6.171944616));
#2327=CARTESIAN_POINT('',(-61.1311098,-24.987622349,-6.187746368));
#2328=CARTESIAN_POINT('',(-61.13026404,-25.014383687,-6.208803944));
#2329=(BOUNDED_SURFACE()
B_SPLINE_SURFACE(3,3,((#2313,#2314,#2315,#2316),(#2317,#2318,#2319,#2320),(#2321,#2322,#2323,#2324),(#2325,#2326,#2327,#2328)),.UNSPECIFIED.,.F.,.F.,.U.)
B_SPLINE_SURFACE_WITH_KNOTS((4,4),(4,4),(0.34107775,0.758819045),(0.83909849,1.),.UNSPECIFIED.)
GEOMETRIC_REPRESENTATION_ITEM()
RATIONAL_B_SPLINE_SURFACE(((0.310218413,0.352310109,0.432408159,0.550512563),(0.260337869,0.295661569,0.362880518,0.461994714),(0.276015052,0.313465897,0.384732677,0.489815392),(0.357249964,0.405723092,0.497964636,0.633974596)))
REPRESENTATION_ITEM('')
SURFACE()
);
#2330=CARTESIAN_POINT('',(-61.13026404,-25.014383687,-6.208803944));
#2331=CARTESIAN_POINT('',(-61.133313446,-25.110872326,-6.132880355));
#2332=CARTESIAN_POINT('',(-61.059426558,-25.184089617,-6.072207646));
#2333=CARTESIAN_POINT('',(-60.943781489,-25.184089314,-6.067563099));
#2334=(BOUNDED_CURVE()
B_SPLINE_CURVE(3,(#2330,#2331,#2332,#2333),.UNSPECIFIED.,.F.,.F.)
B_SPLINE_CURVE_WITH_KNOTS((4,4),(0.241180955,0.658919438),.UNSPECIFIED.)
CURVE()
GEOMETRIC_REPRESENTATION_ITEM()
RATIONAL_B_SPLINE_CURVE((0.633974596,0.489816363,0.461995089,0.550510775))
REPRESENTATION_ITEM(''));
#2335=EDGE_CURVE('',#1548,#1578,#2334,.T.);
#2336=ORIENTED_EDGE('',*,*,#2335,.T.);
#2337=ORIENTED_EDGE('',*,*,#1638,.F.);
#2338=ORIENTED_EDGE('',*,*,#1563,.F.);
#2339=EDGE_LOOP('',(#2336,#2337,#2338));
#2340=FACE_BOUND('',#2339,.T.);
#2341=ADVANCED_FACE('',(#2340),#2329,.T.);
#2342=CARTESIAN_POINT('',(-60.669074084,-40.920617357,125.835673673));
#2343=DIRECTION('',(-0.999194395,0.,-0.040131793));
#2344=DIRECTION('',(0.040131793,-0.,-0.999194395));
#2345=AXIS2_PLACEMENT_3D('',#2342,#2343,#2344);
#2346=PLANE('',#2345);
#2347=ORIENTED_EDGE('',*,*,#1400,.T.);
#2348=CARTESIAN_POINT('',(-55.396749145,-21.056669075,-5.433756275));
#2349=CARTESIAN_POINT('',(-55.393516945,-20.998505537,-5.514231032));
#2350=CARTESIAN_POINT('',(-55.390930134,-20.918520004,-5.578636992));
#2351=CARTESIAN_POINT('',(-55.389339472,-20.826686421,-5.618241012));
#2352=CARTESIAN_POINT('',(-55.387748811,-20.734852839,-5.657845032));
#2353=CARTESIAN_POINT('',(-55.387181314,-20.632991688,-5.67197447));
#2354=CARTESIAN_POINT('',(-55.387712862,-20.533674842,-5.658740083));
#2355=B_SPLINE_CURVE_WITH_KNOTS('',3,(#2348,#2349,#2350,#2351,#2352,#2353,#2354),.UNSPECIFIED.,.F.,.F.,(4,3,4),(0.003750611,0.004047989,0.004345366),.UNSPECIFIED.);
#2356=EDGE_CURVE('',#1388,#530,#2355,.T.);
#2357=ORIENTED_EDGE('',*,*,#2356,.T.);
#2358=ORIENTED_EDGE('',*,*,#535,.F.);
#2359=ORIENTED_EDGE('',*,*,#344,.T.);
#2360=CARTESIAN_POINT('',(-55.493617767,-19.695242596,-3.021938166));
#2361=VERTEX_POINT('',#2360);
#2362=CARTESIAN_POINT('',(-55.508133205,-17.346509132,-2.660535312));
#2363=DIRECTION('',(-0.999194395,0.,-0.040131793));
#2364=DIRECTION('',(-0.039664238,-0.152201315,0.987553294));
#2365=AXIS2_PLACEMENT_3D('',#2362,#2363,#2364);
#2366=ELLIPSE('',#2365,2.376420444,2.376419914);
#2367=EDGE_CURVE('',#331,#2361,#2366,.T.);
#2368=ORIENTED_EDGE('',*,*,#2367,.T.);
#2369=CARTESIAN_POINT('',(-55.592695466,-20.075427796,-0.555118837));
#2370=DIRECTION('',(0.039664238,0.152201315,-0.987553294));
#2371=VECTOR('',#2370,2.497910082);
#2372=LINE('',#2369,#2371);
#2373=EDGE_CURVE('',#1150,#2361,#2372,.T.);
#2374=ORIENTED_EDGE('',*,*,#2373,.F.);
#2375=ORIENTED_EDGE('',*,*,#1255,.F.);
#2376=CARTESIAN_POINT('',(-55.591995333,-23.633782841,-0.572550626));
#2377=CARTESIAN_POINT('',(-55.59420497,-23.626512118,-0.517535466));
#2378=CARTESIAN_POINT('',(-55.596394156,-23.61513183,-0.46302949));
#2379=CARTESIAN_POINT('',(-55.598541123,-23.599873721,-0.409574681));
#2380=CARTESIAN_POINT('',(-55.60068809,-23.584615613,-0.356119873));
#2381=CARTESIAN_POINT('',(-55.602792755,-23.565481701,-0.303718271));
#2382=CARTESIAN_POINT('',(-55.604836129,-23.542846791,-0.252842714));
#2383=CARTESIAN_POINT('',(-55.606879502,-23.520211881,-0.201967157));
#2384=CARTESIAN_POINT('',(-55.608861531,-23.494078621,-0.152618959));
#2385=CARTESIAN_POINT('',(-55.610767017,-23.464929495,-0.105176498));
#2386=CARTESIAN_POINT('',(-55.612672503,-23.435780369,-0.057734037));
#2387=CARTESIAN_POINT('',(-55.614501426,-23.40361823,-0.012197822));
#2388=CARTESIAN_POINT('',(-55.616242932,-23.368991579,0.031161893));
#2389=CARTESIAN_POINT('',(-55.617984438,-23.334364928,0.074521609));
#2390=CARTESIAN_POINT('',(-55.619638536,-23.297276435,0.115705055));
#2391=CARTESIAN_POINT('',(-55.621198794,-23.258298854,0.15455207));
#2392=CARTESIAN_POINT('',(-55.622759051,-23.219321273,0.193399086));
#2393=CARTESIAN_POINT('',(-55.6242255,-23.17845681,0.229910468));
#2394=CARTESIAN_POINT('',(-55.625595811,-23.136265694,0.264028253));
#2395=CARTESIAN_POINT('',(-55.626966123,-23.094074577,0.298146038));
#2396=CARTESIAN_POINT('',(-55.628240344,-23.050558403,0.329871373));
#2397=CARTESIAN_POINT('',(-55.629419657,-23.006236296,0.359233704));
#2398=CARTESIAN_POINT('',(-55.63059897,-22.961914189,0.388596034));
#2399=CARTESIAN_POINT('',(-55.631683427,-22.916787114,0.415596648));
#2400=CARTESIAN_POINT('',(-55.63267698,-22.871313924,0.440333963));
#2401=CARTESIAN_POINT('',(-55.633670533,-22.825840734,0.465071278));
#2402=CARTESIAN_POINT('',(-55.634573234,-22.780021836,0.487546553));
#2403=CARTESIAN_POINT('',(-55.635391032,-22.734245634,0.507907947));
#2404=CARTESIAN_POINT('',(-55.63620883,-22.688469432,0.528269342));
#2405=CARTESIAN_POINT('',(-55.636941771,-22.642735894,0.546517974));
#2406=CARTESIAN_POINT('',(-55.637597083,-22.597360305,0.56283384));
#2407=CARTESIAN_POINT('',(-55.638252396,-22.551984715,0.579149705));
#2408=CARTESIAN_POINT('',(-55.638830118,-22.506966738,0.593533722));
#2409=CARTESIAN_POINT('',(-55.639338142,-22.462551428,0.606182418));
#2410=CARTESIAN_POINT('',(-55.639846166,-22.418136117,0.618831114));
#2411=CARTESIAN_POINT('',(-55.640284521,-22.374322957,0.62974519));
#2412=CARTESIAN_POINT('',(-55.640661275,-22.331293272,0.639125554));
#2413=CARTESIAN_POINT('',(-55.64103803,-22.288263587,0.648505918));
#2414=CARTESIAN_POINT('',(-55.641353204,-22.246016781,0.65635307));
#2415=CARTESIAN_POINT('',(-55.641614682,-22.204678888,0.66286331));
#2416=CARTESIAN_POINT('',(-55.64187616,-22.163340995,0.66937355));
#2417=CARTESIAN_POINT('',(-55.642083956,-22.122911408,0.674547202));
#2418=CARTESIAN_POINT('',(-55.642245521,-22.08346996,0.678569821));
#2419=CARTESIAN_POINT('',(-55.642568651,-22.004587066,0.686615058));
#2420=CARTESIAN_POINT('',(-55.642707548,-21.92968421,0.690073296));
#2421=CARTESIAN_POINT('',(-55.642714536,-21.858981251,0.690247271));
#2422=CARTESIAN_POINT('',(-55.642714972,-21.854562316,0.690258144));
#2423=CARTESIAN_POINT('',(-55.642714893,-21.850164686,0.690256182));
#2424=CARTESIAN_POINT('',(-55.642714296,-21.845740736,0.690241318));
#2425=CARTESIAN_POINT('',(-55.642713699,-21.841316786,0.690226455));
#2426=CARTESIAN_POINT('',(-55.642712582,-21.836876575,0.690198632));
#2427=CARTESIAN_POINT('',(-55.642710932,-21.832420109,0.690157561));
#2428=CARTESIAN_POINT('',(-55.642707633,-21.823507175,0.690075419));
#2429=CARTESIAN_POINT('',(-55.642702206,-21.814529215,0.689940291));
#2430=CARTESIAN_POINT('',(-55.642694556,-21.805486342,0.689749824));
#2431=CARTESIAN_POINT('',(-55.642679256,-21.787400596,0.689368889));
#2432=CARTESIAN_POINT('',(-55.642655068,-21.769055095,0.688766661));
#2433=CARTESIAN_POINT('',(-55.642621204,-21.750451947,0.687923515));
#2434=CARTESIAN_POINT('',(-55.642553475,-21.713245651,0.686237225));
#2435=CARTESIAN_POINT('',(-55.642447082,-21.675006703,0.683588257));
#2436=CARTESIAN_POINT('',(-55.642295222,-21.635774133,0.679807267));
#2437=CARTESIAN_POINT('',(-55.642143361,-21.596541563,0.676026278));
#2438=CARTESIAN_POINT('',(-55.641946028,-21.556314808,0.671113096));
#2439=CARTESIAN_POINT('',(-55.641695824,-21.515169343,0.664883561));
#2440=CARTESIAN_POINT('',(-55.64144562,-21.474023877,0.658654026));
#2441=CARTESIAN_POINT('',(-55.641142533,-21.431959098,0.651107831));
#2442=CARTESIAN_POINT('',(-55.640778716,-21.389095723,0.642049565));
#2443=CARTESIAN_POINT('',(-55.640414898,-21.346232347,0.6329913));
#2444=CARTESIAN_POINT('',(-55.63999033,-21.302569775,0.622420485));
#2445=CARTESIAN_POINT('',(-55.639496948,-21.258283067,0.610136329));
#2446=CARTESIAN_POINT('',(-55.639003565,-21.213996358,0.597852172));
#2447=CARTESIAN_POINT('',(-55.63844134,-21.169084984,0.583853995));
#2448=CARTESIAN_POINT('',(-55.63780234,-21.123786908,0.567944288));
#2449=CARTESIAN_POINT('',(-55.63716334,-21.078488831,0.552034581));
#2450=CARTESIAN_POINT('',(-55.63644753,-21.032803691,0.534212449));
#2451=CARTESIAN_POINT('',(-55.635647581,-20.987039131,0.514295478));
#2452=CARTESIAN_POINT('',(-55.634847633,-20.941274572,0.494378507));
#2453=CARTESIAN_POINT('',(-55.633963504,-20.895430522,0.472365599));
#2454=CARTESIAN_POINT('',(-55.632989074,-20.84988767,0.448104418));
#2455=CARTESIAN_POINT('',(-55.632014644,-20.804344818,0.423843237));
#2456=CARTESIAN_POINT('',(-55.630949864,-20.759103516,0.397332535));
#2457=CARTESIAN_POINT('',(-55.629790534,-20.714615506,0.368467735));
#2458=CARTESIAN_POINT('',(-55.628631204,-20.670127496,0.339602935));
#2459=CARTESIAN_POINT('',(-55.627377272,-20.626393679,0.308382746));
#2460=CARTESIAN_POINT('',(-55.626027225,-20.583927549,0.274769523));
#2461=CARTESIAN_POINT('',(-55.624677179,-20.541461418,0.2411563));
#2462=CARTESIAN_POINT('',(-55.623230971,-20.500264502,0.205148871));
#2463=CARTESIAN_POINT('',(-55.621690527,-20.460893874,0.16679517));
#2464=CARTESIAN_POINT('',(-55.620150084,-20.421523246,0.128441469));
#2465=CARTESIAN_POINT('',(-55.61851537,-20.383981052,0.087740651));
#2466=CARTESIAN_POINT('',(-55.616792364,-20.348840336,0.044841553));
#2467=CARTESIAN_POINT('',(-55.615069358,-20.313699621,0.001942455));
#2468=CARTESIAN_POINT('',(-55.613258049,-20.280963016,-0.043155222));
#2469=CARTESIAN_POINT('',(-55.611368818,-20.251183511,-0.090192966));
#2470=CARTESIAN_POINT('',(-55.609479587,-20.221404006,-0.137230709));
#2471=CARTESIAN_POINT('',(-55.607512452,-20.194584451,-0.186208093));
#2472=CARTESIAN_POINT('',(-55.605482168,-20.171216331,-0.236757734));
#2473=CARTESIAN_POINT('',(-55.603451885,-20.147848211,-0.287307376));
#2474=CARTESIAN_POINT('',(-55.601358503,-20.127934214,-0.339428045));
#2475=CARTESIAN_POINT('',(-55.599220652,-20.111862366,-0.392655887));
#2476=CARTESIAN_POINT('',(-55.597082801,-20.095790518,-0.445883728));
#2477=CARTESIAN_POINT('',(-55.59490056,-20.083562922,-0.500216771));
#2478=CARTESIAN_POINT('',(-55.592695466,-20.075427796,-0.555118837));
#2479=B_SPLINE_CURVE_WITH_KNOTS('',3,(#2376,#2377,#2378,#2379,#2380,#2381,#2382,#2383,#2384,#2385,#2386,#2387,#2388,#2389,#2390,#2391,#2392,#2393,#2394,#2395,#2396,#2397,#2398,#2399,#2400,#2401,
#2402,#2403,#2404,#2405,#2406,#2407,#2408,#2409,#2410,#2411,#2412,#2413,#2414,#2415,#2416,#2417,#2418,#2419,#2420,#2421,#2422,#2423,#2424,#2425,#2426,
#2427,#2428,#2429,#2430,#2431,#2432,#2433,#2434,#2435,#2436,#2437,#2438,#2439,#2440,#2441,#2442,#2443,#2444,#2445,#2446,#2447,#2448,#2449,#2450,#2451,
#2452,#2453,#2454,#2455,#2456,#2457,#2458,#2459,#2460,#2461,#2462,#2463,#2464,#2465,#2466,#2467,#2468,#2469,#2470,#2471,#2472,#2473,#2474,#2475,#2476,
#2477,#2478),.UNSPECIFIED.,.F.,.F.,(4,3,3,3,3,3,3,3,3,3,3,3,3,3,3,3,3,3,3,3,3,3,3,3,3,3,
3,3,3,3,3,3,3,3,4),(0.,0.03125,0.0625,0.09375,0.125,0.15625,0.1875,0.21875,0.25,0.28125,0.3125,0.34375,0.375,0.40625,0.4375,0.5,0.50390625,0.5078125,0.515625,0.53125,0.5625,0.59375,0.625,0.65625,0.6875,0.71875,
0.75,0.78125,0.8125,0.84375,0.875,0.90625,0.9375,0.96875,1.),.UNSPECIFIED.);
#2480=EDGE_CURVE('',#1103,#1142,#2479,.T.);
#2481=ORIENTED_EDGE('',*,*,#2480,.F.);
#2482=ORIENTED_EDGE('',*,*,#1108,.T.);
#2483=ORIENTED_EDGE('',*,*,#1077,.F.);
#2484=ORIENTED_EDGE('',*,*,#1046,.F.);
#2485=ORIENTED_EDGE('',*,*,#1015,.T.);
#2486=ORIENTED_EDGE('',*,*,#966,.T.);
#2487=ORIENTED_EDGE('',*,*,#1829,.F.);
#2488=ORIENTED_EDGE('',*,*,#2060,.F.);
#2489=ORIENTED_EDGE('',*,*,#2094,.F.);
#2490=ORIENTED_EDGE('',*,*,#198,.F.);
#2491=ORIENTED_EDGE('',*,*,#1497,.T.);
#2492=CARTESIAN_POINT('',(-55.565607393,-21.180674794,-1.229552949));
#2493=CARTESIAN_POINT('',(-55.568611881,-21.177247431,-1.154747743));
#2494=CARTESIAN_POINT('',(-55.571543613,-21.207804365,-1.081753992));
#2495=CARTESIAN_POINT('',(-55.573908847,-21.253416061,-1.022864796));
#2496=CARTESIAN_POINT('',(-55.576274082,-21.299027758,-0.9639756));
#2497=CARTESIAN_POINT('',(-55.578161948,-21.358808987,-0.91697183));
#2498=CARTESIAN_POINT('',(-55.579627205,-21.423063489,-0.880490124));
#2499=CARTESIAN_POINT('',(-55.581092461,-21.487317991,-0.844008418));
#2500=CARTESIAN_POINT('',(-55.582167776,-21.557914055,-0.817235428));
#2501=CARTESIAN_POINT('',(-55.58287564,-21.629987872,-0.79961115));
#2502=CARTESIAN_POINT('',(-55.583583504,-21.70206169,-0.781986873));
#2503=CARTESIAN_POINT('',(-55.583930186,-21.775170135,-0.773355249));
#2504=CARTESIAN_POINT('',(-55.583943025,-21.849234893,-0.773035588));
#2505=CARTESIAN_POINT('',(-55.583955864,-21.923299651,-0.772715928));
#2506=CARTESIAN_POINT('',(-55.583624978,-21.997679264,-0.780954265));
#2507=CARTESIAN_POINT('',(-55.582948219,-22.06924873,-0.797804101));
#2508=CARTESIAN_POINT('',(-55.582271459,-22.140818195,-0.814653938));
#2509=CARTESIAN_POINT('',(-55.581229474,-22.211572164,-0.840597109));
#2510=CARTESIAN_POINT('',(-55.579791569,-22.276395957,-0.876397822));
#2511=CARTESIAN_POINT('',(-55.578353663,-22.341219749,-0.912198535));
#2512=CARTESIAN_POINT('',(-55.57649601,-22.401572088,-0.958450068));
#2513=CARTESIAN_POINT('',(-55.574174034,-22.448135849,-1.016262225));
#2514=CARTESIAN_POINT('',(-55.573013046,-22.47141773,-1.045168303));
#2515=CARTESIAN_POINT('',(-55.571716197,-22.491412029,-1.077457028));
#2516=CARTESIAN_POINT('',(-55.570331905,-22.505265674,-1.111922873));
#2517=CARTESIAN_POINT('',(-55.568947614,-22.519119318,-1.146388718));
#2518=CARTESIAN_POINT('',(-55.567445082,-22.526819572,-1.1837985));
#2519=CARTESIAN_POINT('',(-55.565959095,-22.526348879,-1.220796339));
#2520=B_SPLINE_CURVE_WITH_KNOTS('',3,(#2492,#2493,#2494,#2495,#2496,#2497,#2498,#2499,#2500,#2501,#2502,#2503,#2504,#2505,#2506,#2507,#2508,#2509,#2510,#2511,#2512,#2513,#2514,#2515,#2516,#2517,
#2518,#2519),.UNSPECIFIED.,.F.,.F.,(4,3,3,3,3,3,3,3,3,4),(0.00287824,0.00309909,0.00331994,0.00354079,0.00376164,0.00398249,0.00420334,0.004424191,0.004534616,0.004645041),.UNSPECIFIED.);
#2521=EDGE_CURVE('',#839,#1492,#2520,.T.);
#2522=ORIENTED_EDGE('',*,*,#2521,.F.);
#2523=ORIENTED_EDGE('',*,*,#908,.F.);
#2524=ORIENTED_EDGE('',*,*,#257,.T.);
#2525=EDGE_LOOP('',(#2347,#2357,#2358,#2359,#2368,#2374,#2375,#2481,#2482,#2483,#2484,#2485,#2486,#2487,#2488,#2489,#2490,#2491,#2522,#2523,#2524));
#2526=FACE_BOUND('',#2525,.T.);
#2527=ADVANCED_FACE('',(#2526),#2346,.F.);
#2528=CARTESIAN_POINT('',(-66.4244338,-40.920617357,125.604514548));
#2529=DIRECTION('',(-0.999194395,0.,-0.040131793));
#2530=DIRECTION('',(0.040131793,-0.,-0.999194395));
#2531=AXIS2_PLACEMENT_3D('',#2528,#2529,#2530);
#2532=PLANE('',#2531);
#2533=ORIENTED_EDGE('',*,*,#550,.T.);
#2534=CARTESIAN_POINT('',(-61.15242202,-20.533674842,-5.657118412));
#2535=CARTESIAN_POINT('',(-61.151843508,-20.632149383,-5.671522102));
#2536=CARTESIAN_POINT('',(-61.152347043,-20.734333188,-5.65898519));
#2537=CARTESIAN_POINT('',(-61.153896688,-20.82708393,-5.620402387));
#2538=CARTESIAN_POINT('',(-61.154671511,-20.8734593,-5.601110986));
#2539=CARTESIAN_POINT('',(-61.155688242,-20.916650205,-5.575796579));
#2540=CARTESIAN_POINT('',(-61.156921565,-20.955895808,-5.54508953));
#2541=CARTESIAN_POINT('',(-61.158154887,-20.995141411,-5.514382482));
#2542=CARTESIAN_POINT('',(-61.159617469,-21.030551239,-5.477967374));
#2543=CARTESIAN_POINT('',(-61.161221253,-21.060084698,-5.438036648));
#2544=B_SPLINE_CURVE_WITH_KNOTS('',3,(#2534,#2535,#2536,#2537,#2538,#2539,#2540,#2541,#2542,#2543),.UNSPECIFIED.,.F.,.F.,(4,3,3,4),(0.000248892,0.000547017,0.000696079,0.000845141),.UNSPECIFIED.);
#2545=EDGE_CURVE('',#538,#1380,#2544,.T.);
#2546=ORIENTED_EDGE('',*,*,#2545,.T.);
#2547=ORIENTED_EDGE('',*,*,#1385,.T.);
#2548=ORIENTED_EDGE('',*,*,#271,.F.);
#2549=ORIENTED_EDGE('',*,*,#876,.T.);
#2550=CARTESIAN_POINT('',(-61.320967109,-21.180674794,-1.460712074));
#2551=CARTESIAN_POINT('',(-61.323971516,-21.177247472,-1.385908891));
#2552=CARTESIAN_POINT('',(-61.32687363,-21.207513927,-1.313652558));
#2553=CARTESIAN_POINT('',(-61.329227055,-21.252618095,-1.255057376));
#2554=CARTESIAN_POINT('',(-61.331580481,-21.297722264,-1.196462195));
#2555=CARTESIAN_POINT('',(-61.333464641,-21.356922294,-1.149550707));
#2556=CARTESIAN_POINT('',(-61.334930134,-21.420584997,-1.113063103));
#2557=CARTESIAN_POINT('',(-61.336395628,-21.4842477,-1.076575498));
#2558=CARTESIAN_POINT('',(-61.337474324,-21.554205839,-1.049718315));
#2559=CARTESIAN_POINT('',(-61.338189327,-21.625354729,-1.031916303));
#2560=CARTESIAN_POINT('',(-61.338904329,-21.69650362,-1.01411429));
#2561=CARTESIAN_POINT('',(-61.339269739,-21.769165873,-1.005016375));
#2562=CARTESIAN_POINT('',(-61.339300969,-21.843274769,-1.004238811));
#2563=CARTESIAN_POINT('',(-61.3393322,-21.917383664,-1.003461248));
#2564=CARTESIAN_POINT('',(-61.339027793,-21.990242666,-1.011040303));
#2565=CARTESIAN_POINT('',(-61.33837757,-22.061739797,-1.027229443));
#2566=CARTESIAN_POINT('',(-61.337727347,-22.133236929,-1.043418583));
#2567=CARTESIAN_POINT('',(-61.336716517,-22.203825615,-1.068586049));
#2568=CARTESIAN_POINT('',(-61.335323258,-22.268527418,-1.10327518));
#2569=CARTESIAN_POINT('',(-61.333929999,-22.333229221,-1.137964311));
#2570=CARTESIAN_POINT('',(-61.332126265,-22.393816499,-1.182873344));
#2571=CARTESIAN_POINT('',(-61.329856316,-22.441513439,-1.239390142));
#2572=CARTESIAN_POINT('',(-61.328721342,-22.46536191,-1.267648541));
#2573=CARTESIAN_POINT('',(-61.327462833,-22.48596827,-1.298982673));
#2574=CARTESIAN_POINT('',(-61.326105276,-22.500918591,-1.332782902));
#2575=CARTESIAN_POINT('',(-61.324747718,-22.515868912,-1.366583132));
#2576=CARTESIAN_POINT('',(-61.32325973,-22.525131046,-1.403630804));
#2577=CARTESIAN_POINT('',(-61.321775594,-22.526249161,-1.440582557));
#2578=B_SPLINE_CURVE_WITH_KNOTS('',3,(#2550,#2551,#2552,#2553,#2554,#2555,#2556,#2557,#2558,#2559,#2560,#2561,#2562,#2563,#2564,#2565,#2566,#2567,#2568,#2569,#2570,#2571,#2572,#2573,#2574,#2575,
#2576,#2577),.UNSPECIFIED.,.F.,.F.,(4,3,3,3,3,3,3,3,3,4),(0.,0.00022121,0.000442421,0.000663631,0.000884841,0.001106051,0.001327262,0.001548472,0.001659077,0.001769682),.UNSPECIFIED.);
#2579=EDGE_CURVE('',#837,#1523,#2578,.T.);
#2580=ORIENTED_EDGE('',*,*,#2579,.T.);
#2581=ORIENTED_EDGE('',*,*,#1528,.T.);
#2582=ORIENTED_EDGE('',*,*,#231,.T.);
#2583=ORIENTED_EDGE('',*,*,#1946,.F.);
#2584=ORIENTED_EDGE('',*,*,#1975,.F.);
#2585=ORIENTED_EDGE('',*,*,#1553,.F.);
#2586=ORIENTED_EDGE('',*,*,#982,.T.);
#2587=ORIENTED_EDGE('',*,*,#1029,.T.);
#2588=ORIENTED_EDGE('',*,*,#1060,.T.);
#2589=ORIENTED_EDGE('',*,*,#1091,.T.);
#2590=ORIENTED_EDGE('',*,*,#1122,.T.);
#2591=CARTESIAN_POINT('',(-61.347355049,-23.633782841,-0.803709751));
#2592=CARTESIAN_POINT('',(-61.349564686,-23.626512118,-0.748694591));
#2593=CARTESIAN_POINT('',(-61.351753872,-23.61513183,-0.694188615));
#2594=CARTESIAN_POINT('',(-61.353900839,-23.599873721,-0.640733806));
#2595=CARTESIAN_POINT('',(-61.356047806,-23.584615613,-0.587278997));
#2596=CARTESIAN_POINT('',(-61.358152471,-23.565481701,-0.534877396));
#2597=CARTESIAN_POINT('',(-61.360195845,-23.542846791,-0.484001839));
#2598=CARTESIAN_POINT('',(-61.362239218,-23.520211881,-0.433126282));
#2599=CARTESIAN_POINT('',(-61.364221247,-23.494078621,-0.383778084));
#2600=CARTESIAN_POINT('',(-61.366126733,-23.464929495,-0.336335623));
#2601=CARTESIAN_POINT('',(-61.368032219,-23.435780369,-0.288893162));
#2602=CARTESIAN_POINT('',(-61.369861142,-23.40361823,-0.243356947));
#2603=CARTESIAN_POINT('',(-61.371602648,-23.368991579,-0.199997232));
#2604=CARTESIAN_POINT('',(-61.373344154,-23.334364928,-0.156637516));
#2605=CARTESIAN_POINT('',(-61.374998252,-23.297276435,-0.11545407));
#2606=CARTESIAN_POINT('',(-61.37655851,-23.258298854,-0.076607055));
#2607=CARTESIAN_POINT('',(-61.378118767,-23.219321273,-0.037760039));
#2608=CARTESIAN_POINT('',(-61.379585215,-23.17845681,-0.001248657));
#2609=CARTESIAN_POINT('',(-61.380955527,-23.136265694,0.032869128));
#2610=CARTESIAN_POINT('',(-61.382325839,-23.094074577,0.066986913));
#2611=CARTESIAN_POINT('',(-61.38360006,-23.050558403,0.098712248));
#2612=CARTESIAN_POINT('',(-61.384779373,-23.006236296,0.128074579));
#2613=CARTESIAN_POINT('',(-61.385958686,-22.961914189,0.157436909));
#2614=CARTESIAN_POINT('',(-61.387043143,-22.916787114,0.184437523));
#2615=CARTESIAN_POINT('',(-61.388036696,-22.871313924,0.209174838));
#2616=CARTESIAN_POINT('',(-61.389030249,-22.825840734,0.233912153));
#2617=CARTESIAN_POINT('',(-61.38993295,-22.780021836,0.256387428));
#2618=CARTESIAN_POINT('',(-61.390750748,-22.734245634,0.276748822));
#2619=CARTESIAN_POINT('',(-61.391568546,-22.688469432,0.297110217));
#2620=CARTESIAN_POINT('',(-61.392301486,-22.642735894,0.315358849));
#2621=CARTESIAN_POINT('',(-61.392956799,-22.597360305,0.331674715));
#2622=CARTESIAN_POINT('',(-61.393612112,-22.551984715,0.34799058));
#2623=CARTESIAN_POINT('',(-61.394189834,-22.506966738,0.362374597));
#2624=CARTESIAN_POINT('',(-61.394697858,-22.462551428,0.375023293));
#2625=CARTESIAN_POINT('',(-61.395205882,-22.418136117,0.387671989));
#2626=CARTESIAN_POINT('',(-61.395644237,-22.374322957,0.398586065));
#2627=CARTESIAN_POINT('',(-61.396020991,-22.331293272,0.407966429));
#2628=CARTESIAN_POINT('',(-61.396397745,-22.288263587,0.417346793));
#2629=CARTESIAN_POINT('',(-61.39671292,-22.246016781,0.425193945));
#2630=CARTESIAN_POINT('',(-61.396974398,-22.204678888,0.431704185));
#2631=CARTESIAN_POINT('',(-61.397235876,-22.163340995,0.438214425));
#2632=CARTESIAN_POINT('',(-61.397443671,-22.122911408,0.443388077));
#2633=CARTESIAN_POINT('',(-61.397605237,-22.08346996,0.447410696));
#2634=CARTESIAN_POINT('',(-61.397928367,-22.004587066,0.455455933));
#2635=CARTESIAN_POINT('',(-61.398067264,-21.92968421,0.458914171));
#2636=CARTESIAN_POINT('',(-61.398074251,-21.858981251,0.459088146));
#2637=CARTESIAN_POINT('',(-61.398074688,-21.854562316,0.459099019));
#2638=CARTESIAN_POINT('',(-61.398074609,-21.850164686,0.459097057));
#2639=CARTESIAN_POINT('',(-61.398074012,-21.845740736,0.459082193));
#2640=CARTESIAN_POINT('',(-61.398073415,-21.841316786,0.45906733));
#2641=CARTESIAN_POINT('',(-61.398072298,-21.836876575,0.459039507));
#2642=CARTESIAN_POINT('',(-61.398070648,-21.832420109,0.458998436));
#2643=CARTESIAN_POINT('',(-61.398067349,-21.823507175,0.458916294));
#2644=CARTESIAN_POINT('',(-61.398061922,-21.814529215,0.458781166));
#2645=CARTESIAN_POINT('',(-61.398054272,-21.805486342,0.458590699));
#2646=CARTESIAN_POINT('',(-61.398038972,-21.787400596,0.458209764));
#2647=CARTESIAN_POINT('',(-61.398014784,-21.769055095,0.457607536));
#2648=CARTESIAN_POINT('',(-61.39798092,-21.750451947,0.45676439));
#2649=CARTESIAN_POINT('',(-61.397913191,-21.713245651,0.4550781));
#2650=CARTESIAN_POINT('',(-61.397806798,-21.675006703,0.452429132));
#2651=CARTESIAN_POINT('',(-61.397654938,-21.635774133,0.448648142));
#2652=CARTESIAN_POINT('',(-61.397503077,-21.596541563,0.444867153));
#2653=CARTESIAN_POINT('',(-61.397305744,-21.556314808,0.439953971));
#2654=CARTESIAN_POINT('',(-61.39705554,-21.515169343,0.433724436));
#2655=CARTESIAN_POINT('',(-61.396805336,-21.474023877,0.427494901));
#2656=CARTESIAN_POINT('',(-61.396502249,-21.431959098,0.419948706));
#2657=CARTESIAN_POINT('',(-61.396138432,-21.389095723,0.41089044));
#2658=CARTESIAN_POINT('',(-61.395774614,-21.346232347,0.401832175));
#2659=CARTESIAN_POINT('',(-61.395350046,-21.302569775,0.39126136));
#2660=CARTESIAN_POINT('',(-61.394856664,-21.258283067,0.378977204));
#2661=CARTESIAN_POINT('',(-61.394363281,-21.213996358,0.366693047));
#2662=CARTESIAN_POINT('',(-61.393801056,-21.169084984,0.35269487));
#2663=CARTESIAN_POINT('',(-61.393162056,-21.123786908,0.336785163));
#2664=CARTESIAN_POINT('',(-61.392523056,-21.078488831,0.320875456));
#2665=CARTESIAN_POINT('',(-61.391807246,-21.032803691,0.303053324));
#2666=CARTESIAN_POINT('',(-61.391007297,-20.987039131,0.283136353));
#2667=CARTESIAN_POINT('',(-61.390207349,-20.941274572,0.263219382));
#2668=CARTESIAN_POINT('',(-61.389323219,-20.895430522,0.241206474));
#2669=CARTESIAN_POINT('',(-61.38834879,-20.84988767,0.216945293));
#2670=CARTESIAN_POINT('',(-61.38737436,-20.804344818,0.192684112));
#2671=CARTESIAN_POINT('',(-61.38630958,-20.759103516,0.16617341));
#2672=CARTESIAN_POINT('',(-61.38515025,-20.714615506,0.13730861));
#2673=CARTESIAN_POINT('',(-61.38399092,-20.670127496,0.10844381));
#2674=CARTESIAN_POINT('',(-61.382736988,-20.626393679,0.077223621));
#2675=CARTESIAN_POINT('',(-61.381386941,-20.583927549,0.043610398));
#2676=CARTESIAN_POINT('',(-61.380036895,-20.541461418,0.009997175));
#2677=CARTESIAN_POINT('',(-61.378590687,-20.500264502,-0.026010254));
#2678=CARTESIAN_POINT('',(-61.377050243,-20.460893874,-0.064363955));
#2679=CARTESIAN_POINT('',(-61.375509799,-20.421523246,-0.102717656));
#2680=CARTESIAN_POINT('',(-61.373875086,-20.383981052,-0.143418474));
#2681=CARTESIAN_POINT('',(-61.37215208,-20.348840336,-0.186317572));
#2682=CARTESIAN_POINT('',(-61.370429074,-20.313699621,-0.22921667));
#2683=CARTESIAN_POINT('',(-61.368617764,-20.280963016,-0.274314347));
#2684=CARTESIAN_POINT('',(-61.366728533,-20.251183511,-0.321352091));
#2685=CARTESIAN_POINT('',(-61.364839303,-20.221404006,-0.368389834));
#2686=CARTESIAN_POINT('',(-61.362872168,-20.194584451,-0.417367217));
#2687=CARTESIAN_POINT('',(-61.360841884,-20.171216331,-0.467916859));
#2688=CARTESIAN_POINT('',(-61.358811601,-20.147848211,-0.5184665));
#2689=CARTESIAN_POINT('',(-61.356718219,-20.127934214,-0.57058717));
#2690=CARTESIAN_POINT('',(-61.354580368,-20.111862366,-0.623815012));
#2691=CARTESIAN_POINT('',(-61.352442517,-20.095790518,-0.677042853));
#2692=CARTESIAN_POINT('',(-61.350260276,-20.083562922,-0.731375896));
#2693=CARTESIAN_POINT('',(-61.348055181,-20.075427796,-0.786277962));
#2694=B_SPLINE_CURVE_WITH_KNOTS('',3,(#2591,#2592,#2593,#2594,#2595,#2596,#2597,#2598,#2599,#2600,#2601,#2602,#2603,#2604,#2605,#2606,#2607,#2608,#2609,#2610,#2611,#2612,#2613,#2614,#2615,#2616,
#2617,#2618,#2619,#2620,#2621,#2622,#2623,#2624,#2625,#2626,#2627,#2628,#2629,#2630,#2631,#2632,#2633,#2634,#2635,#2636,#2637,#2638,#2639,#2640,#2641,
#2642,#2643,#2644,#2645,#2646,#2647,#2648,#2649,#2650,#2651,#2652,#2653,#2654,#2655,#2656,#2657,#2658,#2659,#2660,#2661,#2662,#2663,#2664,#2665,#2666,
#2667,#2668,#2669,#2670,#2671,#2672,#2673,#2674,#2675,#2676,#2677,#2678,#2679,#2680,#2681,#2682,#2683,#2684,#2685,#2686,#2687,#2688,#2689,#2690,#2691,
#2692,#2693),.UNSPECIFIED.,.F.,.F.,(4,3,3,3,3,3,3,3,3,3,3,3,3,3,3,3,3,3,3,3,3,3,3,3,3,3,
3,3,3,3,3,3,3,3,4),(0.,0.03125,0.0625,0.09375,0.125,0.15625,0.1875,0.21875,0.25,0.28125,0.3125,0.34375,0.375,0.40625,0.4375,0.5,0.50390625,0.5078125,0.515625,0.53125,0.5625,0.59375,0.625,0.65625,0.6875,0.71875,
0.75,0.78125,0.8125,0.84375,0.875,0.90625,0.9375,0.96875,1.),.UNSPECIFIED.);
#2695=EDGE_CURVE('',#1111,#1140,#2694,.T.);
#2696=ORIENTED_EDGE('',*,*,#2695,.T.);
#2697=ORIENTED_EDGE('',*,*,#1369,.T.);
#2698=CARTESIAN_POINT('',(-61.249130151,-19.695828423,-3.249296174));
#2699=VERTEX_POINT('',#2698);
#2700=CARTESIAN_POINT('',(-61.348055181,-20.075427796,-0.786277962));
#2701=DIRECTION('',(0.039664238,0.152201315,-0.987553294));
#2702=VECTOR('',#2701,2.494061058);
#2703=LINE('',#2700,#2702);
#2704=EDGE_CURVE('',#1258,#2699,#2703,.T.);
#2705=ORIENTED_EDGE('',*,*,#2704,.T.);
#2706=CARTESIAN_POINT('',(-61.263645589,-17.347094959,-2.88789332));
#2707=DIRECTION('',(0.999194395,-0.,0.040131793));
#2708=DIRECTION('',(-0.039664238,-0.152201315,0.987553294));
#2709=AXIS2_PLACEMENT_3D('',#2706,#2707,#2708);
#2710=ELLIPSE('',#2709,2.376420444,2.376419914);
#2711=EDGE_CURVE('',#2699,#323,#2710,.T.);
#2712=ORIENTED_EDGE('',*,*,#2711,.T.);
#2713=ORIENTED_EDGE('',*,*,#328,.F.);
#2714=EDGE_LOOP('',(#2533,#2546,#2547,#2548,#2549,#2580,#2581,#2582,#2583,#2584,#2585,#2586,#2587,#2588,#2589,#2590,#2696,#2697,#2705,#2712,#2713));
#2715=FACE_BOUND('',#2714,.T.);
#2716=ADVANCED_FACE('',(#2715),#2532,.T.);
#2717=CARTESIAN_POINT('',(-55.272953259,-20.075427796,-0.542276663));
#2718=DIRECTION('',(-0.006108112,0.988349513,0.152078701));
#2719=DIRECTION('',(0.039664238,0.152201315,-0.987553294));
#2720=AXIS2_PLACEMENT_3D('',#2717,#2718,#2719);
#2721=PLANE('',#2720);
#2722=ORIENTED_EDGE('',*,*,#2373,.T.);
#2723=CARTESIAN_POINT('',(-55.493617767,-19.695242596,-3.021938166));
#2724=DIRECTION('',(-0.999220677,-0.000101706,-0.039471868));
#2725=VECTOR('',#2724,5.760001286);
#2726=LINE('',#2723,#2725);
#2727=EDGE_CURVE('',#2361,#2699,#2726,.T.);
#2728=ORIENTED_EDGE('',*,*,#2727,.T.);
#2729=ORIENTED_EDGE('',*,*,#2704,.F.);
#2730=ORIENTED_EDGE('',*,*,#1263,.F.);
#2731=EDGE_LOOP('',(#2722,#2728,#2729,#2730));
#2732=FACE_BOUND('',#2731,.T.);
#2733=ADVANCED_FACE('',(#2732),#2721,.T.);
#2734=CARTESIAN_POINT('',(-55.386910148,-21.056781784,-5.433513191));
#2735=CARTESIAN_POINT('',(-55.386946614,-21.030638338,-5.469707104));
#2736=CARTESIAN_POINT('',(-55.386987962,-21.000154438,-5.502767893));
#2737=CARTESIAN_POINT('',(-55.387111293,-20.907158527,-5.581745287));
#2738=CARTESIAN_POINT('',(-55.387200775,-20.83760263,-5.619287108));
#2739=CARTESIAN_POINT('',(-55.387387056,-20.68916323,-5.662904447));
#2740=CARTESIAN_POINT('',(-55.387483761,-20.610354819,-5.668957899));
#2741=CARTESIAN_POINT('',(-55.387575788,-20.533675097,-5.658740156));
#2742=CARTESIAN_POINT('',(-57.317436796,-21.057882559,-5.434993823));
#2743=CARTESIAN_POINT('',(-57.317473231,-21.031430994,-5.471320881));
#2744=CARTESIAN_POINT('',(-57.317514627,-21.000595326,-5.504457939));
#2745=CARTESIAN_POINT('',(-57.317638273,-20.906572066,-5.583442974));
#2746=CARTESIAN_POINT('',(-57.317728153,-20.836294344,-5.620767782));
#2747=CARTESIAN_POINT('',(-57.317915363,-20.686542718,-5.663463814));
#2748=CARTESIAN_POINT('',(-57.318012596,-20.607146502,-5.668812872));
#2749=CARTESIAN_POINT('',(-57.318105066,-20.530081938,-5.657700539));
#2750=CARTESIAN_POINT('',(-59.242563181,-21.05897163,-5.436492972));
#2751=CARTESIAN_POINT('',(-59.242599584,-21.032211271,-5.472949793));
#2752=CARTESIAN_POINT('',(-59.24264103,-21.001023397,-5.506159056));
#2753=CARTESIAN_POINT('',(-59.242764995,-20.905973409,-5.585138501));
#2754=CARTESIAN_POINT('',(-59.242855278,-20.834976336,-5.622235552));
#2755=CARTESIAN_POINT('',(-59.243043431,-20.683926415,-5.663986987));
#2756=CARTESIAN_POINT('',(-59.243141202,-20.603953942,-5.668619138));
#2757=CARTESIAN_POINT('',(-59.243234123,-20.526521915,-5.656602144));
#2758=CARTESIAN_POINT('',(-61.161221294,-21.060048244,-5.4380097));
#2759=CARTESIAN_POINT('',(-61.161257664,-21.032978555,-5.474592927));
#2760=CARTESIAN_POINT('',(-61.16129916,-21.001438208,-5.507870379));
#2761=CARTESIAN_POINT('',(-61.161423448,-20.905362644,-5.586831249));
#2762=CARTESIAN_POINT('',(-61.16151414,-20.833649113,-5.623690079));
#2763=CARTESIAN_POINT('',(-61.161703252,-20.681315696,-5.664474643));
#2764=CARTESIAN_POINT('',(-61.161801569,-20.600778963,-5.668378115));
#2765=CARTESIAN_POINT('',(-61.161894949,-20.522997149,-5.655447443));
#2766=B_SPLINE_SURFACE_WITH_KNOTS('',3,3,((#2734,#2735,#2736,#2737,#2738,#2739,#2740,#2741),(#2742,#2743,#2744,#2745,#2746,#2747,#2748,#2749),(#2750,#2751,#2752,#2753,#2754,#2755,#2756,#2757),(#2758,#2759,#2760,#2761,#2762,#2763,#2764,#2765)),.UNSPECIFIED.,.F.,.F.,.U.,(4,4),(4,2,2,4),(0.453421266,0.462768991),(0.414548874,0.582715056,0.874072584,1.165430111),.UNSPECIFIED.);
#2767=ORIENTED_EDGE('',*,*,#2356,.F.);
#2768=ORIENTED_EDGE('',*,*,#1394,.T.);
#2769=ORIENTED_EDGE('',*,*,#2545,.F.);
#2770=ORIENTED_EDGE('',*,*,#544,.F.);
#2771=EDGE_LOOP('',(#2767,#2768,#2769,#2770));
#2772=FACE_BOUND('',#2771,.T.);
#2773=ADVANCED_FACE('',(#2772),#2766,.T.);
#2774=CARTESIAN_POINT('',(-55.190050545,-17.346476756,-2.647970203));
#2775=DIRECTION('',(-0.999220677,-0.000101706,-0.039471868));
#2776=DIRECTION('',(-0.039471868,-0.,0.999220682));
#2777=AXIS2_PLACEMENT_3D('',#2774,#2775,#2776);
#2778=CYLINDRICAL_SURFACE('',#2777,2.376419914);
#2779=ORIENTED_EDGE('',*,*,#2711,.F.);
#2780=ORIENTED_EDGE('',*,*,#2727,.F.);
#2781=ORIENTED_EDGE('',*,*,#2367,.F.);
#2782=ORIENTED_EDGE('',*,*,#336,.F.);
#2783=EDGE_LOOP('',(#2779,#2780,#2781,#2782));
#2784=FACE_BOUND('',#2783,.T.);
#2785=ADVANCED_FACE('',(#2784),#2778,.F.);
#2786=CARTESIAN_POINT('',(-51.803981063,-20.522095871,-5.692724082));
#2787=DIRECTION('',(0.039810629,0.,-0.999207243));
#2788=DIRECTION('',(-0.999207243,0.,-0.039810629));
#2789=AXIS2_PLACEMENT_3D('',#2786,#2787,#2788);
#2790=PLANE('',#2789);
#2791=ORIENTED_EDGE('',*,*,#48,.F.);
#2792=ORIENTED_EDGE('',*,*,#525,.T.);
#2793=CARTESIAN_POINT('',(-65.339966011,-20.533674842,-6.232027692));
#2794=DIRECTION('',(0.,1.,0.));
#2795=VECTOR('',#2794,57.011578971);
#2796=LINE('',#2793,#2795);
#2797=EDGE_CURVE('',#514,#146,#2796,.T.);
#2798=ORIENTED_EDGE('',*,*,#2797,.T.);
#2799=ORIENTED_EDGE('',*,*,#151,.F.);
#2800=EDGE_LOOP('',(#2791,#2792,#2798,#2799));
#2801=FACE_BOUND('',#2800,.T.);
#2802=ADVANCED_FACE('',(#2801),#2790,.T.);
#2803=CARTESIAN_POINT('',(-65.300285702,-20.522095871,-7.026872539));
#2804=DIRECTION('',(-0.998756217,0.,-0.049859989));
#2805=DIRECTION('',(-0.049859989,0.,0.998756217));
#2806=AXIS2_PLACEMENT_3D('',#2803,#2804,#2805);
#2807=PLANE('',#2806);
#2808=ORIENTED_EDGE('',*,*,#2797,.F.);
#2809=ORIENTED_EDGE('',*,*,#519,.T.);
#2810=ORIENTED_EDGE('',*,*,#488,.T.);
#2811=ORIENTED_EDGE('',*,*,#159,.T.);
#2812=EDGE_LOOP('',(#2808,#2809,#2810,#2811));
#2813=FACE_BOUND('',#2812,.T.);
#2814=ADVANCED_FACE('',(#2813),#2807,.F.);
#2815=CARTESIAN_POINT('',(-58.469878785,-18.533674842,2.900000048));
#2816=DIRECTION('',(-1.,0.,0.));
#2817=DIRECTION('',(0.,0.,1.));
#2818=AXIS2_PLACEMENT_3D('',#2815,#2816,#2817);
#2819=CYLINDRICAL_SURFACE('',#2818,2.);
#2820=ORIENTED_EDGE('',*,*,#448,.F.);
#2821=ORIENTED_EDGE('',*,*,#376,.F.);
#2822=ORIENTED_EDGE('',*,*,#415,.F.);
#2823=ORIENTED_EDGE('',*,*,#509,.F.);
#2824=EDGE_LOOP('',(#2820,#2821,#2822,#2823));
#2825=FACE_BOUND('',#2824,.T.);
#2826=ADVANCED_FACE('',(#2825),#2819,.T.);
#2827=CARTESIAN_POINT('',(-58.469878785,34.477904129,2.900000048));
#2828=DIRECTION('',(1.,0.,0.));
#2829=DIRECTION('',(0.,0.,-1.));
#2830=AXIS2_PLACEMENT_3D('',#2827,#2828,#2829);
#2831=CYLINDRICAL_SURFACE('',#2830,2.);
#2832=ORIENTED_EDGE('',*,*,#423,.F.);
#2833=ORIENTED_EDGE('',*,*,#390,.F.);
#2834=ORIENTED_EDGE('',*,*,#470,.F.);
#2835=ORIENTED_EDGE('',*,*,#88,.F.);
#2836=EDGE_LOOP('',(#2832,#2833,#2834,#2835));
#2837=FACE_BOUND('',#2836,.T.);
#2838=ADVANCED_FACE('',(#2837),#2831,.T.);
#2839=CARTESIAN_POINT('',(-55.300344294,-21.853383687,-0.360299428));
#2840=CARTESIAN_POINT('',(-55.300344294,-19.705383687,-0.360299428));
#2841=CARTESIAN_POINT('',(-55.232459361,-19.705383687,-2.050486707));
#2842=CARTESIAN_POINT('',(-55.232459361,-21.853383687,-2.050486707));
#2843=CARTESIAN_POINT('',(-55.232459361,-24.001383687,-2.050486707));
#2844=CARTESIAN_POINT('',(-55.300344294,-24.001383687,-0.360299428));
#2845=CARTESIAN_POINT('',(-55.300344294,-21.853383687,-0.360299428));
#2846=(BOUNDED_CURVE()
B_SPLINE_CURVE(3,(#2839,#2840,#2841,#2842,#2843,#2844,#2845),.UNSPECIFIED.,.T.,.F.)
B_SPLINE_CURVE_WITH_KNOTS((4,3,4),(0.,0.5,1.),.UNSPECIFIED.)
CURVE()
GEOMETRIC_REPRESENTATION_ITEM()
RATIONAL_B_SPLINE_CURVE((1.,0.333333333,0.333333333,1.,0.333333333,0.333333333,1.))
REPRESENTATION_ITEM(''));
#2847=DIRECTION('',(-0.999194395,0.,-0.040131793));
#2848=VECTOR('',#2847,1.);
#2849=SURFACE_OF_LINEAR_EXTRUSION('',#2846,#2848);
#2850=OFFSET_SURFACE('',#2849,-0.401013394,.F.);
#2851=ORIENTED_EDGE('',*,*,#845,.T.);
#2852=ORIENTED_EDGE('',*,*,#2521,.T.);
#2853=ORIENTED_EDGE('',*,*,#1533,.T.);
#2854=ORIENTED_EDGE('',*,*,#2579,.F.);
#2855=EDGE_LOOP('',(#2851,#2852,#2853,#2854));
#2856=FACE_BOUND('',#2855,.T.);
#2857=ADVANCED_FACE('',(#2856),#2850,.F.);
#2858=CARTESIAN_POINT('',(-55.322972606,-21.853383687,0.703096331));
#2859=CARTESIAN_POINT('',(-55.322972606,-18.273383687,0.703096331));
#2860=CARTESIAN_POINT('',(-55.20983105,-18.273383687,-2.113882467));
#2861=CARTESIAN_POINT('',(-55.20983105,-21.853383687,-2.113882467));
#2862=CARTESIAN_POINT('',(-55.20983105,-25.433383687,-2.113882467));
#2863=CARTESIAN_POINT('',(-55.322972606,-25.433383687,0.703096331));
#2864=CARTESIAN_POINT('',(-55.322972606,-21.853383687,0.703096331));
#2865=(BOUNDED_CURVE()
B_SPLINE_CURVE(3,(#2858,#2859,#2860,#2861,#2862,#2863,#2864),.UNSPECIFIED.,.T.,.F.)
B_SPLINE_CURVE_WITH_KNOTS((4,3,4),(0.,0.5,1.),.UNSPECIFIED.)
CURVE()
GEOMETRIC_REPRESENTATION_ITEM()
RATIONAL_B_SPLINE_CURVE((1.,0.333333333,0.333333333,1.,0.333333333,0.333333333,1.))
REPRESENTATION_ITEM(''));
#2866=DIRECTION('',(-0.999194395,0.,-0.040131793));
#2867=VECTOR('',#2866,1.);
#2868=SURFACE_OF_LINEAR_EXTRUSION('',#2865,#2867);
#2869=ORIENTED_EDGE('',*,*,#1147,.F.);
#2870=ORIENTED_EDGE('',*,*,#2695,.F.);
#2871=ORIENTED_EDGE('',*,*,#1116,.F.);
#2872=ORIENTED_EDGE('',*,*,#2480,.T.);
#2873=EDGE_LOOP('',(#2869,#2870,#2871,#2872));
#2874=FACE_BOUND('',#2873,.T.);
#2875=ADVANCED_FACE('',(#2874),#2868,.T.);
#2876=CARTESIAN_POINT('',(-55.406958529,-25.014382976,-6.580835327));
#2877=CARTESIAN_POINT('',(-55.43601499,-25.014382976,-6.611830242));
#2878=CARTESIAN_POINT('',(-55.476948986,-25.002178049,-6.635464899));
#2879=CARTESIAN_POINT('',(-55.523915753,-24.972800153,-6.637351279));
#2880=CARTESIAN_POINT('',(-55.406958277,-25.15905585,-6.580835556));
#2881=CARTESIAN_POINT('',(-55.448400032,-25.15905585,-6.625042029));
#2882=CARTESIAN_POINT('',(-55.506782112,-25.141648583,-6.65875094));
#2883=CARTESIAN_POINT('',(-55.573768426,-25.099748382,-6.661441388));
#2884=CARTESIAN_POINT('',(-55.467798867,-25.254383687,-6.525574062));
#2885=CARTESIAN_POINT('',(-55.504865445,-25.254383687,-6.565113475));
#2886=CARTESIAN_POINT('',(-55.557083888,-25.238814176,-6.595263598));
#2887=CARTESIAN_POINT('',(-55.61699818,-25.201337552,-6.597670004));
#2888=CARTESIAN_POINT('',(-55.547976999,-25.254383687,-6.452748282));
#2889=CARTESIAN_POINT('',(-55.568523063,-25.254383687,-6.474665042));
#2890=CARTESIAN_POINT('',(-55.597467829,-25.245753482,-6.491377303));
#2891=CARTESIAN_POINT('',(-55.630678418,-25.224980129,-6.492711178));
#2892=(BOUNDED_SURFACE()
B_SPLINE_SURFACE(3,3,((#2876,#2877,#2878,#2879),(#2880,#2881,#2882,#2883),(#2884,#2885,#2886,#2887),(#2888,#2889,#2890,#2891)),.UNSPECIFIED.,.F.,.F.,.U.)
B_SPLINE_SURFACE_WITH_KNOTS((4,4),(4,4),(0.341080562,0.758819045),(0.,0.16090151),.UNSPECIFIED.)
GEOMETRIC_REPRESENTATION_ITEM()
RATIONAL_B_SPLINE_SURFACE(((0.550510775,0.432406755,0.352308965,0.310217406),(0.461995089,0.362880812,0.295661809,0.26033808),(0.489816363,0.384733439,0.313466518,0.276015599),(0.633974596,0.497964636,0.405723092,0.357249964)))
REPRESENTATION_ITEM('')
SURFACE()
);
#2893=ORIENTED_EDGE('',*,*,#2248,.F.);
#2894=ORIENTED_EDGE('',*,*,#2027,.F.);
#2895=ORIENTED_EDGE('',*,*,#2218,.F.);
#2896=EDGE_LOOP('',(#2893,#2894,#2895));
#2897=FACE_BOUND('',#2896,.T.);
#2898=ADVANCED_FACE('',(#2897),#2892,.T.);
#2899=CARTESIAN_POINT('',(-61.049937856,-25.014383716,-6.807480789));
#2900=CARTESIAN_POINT('',(-61.08138655,-25.014383716,-6.778915947));
#2901=CARTESIAN_POINT('',(-61.105343512,-25.002178762,-6.738649233));
#2902=CARTESIAN_POINT('',(-61.107200421,-24.972800803,-6.692416222));
#2903=CARTESIAN_POINT('',(-61.049937847,-25.15905626,-6.807480779));
#2904=CARTESIAN_POINT('',(-61.094791404,-25.15905626,-6.766740303));
#2905=CARTESIAN_POINT('',(-61.128959912,-25.141649001,-6.709310084));
#2906=CARTESIAN_POINT('',(-61.131608321,-25.09974882,-6.643370462));
#2907=CARTESIAN_POINT('',(-60.993725192,-25.254383687,-6.74751799));
#2908=CARTESIAN_POINT('',(-61.033843345,-25.254383687,-6.71107868));
#2909=CARTESIAN_POINT('',(-61.064404521,-25.238814195,-6.659711643));
#2910=CARTESIAN_POINT('',(-61.066773325,-25.201337615,-6.60073358));
#2911=CARTESIAN_POINT('',(-60.919646067,-25.254383687,-6.668496798));
#2912=CARTESIAN_POINT('',(-60.94188365,-25.254383687,-6.648298407));
#2913=CARTESIAN_POINT('',(-60.958823779,-25.245753482,-6.619825542));
#2914=CARTESIAN_POINT('',(-60.960136812,-25.22498013,-6.587133869));
#2915=(BOUNDED_SURFACE()
B_SPLINE_SURFACE(3,3,((#2899,#2900,#2901,#2902),(#2903,#2904,#2905,#2906),(#2907,#2908,#2909,#2910),(#2911,#2912,#2913,#2914)),.UNSPECIFIED.,.F.,.F.,.U.)
B_SPLINE_SURFACE_WITH_KNOTS((4,4),(4,4),(0.341081411,0.758819045),(0.,0.16090151),.UNSPECIFIED.)
GEOMETRIC_REPRESENTATION_ITEM()
RATIONAL_B_SPLINE_SURFACE(((0.550510236,0.432406332,0.352308621,0.310217103),(0.461995202,0.362880901,0.295661882,0.260338144),(0.489816655,0.38473367,0.313466706,0.276015764),(0.633974596,0.497964637,0.405723093,0.357249965)))
REPRESENTATION_ITEM('')
SURFACE()
);
#2916=ORIENTED_EDGE('',*,*,#2277,.F.);
#2917=ORIENTED_EDGE('',*,*,#1988,.F.);
#2918=ORIENTED_EDGE('',*,*,#1940,.F.);
#2919=EDGE_LOOP('',(#2916,#2917,#2918));
#2920=FACE_BOUND('',#2919,.T.);
#2921=ADVANCED_FACE('',(#2920),#2915,.T.);
#2922=CARTESIAN_POINT('',(-55.436457859,-25.014383716,-5.846366133));
#2923=CARTESIAN_POINT('',(-55.405009165,-25.014383716,-5.874930974));
#2924=CARTESIAN_POINT('',(-55.381052204,-25.002178762,-5.915197689));
#2925=CARTESIAN_POINT('',(-55.379195294,-24.972800803,-5.9614307));
#2926=CARTESIAN_POINT('',(-55.436457869,-25.15905626,-5.846366143));
#2927=CARTESIAN_POINT('',(-55.391604311,-25.15905626,-5.887106619));
#2928=CARTESIAN_POINT('',(-55.357435804,-25.141649001,-5.944536838));
#2929=CARTESIAN_POINT('',(-55.354787394,-25.09974882,-6.01047646));
#2930=CARTESIAN_POINT('',(-55.492670523,-25.254383687,-5.906328932));
#2931=CARTESIAN_POINT('',(-55.45255237,-25.254383687,-5.942768242));
#2932=CARTESIAN_POINT('',(-55.421991194,-25.238814195,-5.994135279));
#2933=CARTESIAN_POINT('',(-55.41962239,-25.201337615,-6.053113341));
#2934=CARTESIAN_POINT('',(-55.566749648,-25.254383687,-5.985350123));
#2935=CARTESIAN_POINT('',(-55.544512065,-25.254383687,-6.005548515));
#2936=CARTESIAN_POINT('',(-55.527571937,-25.245753482,-6.03402138));
#2937=CARTESIAN_POINT('',(-55.526258903,-25.22498013,-6.066713052));
#2938=(BOUNDED_SURFACE()
B_SPLINE_SURFACE(3,3,((#2922,#2923,#2924,#2925),(#2926,#2927,#2928,#2929),(#2930,#2931,#2932,#2933),(#2934,#2935,#2936,#2937)),.UNSPECIFIED.,.F.,.F.,.U.)
B_SPLINE_SURFACE_WITH_KNOTS((4,4),(4,4),(0.341081411,0.758819045),(0.,0.16090151),.UNSPECIFIED.)
GEOMETRIC_REPRESENTATION_ITEM()
RATIONAL_B_SPLINE_SURFACE(((0.550510236,0.432406332,0.352308621,0.310217103),(0.461995202,0.362880901,0.295661882,0.260338144),(0.489816655,0.38473367,0.313466706,0.276015764),(0.633974596,0.497964637,0.405723093,0.357249965)))
REPRESENTATION_ITEM('')
SURFACE()
);
#2939=ORIENTED_EDGE('',*,*,#2306,.F.);
#2940=ORIENTED_EDGE('',*,*,#2073,.F.);
#2941=ORIENTED_EDGE('',*,*,#1823,.F.);
#2942=EDGE_LOOP('',(#2939,#2940,#2941));
#2943=FACE_BOUND('',#2942,.T.);
#2944=ADVANCED_FACE('',(#2943),#2938,.T.);
#2945=CARTESIAN_POINT('',(-60.943781489,-25.184089314,-6.067563099));
#2946=CARTESIAN_POINT('',(-60.942585406,-25.221935483,-6.097342947));
#2947=CARTESIAN_POINT('',(-60.931176077,-25.24983753,-6.138113537));
#2948=CARTESIAN_POINT('',(-60.905835788,-25.24983753,-6.183403257));
#2949=CARTESIAN_POINT('',(-61.059426558,-25.184089617,-6.072207646));
#2950=CARTESIAN_POINT('',(-61.057720647,-25.238067685,-6.11468113));
#2951=CARTESIAN_POINT('',(-61.041448099,-25.277862958,-6.172830153));
#2952=CARTESIAN_POINT('',(-61.005306532,-25.277862958,-6.237424581));
#2953=CARTESIAN_POINT('',(-61.133313447,-25.110872326,-6.132880355));
#2954=CARTESIAN_POINT('',(-61.131787635,-25.159151707,-6.170869738));
#2955=CARTESIAN_POINT('',(-61.117233048,-25.194745629,-6.222879728));
#2956=CARTESIAN_POINT('',(-61.084907095,-25.194745629,-6.280654657));
#2957=CARTESIAN_POINT('',(-61.13026404,-25.014383687,-6.208803944));
#2958=CARTESIAN_POINT('',(-61.129418281,-25.041145025,-6.22986152));
#2959=CARTESIAN_POINT('',(-61.121350649,-25.060874793,-6.258690741));
#2960=CARTESIAN_POINT('',(-61.103432322,-25.060874793,-6.290715477));
#2961=(BOUNDED_SURFACE()
B_SPLINE_SURFACE(3,3,((#2945,#2946,#2947,#2948),(#2949,#2950,#2951,#2952),(#2953,#2954,#2955,#2956),(#2957,#2958,#2959,#2960)),.UNSPECIFIED.,.F.,.F.,.U.)
B_SPLINE_SURFACE_WITH_KNOTS((4,4),(4,4),(0.341080562,0.758819045),(0.,0.16090151),.UNSPECIFIED.)
GEOMETRIC_REPRESENTATION_ITEM()
RATIONAL_B_SPLINE_SURFACE(((0.550510775,0.432406755,0.352308965,0.310217406),(0.461995089,0.362880812,0.295661809,0.26033808),(0.489816363,0.384733439,0.313466518,0.276015599),(0.633974596,0.497964636,0.405723092,0.357249964)))
REPRESENTATION_ITEM('')
SURFACE()
);
#2962=ORIENTED_EDGE('',*,*,#2335,.F.);
#2963=ORIENTED_EDGE('',*,*,#1969,.F.);
#2964=ORIENTED_EDGE('',*,*,#1699,.F.);
#2965=EDGE_LOOP('',(#2962,#2963,#2964));
#2966=FACE_BOUND('',#2965,.T.);
#2967=ADVANCED_FACE('',(#2966),#2961,.T.);
#2968=CLOSED_SHELL('',(#66,#169,#202,#235,#275,#354,#394,#434,#474,#498,#561,#592,#653,#684,#736,#758,#775,#787,#799,#811,#823,#912,#952,#1003,#1034,#1065,
#1096,#1127,#1373,#1405,#1445,#1485,#1537,#1568,#1718,#1833,#1952,#1993,#2032,#2078,#2225,#2254,#2283,#2312,#2341,#2527,#2716,#2733,#2773,#2785,#2802,
#2814,#2826,#2838,#2857,#2875,#2898,#2921,#2944,#2967));
#2969=MANIFOLD_SOLID_BREP('\X2\96FB6C6084CB\X0\.001',#2968);
#26=STYLED_ITEM('',(),#2969);
#16=SHAPE_REPRESENTATION('root',(#15),#10);
#17=ADVANCED_BREP_SHAPE_REPRESENTATION('root',(#2969),#10);
#2977=SHAPE_REPRESENTATION_RELATIONSHIP('','',#16,#17);
#2978=APPLICATION_CONTEXT('configuration controlled 3D design of mechanical parts and assemblies');
#2979=APPLICATION_PROTOCOL_DEFINITION('international standard','configuration_control_3d_design_ed2_mim',2004,#2978);
#2980=PRODUCT_CONTEXT('',#2978,'mechanical');
#2981=PRODUCT_DEFINITION_CONTEXT('part definition',#2978,'design');
#24=PRODUCT('root','root','',(#2980));
#2982=PRODUCT_RELATED_PRODUCT_CATEGORY('part','',(#24));
#2983=PRODUCT_DEFINITION_FORMATION_WITH_SPECIFIED_SOURCE('','',#24,.NOT_KNOWN.);
#25=PRODUCT_DEFINITION('design','',#2983,#2981);
#23=PRODUCT_DEFINITION_SHAPE('','',#25);
#2984=SHAPE_DEFINITION_REPRESENTATION(#23,#16);
#11=DRAUGHTING_MODEL('',(),#10);
#1=MECHANICAL_DESIGN_GEOMETRIC_PRESENTATION_REPRESENTATION('',(#26),#10);
ENDSEC;
END-ISO-10303-21;
