ISO-10303-21;
HEADER;

/* File generated by HOOPS Exchange Version 24.2.0 */

FILE_DESCRIPTION(('HOOPS Exchange Step'),'2;1');

FILE_NAME('/Users/zoesu_takanori/Desktop/Corcell-case/Bottom-frame.stp',
'2026-06-29T23:09:36+09:00',
('zoesu_takanori'),
('Unknown organisation'),
'HOOPS Exchange 2024.2',
'HOOPS Exchange',
'Unknown authorisation');

FILE_SCHEMA( ('AP203_CONFIGURATION_CONTROLLED_3D_DESIGN_OF_MECHANICAL_PARTS_AND_ASSEMBLIES_MIM_LF') );

ENDSEC;

DATA;
#3=(NAMED_UNIT(*)PLANE_ANGLE_UNIT()SI_UNIT($,.RADIAN.));
#4=PLANE_ANGLE_MEASURE_WITH_UNIT(PLANE_ANGLE_MEASURE(0.0174532925),#3);
#5=(CONVERSION_BASED_UNIT('DEGREE',#4)NAMED_UNIT(#6)PLANE_ANGLE_UNIT());
#6=DIMENSIONAL_EXPONENTS(0.,0.,0.,0.,0.,0.,0.);
#7=(NAMED_UNIT(*)SI_UNIT($,.STERADIAN.)SOLID_ANGLE_UNIT());
#8=(LENGTH_UNIT()NAMED_UNIT(*)SI_UNIT(.MILLI.,.METRE.));
#9=UNCERTAINTY_MEASURE_WITH_UNIT(LENGTH_MEASURE(1.000000E-05),#8,'DISTANCE_ACCURACY_VALUE','Maximum Tolerance applied to model');
#10=(GEOMETRIC_REPRESENTATION_CONTEXT(3)GLOBAL_UNCERTAINTY_ASSIGNED_CONTEXT((#9))GLOBAL_UNIT_ASSIGNED_CONTEXT((#8,#5,#7))REPRESENTATION_CONTEXT('','root'));
#12=CARTESIAN_POINT('',(0.,0.,0.));
#13=DIRECTION('',(0.,0.,1.));
#14=DIRECTION('',(1.,0.,0.));
#15=AXIS2_PLACEMENT_3D('TS3D_PRODUCT_CSYS',#12,#13,#14);
#27=CARTESIAN_POINT('',(-17.889755662,44.933718801,2.200000048));
#28=DIRECTION('',(-0.,-1.,0.));
#29=DIRECTION('',(-0.995322813,0.,0.096604854));
#30=AXIS2_PLACEMENT_3D('',#27,#28,#29);
#31=PLANE('',#30);
#32=CARTESIAN_POINT('',(-65.43975757,44.933718801,0.364806707));
#33=VERTEX_POINT('',#32);
#34=CARTESIAN_POINT('',(-65.43975757,44.933718801,11.907106829));
#35=VERTEX_POINT('',#34);
#36=CARTESIAN_POINT('',(-65.43975757,44.933718801,0.364806707));
#37=DIRECTION('',(-0.,-0.,1.));
#38=VECTOR('',#37,11.542300122);
#39=LINE('',#36,#38);
#40=EDGE_CURVE('',#33,#35,#39,.T.);
#41=ORIENTED_EDGE('',*,*,#40,.T.);
#42=CARTESIAN_POINT('',(-22.220195592,44.933718801,11.907106829));
#43=VERTEX_POINT('',#42);
#44=CARTESIAN_POINT('',(-65.43975757,44.933718801,11.907106829));
#45=DIRECTION('',(1.,-0.,-0.));
#46=VECTOR('',#45,43.219561978);
#47=LINE('',#44,#46);
#48=EDGE_CURVE('',#35,#43,#47,.T.);
#49=ORIENTED_EDGE('',*,*,#48,.T.);
#50=CARTESIAN_POINT('',(-22.220195592,44.933718801,0.364806707));
#51=VERTEX_POINT('',#50);
#52=CARTESIAN_POINT('',(-22.220195592,44.933718801,11.907106829));
#53=DIRECTION('',(0.,0.,-1.));
#54=VECTOR('',#53,11.542300122);
#55=LINE('',#52,#54);
#56=EDGE_CURVE('',#43,#51,#55,.T.);
#57=ORIENTED_EDGE('',*,*,#56,.T.);
#58=CARTESIAN_POINT('',(-33.684195763,44.933718801,0.364806707));
#59=VERTEX_POINT('',#58);
#60=CARTESIAN_POINT('',(-22.220195592,44.933718801,0.364806707));
#61=DIRECTION('',(-1.,0.,0.));
#62=VECTOR('',#61,11.464000171);
#63=LINE('',#60,#62);
#64=EDGE_CURVE('',#51,#59,#63,.T.);
#65=ORIENTED_EDGE('',*,*,#64,.T.);
#66=CARTESIAN_POINT('',(-33.684195763,44.933718801,3.502632951));
#67=VERTEX_POINT('',#66);
#68=CARTESIAN_POINT('',(-33.684195763,44.933718801,0.364806707));
#69=DIRECTION('',(0.,0.,1.));
#70=VECTOR('',#69,3.137826244);
#71=LINE('',#68,#70);
#72=EDGE_CURVE('',#59,#67,#71,.T.);
#73=ORIENTED_EDGE('',*,*,#72,.T.);
#74=CARTESIAN_POINT('',(-36.684195763,44.933718801,6.502632951));
#75=VERTEX_POINT('',#74);
#76=CARTESIAN_POINT('',(-36.684195763,44.933718801,3.502632951));
#77=DIRECTION('',(-0.,-1.,0.));
#78=DIRECTION('',(1.,-0.,0.));
#79=AXIS2_PLACEMENT_3D('',#76,#77,#78);
#80=CIRCLE('',#79,3.);
#81=EDGE_CURVE('',#67,#75,#80,.T.);
#82=ORIENTED_EDGE('',*,*,#81,.T.);
#83=CARTESIAN_POINT('',(-45.3,44.933718801,6.502632951));
#84=VERTEX_POINT('',#83);
#85=CARTESIAN_POINT('',(-36.684195763,44.933718801,6.502632951));
#86=DIRECTION('',(-1.,0.,0.));
#87=VECTOR('',#86,8.615804237);
#88=LINE('',#85,#87);
#89=EDGE_CURVE('',#75,#84,#88,.T.);
#90=ORIENTED_EDGE('',*,*,#89,.T.);
#91=CARTESIAN_POINT('',(-48.3,44.933718801,3.502632951));
#92=VERTEX_POINT('',#91);
#93=CARTESIAN_POINT('',(-45.3,44.933718801,3.502632951));
#94=DIRECTION('',(-0.,-1.,0.));
#95=DIRECTION('',(1.,-0.,0.));
#96=AXIS2_PLACEMENT_3D('',#93,#94,#95);
#97=CIRCLE('',#96,3.);
#98=EDGE_CURVE('',#84,#92,#97,.T.);
#99=ORIENTED_EDGE('',*,*,#98,.T.);
#100=CARTESIAN_POINT('',(-48.3,44.933718801,0.364806707));
#101=VERTEX_POINT('',#100);
#102=CARTESIAN_POINT('',(-48.3,44.933718801,3.502632951));
#103=DIRECTION('',(0.,0.,-1.));
#104=VECTOR('',#103,3.137826244);
#105=LINE('',#102,#104);
#106=EDGE_CURVE('',#92,#101,#105,.T.);
#107=ORIENTED_EDGE('',*,*,#106,.T.);
#108=CARTESIAN_POINT('',(-48.3,44.933718801,0.364806707));
#109=DIRECTION('',(-1.,0.,0.));
#110=VECTOR('',#109,17.13975757);
#111=LINE('',#108,#110);
#112=EDGE_CURVE('',#101,#33,#111,.T.);
#113=ORIENTED_EDGE('',*,*,#112,.T.);
#114=EDGE_LOOP('',(#41,#49,#57,#65,#73,#82,#90,#99,#107,#113));
#115=FACE_BOUND('',#114,.T.);
#116=ADVANCED_FACE('',(#115),#31,.F.);
#117=CARTESIAN_POINT('',(-25.466290736,41.783718801,12.700000048));
#118=DIRECTION('',(-0.,-0.,-1.));
#119=DIRECTION('',(0.,1.,-0.));
#120=AXIS2_PLACEMENT_3D('',#117,#118,#119);
#121=PLANE('',#120);
#122=CARTESIAN_POINT('',(-16.614293453,-32.426283336,12.700000048));
#123=VERTEX_POINT('',#122);
#124=CARTESIAN_POINT('',(-33.233424904,-35.937572678,12.700000048));
#125=VERTEX_POINT('',#124);
#126=CARTESIAN_POINT('',(-16.614293453,-32.426283336,12.700000048));
#127=DIRECTION('',(-0.978400885,-0.206716495,0.));
#128=VECTOR('',#127,16.986014336);
#129=LINE('',#126,#128);
#130=EDGE_CURVE('',#123,#125,#129,.T.);
#131=ORIENTED_EDGE('',*,*,#130,.T.);
#132=CARTESIAN_POINT('',(-53.895374303,-44.708001227,12.700000048));
#133=VERTEX_POINT('',#132);
#134=CARTESIAN_POINT('',(-33.233424904,-35.937572678,12.700000048));
#135=DIRECTION('',(-0.920505633,-0.390729293,0.));
#136=VECTOR('',#135,22.446304149);
#137=LINE('',#134,#136);
#138=EDGE_CURVE('',#125,#133,#137,.T.);
#139=ORIENTED_EDGE('',*,*,#138,.T.);
#140=CARTESIAN_POINT('',(-56.517845639,-43.648445052,12.700000048));
#141=VERTEX_POINT('',#140);
#142=CARTESIAN_POINT('',(-54.676832889,-42.866989962,12.700000048));
#143=DIRECTION('',(-0.,-0.,-1.));
#144=DIRECTION('',(0.,1.,-0.));
#145=AXIS2_PLACEMENT_3D('',#142,#143,#144);
#146=CIRCLE('',#145,2.);
#147=EDGE_CURVE('',#133,#141,#146,.T.);
#148=ORIENTED_EDGE('',*,*,#147,.T.);
#149=CARTESIAN_POINT('',(-65.93975757,-21.451571275,12.700000048));
#150=VERTEX_POINT('',#149);
#151=CARTESIAN_POINT('',(-56.517845639,-43.648445052,12.700000048));
#152=DIRECTION('',(-0.390727545,0.920506375,-0.));
#153=VECTOR('',#152,24.113764324);
#154=LINE('',#151,#153);
#155=EDGE_CURVE('',#141,#150,#154,.T.);
#156=ORIENTED_EDGE('',*,*,#155,.T.);
#157=CARTESIAN_POINT('',(-65.93975757,39.933718801,12.700000048));
#158=VERTEX_POINT('',#157);
#159=CARTESIAN_POINT('',(-65.93975757,-21.451571275,12.700000048));
#160=DIRECTION('',(0.,1.,-0.));
#161=VECTOR('',#160,61.385290076);
#162=LINE('',#159,#161);
#163=EDGE_CURVE('',#150,#158,#162,.T.);
#164=ORIENTED_EDGE('',*,*,#163,.T.);
#165=CARTESIAN_POINT('',(-63.93975757,41.933718801,12.700000048));
#166=VERTEX_POINT('',#165);
#167=CARTESIAN_POINT('',(-63.93975757,39.933718801,12.700000048));
#168=DIRECTION('',(-0.,-0.,-1.));
#169=DIRECTION('',(0.,1.,-0.));
#170=AXIS2_PLACEMENT_3D('',#167,#168,#169);
#171=CIRCLE('',#170,2.);
#172=EDGE_CURVE('',#158,#166,#171,.T.);
#173=ORIENTED_EDGE('',*,*,#172,.T.);
#174=CARTESIAN_POINT('',(-19.189755662,41.933718801,12.700000048));
#175=VERTEX_POINT('',#174);
#176=CARTESIAN_POINT('',(-63.93975757,41.933718801,12.700000048));
#177=DIRECTION('',(1.,0.,-0.));
#178=VECTOR('',#177,44.750001907);
#179=LINE('',#176,#178);
#180=EDGE_CURVE('',#166,#175,#179,.T.);
#181=ORIENTED_EDGE('',*,*,#180,.T.);
#182=CARTESIAN_POINT('',(-19.189755662,42.058718801,12.700000048));
#183=VERTEX_POINT('',#182);
#184=CARTESIAN_POINT('',(-19.189755662,41.933718801,12.700000048));
#185=DIRECTION('',(0.,1.,-0.));
#186=VECTOR('',#185,0.125);
#187=LINE('',#184,#186);
#188=EDGE_CURVE('',#175,#183,#187,.T.);
#189=ORIENTED_EDGE('',*,*,#188,.T.);
#190=CARTESIAN_POINT('',(-17.189755662,44.058718801,12.700000048));
#191=VERTEX_POINT('',#190);
#192=CARTESIAN_POINT('',(-17.189755662,42.058718801,12.700000048));
#193=DIRECTION('',(-0.,-0.,-1.));
#194=DIRECTION('',(0.,1.,-0.));
#195=AXIS2_PLACEMENT_3D('',#192,#193,#194);
#196=CIRCLE('',#195,2.);
#197=EDGE_CURVE('',#183,#191,#196,.T.);
#198=ORIENTED_EDGE('',*,*,#197,.T.);
#199=CARTESIAN_POINT('',(-2.189756139,44.058718801,12.700000048));
#200=VERTEX_POINT('',#199);
#201=CARTESIAN_POINT('',(-17.189755662,44.058718801,12.700000048));
#202=DIRECTION('',(1.,-0.,-0.));
#203=VECTOR('',#202,14.999999523);
#204=LINE('',#201,#203);
#205=EDGE_CURVE('',#191,#200,#204,.T.);
#206=ORIENTED_EDGE('',*,*,#205,.T.);
#207=CARTESIAN_POINT('',(-2.189756139,44.183718801,12.700000048));
#208=VERTEX_POINT('',#207);
#209=CARTESIAN_POINT('',(-2.189756139,44.058718801,12.700000048));
#210=DIRECTION('',(0.,1.,-0.));
#211=VECTOR('',#210,0.125);
#212=LINE('',#209,#211);
#213=EDGE_CURVE('',#200,#208,#212,.T.);
#214=ORIENTED_EDGE('',*,*,#213,.T.);
#215=CARTESIAN_POINT('',(-0.189756139,46.183718801,12.700000048));
#216=VERTEX_POINT('',#215);
#217=CARTESIAN_POINT('',(-0.189756139,44.183718801,12.700000048));
#218=DIRECTION('',(-0.,-0.,-1.));
#219=DIRECTION('',(0.,1.,-0.));
#220=AXIS2_PLACEMENT_3D('',#217,#218,#219);
#221=CIRCLE('',#220,2.);
#222=EDGE_CURVE('',#208,#216,#221,.T.);
#223=ORIENTED_EDGE('',*,*,#222,.T.);
#224=CARTESIAN_POINT('',(16.810243956,46.183718801,12.700000048));
#225=VERTEX_POINT('',#224);
#226=CARTESIAN_POINT('',(-0.189756139,46.183718801,12.700000048));
#227=DIRECTION('',(1.,0.,-0.));
#228=VECTOR('',#227,17.000000095);
#229=LINE('',#226,#228);
#230=EDGE_CURVE('',#216,#225,#229,.T.);
#231=ORIENTED_EDGE('',*,*,#230,.T.);
#232=CARTESIAN_POINT('',(18.810243956,44.183718801,12.700000048));
#233=VERTEX_POINT('',#232);
#234=CARTESIAN_POINT('',(16.810243956,44.183718801,12.700000048));
#235=DIRECTION('',(-0.,-0.,-1.));
#236=DIRECTION('',(0.,1.,-0.));
#237=AXIS2_PLACEMENT_3D('',#234,#235,#236);
#238=CIRCLE('',#237,2.);
#239=EDGE_CURVE('',#225,#233,#238,.T.);
#240=ORIENTED_EDGE('',*,*,#239,.T.);
#241=CARTESIAN_POINT('',(18.810243956,44.058718801,12.700000048));
#242=VERTEX_POINT('',#241);
#243=CARTESIAN_POINT('',(18.810243956,44.183718801,12.700000048));
#244=DIRECTION('',(-0.,-1.,0.));
#245=VECTOR('',#244,0.125);
#246=LINE('',#243,#245);
#247=EDGE_CURVE('',#233,#242,#246,.T.);
#248=ORIENTED_EDGE('',*,*,#247,.T.);
#249=CARTESIAN_POINT('',(33.810243956,44.058718801,12.700000048));
#250=VERTEX_POINT('',#249);
#251=CARTESIAN_POINT('',(18.810243956,44.058718801,12.700000048));
#252=DIRECTION('',(1.,-0.,-0.));
#253=VECTOR('',#252,15.);
#254=LINE('',#251,#253);
#255=EDGE_CURVE('',#242,#250,#254,.T.);
#256=ORIENTED_EDGE('',*,*,#255,.T.);
#257=CARTESIAN_POINT('',(35.810243956,42.058718801,12.700000048));
#258=VERTEX_POINT('',#257);
#259=CARTESIAN_POINT('',(33.810243956,42.058718801,12.700000048));
#260=DIRECTION('',(-0.,-0.,-1.));
#261=DIRECTION('',(0.,1.,-0.));
#262=AXIS2_PLACEMENT_3D('',#259,#260,#261);
#263=CIRCLE('',#262,2.);
#264=EDGE_CURVE('',#250,#258,#263,.T.);
#265=ORIENTED_EDGE('',*,*,#264,.T.);
#266=CARTESIAN_POINT('',(35.810243956,39.808718801,12.700000048));
#267=VERTEX_POINT('',#266);
#268=CARTESIAN_POINT('',(35.810243956,42.058718801,12.700000048));
#269=DIRECTION('',(-0.,-1.,0.));
#270=VECTOR('',#269,2.25);
#271=LINE('',#268,#270);
#272=EDGE_CURVE('',#258,#267,#271,.T.);
#273=ORIENTED_EDGE('',*,*,#272,.T.);
#274=CARTESIAN_POINT('',(67.810243956,39.808718801,12.700000048));
#275=VERTEX_POINT('',#274);
#276=CARTESIAN_POINT('',(35.810243956,39.808718801,12.700000048));
#277=DIRECTION('',(1.,0.,-0.));
#278=VECTOR('',#277,32.);
#279=LINE('',#276,#278);
#280=EDGE_CURVE('',#267,#275,#279,.T.);
#281=ORIENTED_EDGE('',*,*,#280,.T.);
#282=CARTESIAN_POINT('',(69.810243956,37.808718801,12.700000048));
#283=VERTEX_POINT('',#282);
#284=CARTESIAN_POINT('',(67.810243956,37.808718801,12.700000048));
#285=DIRECTION('',(-0.,-0.,-1.));
#286=DIRECTION('',(0.,1.,-0.));
#287=AXIS2_PLACEMENT_3D('',#284,#285,#286);
#288=CIRCLE('',#287,2.);
#289=EDGE_CURVE('',#275,#283,#288,.T.);
#290=ORIENTED_EDGE('',*,*,#289,.T.);
#291=CARTESIAN_POINT('',(69.810243956,-30.191282725,12.700000048));
#292=VERTEX_POINT('',#291);
#293=CARTESIAN_POINT('',(69.810243956,37.808718801,12.700000048));
#294=DIRECTION('',(-0.,-1.,0.));
#295=VECTOR('',#294,68.000001526);
#296=LINE('',#293,#295);
#297=EDGE_CURVE('',#283,#292,#296,.T.);
#298=ORIENTED_EDGE('',*,*,#297,.T.);
#299=CARTESIAN_POINT('',(67.810243956,-32.191282725,12.700000048));
#300=VERTEX_POINT('',#299);
#301=CARTESIAN_POINT('',(67.810243956,-30.191282725,12.700000048));
#302=DIRECTION('',(-0.,-0.,-1.));
#303=DIRECTION('',(0.,1.,-0.));
#304=AXIS2_PLACEMENT_3D('',#301,#302,#303);
#305=CIRCLE('',#304,2.);
#306=EDGE_CURVE('',#292,#300,#305,.T.);
#307=ORIENTED_EDGE('',*,*,#306,.T.);
#308=CARTESIAN_POINT('',(33.810244338,-32.191282725,12.700000048));
#309=VERTEX_POINT('',#308);
#310=CARTESIAN_POINT('',(67.810243956,-32.191282725,12.700000048));
#311=DIRECTION('',(-1.,0.,0.));
#312=VECTOR('',#311,33.999999619);
#313=LINE('',#310,#312);
#314=EDGE_CURVE('',#300,#309,#313,.T.);
#315=ORIENTED_EDGE('',*,*,#314,.T.);
#316=CARTESIAN_POINT('',(31.810244338,-30.191282725,12.700000048));
#317=VERTEX_POINT('',#316);
#318=CARTESIAN_POINT('',(33.810244338,-30.191282725,12.700000048));
#319=DIRECTION('',(-0.,-0.,-1.));
#320=DIRECTION('',(0.,1.,-0.));
#321=AXIS2_PLACEMENT_3D('',#318,#319,#320);
#322=CIRCLE('',#321,2.);
#323=EDGE_CURVE('',#309,#317,#322,.T.);
#324=ORIENTED_EDGE('',*,*,#323,.T.);
#325=CARTESIAN_POINT('',(31.810244338,-27.941282725,12.700000048));
#326=VERTEX_POINT('',#325);
#327=CARTESIAN_POINT('',(31.810244338,-30.191282725,12.700000048));
#328=DIRECTION('',(0.,1.,-0.));
#329=VECTOR('',#328,2.25);
#330=LINE('',#327,#329);
#331=EDGE_CURVE('',#317,#326,#330,.T.);
#332=ORIENTED_EDGE('',*,*,#331,.T.);
#333=CARTESIAN_POINT('',(17.410243956,-27.941282725,12.700000048));
#334=VERTEX_POINT('',#333);
#335=CARTESIAN_POINT('',(31.810244338,-27.941282725,12.700000048));
#336=DIRECTION('',(-1.,0.,0.));
#337=VECTOR('',#336,14.400000381);
#338=LINE('',#335,#337);
#339=EDGE_CURVE('',#326,#334,#338,.T.);
#340=ORIENTED_EDGE('',*,*,#339,.T.);
#341=CARTESIAN_POINT('',(17.410243956,-30.426283336,12.700000048));
#342=VERTEX_POINT('',#341);
#343=CARTESIAN_POINT('',(17.410243956,-27.941282725,12.700000048));
#344=DIRECTION('',(-0.,-1.,0.));
#345=VECTOR('',#344,2.48500061);
#346=LINE('',#343,#345);
#347=EDGE_CURVE('',#334,#342,#346,.T.);
#348=ORIENTED_EDGE('',*,*,#347,.T.);
#349=CARTESIAN_POINT('',(15.410243956,-32.426283336,12.700000048));
#350=VERTEX_POINT('',#349);
#351=CARTESIAN_POINT('',(15.410243956,-30.426283336,12.700000048));
#352=DIRECTION('',(-0.,-0.,-1.));
#353=DIRECTION('',(0.,1.,-0.));
#354=AXIS2_PLACEMENT_3D('',#351,#352,#353);
#355=CIRCLE('',#354,2.);
#356=EDGE_CURVE('',#342,#350,#355,.T.);
#357=ORIENTED_EDGE('',*,*,#356,.T.);
#358=CARTESIAN_POINT('',(15.410243956,-32.426283336,12.700000048));
#359=DIRECTION('',(-1.,0.,0.));
#360=VECTOR('',#359,32.024537409);
#361=LINE('',#358,#360);
#362=EDGE_CURVE('',#350,#123,#361,.T.);
#363=ORIENTED_EDGE('',*,*,#362,.T.);
#364=EDGE_LOOP('',(#131,#139,#148,#156,#164,#173,#181,#189,#198,#206,#214,#223,#231,#240,#248,#256,#265,#273,#281,#290,#298,#307,#315,#324,#332,#340,
#348,#357,#363));
#365=FACE_BOUND('',#364,.T.);
#366=CARTESIAN_POINT('',(19.417350737,-30.148389506,12.700000048));
#367=VERTEX_POINT('',#366);
#368=CARTESIAN_POINT('',(29.603137556,-30.148389506,12.700000048));
#369=VERTEX_POINT('',#368);
#370=CARTESIAN_POINT('',(19.417350737,-30.148389506,12.700000048));
#371=DIRECTION('',(1.,-0.,-0.));
#372=VECTOR('',#371,10.185786819);
#373=LINE('',#370,#372);
#374=EDGE_CURVE('',#367,#369,#373,.T.);
#375=ORIENTED_EDGE('',*,*,#374,.T.);
#376=CARTESIAN_POINT('',(29.603137556,-31.691282725,12.700000048));
#377=VERTEX_POINT('',#376);
#378=CARTESIAN_POINT('',(29.603137556,-30.148389506,12.700000048));
#379=DIRECTION('',(-0.,-1.,0.));
#380=VECTOR('',#379,1.542893219);
#381=LINE('',#378,#380);
#382=EDGE_CURVE('',#369,#377,#381,.T.);
#383=ORIENTED_EDGE('',*,*,#382,.T.);
#384=CARTESIAN_POINT('',(32.310244338,-34.398389506,12.700000048));
#385=VERTEX_POINT('',#384);
#386=CARTESIAN_POINT('',(32.310244338,-31.691282725,12.700000048));
#387=DIRECTION('',(0.,0.,1.));
#388=DIRECTION('',(0.,1.,-0.));
#389=AXIS2_PLACEMENT_3D('',#386,#387,#388);
#390=CIRCLE('',#389,2.707106781);
#391=EDGE_CURVE('',#377,#385,#390,.T.);
#392=ORIENTED_EDGE('',*,*,#391,.T.);
#393=CARTESIAN_POINT('',(69.310243956,-34.398389506,12.700000048));
#394=VERTEX_POINT('',#393);
#395=CARTESIAN_POINT('',(32.310244338,-34.398389506,12.700000048));
#396=DIRECTION('',(1.,-0.,-0.));
#397=VECTOR('',#396,36.999999618);
#398=LINE('',#395,#397);
#399=EDGE_CURVE('',#385,#394,#398,.T.);
#400=ORIENTED_EDGE('',*,*,#399,.T.);
#401=CARTESIAN_POINT('',(72.017350737,-31.691282725,12.700000048));
#402=VERTEX_POINT('',#401);
#403=CARTESIAN_POINT('',(69.310243956,-31.691282725,12.700000048));
#404=DIRECTION('',(0.,0.,1.));
#405=DIRECTION('',(0.,1.,-0.));
#406=AXIS2_PLACEMENT_3D('',#403,#404,#405);
#407=CIRCLE('',#406,2.707106781);
#408=EDGE_CURVE('',#394,#402,#407,.T.);
#409=ORIENTED_EDGE('',*,*,#408,.T.);
#410=CARTESIAN_POINT('',(72.017350737,39.308718801,12.700000048));
#411=VERTEX_POINT('',#410);
#412=CARTESIAN_POINT('',(72.017350737,-31.691282725,12.700000048));
#413=DIRECTION('',(0.,1.,-0.));
#414=VECTOR('',#413,71.000001526);
#415=LINE('',#412,#414);
#416=EDGE_CURVE('',#402,#411,#415,.T.);
#417=ORIENTED_EDGE('',*,*,#416,.T.);
#418=CARTESIAN_POINT('',(69.310243956,42.015825582,12.700000048));
#419=VERTEX_POINT('',#418);
#420=CARTESIAN_POINT('',(69.310243956,39.308718801,12.700000048));
#421=DIRECTION('',(0.,0.,1.));
#422=DIRECTION('',(0.,1.,-0.));
#423=AXIS2_PLACEMENT_3D('',#420,#421,#422);
#424=CIRCLE('',#423,2.707106781);
#425=EDGE_CURVE('',#411,#419,#424,.T.);
#426=ORIENTED_EDGE('',*,*,#425,.T.);
#427=CARTESIAN_POINT('',(38.017350737,42.015825582,12.700000048));
#428=VERTEX_POINT('',#427);
#429=CARTESIAN_POINT('',(69.310243956,42.015825582,12.700000048));
#430=DIRECTION('',(-1.,0.,0.));
#431=VECTOR('',#430,31.292893219);
#432=LINE('',#429,#431);
#433=EDGE_CURVE('',#419,#428,#432,.T.);
#434=ORIENTED_EDGE('',*,*,#433,.T.);
#435=CARTESIAN_POINT('',(38.017350737,43.558718801,12.700000048));
#436=VERTEX_POINT('',#435);
#437=CARTESIAN_POINT('',(38.017350737,42.015825582,12.700000048));
#438=DIRECTION('',(0.,1.,-0.));
#439=VECTOR('',#438,1.542893219);
#440=LINE('',#437,#439);
#441=EDGE_CURVE('',#428,#436,#440,.T.);
#442=ORIENTED_EDGE('',*,*,#441,.T.);
#443=CARTESIAN_POINT('',(35.310243956,46.265825582,12.700000048));
#444=VERTEX_POINT('',#443);
#445=CARTESIAN_POINT('',(35.310243956,43.558718801,12.700000048));
#446=DIRECTION('',(0.,0.,1.));
#447=DIRECTION('',(0.,1.,-0.));
#448=AXIS2_PLACEMENT_3D('',#445,#446,#447);
#449=CIRCLE('',#448,2.707106781);
#450=EDGE_CURVE('',#436,#444,#449,.T.);
#451=ORIENTED_EDGE('',*,*,#450,.T.);
#452=CARTESIAN_POINT('',(21.265866748,46.265825582,12.700000048));
#453=VERTEX_POINT('',#452);
#454=CARTESIAN_POINT('',(35.310243956,46.265825582,12.700000048));
#455=DIRECTION('',(-1.,0.,0.));
#456=VECTOR('',#455,14.044377209);
#457=LINE('',#454,#456);
#458=EDGE_CURVE('',#444,#453,#457,.T.);
#459=ORIENTED_EDGE('',*,*,#458,.T.);
#460=CARTESIAN_POINT('',(18.622085588,48.390825582,12.700000048));
#461=VERTEX_POINT('',#460);
#462=CARTESIAN_POINT('',(18.622085588,45.683718801,12.700000048));
#463=DIRECTION('',(0.,0.,1.));
#464=DIRECTION('',(0.,1.,-0.));
#465=AXIS2_PLACEMENT_3D('',#462,#463,#464);
#466=CIRCLE('',#465,2.707106781);
#467=EDGE_CURVE('',#453,#461,#466,.T.);
#468=ORIENTED_EDGE('',*,*,#467,.T.);
#469=CARTESIAN_POINT('',(-1.981401703,48.390825582,12.700000048));
#470=VERTEX_POINT('',#469);
#471=CARTESIAN_POINT('',(18.622085588,48.390825582,12.700000048));
#472=DIRECTION('',(-1.,0.,0.));
#473=VECTOR('',#472,20.60348729);
#474=LINE('',#471,#473);
#475=EDGE_CURVE('',#461,#470,#474,.T.);
#476=ORIENTED_EDGE('',*,*,#475,.T.);
#477=CARTESIAN_POINT('',(-4.625182862,46.265825582,12.700000048));
#478=VERTEX_POINT('',#477);
#479=CARTESIAN_POINT('',(-1.981401703,45.683718801,12.700000048));
#480=DIRECTION('',(0.,0.,1.));
#481=DIRECTION('',(0.,1.,-0.));
#482=AXIS2_PLACEMENT_3D('',#479,#480,#481);
#483=CIRCLE('',#482,2.707106781);
#484=EDGE_CURVE('',#470,#478,#483,.T.);
#485=ORIENTED_EDGE('',*,*,#484,.T.);
#486=CARTESIAN_POINT('',(-19.001597294,46.265825582,12.700000048));
#487=VERTEX_POINT('',#486);
#488=CARTESIAN_POINT('',(-4.625182862,46.265825582,12.700000048));
#489=DIRECTION('',(-1.,0.,0.));
#490=VECTOR('',#489,14.376414432);
#491=LINE('',#488,#490);
#492=EDGE_CURVE('',#478,#487,#491,.T.);
#493=ORIENTED_EDGE('',*,*,#492,.T.);
#494=CARTESIAN_POINT('',(-21.645378454,44.140825582,12.700000048));
#495=VERTEX_POINT('',#494);
#496=CARTESIAN_POINT('',(-19.001597294,43.558718801,12.700000048));
#497=DIRECTION('',(0.,0.,1.));
#498=DIRECTION('',(0.,1.,-0.));
#499=AXIS2_PLACEMENT_3D('',#496,#497,#498);
#500=CIRCLE('',#499,2.707106781);
#501=EDGE_CURVE('',#487,#495,#500,.T.);
#502=ORIENTED_EDGE('',*,*,#501,.T.);
#503=CARTESIAN_POINT('',(-65.43975757,44.140825582,12.700000048));
#504=VERTEX_POINT('',#503);
#505=CARTESIAN_POINT('',(-21.645378454,44.140825582,12.700000048));
#506=DIRECTION('',(-1.,0.,0.));
#507=VECTOR('',#506,43.794379116);
#508=LINE('',#505,#507);
#509=EDGE_CURVE('',#495,#504,#508,.T.);
#510=ORIENTED_EDGE('',*,*,#509,.T.);
#511=CARTESIAN_POINT('',(-68.146864351,41.433718801,12.700000048));
#512=VERTEX_POINT('',#511);
#513=CARTESIAN_POINT('',(-65.43975757,41.433718801,12.700000048));
#514=DIRECTION('',(0.,0.,1.));
#515=DIRECTION('',(0.,1.,-0.));
#516=AXIS2_PLACEMENT_3D('',#513,#514,#515);
#517=CIRCLE('',#516,2.707106781);
#518=EDGE_CURVE('',#504,#512,#517,.T.);
#519=ORIENTED_EDGE('',*,*,#518,.T.);
#520=CARTESIAN_POINT('',(-68.146864351,-21.695711602,12.700000048));
#521=VERTEX_POINT('',#520);
#522=CARTESIAN_POINT('',(-68.146864351,41.433718801,12.700000048));
#523=DIRECTION('',(-0.,-1.,0.));
#524=VECTOR('',#523,63.129430403);
#525=LINE('',#522,#524);
#526=EDGE_CURVE('',#512,#521,#525,.T.);
#527=ORIENTED_EDGE('',*,*,#526,.T.);
#528=CARTESIAN_POINT('',(-68.066805782,-22.089215962,12.700000048));
#529=VERTEX_POINT('',#528);
#530=CARTESIAN_POINT('',(-67.13975757,-21.695711602,12.700000048));
#531=DIRECTION('',(0.,0.,1.));
#532=DIRECTION('',(0.,1.,-0.));
#533=AXIS2_PLACEMENT_3D('',#530,#531,#532);
#534=CIRCLE('',#533,1.007106781);
#535=EDGE_CURVE('',#521,#529,#534,.T.);
#536=ORIENTED_EDGE('',*,*,#535,.T.);
#537=CARTESIAN_POINT('',(-57.96340907,-45.891584649,12.700000048));
#538=VERTEX_POINT('',#537);
#539=CARTESIAN_POINT('',(-68.066805782,-22.089215962,12.700000048));
#540=DIRECTION('',(0.390727545,-0.920506375,0.));
#541=VECTOR('',#540,25.8579075);
#542=LINE('',#539,#541);
#543=EDGE_CURVE('',#529,#538,#542,.T.);
#544=ORIENTED_EDGE('',*,*,#543,.T.);
#545=CARTESIAN_POINT('',(-54.413754102,-47.325750503,12.700000048));
#546=VERTEX_POINT('',#545);
#547=CARTESIAN_POINT('',(-55.471500021,-44.833843463,12.700000048));
#548=DIRECTION('',(0.,0.,1.));
#549=DIRECTION('',(0.,1.,-0.));
#550=AXIS2_PLACEMENT_3D('',#547,#548,#549);
#551=CIRCLE('',#550,2.707106781);
#552=EDGE_CURVE('',#538,#546,#551,.T.);
#553=ORIENTED_EDGE('',*,*,#552,.T.);
#554=CARTESIAN_POINT('',(-32.567920295,-38.052795624,12.700000048));
#555=VERTEX_POINT('',#554);
#556=CARTESIAN_POINT('',(-54.413754102,-47.325750503,12.700000048));
#557=DIRECTION('',(0.920505633,0.390729293,-0.));
#558=VECTOR('',#557,23.732428172);
#559=LINE('',#556,#558);
#560=EDGE_CURVE('',#546,#555,#559,.T.);
#561=ORIENTED_EDGE('',*,*,#560,.T.);
#562=CARTESIAN_POINT('',(-16.383680244,-34.633390117,12.700000048));
#563=VERTEX_POINT('',#562);
#564=CARTESIAN_POINT('',(-32.567920295,-38.052795624,12.700000048));
#565=DIRECTION('',(0.978400885,0.206716495,-0.));
#566=VECTOR('',#565,16.541522302);
#567=LINE('',#564,#566);
#568=EDGE_CURVE('',#555,#563,#567,.T.);
#569=ORIENTED_EDGE('',*,*,#568,.T.);
#570=CARTESIAN_POINT('',(16.710243956,-34.633390117,12.700000048));
#571=VERTEX_POINT('',#570);
#572=CARTESIAN_POINT('',(-16.383680244,-34.633390117,12.700000048));
#573=DIRECTION('',(1.,-0.,-0.));
#574=VECTOR('',#573,33.0939242);
#575=LINE('',#572,#574);
#576=EDGE_CURVE('',#563,#571,#575,.T.);
#577=ORIENTED_EDGE('',*,*,#576,.T.);
#578=CARTESIAN_POINT('',(19.417350737,-31.926283336,12.700000048));
#579=VERTEX_POINT('',#578);
#580=CARTESIAN_POINT('',(16.710243956,-31.926283336,12.700000048));
#581=DIRECTION('',(0.,0.,1.));
#582=DIRECTION('',(0.,1.,-0.));
#583=AXIS2_PLACEMENT_3D('',#580,#581,#582);
#584=CIRCLE('',#583,2.707106781);
#585=EDGE_CURVE('',#571,#579,#584,.T.);
#586=ORIENTED_EDGE('',*,*,#585,.T.);
#587=CARTESIAN_POINT('',(19.417350737,-31.926283336,12.700000048));
#588=DIRECTION('',(0.,1.,-0.));
#589=VECTOR('',#588,1.777893829);
#590=LINE('',#587,#589);
#591=EDGE_CURVE('',#579,#367,#590,.T.);
#592=ORIENTED_EDGE('',*,*,#591,.T.);
#593=EDGE_LOOP('',(#375,#383,#392,#400,#409,#417,#426,#434,#442,#451,#459,#468,#476,#485,#493,#502,#510,#519,#527,#536,#544,#553,#561,#569,#577,#586,
#592));
#594=FACE_BOUND('',#593,.T.);
#595=ADVANCED_FACE('',(#365,#594),#121,.F.);
#596=CARTESIAN_POINT('',(59.846318918,-31.191282725,12.700000048));
#597=DIRECTION('',(0.,1.,0.));
#598=DIRECTION('',(0.,0.,1.));
#599=AXIS2_PLACEMENT_3D('',#596,#597,#598);
#600=PLANE('',#599);
#601=CARTESIAN_POINT('',(59.846318918,-31.191282725,8.700000048));
#602=VERTEX_POINT('',#601);
#603=CARTESIAN_POINT('',(64.046318918,-31.191282725,8.700000048));
#604=VERTEX_POINT('',#603);
#605=CARTESIAN_POINT('',(59.846318918,-31.191282725,8.700000048));
#606=DIRECTION('',(1.,0.,-0.));
#607=VECTOR('',#606,4.2);
#608=LINE('',#605,#607);
#609=EDGE_CURVE('',#602,#604,#608,.T.);
#610=ORIENTED_EDGE('',*,*,#609,.F.);
#611=CARTESIAN_POINT('',(59.846318918,-31.191282725,8.650000048));
#612=VERTEX_POINT('',#611);
#613=CARTESIAN_POINT('',(59.846318918,-31.191282725,8.650000048));
#614=CARTESIAN_POINT('',(59.846318918,-31.191282725,8.700000048));
#615=B_SPLINE_CURVE_WITH_KNOTS('',1,(#613,#614),.UNSPECIFIED.,.F.,.F.,(2,2),(0.,0.25),.UNSPECIFIED.);
#616=EDGE_CURVE('',#612,#602,#615,.T.);
#617=ORIENTED_EDGE('',*,*,#616,.F.);
#618=CARTESIAN_POINT('',(59.846318918,-31.191282725,7.001568379));
#619=VERTEX_POINT('',#618);
#620=CARTESIAN_POINT('',(59.846318918,-31.191282725,7.001568379));
#621=DIRECTION('',(0.,0.,1.));
#622=VECTOR('',#621,1.648431669);
#623=LINE('',#620,#622);
#624=EDGE_CURVE('',#619,#612,#623,.T.);
#625=ORIENTED_EDGE('',*,*,#624,.F.);
#626=CARTESIAN_POINT('',(64.046318918,-31.191282725,7.001568379));
#627=VERTEX_POINT('',#626);
#628=CARTESIAN_POINT('',(64.046318918,-31.191282725,7.001568379));
#629=DIRECTION('',(-1.,0.,0.));
#630=VECTOR('',#629,4.2);
#631=LINE('',#628,#630);
#632=EDGE_CURVE('',#627,#619,#631,.T.);
#633=ORIENTED_EDGE('',*,*,#632,.F.);
#634=CARTESIAN_POINT('',(64.046318918,-31.191282725,8.650000048));
#635=VERTEX_POINT('',#634);
#636=CARTESIAN_POINT('',(64.046318918,-31.191282725,8.650000048));
#637=DIRECTION('',(0.,0.,-1.));
#638=VECTOR('',#637,1.648431669);
#639=LINE('',#636,#638);
#640=EDGE_CURVE('',#635,#627,#639,.T.);
#641=ORIENTED_EDGE('',*,*,#640,.F.);
#642=CARTESIAN_POINT('',(64.046318918,-31.191282725,8.700000048));
#643=CARTESIAN_POINT('',(64.046318918,-31.191282725,8.650000048));
#644=B_SPLINE_CURVE_WITH_KNOTS('',1,(#642,#643),.UNSPECIFIED.,.F.,.F.,(2,2),(0.75,1.),.UNSPECIFIED.);
#645=EDGE_CURVE('',#604,#635,#644,.T.);
#646=ORIENTED_EDGE('',*,*,#645,.F.);
#647=EDGE_LOOP('',(#610,#617,#625,#633,#641,#646));
#648=FACE_BOUND('',#647,.T.);
#649=CARTESIAN_POINT('',(33.810244338,-31.191282725,4.950000048));
#650=VERTEX_POINT('',#649);
#651=CARTESIAN_POINT('',(33.810244338,-31.191282725,11.700000048));
#652=VERTEX_POINT('',#651);
#653=CARTESIAN_POINT('',(33.810244338,-31.191282725,4.950000048));
#654=DIRECTION('',(0.,0.,1.));
#655=VECTOR('',#654,6.75);
#656=LINE('',#653,#655);
#657=EDGE_CURVE('',#650,#652,#656,.T.);
#658=ORIENTED_EDGE('',*,*,#657,.T.);
#659=CARTESIAN_POINT('',(67.810243956,-31.191282725,11.700000048));
#660=VERTEX_POINT('',#659);
#661=CARTESIAN_POINT('',(33.810244338,-31.191282725,11.700000048));
#662=DIRECTION('',(1.,0.,-0.));
#663=VECTOR('',#662,33.999999619);
#664=LINE('',#661,#663);
#665=EDGE_CURVE('',#652,#660,#664,.T.);
#666=ORIENTED_EDGE('',*,*,#665,.T.);
#667=CARTESIAN_POINT('',(67.810243956,-31.191282725,4.950000048));
#668=VERTEX_POINT('',#667);
#669=CARTESIAN_POINT('',(67.810243956,-31.191282725,11.700000048));
#670=DIRECTION('',(-0.,-0.,-1.));
#671=VECTOR('',#670,6.75);
#672=LINE('',#669,#671);
#673=EDGE_CURVE('',#660,#668,#672,.T.);
#674=ORIENTED_EDGE('',*,*,#673,.T.);
#675=CARTESIAN_POINT('',(67.810243956,-31.191282725,4.950000048));
#676=DIRECTION('',(-1.,0.,0.));
#677=VECTOR('',#676,33.999999619);
#678=LINE('',#675,#677);
#679=EDGE_CURVE('',#668,#650,#678,.T.);
#680=ORIENTED_EDGE('',*,*,#679,.T.);
#681=EDGE_LOOP('',(#658,#666,#674,#680));
#682=FACE_BOUND('',#681,.T.);
#683=ADVANCED_FACE('',(#648,#682),#600,.T.);
#684=CARTESIAN_POINT('',(-25.466290736,41.783718801,8.700000048));
#685=DIRECTION('',(-0.,-0.,-1.));
#686=DIRECTION('',(0.,1.,-0.));
#687=AXIS2_PLACEMENT_3D('',#684,#685,#686);
#688=PLANE('',#687);
#689=ORIENTED_EDGE('',*,*,#609,.T.);
#690=CARTESIAN_POINT('',(64.046318918,-32.891282725,8.700000048));
#691=VERTEX_POINT('',#690);
#692=CARTESIAN_POINT('',(64.046318918,-31.191282725,8.700000048));
#693=DIRECTION('',(0.,-1.,0.));
#694=VECTOR('',#693,1.7);
#695=LINE('',#692,#694);
#696=EDGE_CURVE('',#604,#691,#695,.T.);
#697=ORIENTED_EDGE('',*,*,#696,.T.);
#698=CARTESIAN_POINT('',(59.846318918,-32.891282725,8.700000048));
#699=VERTEX_POINT('',#698);
#700=CARTESIAN_POINT('',(64.046318918,-32.891282725,8.700000048));
#701=DIRECTION('',(-1.,0.,0.));
#702=VECTOR('',#701,4.2);
#703=LINE('',#700,#702);
#704=EDGE_CURVE('',#691,#699,#703,.T.);
#705=ORIENTED_EDGE('',*,*,#704,.T.);
#706=CARTESIAN_POINT('',(59.846318918,-32.891282725,8.700000048));
#707=DIRECTION('',(0.,1.,0.));
#708=VECTOR('',#707,1.7);
#709=LINE('',#706,#708);
#710=EDGE_CURVE('',#699,#602,#709,.T.);
#711=ORIENTED_EDGE('',*,*,#710,.T.);
#712=EDGE_LOOP('',(#689,#697,#705,#711));
#713=FACE_BOUND('',#712,.T.);
#714=ADVANCED_FACE('',(#713),#688,.T.);
#715=CARTESIAN_POINT('',(61.946318918,-32.891282725,8.100000024));
#716=DIRECTION('',(-0.,1.,-0.));
#717=DIRECTION('',(0.,0.,1.));
#718=AXIS2_PLACEMENT_3D('',#715,#716,#717);
#719=PLANE('',#718);
#720=ORIENTED_EDGE('',*,*,#704,.F.);
#721=CARTESIAN_POINT('',(64.046318918,-32.891282725,7.001568379));
#722=VERTEX_POINT('',#721);
#723=CARTESIAN_POINT('',(64.046318918,-32.891282725,8.700000048));
#724=DIRECTION('',(0.,-0.,-1.));
#725=VECTOR('',#724,1.698431669);
#726=LINE('',#723,#725);
#727=EDGE_CURVE('',#691,#722,#726,.T.);
#728=ORIENTED_EDGE('',*,*,#727,.T.);
#729=CARTESIAN_POINT('',(59.846318918,-32.891282725,7.001568379));
#730=VERTEX_POINT('',#729);
#731=CARTESIAN_POINT('',(59.846318918,-32.891282725,7.001568379));
#732=DIRECTION('',(1.,0.,0.));
#733=VECTOR('',#732,4.2);
#734=LINE('',#731,#733);
#735=EDGE_CURVE('',#730,#722,#734,.T.);
#736=ORIENTED_EDGE('',*,*,#735,.F.);
#737=CARTESIAN_POINT('',(59.846318918,-32.891282725,7.001568379));
#738=DIRECTION('',(0.,0.,1.));
#739=VECTOR('',#738,1.698431669);
#740=LINE('',#737,#739);
#741=EDGE_CURVE('',#730,#699,#740,.T.);
#742=ORIENTED_EDGE('',*,*,#741,.T.);
#743=EDGE_LOOP('',(#720,#728,#736,#742));
#744=FACE_BOUND('',#743,.T.);
#745=ADVANCED_FACE('',(#744),#719,.T.);
#746=CARTESIAN_POINT('',(23.259438235,-26.941282725,12.700000048));
#747=DIRECTION('',(0.,1.,0.));
#748=DIRECTION('',(0.,0.,1.));
#749=AXIS2_PLACEMENT_3D('',#746,#747,#748);
#750=PLANE('',#749);
#751=CARTESIAN_POINT('',(23.259438235,-26.941282725,8.700000048));
#752=VERTEX_POINT('',#751);
#753=CARTESIAN_POINT('',(27.459438235,-26.941282725,8.700000048));
#754=VERTEX_POINT('',#753);
#755=CARTESIAN_POINT('',(23.259438235,-26.941282725,8.700000048));
#756=DIRECTION('',(1.,0.,-0.));
#757=VECTOR('',#756,4.2);
#758=LINE('',#755,#757);
#759=EDGE_CURVE('',#752,#754,#758,.T.);
#760=ORIENTED_EDGE('',*,*,#759,.F.);
#761=CARTESIAN_POINT('',(23.259438235,-26.941282725,7.001448578));
#762=VERTEX_POINT('',#761);
#763=CARTESIAN_POINT('',(23.259438235,-26.941282725,7.001448578));
#764=DIRECTION('',(0.,0.,1.));
#765=VECTOR('',#764,1.69855147);
#766=LINE('',#763,#765);
#767=EDGE_CURVE('',#762,#752,#766,.T.);
#768=ORIENTED_EDGE('',*,*,#767,.F.);
#769=CARTESIAN_POINT('',(27.459438235,-26.941282725,7.001448578));
#770=VERTEX_POINT('',#769);
#771=CARTESIAN_POINT('',(27.459438235,-26.941282725,7.001448578));
#772=DIRECTION('',(-1.,0.,0.));
#773=VECTOR('',#772,4.2);
#774=LINE('',#771,#773);
#775=EDGE_CURVE('',#770,#762,#774,.T.);
#776=ORIENTED_EDGE('',*,*,#775,.F.);
#777=CARTESIAN_POINT('',(27.459438235,-26.941282725,8.700000048));
#778=DIRECTION('',(0.,0.,-1.));
#779=VECTOR('',#778,1.69855147);
#780=LINE('',#777,#779);
#781=EDGE_CURVE('',#754,#770,#780,.T.);
#782=ORIENTED_EDGE('',*,*,#781,.F.);
#783=EDGE_LOOP('',(#760,#768,#776,#782));
#784=FACE_BOUND('',#783,.T.);
#785=CARTESIAN_POINT('',(17.410243956,-26.941282725,4.950000048));
#786=VERTEX_POINT('',#785);
#787=CARTESIAN_POINT('',(17.410243956,-26.941282725,11.700000048));
#788=VERTEX_POINT('',#787);
#789=CARTESIAN_POINT('',(17.410243956,-26.941282725,4.950000048));
#790=DIRECTION('',(0.,0.,1.));
#791=VECTOR('',#790,6.75);
#792=LINE('',#789,#791);
#793=EDGE_CURVE('',#786,#788,#792,.T.);
#794=ORIENTED_EDGE('',*,*,#793,.T.);
#795=CARTESIAN_POINT('',(31.810244338,-26.941282725,11.700000048));
#796=VERTEX_POINT('',#795);
#797=CARTESIAN_POINT('',(17.410243956,-26.941282725,11.700000048));
#798=DIRECTION('',(1.,0.,-0.));
#799=VECTOR('',#798,14.400000381);
#800=LINE('',#797,#799);
#801=EDGE_CURVE('',#788,#796,#800,.T.);
#802=ORIENTED_EDGE('',*,*,#801,.T.);
#803=CARTESIAN_POINT('',(31.810244338,-26.941282725,4.950000048));
#804=VERTEX_POINT('',#803);
#805=CARTESIAN_POINT('',(31.810244338,-26.941282725,11.700000048));
#806=DIRECTION('',(0.,0.,-1.));
#807=VECTOR('',#806,6.75);
#808=LINE('',#805,#807);
#809=EDGE_CURVE('',#796,#804,#808,.T.);
#810=ORIENTED_EDGE('',*,*,#809,.T.);
#811=CARTESIAN_POINT('',(31.810244338,-26.941282725,4.950000048));
#812=DIRECTION('',(-1.,0.,0.));
#813=VECTOR('',#812,14.400000381);
#814=LINE('',#811,#813);
#815=EDGE_CURVE('',#804,#786,#814,.T.);
#816=ORIENTED_EDGE('',*,*,#815,.T.);
#817=EDGE_LOOP('',(#794,#802,#810,#816));
#818=FACE_BOUND('',#817,.T.);
#819=ADVANCED_FACE('',(#784,#818),#750,.T.);
#820=CARTESIAN_POINT('',(-25.466290736,41.783718801,8.700000048));
#821=DIRECTION('',(-0.,-0.,-1.));
#822=DIRECTION('',(0.,1.,-0.));
#823=AXIS2_PLACEMENT_3D('',#820,#821,#822);
#824=PLANE('',#823);
#825=ORIENTED_EDGE('',*,*,#759,.T.);
#826=CARTESIAN_POINT('',(27.459438235,-28.641282725,8.700000048));
#827=VERTEX_POINT('',#826);
#828=CARTESIAN_POINT('',(27.459438235,-26.941282725,8.700000048));
#829=DIRECTION('',(0.,-1.,0.));
#830=VECTOR('',#829,1.7);
#831=LINE('',#828,#830);
#832=EDGE_CURVE('',#754,#827,#831,.T.);
#833=ORIENTED_EDGE('',*,*,#832,.T.);
#834=CARTESIAN_POINT('',(23.259438235,-28.641282725,8.700000048));
#835=VERTEX_POINT('',#834);
#836=CARTESIAN_POINT('',(27.459438235,-28.641282725,8.700000048));
#837=DIRECTION('',(-1.,0.,0.));
#838=VECTOR('',#837,4.2);
#839=LINE('',#836,#838);
#840=EDGE_CURVE('',#827,#835,#839,.T.);
#841=ORIENTED_EDGE('',*,*,#840,.T.);
#842=CARTESIAN_POINT('',(23.259438235,-28.641282725,8.700000048));
#843=DIRECTION('',(0.,1.,0.));
#844=VECTOR('',#843,1.7);
#845=LINE('',#842,#844);
#846=EDGE_CURVE('',#835,#752,#845,.T.);
#847=ORIENTED_EDGE('',*,*,#846,.T.);
#848=EDGE_LOOP('',(#825,#833,#841,#847));
#849=FACE_BOUND('',#848,.T.);
#850=ADVANCED_FACE('',(#849),#824,.T.);
#851=CARTESIAN_POINT('',(25.359438235,-28.641282725,8.100000024));
#852=DIRECTION('',(0.,1.,-0.));
#853=DIRECTION('',(0.,0.,1.));
#854=AXIS2_PLACEMENT_3D('',#851,#852,#853);
#855=PLANE('',#854);
#856=ORIENTED_EDGE('',*,*,#840,.F.);
#857=CARTESIAN_POINT('',(27.459438235,-28.641282725,7.001448578));
#858=VERTEX_POINT('',#857);
#859=CARTESIAN_POINT('',(27.459438235,-28.641282725,8.700000048));
#860=DIRECTION('',(0.,-0.,-1.));
#861=VECTOR('',#860,1.69855147);
#862=LINE('',#859,#861);
#863=EDGE_CURVE('',#827,#858,#862,.T.);
#864=ORIENTED_EDGE('',*,*,#863,.T.);
#865=CARTESIAN_POINT('',(23.259438235,-28.641282725,7.001448578));
#866=VERTEX_POINT('',#865);
#867=CARTESIAN_POINT('',(23.259438235,-28.641282725,7.001448578));
#868=DIRECTION('',(1.,-0.,0.));
#869=VECTOR('',#868,4.2);
#870=LINE('',#867,#869);
#871=EDGE_CURVE('',#866,#858,#870,.T.);
#872=ORIENTED_EDGE('',*,*,#871,.F.);
#873=CARTESIAN_POINT('',(23.259438235,-28.641282725,7.001448578));
#874=DIRECTION('',(0.,0.,1.));
#875=VECTOR('',#874,1.69855147);
#876=LINE('',#873,#875);
#877=EDGE_CURVE('',#866,#835,#876,.T.);
#878=ORIENTED_EDGE('',*,*,#877,.T.);
#879=EDGE_LOOP('',(#856,#864,#872,#878));
#880=FACE_BOUND('',#879,.T.);
#881=ADVANCED_FACE('',(#880),#855,.T.);
#882=CARTESIAN_POINT('',(-10.784175587,-31.426283336,12.700000048));
#883=DIRECTION('',(0.,1.,0.));
#884=DIRECTION('',(0.,0.,1.));
#885=AXIS2_PLACEMENT_3D('',#882,#883,#884);
#886=PLANE('',#885);
#887=CARTESIAN_POINT('',(-10.784175587,-31.426283336,8.700000048));
#888=VERTEX_POINT('',#887);
#889=CARTESIAN_POINT('',(-6.584175587,-31.426283336,8.700000048));
#890=VERTEX_POINT('',#889);
#891=CARTESIAN_POINT('',(-10.784175587,-31.426283336,8.700000048));
#892=DIRECTION('',(1.,0.,-0.));
#893=VECTOR('',#892,4.2);
#894=LINE('',#891,#893);
#895=EDGE_CURVE('',#888,#890,#894,.T.);
#896=ORIENTED_EDGE('',*,*,#895,.F.);
#897=CARTESIAN_POINT('',(-10.784175587,-31.426283336,7.000000024));
#898=VERTEX_POINT('',#897);
#899=CARTESIAN_POINT('',(-10.784175587,-31.426283336,7.000000024));
#900=DIRECTION('',(0.,-0.,1.));
#901=VECTOR('',#900,1.700000024);
#902=LINE('',#899,#901);
#903=EDGE_CURVE('',#898,#888,#902,.T.);
#904=ORIENTED_EDGE('',*,*,#903,.F.);
#905=CARTESIAN_POINT('',(-6.584175587,-31.426283336,7.000000024));
#906=VERTEX_POINT('',#905);
#907=CARTESIAN_POINT('',(-6.584175587,-31.426283336,7.000000024));
#908=DIRECTION('',(-1.,0.,0.));
#909=VECTOR('',#908,4.2);
#910=LINE('',#907,#909);
#911=EDGE_CURVE('',#906,#898,#910,.T.);
#912=ORIENTED_EDGE('',*,*,#911,.F.);
#913=CARTESIAN_POINT('',(-6.584175587,-31.426283336,8.700000048));
#914=DIRECTION('',(-0.,0.,-1.));
#915=VECTOR('',#914,1.700000024);
#916=LINE('',#913,#915);
#917=EDGE_CURVE('',#890,#906,#916,.T.);
#918=ORIENTED_EDGE('',*,*,#917,.F.);
#919=EDGE_LOOP('',(#896,#904,#912,#918));
#920=FACE_BOUND('',#919,.T.);
#921=CARTESIAN_POINT('',(-16.71878011,-31.426283336,11.700000048));
#922=VERTEX_POINT('',#921);
#923=CARTESIAN_POINT('',(-16.71878011,-31.426283336,4.950000048));
#924=VERTEX_POINT('',#923);
#925=CARTESIAN_POINT('',(-16.71878011,-31.426283336,11.700000048));
#926=DIRECTION('',(0.,-0.,-1.));
#927=VECTOR('',#926,6.75);
#928=LINE('',#925,#927);
#929=EDGE_CURVE('',#922,#924,#928,.T.);
#930=ORIENTED_EDGE('',*,*,#929,.F.);
#931=CARTESIAN_POINT('',(15.410243956,-31.426283336,11.700000048));
#932=VERTEX_POINT('',#931);
#933=CARTESIAN_POINT('',(-16.71878011,-31.426283336,11.700000048));
#934=DIRECTION('',(1.,0.,-0.));
#935=VECTOR('',#934,32.129024066);
#936=LINE('',#933,#935);
#937=EDGE_CURVE('',#922,#932,#936,.T.);
#938=ORIENTED_EDGE('',*,*,#937,.T.);
#939=CARTESIAN_POINT('',(15.410243956,-31.426283336,4.950000048));
#940=VERTEX_POINT('',#939);
#941=CARTESIAN_POINT('',(15.410243956,-31.426283336,11.700000048));
#942=DIRECTION('',(-0.,-0.,-1.));
#943=VECTOR('',#942,6.75);
#944=LINE('',#941,#943);
#945=EDGE_CURVE('',#932,#940,#944,.T.);
#946=ORIENTED_EDGE('',*,*,#945,.T.);
#947=CARTESIAN_POINT('',(15.410243956,-31.426283336,4.950000048));
#948=DIRECTION('',(-1.,0.,0.));
#949=VECTOR('',#948,32.129024066);
#950=LINE('',#947,#949);
#951=EDGE_CURVE('',#940,#924,#950,.T.);
#952=ORIENTED_EDGE('',*,*,#951,.T.);
#953=EDGE_LOOP('',(#930,#938,#946,#952));
#954=FACE_BOUND('',#953,.T.);
#955=ADVANCED_FACE('',(#920,#954),#886,.T.);
#956=CARTESIAN_POINT('',(-25.466290736,41.783718801,8.700000048));
#957=DIRECTION('',(-0.,-0.,-1.));
#958=DIRECTION('',(0.,1.,-0.));
#959=AXIS2_PLACEMENT_3D('',#956,#957,#958);
#960=PLANE('',#959);
#961=ORIENTED_EDGE('',*,*,#895,.T.);
#962=CARTESIAN_POINT('',(-6.584175587,-33.126283336,8.700000048));
#963=VERTEX_POINT('',#962);
#964=CARTESIAN_POINT('',(-6.584175587,-31.426283336,8.700000048));
#965=DIRECTION('',(0.,-1.,0.));
#966=VECTOR('',#965,1.7);
#967=LINE('',#964,#966);
#968=EDGE_CURVE('',#890,#963,#967,.T.);
#969=ORIENTED_EDGE('',*,*,#968,.T.);
#970=CARTESIAN_POINT('',(-10.784175587,-33.126283336,8.700000048));
#971=VERTEX_POINT('',#970);
#972=CARTESIAN_POINT('',(-6.584175587,-33.126283336,8.700000048));
#973=DIRECTION('',(-1.,0.,0.));
#974=VECTOR('',#973,4.2);
#975=LINE('',#972,#974);
#976=EDGE_CURVE('',#963,#971,#975,.T.);
#977=ORIENTED_EDGE('',*,*,#976,.T.);
#978=CARTESIAN_POINT('',(-10.784175587,-33.126283336,8.700000048));
#979=DIRECTION('',(0.,1.,0.));
#980=VECTOR('',#979,1.7);
#981=LINE('',#978,#980);
#982=EDGE_CURVE('',#971,#888,#981,.T.);
#983=ORIENTED_EDGE('',*,*,#982,.T.);
#984=EDGE_LOOP('',(#961,#969,#977,#983));
#985=FACE_BOUND('',#984,.T.);
#986=ADVANCED_FACE('',(#985),#960,.T.);
#987=CARTESIAN_POINT('',(-8.684175587,-33.126283336,8.100000024));
#988=DIRECTION('',(-0.,1.,-0.));
#989=DIRECTION('',(0.,0.,1.));
#990=AXIS2_PLACEMENT_3D('',#987,#988,#989);
#991=PLANE('',#990);
#992=ORIENTED_EDGE('',*,*,#976,.F.);
#993=CARTESIAN_POINT('',(-6.584175587,-33.126283336,7.000000024));
#994=VERTEX_POINT('',#993);
#995=CARTESIAN_POINT('',(-6.584175587,-33.126283336,8.700000048));
#996=DIRECTION('',(0.,-0.,-1.));
#997=VECTOR('',#996,1.700000024);
#998=LINE('',#995,#997);
#999=EDGE_CURVE('',#963,#994,#998,.T.);
#1000=ORIENTED_EDGE('',*,*,#999,.T.);
#1001=CARTESIAN_POINT('',(-10.784175587,-33.126283336,7.000000024));
#1002=VERTEX_POINT('',#1001);
#1003=CARTESIAN_POINT('',(-10.784175587,-33.126283336,7.000000024));
#1004=DIRECTION('',(1.,0.,0.));
#1005=VECTOR('',#1004,4.2);
#1006=LINE('',#1003,#1005);
#1007=EDGE_CURVE('',#1002,#994,#1006,.T.);
#1008=ORIENTED_EDGE('',*,*,#1007,.F.);
#1009=CARTESIAN_POINT('',(-10.784175587,-33.126283336,7.000000024));
#1010=DIRECTION('',(0.,0.,1.));
#1011=VECTOR('',#1010,1.700000024);
#1012=LINE('',#1009,#1011);
#1013=EDGE_CURVE('',#1002,#971,#1012,.T.);
#1014=ORIENTED_EDGE('',*,*,#1013,.T.);
#1015=EDGE_LOOP('',(#992,#1000,#1008,#1014));
#1016=FACE_BOUND('',#1015,.T.);
#1017=ADVANCED_FACE('',(#1016),#991,.T.);
#1018=CARTESIAN_POINT('',(-43.94317311,-39.397206417,12.700000048));
#1019=DIRECTION('',(-0.390729293,0.920505633,0.));
#1020=DIRECTION('',(-0.920505633,-0.390729293,0.));
#1021=AXIS2_PLACEMENT_3D('',#1018,#1019,#1020);
#1022=PLANE('',#1021);
#1023=CARTESIAN_POINT('',(-43.94317311,-39.397206417,8.700000048));
#1024=VERTEX_POINT('',#1023);
#1025=CARTESIAN_POINT('',(-40.077049453,-37.756143387,8.700000048));
#1026=VERTEX_POINT('',#1025);
#1027=CARTESIAN_POINT('',(-43.94317311,-39.397206417,8.700000048));
#1028=DIRECTION('',(0.920505633,0.390729293,0.));
#1029=VECTOR('',#1028,4.2);
#1030=LINE('',#1027,#1029);
#1031=EDGE_CURVE('',#1024,#1026,#1030,.T.);
#1032=ORIENTED_EDGE('',*,*,#1031,.F.);
#1033=CARTESIAN_POINT('',(-43.94317311,-39.397206417,8.650000048));
#1034=VERTEX_POINT('',#1033);
#1035=CARTESIAN_POINT('',(-43.94317311,-39.397206417,8.650000048));
#1036=CARTESIAN_POINT('',(-43.94317311,-39.397206417,8.700000048));
#1037=B_SPLINE_CURVE_WITH_KNOTS('',1,(#1035,#1036),.UNSPECIFIED.,.F.,.F.,(2,2),(0.,0.25),.UNSPECIFIED.);
#1038=EDGE_CURVE('',#1034,#1024,#1037,.T.);
#1039=ORIENTED_EDGE('',*,*,#1038,.F.);
#1040=CARTESIAN_POINT('',(-43.94317311,-39.397206417,7.000043086));
#1041=VERTEX_POINT('',#1040);
#1042=CARTESIAN_POINT('',(-43.94317311,-39.397206417,7.000043086));
#1043=DIRECTION('',(0.,0.,1.));
#1044=VECTOR('',#1043,1.649956961);
#1045=LINE('',#1042,#1044);
#1046=EDGE_CURVE('',#1041,#1034,#1045,.T.);
#1047=ORIENTED_EDGE('',*,*,#1046,.F.);
#1048=CARTESIAN_POINT('',(-40.077049453,-37.756143387,7.000043086));
#1049=VERTEX_POINT('',#1048);
#1050=CARTESIAN_POINT('',(-40.077049453,-37.756143387,7.000043086));
#1051=DIRECTION('',(-0.920505633,-0.390729293,-0.));
#1052=VECTOR('',#1051,4.2);
#1053=LINE('',#1050,#1052);
#1054=EDGE_CURVE('',#1049,#1041,#1053,.T.);
#1055=ORIENTED_EDGE('',*,*,#1054,.F.);
#1056=CARTESIAN_POINT('',(-40.077049453,-37.756143387,8.650000048));
#1057=VERTEX_POINT('',#1056);
#1058=CARTESIAN_POINT('',(-40.077049453,-37.756143387,8.650000048));
#1059=DIRECTION('',(0.,0.,-1.));
#1060=VECTOR('',#1059,1.649956961);
#1061=LINE('',#1058,#1060);
#1062=EDGE_CURVE('',#1057,#1049,#1061,.T.);
#1063=ORIENTED_EDGE('',*,*,#1062,.F.);
#1064=CARTESIAN_POINT('',(-40.077049453,-37.756143387,8.700000048));
#1065=CARTESIAN_POINT('',(-40.077049453,-37.756143387,8.650000048));
#1066=B_SPLINE_CURVE_WITH_KNOTS('',1,(#1064,#1065),.UNSPECIFIED.,.F.,.F.,(2,2),(0.75,1.),.UNSPECIFIED.);
#1067=EDGE_CURVE('',#1026,#1057,#1066,.T.);
#1068=ORIENTED_EDGE('',*,*,#1067,.F.);
#1069=EDGE_LOOP('',(#1032,#1039,#1047,#1055,#1063,#1068));
#1070=FACE_BOUND('',#1069,.T.);
#1071=CARTESIAN_POINT('',(-54.286103596,-43.787495594,4.950000048));
#1072=VERTEX_POINT('',#1071);
#1073=CARTESIAN_POINT('',(-54.286103596,-43.787495594,11.700000048));
#1074=VERTEX_POINT('',#1073);
#1075=CARTESIAN_POINT('',(-54.286103596,-43.787495594,4.950000048));
#1076=DIRECTION('',(0.,0.,1.));
#1077=VECTOR('',#1076,6.75);
#1078=LINE('',#1075,#1077);
#1079=EDGE_CURVE('',#1072,#1074,#1078,.T.);
#1080=ORIENTED_EDGE('',*,*,#1079,.T.);
#1081=CARTESIAN_POINT('',(-33.534952956,-34.979203575,11.700000048));
#1082=VERTEX_POINT('',#1081);
#1083=CARTESIAN_POINT('',(-54.286103596,-43.787495594,11.700000048));
#1084=DIRECTION('',(0.920505633,0.390729293,-0.));
#1085=VECTOR('',#1084,22.54320876);
#1086=LINE('',#1083,#1085);
#1087=EDGE_CURVE('',#1074,#1082,#1086,.T.);
#1088=ORIENTED_EDGE('',*,*,#1087,.T.);
#1089=CARTESIAN_POINT('',(-33.534952956,-34.979203575,4.950000048));
#1090=VERTEX_POINT('',#1089);
#1091=CARTESIAN_POINT('',(-33.534952956,-34.979203575,11.700000048));
#1092=DIRECTION('',(-0.,-0.,-1.));
#1093=VECTOR('',#1092,6.75);
#1094=LINE('',#1091,#1093);
#1095=EDGE_CURVE('',#1082,#1090,#1094,.T.);
#1096=ORIENTED_EDGE('',*,*,#1095,.T.);
#1097=CARTESIAN_POINT('',(-33.534952956,-34.979203575,4.950000048));
#1098=DIRECTION('',(-0.920505633,-0.390729293,0.));
#1099=VECTOR('',#1098,22.54320876);
#1100=LINE('',#1097,#1099);
#1101=EDGE_CURVE('',#1090,#1072,#1100,.T.);
#1102=ORIENTED_EDGE('',*,*,#1101,.T.);
#1103=EDGE_LOOP('',(#1080,#1088,#1096,#1102));
#1104=FACE_BOUND('',#1103,.T.);
#1105=ADVANCED_FACE('',(#1070,#1104),#1022,.T.);
#1106=CARTESIAN_POINT('',(-25.466290736,41.783718801,8.700000048));
#1107=DIRECTION('',(-0.,-0.,-1.));
#1108=DIRECTION('',(0.,1.,-0.));
#1109=AXIS2_PLACEMENT_3D('',#1106,#1107,#1108);
#1110=PLANE('',#1109);
#1111=ORIENTED_EDGE('',*,*,#1031,.T.);
#1112=CARTESIAN_POINT('',(-39.412809655,-39.321002962,8.700000048));
#1113=VERTEX_POINT('',#1112);
#1114=CARTESIAN_POINT('',(-40.077049453,-37.756143387,8.700000048));
#1115=DIRECTION('',(0.390729293,-0.920505633,0.));
#1116=VECTOR('',#1115,1.7);
#1117=LINE('',#1114,#1116);
#1118=EDGE_CURVE('',#1026,#1113,#1117,.T.);
#1119=ORIENTED_EDGE('',*,*,#1118,.T.);
#1120=CARTESIAN_POINT('',(-43.278933311,-40.962065993,8.700000048));
#1121=VERTEX_POINT('',#1120);
#1122=CARTESIAN_POINT('',(-39.412809655,-39.321002962,8.700000048));
#1123=DIRECTION('',(-0.920505633,-0.390729293,0.));
#1124=VECTOR('',#1123,4.2);
#1125=LINE('',#1122,#1124);
#1126=EDGE_CURVE('',#1113,#1121,#1125,.T.);
#1127=ORIENTED_EDGE('',*,*,#1126,.T.);
#1128=CARTESIAN_POINT('',(-43.278933311,-40.962065993,8.700000048));
#1129=DIRECTION('',(-0.390729293,0.920505633,0.));
#1130=VECTOR('',#1129,1.7);
#1131=LINE('',#1128,#1130);
#1132=EDGE_CURVE('',#1121,#1024,#1131,.T.);
#1133=ORIENTED_EDGE('',*,*,#1132,.T.);
#1134=EDGE_LOOP('',(#1111,#1119,#1127,#1133));
#1135=FACE_BOUND('',#1134,.T.);
#1136=ADVANCED_FACE('',(#1135),#1110,.T.);
#1137=CARTESIAN_POINT('',(-41.345871483,-40.141534478,8.100000024));
#1138=DIRECTION('',(-0.390729293,0.920505633,0.));
#1139=DIRECTION('',(-0.920505633,-0.390729293,0.));
#1140=AXIS2_PLACEMENT_3D('',#1137,#1138,#1139);
#1141=PLANE('',#1140);
#1142=ORIENTED_EDGE('',*,*,#1126,.F.);
#1143=CARTESIAN_POINT('',(-39.412809655,-39.321002962,7.000043086));
#1144=VERTEX_POINT('',#1143);
#1145=CARTESIAN_POINT('',(-39.412809655,-39.321002962,8.700000048));
#1146=DIRECTION('',(0.,0.,-1.));
#1147=VECTOR('',#1146,1.699956961);
#1148=LINE('',#1145,#1147);
#1149=EDGE_CURVE('',#1113,#1144,#1148,.T.);
#1150=ORIENTED_EDGE('',*,*,#1149,.T.);
#1151=CARTESIAN_POINT('',(-43.278933311,-40.962065993,7.000043086));
#1152=VERTEX_POINT('',#1151);
#1153=CARTESIAN_POINT('',(-43.278933311,-40.962065993,7.000043086));
#1154=DIRECTION('',(0.920505633,0.390729293,0.));
#1155=VECTOR('',#1154,4.2);
#1156=LINE('',#1153,#1155);
#1157=EDGE_CURVE('',#1152,#1144,#1156,.T.);
#1158=ORIENTED_EDGE('',*,*,#1157,.F.);
#1159=CARTESIAN_POINT('',(-43.278933311,-40.962065993,7.000043086));
#1160=DIRECTION('',(0.,0.,1.));
#1161=VECTOR('',#1160,1.699956961);
#1162=LINE('',#1159,#1161);
#1163=EDGE_CURVE('',#1152,#1121,#1162,.T.);
#1164=ORIENTED_EDGE('',*,*,#1163,.T.);
#1165=EDGE_LOOP('',(#1142,#1150,#1158,#1164));
#1166=FACE_BOUND('',#1165,.T.);
#1167=ADVANCED_FACE('',(#1166),#1141,.T.);
#1168=CARTESIAN_POINT('',(53.471327168,38.808718801,12.700000048));
#1169=DIRECTION('',(0.,-1.,0.));
#1170=DIRECTION('',(0.,0.,-1.));
#1171=AXIS2_PLACEMENT_3D('',#1168,#1169,#1170);
#1172=PLANE('',#1171);
#1173=CARTESIAN_POINT('',(53.471327168,38.808718801,8.700000048));
#1174=VERTEX_POINT('',#1173);
#1175=CARTESIAN_POINT('',(49.271327168,38.808718801,8.700000048));
#1176=VERTEX_POINT('',#1175);
#1177=CARTESIAN_POINT('',(53.471327168,38.808718801,8.700000048));
#1178=DIRECTION('',(-1.,0.,0.));
#1179=VECTOR('',#1178,4.2);
#1180=LINE('',#1177,#1179);
#1181=EDGE_CURVE('',#1174,#1176,#1180,.T.);
#1182=ORIENTED_EDGE('',*,*,#1181,.F.);
#1183=CARTESIAN_POINT('',(53.471327168,38.808718801,8.650000048));
#1184=VERTEX_POINT('',#1183);
#1185=CARTESIAN_POINT('',(53.471327168,38.808718801,8.650000048));
#1186=DIRECTION('',(-0.,-0.,1.));
#1187=VECTOR('',#1186,0.05);
#1188=LINE('',#1185,#1187);
#1189=EDGE_CURVE('',#1184,#1174,#1188,.T.);
#1190=ORIENTED_EDGE('',*,*,#1189,.F.);
#1191=CARTESIAN_POINT('',(53.471327168,38.808718801,7.000000024));
#1192=VERTEX_POINT('',#1191);
#1193=CARTESIAN_POINT('',(53.471327168,38.808718801,7.000000024));
#1194=DIRECTION('',(0.,0.,1.));
#1195=VECTOR('',#1194,1.650000024);
#1196=LINE('',#1193,#1195);
#1197=EDGE_CURVE('',#1192,#1184,#1196,.T.);
#1198=ORIENTED_EDGE('',*,*,#1197,.F.);
#1199=CARTESIAN_POINT('',(49.271327168,38.808718801,7.000000024));
#1200=VERTEX_POINT('',#1199);
#1201=CARTESIAN_POINT('',(49.271327168,38.808718801,7.000000024));
#1202=DIRECTION('',(1.,-0.,0.));
#1203=VECTOR('',#1202,4.2);
#1204=LINE('',#1201,#1203);
#1205=EDGE_CURVE('',#1200,#1192,#1204,.T.);
#1206=ORIENTED_EDGE('',*,*,#1205,.F.);
#1207=CARTESIAN_POINT('',(49.271327168,38.808718801,8.650000048));
#1208=VERTEX_POINT('',#1207);
#1209=CARTESIAN_POINT('',(49.271327168,38.808718801,8.650000048));
#1210=DIRECTION('',(0.,0.,-1.));
#1211=VECTOR('',#1210,1.650000024);
#1212=LINE('',#1209,#1211);
#1213=EDGE_CURVE('',#1208,#1200,#1212,.T.);
#1214=ORIENTED_EDGE('',*,*,#1213,.F.);
#1215=CARTESIAN_POINT('',(49.271327168,38.808718801,8.700000048));
#1216=DIRECTION('',(0.,0.,-1.));
#1217=VECTOR('',#1216,0.05);
#1218=LINE('',#1215,#1217);
#1219=EDGE_CURVE('',#1176,#1208,#1218,.T.);
#1220=ORIENTED_EDGE('',*,*,#1219,.F.);
#1221=EDGE_LOOP('',(#1182,#1190,#1198,#1206,#1214,#1220));
#1222=FACE_BOUND('',#1221,.T.);
#1223=CARTESIAN_POINT('',(67.810243956,38.808718801,4.950000048));
#1224=VERTEX_POINT('',#1223);
#1225=CARTESIAN_POINT('',(67.810243956,38.808718801,11.700000048));
#1226=VERTEX_POINT('',#1225);
#1227=CARTESIAN_POINT('',(67.810243956,38.808718801,4.950000048));
#1228=DIRECTION('',(-0.,-0.,1.));
#1229=VECTOR('',#1228,6.75);
#1230=LINE('',#1227,#1229);
#1231=EDGE_CURVE('',#1224,#1226,#1230,.T.);
#1232=ORIENTED_EDGE('',*,*,#1231,.T.);
#1233=CARTESIAN_POINT('',(35.810243956,38.808718801,11.700000048));
#1234=VERTEX_POINT('',#1233);
#1235=CARTESIAN_POINT('',(67.810243956,38.808718801,11.700000048));
#1236=DIRECTION('',(-1.,0.,0.));
#1237=VECTOR('',#1236,32.);
#1238=LINE('',#1235,#1237);
#1239=EDGE_CURVE('',#1226,#1234,#1238,.T.);
#1240=ORIENTED_EDGE('',*,*,#1239,.T.);
#1241=CARTESIAN_POINT('',(35.810243956,38.808718801,4.950000048));
#1242=VERTEX_POINT('',#1241);
#1243=CARTESIAN_POINT('',(35.810243956,38.808718801,11.700000048));
#1244=DIRECTION('',(-0.,-0.,-1.));
#1245=VECTOR('',#1244,6.75);
#1246=LINE('',#1243,#1245);
#1247=EDGE_CURVE('',#1234,#1242,#1246,.T.);
#1248=ORIENTED_EDGE('',*,*,#1247,.T.);
#1249=CARTESIAN_POINT('',(35.810243956,38.808718801,4.950000048));
#1250=DIRECTION('',(1.,-0.,0.));
#1251=VECTOR('',#1250,32.);
#1252=LINE('',#1249,#1251);
#1253=EDGE_CURVE('',#1242,#1224,#1252,.T.);
#1254=ORIENTED_EDGE('',*,*,#1253,.T.);
#1255=EDGE_LOOP('',(#1232,#1240,#1248,#1254));
#1256=FACE_BOUND('',#1255,.T.);
#1257=ADVANCED_FACE('',(#1222,#1256),#1172,.T.);
#1258=CARTESIAN_POINT('',(-25.466290736,41.783718801,8.700000048));
#1259=DIRECTION('',(-0.,-0.,-1.));
#1260=DIRECTION('',(0.,1.,-0.));
#1261=AXIS2_PLACEMENT_3D('',#1258,#1259,#1260);
#1262=PLANE('',#1261);
#1263=ORIENTED_EDGE('',*,*,#1181,.T.);
#1264=CARTESIAN_POINT('',(49.271327168,40.508718801,8.700000048));
#1265=VERTEX_POINT('',#1264);
#1266=CARTESIAN_POINT('',(49.271327168,38.808718801,8.700000048));
#1267=DIRECTION('',(0.,1.,0.));
#1268=VECTOR('',#1267,1.7);
#1269=LINE('',#1266,#1268);
#1270=EDGE_CURVE('',#1176,#1265,#1269,.T.);
#1271=ORIENTED_EDGE('',*,*,#1270,.T.);
#1272=CARTESIAN_POINT('',(53.471327168,40.508718801,8.700000048));
#1273=VERTEX_POINT('',#1272);
#1274=CARTESIAN_POINT('',(49.271327168,40.508718801,8.700000048));
#1275=DIRECTION('',(1.,0.,-0.));
#1276=VECTOR('',#1275,4.2);
#1277=LINE('',#1274,#1276);
#1278=EDGE_CURVE('',#1265,#1273,#1277,.T.);
#1279=ORIENTED_EDGE('',*,*,#1278,.T.);
#1280=CARTESIAN_POINT('',(53.471327168,40.508718801,8.700000048));
#1281=DIRECTION('',(0.,-1.,0.));
#1282=VECTOR('',#1281,1.7);
#1283=LINE('',#1280,#1282);
#1284=EDGE_CURVE('',#1273,#1174,#1283,.T.);
#1285=ORIENTED_EDGE('',*,*,#1284,.T.);
#1286=EDGE_LOOP('',(#1263,#1271,#1279,#1285));
#1287=FACE_BOUND('',#1286,.T.);
#1288=ADVANCED_FACE('',(#1287),#1262,.T.);
#1289=CARTESIAN_POINT('',(51.371327168,40.508718801,8.100000024));
#1290=DIRECTION('',(0.,-1.,0.));
#1291=DIRECTION('',(0.,0.,-1.));
#1292=AXIS2_PLACEMENT_3D('',#1289,#1290,#1291);
#1293=PLANE('',#1292);
#1294=ORIENTED_EDGE('',*,*,#1278,.F.);
#1295=CARTESIAN_POINT('',(49.271327168,40.508718801,7.000000024));
#1296=VERTEX_POINT('',#1295);
#1297=CARTESIAN_POINT('',(49.271327168,40.508718801,8.700000048));
#1298=DIRECTION('',(0.,0.,-1.));
#1299=VECTOR('',#1298,1.700000024);
#1300=LINE('',#1297,#1299);
#1301=EDGE_CURVE('',#1265,#1296,#1300,.T.);
#1302=ORIENTED_EDGE('',*,*,#1301,.T.);
#1303=CARTESIAN_POINT('',(53.471327168,40.508718801,7.000000024));
#1304=VERTEX_POINT('',#1303);
#1305=CARTESIAN_POINT('',(53.471327168,40.508718801,7.000000024));
#1306=DIRECTION('',(-1.,0.,0.));
#1307=VECTOR('',#1306,4.2);
#1308=LINE('',#1305,#1307);
#1309=EDGE_CURVE('',#1304,#1296,#1308,.T.);
#1310=ORIENTED_EDGE('',*,*,#1309,.F.);
#1311=CARTESIAN_POINT('',(53.471327168,40.508718801,7.000000024));
#1312=DIRECTION('',(0.,0.,1.));
#1313=VECTOR('',#1312,1.700000024);
#1314=LINE('',#1311,#1313);
#1315=EDGE_CURVE('',#1304,#1273,#1314,.T.);
#1316=ORIENTED_EDGE('',*,*,#1315,.T.);
#1317=EDGE_LOOP('',(#1294,#1302,#1310,#1316));
#1318=FACE_BOUND('',#1317,.T.);
#1319=ADVANCED_FACE('',(#1318),#1293,.T.);
#1320=CARTESIAN_POINT('',(11.039244691,45.183718801,12.700000048));
#1321=DIRECTION('',(0.,-1.,0.));
#1322=DIRECTION('',(0.,0.,-1.));
#1323=AXIS2_PLACEMENT_3D('',#1320,#1321,#1322);
#1324=PLANE('',#1323);
#1325=CARTESIAN_POINT('',(11.039244691,45.183718801,8.700000048));
#1326=VERTEX_POINT('',#1325);
#1327=CARTESIAN_POINT('',(6.439244691,45.183718801,8.700000048));
#1328=VERTEX_POINT('',#1327);
#1329=CARTESIAN_POINT('',(11.039244691,45.183718801,8.700000048));
#1330=DIRECTION('',(-1.,0.,0.));
#1331=VECTOR('',#1330,4.6);
#1332=LINE('',#1329,#1331);
#1333=EDGE_CURVE('',#1326,#1328,#1332,.T.);
#1334=ORIENTED_EDGE('',*,*,#1333,.F.);
#1335=CARTESIAN_POINT('',(11.039244691,45.183718801,8.650000048));
#1336=VERTEX_POINT('',#1335);
#1337=CARTESIAN_POINT('',(11.039244691,45.183718801,8.650000048));
#1338=DIRECTION('',(-0.,-0.,1.));
#1339=VECTOR('',#1338,0.05);
#1340=LINE('',#1337,#1339);
#1341=EDGE_CURVE('',#1336,#1326,#1340,.T.);
#1342=ORIENTED_EDGE('',*,*,#1341,.F.);
#1343=CARTESIAN_POINT('',(11.039244691,45.183718801,7.000000024));
#1344=VERTEX_POINT('',#1343);
#1345=CARTESIAN_POINT('',(11.039244691,45.183718801,7.000000024));
#1346=DIRECTION('',(0.,0.,1.));
#1347=VECTOR('',#1346,1.650000024);
#1348=LINE('',#1345,#1347);
#1349=EDGE_CURVE('',#1344,#1336,#1348,.T.);
#1350=ORIENTED_EDGE('',*,*,#1349,.F.);
#1351=CARTESIAN_POINT('',(6.439244691,45.183718801,7.000000024));
#1352=VERTEX_POINT('',#1351);
#1353=CARTESIAN_POINT('',(6.439244691,45.183718801,7.000000024));
#1354=DIRECTION('',(1.,-0.,0.));
#1355=VECTOR('',#1354,4.6);
#1356=LINE('',#1353,#1355);
#1357=EDGE_CURVE('',#1352,#1344,#1356,.T.);
#1358=ORIENTED_EDGE('',*,*,#1357,.F.);
#1359=CARTESIAN_POINT('',(6.439244691,45.183718801,8.650000048));
#1360=VERTEX_POINT('',#1359);
#1361=CARTESIAN_POINT('',(6.439244691,45.183718801,8.650000048));
#1362=DIRECTION('',(0.,0.,-1.));
#1363=VECTOR('',#1362,1.650000024);
#1364=LINE('',#1361,#1363);
#1365=EDGE_CURVE('',#1360,#1352,#1364,.T.);
#1366=ORIENTED_EDGE('',*,*,#1365,.F.);
#1367=CARTESIAN_POINT('',(6.439244691,45.183718801,8.700000048));
#1368=DIRECTION('',(0.,0.,-1.));
#1369=VECTOR('',#1368,0.05);
#1370=LINE('',#1367,#1369);
#1371=EDGE_CURVE('',#1328,#1360,#1370,.T.);
#1372=ORIENTED_EDGE('',*,*,#1371,.F.);
#1373=EDGE_LOOP('',(#1334,#1342,#1350,#1358,#1366,#1372));
#1374=FACE_BOUND('',#1373,.T.);
#1375=CARTESIAN_POINT('',(16.810243956,45.183718801,4.950000048));
#1376=VERTEX_POINT('',#1375);
#1377=CARTESIAN_POINT('',(16.810243956,45.183718801,11.700000048));
#1378=VERTEX_POINT('',#1377);
#1379=CARTESIAN_POINT('',(16.810243956,45.183718801,4.950000048));
#1380=DIRECTION('',(0.,0.,1.));
#1381=VECTOR('',#1380,6.75);
#1382=LINE('',#1379,#1381);
#1383=EDGE_CURVE('',#1376,#1378,#1382,.T.);
#1384=ORIENTED_EDGE('',*,*,#1383,.T.);
#1385=CARTESIAN_POINT('',(-0.189756139,45.183718801,11.700000048));
#1386=VERTEX_POINT('',#1385);
#1387=CARTESIAN_POINT('',(16.810243956,45.183718801,11.700000048));
#1388=DIRECTION('',(-1.,0.,0.));
#1389=VECTOR('',#1388,17.000000095);
#1390=LINE('',#1387,#1389);
#1391=EDGE_CURVE('',#1378,#1386,#1390,.T.);
#1392=ORIENTED_EDGE('',*,*,#1391,.T.);
#1393=CARTESIAN_POINT('',(-0.189756139,45.183718801,4.950000048));
#1394=VERTEX_POINT('',#1393);
#1395=CARTESIAN_POINT('',(-0.189756139,45.183718801,11.700000048));
#1396=DIRECTION('',(0.,0.,-1.));
#1397=VECTOR('',#1396,6.75);
#1398=LINE('',#1395,#1397);
#1399=EDGE_CURVE('',#1386,#1394,#1398,.T.);
#1400=ORIENTED_EDGE('',*,*,#1399,.T.);
#1401=CARTESIAN_POINT('',(-0.189756139,45.183718801,4.950000048));
#1402=DIRECTION('',(1.,-0.,0.));
#1403=VECTOR('',#1402,17.000000095);
#1404=LINE('',#1401,#1403);
#1405=EDGE_CURVE('',#1394,#1376,#1404,.T.);
#1406=ORIENTED_EDGE('',*,*,#1405,.T.);
#1407=EDGE_LOOP('',(#1384,#1392,#1400,#1406));
#1408=FACE_BOUND('',#1407,.T.);
#1409=ADVANCED_FACE('',(#1374,#1408),#1324,.T.);
#1410=CARTESIAN_POINT('',(-25.466290736,41.783718801,8.700000048));
#1411=DIRECTION('',(-0.,-0.,-1.));
#1412=DIRECTION('',(0.,1.,-0.));
#1413=AXIS2_PLACEMENT_3D('',#1410,#1411,#1412);
#1414=PLANE('',#1413);
#1415=ORIENTED_EDGE('',*,*,#1333,.T.);
#1416=CARTESIAN_POINT('',(6.439244691,47.083718801,8.700000048));
#1417=VERTEX_POINT('',#1416);
#1418=CARTESIAN_POINT('',(6.439244691,45.183718801,8.700000048));
#1419=DIRECTION('',(0.,1.,0.));
#1420=VECTOR('',#1419,1.9);
#1421=LINE('',#1418,#1420);
#1422=EDGE_CURVE('',#1328,#1417,#1421,.T.);
#1423=ORIENTED_EDGE('',*,*,#1422,.T.);
#1424=CARTESIAN_POINT('',(11.039244691,47.083718801,8.700000048));
#1425=VERTEX_POINT('',#1424);
#1426=CARTESIAN_POINT('',(6.439244691,47.083718801,8.700000048));
#1427=DIRECTION('',(1.,0.,-0.));
#1428=VECTOR('',#1427,4.6);
#1429=LINE('',#1426,#1428);
#1430=EDGE_CURVE('',#1417,#1425,#1429,.T.);
#1431=ORIENTED_EDGE('',*,*,#1430,.T.);
#1432=CARTESIAN_POINT('',(11.039244691,47.083718801,8.700000048));
#1433=DIRECTION('',(0.,-1.,0.));
#1434=VECTOR('',#1433,1.9);
#1435=LINE('',#1432,#1434);
#1436=EDGE_CURVE('',#1425,#1326,#1435,.T.);
#1437=ORIENTED_EDGE('',*,*,#1436,.T.);
#1438=EDGE_LOOP('',(#1415,#1423,#1431,#1437));
#1439=FACE_BOUND('',#1438,.T.);
#1440=ADVANCED_FACE('',(#1439),#1414,.T.);
#1441=CARTESIAN_POINT('',(8.739244691,47.083718801,8.100000024));
#1442=DIRECTION('',(-0.,-1.,0.));
#1443=DIRECTION('',(1.,-0.,0.));
#1444=AXIS2_PLACEMENT_3D('',#1441,#1442,#1443);
#1445=PLANE('',#1444);
#1446=ORIENTED_EDGE('',*,*,#1430,.F.);
#1447=CARTESIAN_POINT('',(6.439244691,47.083718801,7.000000024));
#1448=VERTEX_POINT('',#1447);
#1449=CARTESIAN_POINT('',(6.439244691,47.083718801,8.700000048));
#1450=DIRECTION('',(0.,0.,-1.));
#1451=VECTOR('',#1450,1.700000024);
#1452=LINE('',#1449,#1451);
#1453=EDGE_CURVE('',#1417,#1448,#1452,.T.);
#1454=ORIENTED_EDGE('',*,*,#1453,.T.);
#1455=CARTESIAN_POINT('',(11.039244691,47.083718801,7.000000024));
#1456=VERTEX_POINT('',#1455);
#1457=CARTESIAN_POINT('',(11.039244691,47.083718801,7.000000024));
#1458=DIRECTION('',(-1.,0.,0.));
#1459=VECTOR('',#1458,4.6);
#1460=LINE('',#1457,#1459);
#1461=EDGE_CURVE('',#1456,#1448,#1460,.T.);
#1462=ORIENTED_EDGE('',*,*,#1461,.F.);
#1463=CARTESIAN_POINT('',(11.039244691,47.083718801,7.000000024));
#1464=DIRECTION('',(0.,0.,1.));
#1465=VECTOR('',#1464,1.700000024);
#1466=LINE('',#1463,#1465);
#1467=EDGE_CURVE('',#1456,#1425,#1466,.T.);
#1468=ORIENTED_EDGE('',*,*,#1467,.T.);
#1469=EDGE_LOOP('',(#1446,#1454,#1462,#1468));
#1470=FACE_BOUND('',#1469,.T.);
#1471=ADVANCED_FACE('',(#1470),#1445,.T.);
#1472=CARTESIAN_POINT('',(-55.255721915,40.933718801,12.700000048));
#1473=DIRECTION('',(0.,-1.,0.));
#1474=DIRECTION('',(0.,0.,-1.));
#1475=AXIS2_PLACEMENT_3D('',#1472,#1473,#1474);
#1476=PLANE('',#1475);
#1477=CARTESIAN_POINT('',(-55.255721915,40.933718801,8.700000048));
#1478=VERTEX_POINT('',#1477);
#1479=CARTESIAN_POINT('',(-59.455721915,40.933718801,8.700000048));
#1480=VERTEX_POINT('',#1479);
#1481=CARTESIAN_POINT('',(-55.255721915,40.933718801,8.700000048));
#1482=DIRECTION('',(-1.,0.,0.));
#1483=VECTOR('',#1482,4.2);
#1484=LINE('',#1481,#1483);
#1485=EDGE_CURVE('',#1478,#1480,#1484,.T.);
#1486=ORIENTED_EDGE('',*,*,#1485,.F.);
#1487=CARTESIAN_POINT('',(-55.255721915,40.933718801,6.496439155));
#1488=VERTEX_POINT('',#1487);
#1489=CARTESIAN_POINT('',(-55.255721915,40.933718801,6.496439155));
#1490=DIRECTION('',(0.,0.,1.));
#1491=VECTOR('',#1490,2.203560893);
#1492=LINE('',#1489,#1491);
#1493=EDGE_CURVE('',#1488,#1478,#1492,.T.);
#1494=ORIENTED_EDGE('',*,*,#1493,.F.);
#1495=CARTESIAN_POINT('',(-59.455721915,40.933718801,6.496439155));
#1496=VERTEX_POINT('',#1495);
#1497=CARTESIAN_POINT('',(-59.455721915,40.933718801,6.496439155));
#1498=DIRECTION('',(1.,-0.,0.));
#1499=VECTOR('',#1498,4.2);
#1500=LINE('',#1497,#1499);
#1501=EDGE_CURVE('',#1496,#1488,#1500,.T.);
#1502=ORIENTED_EDGE('',*,*,#1501,.F.);
#1503=CARTESIAN_POINT('',(-59.455721915,40.933718801,8.700000048));
#1504=DIRECTION('',(0.,0.,-1.));
#1505=VECTOR('',#1504,2.203560893);
#1506=LINE('',#1503,#1505);
#1507=EDGE_CURVE('',#1480,#1496,#1506,.T.);
#1508=ORIENTED_EDGE('',*,*,#1507,.F.);
#1509=EDGE_LOOP('',(#1486,#1494,#1502,#1508));
#1510=FACE_BOUND('',#1509,.T.);
#1511=CARTESIAN_POINT('',(-19.189755662,40.933718801,4.950000048));
#1512=VERTEX_POINT('',#1511);
#1513=CARTESIAN_POINT('',(-19.189755662,40.933718801,11.700000048));
#1514=VERTEX_POINT('',#1513);
#1515=CARTESIAN_POINT('',(-19.189755662,40.933718801,4.950000048));
#1516=DIRECTION('',(-0.,-0.,1.));
#1517=VECTOR('',#1516,6.75);
#1518=LINE('',#1515,#1517);
#1519=EDGE_CURVE('',#1512,#1514,#1518,.T.);
#1520=ORIENTED_EDGE('',*,*,#1519,.T.);
#1521=CARTESIAN_POINT('',(-63.93975757,40.933718801,11.700000048));
#1522=VERTEX_POINT('',#1521);
#1523=CARTESIAN_POINT('',(-19.189755662,40.933718801,11.700000048));
#1524=DIRECTION('',(-1.,0.,0.));
#1525=VECTOR('',#1524,44.750001907);
#1526=LINE('',#1523,#1525);
#1527=EDGE_CURVE('',#1514,#1522,#1526,.T.);
#1528=ORIENTED_EDGE('',*,*,#1527,.T.);
#1529=CARTESIAN_POINT('',(-63.93975757,40.933718801,4.950000048));
#1530=VERTEX_POINT('',#1529);
#1531=CARTESIAN_POINT('',(-63.93975757,40.933718801,11.700000048));
#1532=DIRECTION('',(-0.,-0.,-1.));
#1533=VECTOR('',#1532,6.75);
#1534=LINE('',#1531,#1533);
#1535=EDGE_CURVE('',#1522,#1530,#1534,.T.);
#1536=ORIENTED_EDGE('',*,*,#1535,.T.);
#1537=CARTESIAN_POINT('',(-63.93975757,40.933718801,4.950000048));
#1538=DIRECTION('',(1.,-0.,0.));
#1539=VECTOR('',#1538,44.750001907);
#1540=LINE('',#1537,#1539);
#1541=EDGE_CURVE('',#1530,#1512,#1540,.T.);
#1542=ORIENTED_EDGE('',*,*,#1541,.T.);
#1543=EDGE_LOOP('',(#1520,#1528,#1536,#1542));
#1544=FACE_BOUND('',#1543,.T.);
#1545=CARTESIAN_POINT('',(-23.366290736,40.933718801,8.700000048));
#1546=VERTEX_POINT('',#1545);
#1547=CARTESIAN_POINT('',(-27.566290736,40.933718801,8.700000048));
#1548=VERTEX_POINT('',#1547);
#1549=CARTESIAN_POINT('',(-23.366290736,40.933718801,8.700000048));
#1550=DIRECTION('',(-1.,0.,0.));
#1551=VECTOR('',#1550,4.2);
#1552=LINE('',#1549,#1551);
#1553=EDGE_CURVE('',#1546,#1548,#1552,.T.);
#1554=ORIENTED_EDGE('',*,*,#1553,.F.);
#1555=CARTESIAN_POINT('',(-23.366290736,40.933718801,6.502325055));
#1556=VERTEX_POINT('',#1555);
#1557=CARTESIAN_POINT('',(-23.366290736,40.933718801,6.502325055));
#1558=DIRECTION('',(0.,0.,1.));
#1559=VECTOR('',#1558,2.197674993);
#1560=LINE('',#1557,#1559);
#1561=EDGE_CURVE('',#1556,#1546,#1560,.T.);
#1562=ORIENTED_EDGE('',*,*,#1561,.F.);
#1563=CARTESIAN_POINT('',(-27.566290736,40.933718801,6.502325055));
#1564=VERTEX_POINT('',#1563);
#1565=CARTESIAN_POINT('',(-27.566290736,40.933718801,6.502325055));
#1566=DIRECTION('',(1.,-0.,0.));
#1567=VECTOR('',#1566,4.2);
#1568=LINE('',#1565,#1567);
#1569=EDGE_CURVE('',#1564,#1556,#1568,.T.);
#1570=ORIENTED_EDGE('',*,*,#1569,.F.);
#1571=CARTESIAN_POINT('',(-27.566290736,40.933718801,8.700000048));
#1572=DIRECTION('',(0.,0.,-1.));
#1573=VECTOR('',#1572,2.197674993);
#1574=LINE('',#1571,#1573);
#1575=EDGE_CURVE('',#1548,#1564,#1574,.T.);
#1576=ORIENTED_EDGE('',*,*,#1575,.F.);
#1577=EDGE_LOOP('',(#1554,#1562,#1570,#1576));
#1578=FACE_BOUND('',#1577,.T.);
#1579=ADVANCED_FACE('',(#1510,#1544,#1578),#1476,.T.);
#1580=CARTESIAN_POINT('',(-25.466290736,41.783718801,8.700000048));
#1581=DIRECTION('',(-0.,-0.,-1.));
#1582=DIRECTION('',(0.,1.,-0.));
#1583=AXIS2_PLACEMENT_3D('',#1580,#1581,#1582);
#1584=PLANE('',#1583);
#1585=ORIENTED_EDGE('',*,*,#1485,.T.);
#1586=CARTESIAN_POINT('',(-59.455721915,42.633718801,8.700000048));
#1587=VERTEX_POINT('',#1586);
#1588=CARTESIAN_POINT('',(-59.455721915,40.933718801,8.700000048));
#1589=DIRECTION('',(0.,1.,0.));
#1590=VECTOR('',#1589,1.7);
#1591=LINE('',#1588,#1590);
#1592=EDGE_CURVE('',#1480,#1587,#1591,.T.);
#1593=ORIENTED_EDGE('',*,*,#1592,.T.);
#1594=CARTESIAN_POINT('',(-55.255721915,42.633718801,8.700000048));
#1595=VERTEX_POINT('',#1594);
#1596=CARTESIAN_POINT('',(-59.455721915,42.633718801,8.700000048));
#1597=DIRECTION('',(1.,0.,-0.));
#1598=VECTOR('',#1597,4.2);
#1599=LINE('',#1596,#1598);
#1600=EDGE_CURVE('',#1587,#1595,#1599,.T.);
#1601=ORIENTED_EDGE('',*,*,#1600,.T.);
#1602=CARTESIAN_POINT('',(-55.255721915,42.633718801,8.700000048));
#1603=DIRECTION('',(0.,-1.,0.));
#1604=VECTOR('',#1603,1.7);
#1605=LINE('',#1602,#1604);
#1606=EDGE_CURVE('',#1595,#1478,#1605,.T.);
#1607=ORIENTED_EDGE('',*,*,#1606,.T.);
#1608=EDGE_LOOP('',(#1585,#1593,#1601,#1607));
#1609=FACE_BOUND('',#1608,.T.);
#1610=ADVANCED_FACE('',(#1609),#1584,.T.);
#1611=CARTESIAN_POINT('',(-57.355721915,42.633718801,8.100000024));
#1612=DIRECTION('',(0.,-1.,0.));
#1613=DIRECTION('',(1.,0.,0.));
#1614=AXIS2_PLACEMENT_3D('',#1611,#1612,#1613);
#1615=PLANE('',#1614);
#1616=ORIENTED_EDGE('',*,*,#1600,.F.);
#1617=CARTESIAN_POINT('',(-59.455721915,42.633718801,6.496439155));
#1618=VERTEX_POINT('',#1617);
#1619=CARTESIAN_POINT('',(-59.455721915,42.633718801,8.700000048));
#1620=DIRECTION('',(0.,0.,-1.));
#1621=VECTOR('',#1620,2.203560893);
#1622=LINE('',#1619,#1621);
#1623=EDGE_CURVE('',#1587,#1618,#1622,.T.);
#1624=ORIENTED_EDGE('',*,*,#1623,.T.);
#1625=CARTESIAN_POINT('',(-55.255721915,42.633718801,6.496439155));
#1626=VERTEX_POINT('',#1625);
#1627=CARTESIAN_POINT('',(-55.255721915,42.633718801,6.496439155));
#1628=DIRECTION('',(-1.,-0.,0.));
#1629=VECTOR('',#1628,4.2);
#1630=LINE('',#1627,#1629);
#1631=EDGE_CURVE('',#1626,#1618,#1630,.T.);
#1632=ORIENTED_EDGE('',*,*,#1631,.F.);
#1633=CARTESIAN_POINT('',(-55.255721915,42.633718801,6.496439155));
#1634=DIRECTION('',(0.,0.,1.));
#1635=VECTOR('',#1634,2.203560893);
#1636=LINE('',#1633,#1635);
#1637=EDGE_CURVE('',#1626,#1595,#1636,.T.);
#1638=ORIENTED_EDGE('',*,*,#1637,.T.);
#1639=EDGE_LOOP('',(#1616,#1624,#1632,#1638));
#1640=FACE_BOUND('',#1639,.T.);
#1641=ADVANCED_FACE('',(#1640),#1615,.T.);
#1642=CARTESIAN_POINT('',(-25.466290736,41.783718801,8.700000048));
#1643=DIRECTION('',(-0.,-0.,-1.));
#1644=DIRECTION('',(0.,1.,-0.));
#1645=AXIS2_PLACEMENT_3D('',#1642,#1643,#1644);
#1646=PLANE('',#1645);
#1647=ORIENTED_EDGE('',*,*,#1553,.T.);
#1648=CARTESIAN_POINT('',(-27.566290736,42.633718801,8.700000048));
#1649=VERTEX_POINT('',#1648);
#1650=CARTESIAN_POINT('',(-27.566290736,40.933718801,8.700000048));
#1651=DIRECTION('',(0.,1.,0.));
#1652=VECTOR('',#1651,1.7);
#1653=LINE('',#1650,#1652);
#1654=EDGE_CURVE('',#1548,#1649,#1653,.T.);
#1655=ORIENTED_EDGE('',*,*,#1654,.T.);
#1656=CARTESIAN_POINT('',(-23.366290736,42.633718801,8.700000048));
#1657=VERTEX_POINT('',#1656);
#1658=CARTESIAN_POINT('',(-27.566290736,42.633718801,8.700000048));
#1659=DIRECTION('',(1.,0.,-0.));
#1660=VECTOR('',#1659,4.2);
#1661=LINE('',#1658,#1660);
#1662=EDGE_CURVE('',#1649,#1657,#1661,.T.);
#1663=ORIENTED_EDGE('',*,*,#1662,.T.);
#1664=CARTESIAN_POINT('',(-23.366290736,42.633718801,8.700000048));
#1665=DIRECTION('',(0.,-1.,0.));
#1666=VECTOR('',#1665,1.7);
#1667=LINE('',#1664,#1666);
#1668=EDGE_CURVE('',#1657,#1546,#1667,.T.);
#1669=ORIENTED_EDGE('',*,*,#1668,.T.);
#1670=EDGE_LOOP('',(#1647,#1655,#1663,#1669));
#1671=FACE_BOUND('',#1670,.T.);
#1672=ADVANCED_FACE('',(#1671),#1646,.T.);
#1673=CARTESIAN_POINT('',(-57.355721915,42.633718801,8.100000024));
#1674=DIRECTION('',(0.,-1.,0.));
#1675=DIRECTION('',(1.,0.,0.));
#1676=AXIS2_PLACEMENT_3D('',#1673,#1674,#1675);
#1677=PLANE('',#1676);
#1678=ORIENTED_EDGE('',*,*,#1662,.F.);
#1679=CARTESIAN_POINT('',(-27.566290736,42.633718801,6.502325055));
#1680=VERTEX_POINT('',#1679);
#1681=CARTESIAN_POINT('',(-27.566290736,42.633718801,8.700000048));
#1682=DIRECTION('',(0.,0.,-1.));
#1683=VECTOR('',#1682,2.197674993);
#1684=LINE('',#1681,#1683);
#1685=EDGE_CURVE('',#1649,#1680,#1684,.T.);
#1686=ORIENTED_EDGE('',*,*,#1685,.T.);
#1687=CARTESIAN_POINT('',(-23.366290736,42.633718801,6.502325055));
#1688=VERTEX_POINT('',#1687);
#1689=CARTESIAN_POINT('',(-23.366290736,42.633718801,6.502325055));
#1690=DIRECTION('',(-1.,-0.,0.));
#1691=VECTOR('',#1690,4.2);
#1692=LINE('',#1689,#1691);
#1693=EDGE_CURVE('',#1688,#1680,#1692,.T.);
#1694=ORIENTED_EDGE('',*,*,#1693,.F.);
#1695=CARTESIAN_POINT('',(-23.366290736,42.633718801,6.502325055));
#1696=DIRECTION('',(0.,0.,1.));
#1697=VECTOR('',#1696,2.197674993);
#1698=LINE('',#1695,#1697);
#1699=EDGE_CURVE('',#1688,#1657,#1698,.T.);
#1700=ORIENTED_EDGE('',*,*,#1699,.T.);
#1701=EDGE_LOOP('',(#1678,#1686,#1694,#1700));
#1702=FACE_BOUND('',#1701,.T.);
#1703=ADVANCED_FACE('',(#1702),#1677,.T.);
#1704=CARTESIAN_POINT('',(-39.803538948,-38.40049733,8.700000048));
#1705=DIRECTION('',(0.920505633,0.390729293,0.));
#1706=DIRECTION('',(-0.390729293,0.920505633,0.));
#1707=AXIS2_PLACEMENT_3D('',#1704,#1705,#1706);
#1708=PLANE('',#1707);
#1709=ORIENTED_EDGE('',*,*,#1118,.F.);
#1710=ORIENTED_EDGE('',*,*,#1067,.T.);
#1711=ORIENTED_EDGE('',*,*,#1062,.T.);
#1712=CARTESIAN_POINT('',(-39.412809655,-39.321002962,7.000043086));
#1713=DIRECTION('',(-0.390729293,0.920505633,-0.));
#1714=VECTOR('',#1713,1.7);
#1715=LINE('',#1712,#1714);
#1716=EDGE_CURVE('',#1144,#1049,#1715,.T.);
#1717=ORIENTED_EDGE('',*,*,#1716,.F.);
#1718=ORIENTED_EDGE('',*,*,#1149,.F.);
#1719=EDGE_LOOP('',(#1709,#1710,#1711,#1717,#1718));
#1720=FACE_BOUND('',#1719,.T.);
#1721=ADVANCED_FACE('',(#1720),#1708,.F.);
#1722=CARTESIAN_POINT('',(-6.584175587,-32.326283336,8.700000048));
#1723=DIRECTION('',(1.,0.,-0.));
#1724=DIRECTION('',(-0.,1.,0.));
#1725=AXIS2_PLACEMENT_3D('',#1722,#1723,#1724);
#1726=PLANE('',#1725);
#1727=ORIENTED_EDGE('',*,*,#968,.F.);
#1728=ORIENTED_EDGE('',*,*,#917,.T.);
#1729=CARTESIAN_POINT('',(-6.584175587,-33.126283336,7.000000024));
#1730=DIRECTION('',(-0.,1.,0.));
#1731=VECTOR('',#1730,1.7);
#1732=LINE('',#1729,#1731);
#1733=EDGE_CURVE('',#994,#906,#1732,.T.);
#1734=ORIENTED_EDGE('',*,*,#1733,.F.);
#1735=ORIENTED_EDGE('',*,*,#999,.F.);
#1736=EDGE_LOOP('',(#1727,#1728,#1734,#1735));
#1737=FACE_BOUND('',#1736,.T.);
#1738=ADVANCED_FACE('',(#1737),#1726,.F.);
#1739=CARTESIAN_POINT('',(27.459438235,-27.841282725,8.700000048));
#1740=DIRECTION('',(1.,0.,0.));
#1741=DIRECTION('',(0.,0.,-1.));
#1742=AXIS2_PLACEMENT_3D('',#1739,#1740,#1741);
#1743=PLANE('',#1742);
#1744=ORIENTED_EDGE('',*,*,#832,.F.);
#1745=ORIENTED_EDGE('',*,*,#781,.T.);
#1746=CARTESIAN_POINT('',(27.459438235,-28.641282725,7.001448578));
#1747=DIRECTION('',(0.,1.,0.));
#1748=VECTOR('',#1747,1.7);
#1749=LINE('',#1746,#1748);
#1750=EDGE_CURVE('',#858,#770,#1749,.T.);
#1751=ORIENTED_EDGE('',*,*,#1750,.F.);
#1752=ORIENTED_EDGE('',*,*,#863,.F.);
#1753=EDGE_LOOP('',(#1744,#1745,#1751,#1752));
#1754=FACE_BOUND('',#1753,.T.);
#1755=ADVANCED_FACE('',(#1754),#1743,.F.);
#1756=CARTESIAN_POINT('',(64.046318918,-32.191282725,8.700000048));
#1757=DIRECTION('',(1.,0.,0.));
#1758=DIRECTION('',(0.,0.,-1.));
#1759=AXIS2_PLACEMENT_3D('',#1756,#1757,#1758);
#1760=PLANE('',#1759);
#1761=ORIENTED_EDGE('',*,*,#696,.F.);
#1762=ORIENTED_EDGE('',*,*,#645,.T.);
#1763=ORIENTED_EDGE('',*,*,#640,.T.);
#1764=CARTESIAN_POINT('',(64.046318918,-32.891282725,7.001568379));
#1765=DIRECTION('',(0.,1.,0.));
#1766=VECTOR('',#1765,1.7);
#1767=LINE('',#1764,#1766);
#1768=EDGE_CURVE('',#722,#627,#1767,.T.);
#1769=ORIENTED_EDGE('',*,*,#1768,.F.);
#1770=ORIENTED_EDGE('',*,*,#727,.F.);
#1771=EDGE_LOOP('',(#1761,#1762,#1763,#1769,#1770));
#1772=FACE_BOUND('',#1771,.T.);
#1773=ADVANCED_FACE('',(#1772),#1760,.F.);
#1774=CARTESIAN_POINT('',(-59.455721915,42.133718801,8.700000048));
#1775=DIRECTION('',(-1.,0.,0.));
#1776=DIRECTION('',(0.,0.,1.));
#1777=AXIS2_PLACEMENT_3D('',#1774,#1775,#1776);
#1778=PLANE('',#1777);
#1779=ORIENTED_EDGE('',*,*,#1592,.F.);
#1780=ORIENTED_EDGE('',*,*,#1507,.T.);
#1781=CARTESIAN_POINT('',(-59.455721915,42.633718801,6.496439155));
#1782=DIRECTION('',(0.,-1.,0.));
#1783=VECTOR('',#1782,1.7);
#1784=LINE('',#1781,#1783);
#1785=EDGE_CURVE('',#1618,#1496,#1784,.T.);
#1786=ORIENTED_EDGE('',*,*,#1785,.F.);
#1787=ORIENTED_EDGE('',*,*,#1623,.F.);
#1788=EDGE_LOOP('',(#1779,#1780,#1786,#1787));
#1789=FACE_BOUND('',#1788,.T.);
#1790=ADVANCED_FACE('',(#1789),#1778,.F.);
#1791=CARTESIAN_POINT('',(-27.566290736,42.133718801,8.700000048));
#1792=DIRECTION('',(-1.,0.,0.));
#1793=DIRECTION('',(0.,0.,1.));
#1794=AXIS2_PLACEMENT_3D('',#1791,#1792,#1793);
#1795=PLANE('',#1794);
#1796=ORIENTED_EDGE('',*,*,#1654,.F.);
#1797=ORIENTED_EDGE('',*,*,#1575,.T.);
#1798=CARTESIAN_POINT('',(-27.566290736,42.633718801,6.502325055));
#1799=DIRECTION('',(0.,-1.,0.));
#1800=VECTOR('',#1799,1.7);
#1801=LINE('',#1798,#1800);
#1802=EDGE_CURVE('',#1680,#1564,#1801,.T.);
#1803=ORIENTED_EDGE('',*,*,#1802,.F.);
#1804=ORIENTED_EDGE('',*,*,#1685,.F.);
#1805=EDGE_LOOP('',(#1796,#1797,#1803,#1804));
#1806=FACE_BOUND('',#1805,.T.);
#1807=ADVANCED_FACE('',(#1806),#1795,.F.);
#1808=CARTESIAN_POINT('',(49.271327168,40.008718801,8.700000048));
#1809=DIRECTION('',(-1.,0.,0.));
#1810=DIRECTION('',(0.,0.,1.));
#1811=AXIS2_PLACEMENT_3D('',#1808,#1809,#1810);
#1812=PLANE('',#1811);
#1813=ORIENTED_EDGE('',*,*,#1270,.F.);
#1814=ORIENTED_EDGE('',*,*,#1219,.T.);
#1815=ORIENTED_EDGE('',*,*,#1213,.T.);
#1816=CARTESIAN_POINT('',(49.271327168,40.508718801,7.000000024));
#1817=DIRECTION('',(0.,-1.,0.));
#1818=VECTOR('',#1817,1.7);
#1819=LINE('',#1816,#1818);
#1820=EDGE_CURVE('',#1296,#1200,#1819,.T.);
#1821=ORIENTED_EDGE('',*,*,#1820,.F.);
#1822=ORIENTED_EDGE('',*,*,#1301,.F.);
#1823=EDGE_LOOP('',(#1813,#1814,#1815,#1821,#1822));
#1824=FACE_BOUND('',#1823,.T.);
#1825=ADVANCED_FACE('',(#1824),#1812,.F.);
#1826=CARTESIAN_POINT('',(6.439244691,46.383718801,8.700000048));
#1827=DIRECTION('',(-1.,0.,0.));
#1828=DIRECTION('',(0.,0.,1.));
#1829=AXIS2_PLACEMENT_3D('',#1826,#1827,#1828);
#1830=PLANE('',#1829);
#1831=ORIENTED_EDGE('',*,*,#1422,.F.);
#1832=ORIENTED_EDGE('',*,*,#1371,.T.);
#1833=ORIENTED_EDGE('',*,*,#1365,.T.);
#1834=CARTESIAN_POINT('',(6.439244691,47.083718801,7.000000024));
#1835=DIRECTION('',(0.,-1.,0.));
#1836=VECTOR('',#1835,1.9);
#1837=LINE('',#1834,#1836);
#1838=EDGE_CURVE('',#1448,#1352,#1837,.T.);
#1839=ORIENTED_EDGE('',*,*,#1838,.F.);
#1840=ORIENTED_EDGE('',*,*,#1453,.F.);
#1841=EDGE_LOOP('',(#1831,#1832,#1833,#1839,#1840));
#1842=FACE_BOUND('',#1841,.T.);
#1843=ADVANCED_FACE('',(#1842),#1830,.F.);
#1844=CARTESIAN_POINT('',(53.471327168,40.008718801,7.5));
#1845=DIRECTION('',(1.,0.,0.));
#1846=DIRECTION('',(0.,0.,-1.));
#1847=AXIS2_PLACEMENT_3D('',#1844,#1845,#1846);
#1848=PLANE('',#1847);
#1849=ORIENTED_EDGE('',*,*,#1284,.F.);
#1850=ORIENTED_EDGE('',*,*,#1315,.F.);
#1851=CARTESIAN_POINT('',(53.471327168,40.508718801,7.000000024));
#1852=DIRECTION('',(0.,-1.,0.));
#1853=VECTOR('',#1852,1.7);
#1854=LINE('',#1851,#1853);
#1855=EDGE_CURVE('',#1304,#1192,#1854,.T.);
#1856=ORIENTED_EDGE('',*,*,#1855,.T.);
#1857=ORIENTED_EDGE('',*,*,#1197,.T.);
#1858=ORIENTED_EDGE('',*,*,#1189,.T.);
#1859=EDGE_LOOP('',(#1849,#1850,#1856,#1857,#1858));
#1860=FACE_BOUND('',#1859,.T.);
#1861=ADVANCED_FACE('',(#1860),#1848,.F.);
#1862=CARTESIAN_POINT('',(11.039244691,46.383718801,7.5));
#1863=DIRECTION('',(1.,0.,0.));
#1864=DIRECTION('',(0.,0.,-1.));
#1865=AXIS2_PLACEMENT_3D('',#1862,#1863,#1864);
#1866=PLANE('',#1865);
#1867=ORIENTED_EDGE('',*,*,#1436,.F.);
#1868=ORIENTED_EDGE('',*,*,#1467,.F.);
#1869=CARTESIAN_POINT('',(11.039244691,47.083718801,7.000000024));
#1870=DIRECTION('',(0.,-1.,0.));
#1871=VECTOR('',#1870,1.9);
#1872=LINE('',#1869,#1871);
#1873=EDGE_CURVE('',#1456,#1344,#1872,.T.);
#1874=ORIENTED_EDGE('',*,*,#1873,.T.);
#1875=ORIENTED_EDGE('',*,*,#1349,.T.);
#1876=ORIENTED_EDGE('',*,*,#1341,.T.);
#1877=EDGE_LOOP('',(#1867,#1868,#1874,#1875,#1876));
#1878=FACE_BOUND('',#1877,.T.);
#1879=ADVANCED_FACE('',(#1878),#1866,.F.);
#1880=CARTESIAN_POINT('',(-23.366290736,42.133718801,7.5));
#1881=DIRECTION('',(1.,0.,0.));
#1882=DIRECTION('',(0.,0.,-1.));
#1883=AXIS2_PLACEMENT_3D('',#1880,#1881,#1882);
#1884=PLANE('',#1883);
#1885=ORIENTED_EDGE('',*,*,#1668,.F.);
#1886=ORIENTED_EDGE('',*,*,#1699,.F.);
#1887=CARTESIAN_POINT('',(-23.366290736,42.633718801,6.502325055));
#1888=DIRECTION('',(0.,-1.,0.));
#1889=VECTOR('',#1888,1.7);
#1890=LINE('',#1887,#1889);
#1891=EDGE_CURVE('',#1688,#1556,#1890,.T.);
#1892=ORIENTED_EDGE('',*,*,#1891,.T.);
#1893=ORIENTED_EDGE('',*,*,#1561,.T.);
#1894=EDGE_LOOP('',(#1885,#1886,#1892,#1893));
#1895=FACE_BOUND('',#1894,.T.);
#1896=ADVANCED_FACE('',(#1895),#1884,.F.);
#1897=CARTESIAN_POINT('',(-55.255721915,42.133718801,7.5));
#1898=DIRECTION('',(1.,0.,0.));
#1899=DIRECTION('',(0.,0.,-1.));
#1900=AXIS2_PLACEMENT_3D('',#1897,#1898,#1899);
#1901=PLANE('',#1900);
#1902=ORIENTED_EDGE('',*,*,#1606,.F.);
#1903=ORIENTED_EDGE('',*,*,#1637,.F.);
#1904=CARTESIAN_POINT('',(-55.255721915,42.633718801,6.496439155));
#1905=DIRECTION('',(0.,-1.,0.));
#1906=VECTOR('',#1905,1.7);
#1907=LINE('',#1904,#1906);
#1908=EDGE_CURVE('',#1626,#1488,#1907,.T.);
#1909=ORIENTED_EDGE('',*,*,#1908,.T.);
#1910=ORIENTED_EDGE('',*,*,#1493,.T.);
#1911=EDGE_LOOP('',(#1902,#1903,#1909,#1910));
#1912=FACE_BOUND('',#1911,.T.);
#1913=ADVANCED_FACE('',(#1912),#1901,.F.);
#1914=CARTESIAN_POINT('',(-43.669662604,-40.04156036,7.5));
#1915=DIRECTION('',(-0.920505633,-0.390729293,0.));
#1916=DIRECTION('',(0.390729293,-0.920505633,0.));
#1917=AXIS2_PLACEMENT_3D('',#1914,#1915,#1916);
#1918=PLANE('',#1917);
#1919=ORIENTED_EDGE('',*,*,#1132,.F.);
#1920=ORIENTED_EDGE('',*,*,#1163,.F.);
#1921=CARTESIAN_POINT('',(-43.278933311,-40.962065993,7.000043086));
#1922=DIRECTION('',(-0.390729293,0.920505633,-0.));
#1923=VECTOR('',#1922,1.7);
#1924=LINE('',#1921,#1923);
#1925=EDGE_CURVE('',#1152,#1041,#1924,.T.);
#1926=ORIENTED_EDGE('',*,*,#1925,.T.);
#1927=ORIENTED_EDGE('',*,*,#1046,.T.);
#1928=ORIENTED_EDGE('',*,*,#1038,.T.);
#1929=EDGE_LOOP('',(#1919,#1920,#1926,#1927,#1928));
#1930=FACE_BOUND('',#1929,.T.);
#1931=ADVANCED_FACE('',(#1930),#1918,.F.);
#1932=CARTESIAN_POINT('',(-10.784175587,-32.326283336,7.5));
#1933=DIRECTION('',(-1.,-0.,0.));
#1934=DIRECTION('',(0.,-1.,0.));
#1935=AXIS2_PLACEMENT_3D('',#1932,#1933,#1934);
#1936=PLANE('',#1935);
#1937=ORIENTED_EDGE('',*,*,#982,.F.);
#1938=ORIENTED_EDGE('',*,*,#1013,.F.);
#1939=CARTESIAN_POINT('',(-10.784175587,-33.126283336,7.000000024));
#1940=DIRECTION('',(-0.,1.,0.));
#1941=VECTOR('',#1940,1.7);
#1942=LINE('',#1939,#1941);
#1943=EDGE_CURVE('',#1002,#898,#1942,.T.);
#1944=ORIENTED_EDGE('',*,*,#1943,.T.);
#1945=ORIENTED_EDGE('',*,*,#903,.T.);
#1946=EDGE_LOOP('',(#1937,#1938,#1944,#1945));
#1947=FACE_BOUND('',#1946,.T.);
#1948=ADVANCED_FACE('',(#1947),#1936,.F.);
#1949=CARTESIAN_POINT('',(59.846318918,-32.191282725,7.5));
#1950=DIRECTION('',(-1.,0.,0.));
#1951=DIRECTION('',(0.,0.,1.));
#1952=AXIS2_PLACEMENT_3D('',#1949,#1950,#1951);
#1953=PLANE('',#1952);
#1954=ORIENTED_EDGE('',*,*,#710,.F.);
#1955=ORIENTED_EDGE('',*,*,#741,.F.);
#1956=CARTESIAN_POINT('',(59.846318918,-32.891282725,7.001568379));
#1957=DIRECTION('',(0.,1.,0.));
#1958=VECTOR('',#1957,1.7);
#1959=LINE('',#1956,#1958);
#1960=EDGE_CURVE('',#730,#619,#1959,.T.);
#1961=ORIENTED_EDGE('',*,*,#1960,.T.);
#1962=ORIENTED_EDGE('',*,*,#624,.T.);
#1963=ORIENTED_EDGE('',*,*,#616,.T.);
#1964=EDGE_LOOP('',(#1954,#1955,#1961,#1962,#1963));
#1965=FACE_BOUND('',#1964,.T.);
#1966=ADVANCED_FACE('',(#1965),#1953,.F.);
#1967=CARTESIAN_POINT('',(32.360244338,9.50871737,4.950000048));
#1968=DIRECTION('',(0.,0.,1.));
#1969=DIRECTION('',(-0.,-1.,0.));
#1970=AXIS2_PLACEMENT_3D('',#1967,#1968,#1969);
#1971=PLANE('',#1970);
#1972=CARTESIAN_POINT('',(-16.551601459,-33.026283336,4.950000048));
#1973=VERTEX_POINT('',#1972);
#1974=CARTESIAN_POINT('',(-33.052508072,-36.512594139,4.950000048));
#1975=VERTEX_POINT('',#1974);
#1976=CARTESIAN_POINT('',(-16.551601459,-33.026283336,4.950000048));
#1977=DIRECTION('',(-0.978400885,-0.206716495,0.));
#1978=VECTOR('',#1977,16.865179575);
#1979=LINE('',#1976,#1978);
#1980=EDGE_CURVE('',#1973,#1975,#1979,.T.);
#1981=ORIENTED_EDGE('',*,*,#1980,.T.);
#1982=CARTESIAN_POINT('',(-52.188124919,-44.635136551,4.950000048));
#1983=VERTEX_POINT('',#1982);
#1984=CARTESIAN_POINT('',(-33.052508072,-36.512594139,4.950000048));
#1985=DIRECTION('',(-0.920505633,-0.390729293,0.));
#1986=VECTOR('',#1985,20.788158343);
#1987=LINE('',#1984,#1986);
#1988=EDGE_CURVE('',#1975,#1983,#1987,.T.);
#1989=ORIENTED_EDGE('',*,*,#1988,.T.);
#1990=CARTESIAN_POINT('',(-57.695314722,-42.410068582,4.950000048));
#1991=VERTEX_POINT('',#1990);
#1992=CARTESIAN_POINT('',(-53.829187949,-40.769012894,4.950000048));
#1993=DIRECTION('',(0.,0.,1.));
#1994=DIRECTION('',(1.,0.,-0.));
#1995=AXIS2_PLACEMENT_3D('',#1992,#1993,#1994);
#1996=CIRCLE('',#1995,4.2);
#1997=EDGE_CURVE('',#1991,#1983,#1996,.T.);
#1998=ORIENTED_EDGE('',*,*,#1997,.F.);
#1999=CARTESIAN_POINT('',(-66.309226056,-22.116745529,4.950000048));
#2000=VERTEX_POINT('',#1999);
#2001=CARTESIAN_POINT('',(-57.695314722,-42.410068582,4.950000048));
#2002=DIRECTION('',(-0.390727545,0.920506375,0.));
#2003=VECTOR('',#2002,22.045825659);
#2004=LINE('',#2001,#2003);
#2005=EDGE_CURVE('',#1991,#2000,#2004,.T.);
#2006=ORIENTED_EDGE('',*,*,#2005,.T.);
#2007=CARTESIAN_POINT('',(-66.53975757,-20.983635649,4.950000048));
#2008=VERTEX_POINT('',#2007);
#2009=CARTESIAN_POINT('',(-63.63975757,-20.983635649,4.950000048));
#2010=DIRECTION('',(0.,0.,1.));
#2011=DIRECTION('',(1.,0.,-0.));
#2012=AXIS2_PLACEMENT_3D('',#2009,#2010,#2011);
#2013=CIRCLE('',#2012,2.9);
#2014=EDGE_CURVE('',#2008,#2000,#2013,.T.);
#2015=ORIENTED_EDGE('',*,*,#2014,.F.);
#2016=CARTESIAN_POINT('',(-66.53975757,38.333718801,4.950000048));
#2017=VERTEX_POINT('',#2016);
#2018=CARTESIAN_POINT('',(-66.53975757,-20.983635649,4.950000048));
#2019=DIRECTION('',(0.,1.,0.));
#2020=VECTOR('',#2019,59.31735445);
#2021=LINE('',#2018,#2020);
#2022=EDGE_CURVE('',#2008,#2017,#2021,.T.);
#2023=ORIENTED_EDGE('',*,*,#2022,.T.);
#2024=CARTESIAN_POINT('',(-62.33975757,42.533718801,4.950000048));
#2025=VERTEX_POINT('',#2024);
#2026=CARTESIAN_POINT('',(-62.33975757,38.333718801,4.950000048));
#2027=DIRECTION('',(0.,0.,1.));
#2028=DIRECTION('',(1.,0.,-0.));
#2029=AXIS2_PLACEMENT_3D('',#2026,#2027,#2028);
#2030=CIRCLE('',#2029,4.2);
#2031=EDGE_CURVE('',#2025,#2017,#2030,.T.);
#2032=ORIENTED_EDGE('',*,*,#2031,.F.);
#2033=CARTESIAN_POINT('',(-19.708058506,42.533718801,4.950000048));
#2034=VERTEX_POINT('',#2033);
#2035=CARTESIAN_POINT('',(-62.33975757,42.533718801,4.950000048));
#2036=DIRECTION('',(1.,-0.,0.));
#2037=VECTOR('',#2036,42.631699064);
#2038=LINE('',#2035,#2037);
#2039=EDGE_CURVE('',#2025,#2034,#2038,.T.);
#2040=ORIENTED_EDGE('',*,*,#2039,.T.);
#2041=CARTESIAN_POINT('',(-16.056432156,44.658718801,4.950000048));
#2042=VERTEX_POINT('',#2041);
#2043=CARTESIAN_POINT('',(-16.056432156,40.458718801,4.950000048));
#2044=DIRECTION('',(0.,0.,1.));
#2045=DIRECTION('',(1.,0.,-0.));
#2046=AXIS2_PLACEMENT_3D('',#2043,#2044,#2045);
#2047=CIRCLE('',#2046,4.2);
#2048=EDGE_CURVE('',#2042,#2034,#2047,.T.);
#2049=ORIENTED_EDGE('',*,*,#2048,.F.);
#2050=CARTESIAN_POINT('',(-2.708058983,44.658718801,4.950000048));
#2051=VERTEX_POINT('',#2050);
#2052=CARTESIAN_POINT('',(-16.056432156,44.658718801,4.950000048));
#2053=DIRECTION('',(1.,-0.,0.));
#2054=VECTOR('',#2053,13.348373173);
#2055=LINE('',#2052,#2054);
#2056=EDGE_CURVE('',#2042,#2051,#2055,.T.);
#2057=ORIENTED_EDGE('',*,*,#2056,.T.);
#2058=CARTESIAN_POINT('',(0.943567367,46.783718801,4.950000048));
#2059=VERTEX_POINT('',#2058);
#2060=CARTESIAN_POINT('',(0.943567367,42.583718801,4.950000048));
#2061=DIRECTION('',(0.,0.,1.));
#2062=DIRECTION('',(1.,0.,-0.));
#2063=AXIS2_PLACEMENT_3D('',#2060,#2061,#2062);
#2064=CIRCLE('',#2063,4.2);
#2065=EDGE_CURVE('',#2059,#2051,#2064,.T.);
#2066=ORIENTED_EDGE('',*,*,#2065,.F.);
#2067=CARTESIAN_POINT('',(15.67692045,46.783718801,4.950000048));
#2068=VERTEX_POINT('',#2067);
#2069=CARTESIAN_POINT('',(0.943567367,46.783718801,4.950000048));
#2070=DIRECTION('',(1.,-0.,0.));
#2071=VECTOR('',#2070,14.733353083);
#2072=LINE('',#2069,#2071);
#2073=EDGE_CURVE('',#2059,#2068,#2072,.T.);
#2074=ORIENTED_EDGE('',*,*,#2073,.T.);
#2075=CARTESIAN_POINT('',(19.3285468,44.658718801,4.950000048));
#2076=VERTEX_POINT('',#2075);
#2077=CARTESIAN_POINT('',(15.67692045,42.583718801,4.950000048));
#2078=DIRECTION('',(0.,0.,1.));
#2079=DIRECTION('',(1.,0.,-0.));
#2080=AXIS2_PLACEMENT_3D('',#2077,#2078,#2079);
#2081=CIRCLE('',#2080,4.2);
#2082=EDGE_CURVE('',#2076,#2068,#2081,.T.);
#2083=ORIENTED_EDGE('',*,*,#2082,.F.);
#2084=CARTESIAN_POINT('',(32.210243956,44.658718801,4.950000048));
#2085=VERTEX_POINT('',#2084);
#2086=CARTESIAN_POINT('',(19.3285468,44.658718801,4.950000048));
#2087=DIRECTION('',(1.,-0.,0.));
#2088=VECTOR('',#2087,12.881697156);
#2089=LINE('',#2086,#2088);
#2090=EDGE_CURVE('',#2076,#2085,#2089,.T.);
#2091=ORIENTED_EDGE('',*,*,#2090,.T.);
#2092=CARTESIAN_POINT('',(36.410243956,40.458718801,4.950000048));
#2093=VERTEX_POINT('',#2092);
#2094=CARTESIAN_POINT('',(32.210243956,40.458718801,4.950000048));
#2095=DIRECTION('',(0.,0.,1.));
#2096=DIRECTION('',(1.,0.,-0.));
#2097=AXIS2_PLACEMENT_3D('',#2094,#2095,#2096);
#2098=CIRCLE('',#2097,4.2);
#2099=EDGE_CURVE('',#2093,#2085,#2098,.T.);
#2100=ORIENTED_EDGE('',*,*,#2099,.F.);
#2101=CARTESIAN_POINT('',(36.410243956,40.408718801,4.950000048));
#2102=VERTEX_POINT('',#2101);
#2103=CARTESIAN_POINT('',(36.410243956,40.458718801,4.950000048));
#2104=DIRECTION('',(-0.,-1.,0.));
#2105=VECTOR('',#2104,0.05);
#2106=LINE('',#2103,#2105);
#2107=EDGE_CURVE('',#2093,#2102,#2106,.T.);
#2108=ORIENTED_EDGE('',*,*,#2107,.T.);
#2109=CARTESIAN_POINT('',(66.210243956,40.408718801,4.950000048));
#2110=VERTEX_POINT('',#2109);
#2111=CARTESIAN_POINT('',(36.410243956,40.408718801,4.950000048));
#2112=DIRECTION('',(1.,-0.,0.));
#2113=VECTOR('',#2112,29.8);
#2114=LINE('',#2111,#2113);
#2115=EDGE_CURVE('',#2102,#2110,#2114,.T.);
#2116=ORIENTED_EDGE('',*,*,#2115,.T.);
#2117=CARTESIAN_POINT('',(70.410243956,36.208718801,4.950000048));
#2118=VERTEX_POINT('',#2117);
#2119=CARTESIAN_POINT('',(66.210243956,36.208718801,4.950000048));
#2120=DIRECTION('',(0.,0.,1.));
#2121=DIRECTION('',(1.,0.,-0.));
#2122=AXIS2_PLACEMENT_3D('',#2119,#2120,#2121);
#2123=CIRCLE('',#2122,4.2);
#2124=EDGE_CURVE('',#2118,#2110,#2123,.T.);
#2125=ORIENTED_EDGE('',*,*,#2124,.F.);
#2126=CARTESIAN_POINT('',(70.410243956,-28.591282725,4.950000048));
#2127=VERTEX_POINT('',#2126);
#2128=CARTESIAN_POINT('',(70.410243956,36.208718801,4.950000048));
#2129=DIRECTION('',(-0.,-1.,0.));
#2130=VECTOR('',#2129,64.800001526);
#2131=LINE('',#2128,#2130);
#2132=EDGE_CURVE('',#2118,#2127,#2131,.T.);
#2133=ORIENTED_EDGE('',*,*,#2132,.T.);
#2134=CARTESIAN_POINT('',(66.210243956,-32.791282725,4.950000048));
#2135=VERTEX_POINT('',#2134);
#2136=CARTESIAN_POINT('',(66.210243956,-28.591282725,4.950000048));
#2137=DIRECTION('',(0.,0.,1.));
#2138=DIRECTION('',(1.,0.,-0.));
#2139=AXIS2_PLACEMENT_3D('',#2136,#2137,#2138);
#2140=CIRCLE('',#2139,4.2);
#2141=EDGE_CURVE('',#2135,#2127,#2140,.T.);
#2142=ORIENTED_EDGE('',*,*,#2141,.F.);
#2143=CARTESIAN_POINT('',(35.410244338,-32.791282725,4.950000048));
#2144=VERTEX_POINT('',#2143);
#2145=CARTESIAN_POINT('',(66.210243956,-32.791282725,4.950000048));
#2146=DIRECTION('',(-1.,0.,0.));
#2147=VECTOR('',#2146,30.799999619);
#2148=LINE('',#2145,#2147);
#2149=EDGE_CURVE('',#2135,#2144,#2148,.T.);
#2150=ORIENTED_EDGE('',*,*,#2149,.T.);
#2151=CARTESIAN_POINT('',(31.210244338,-28.591282725,4.950000048));
#2152=VERTEX_POINT('',#2151);
#2153=CARTESIAN_POINT('',(35.410244338,-28.591282725,4.950000048));
#2154=DIRECTION('',(0.,0.,1.));
#2155=DIRECTION('',(1.,0.,-0.));
#2156=AXIS2_PLACEMENT_3D('',#2153,#2154,#2155);
#2157=CIRCLE('',#2156,4.2);
#2158=EDGE_CURVE('',#2152,#2144,#2157,.T.);
#2159=ORIENTED_EDGE('',*,*,#2158,.F.);
#2160=CARTESIAN_POINT('',(31.210244338,-28.541282725,4.950000048));
#2161=VERTEX_POINT('',#2160);
#2162=CARTESIAN_POINT('',(31.210244338,-28.591282725,4.950000048));
#2163=DIRECTION('',(0.,1.,0.));
#2164=VECTOR('',#2163,0.05);
#2165=LINE('',#2162,#2164);
#2166=EDGE_CURVE('',#2152,#2161,#2165,.T.);
#2167=ORIENTED_EDGE('',*,*,#2166,.T.);
#2168=CARTESIAN_POINT('',(18.010243956,-28.541282725,4.950000048));
#2169=VERTEX_POINT('',#2168);
#2170=CARTESIAN_POINT('',(31.210244338,-28.541282725,4.950000048));
#2171=DIRECTION('',(-1.,0.,0.));
#2172=VECTOR('',#2171,13.200000381);
#2173=LINE('',#2170,#2172);
#2174=EDGE_CURVE('',#2161,#2169,#2173,.T.);
#2175=ORIENTED_EDGE('',*,*,#2174,.T.);
#2176=CARTESIAN_POINT('',(18.010243956,-28.826283336,4.950000048));
#2177=VERTEX_POINT('',#2176);
#2178=CARTESIAN_POINT('',(18.010243956,-28.541282725,4.950000048));
#2179=DIRECTION('',(-0.,-1.,0.));
#2180=VECTOR('',#2179,0.28500061);
#2181=LINE('',#2178,#2180);
#2182=EDGE_CURVE('',#2169,#2177,#2181,.T.);
#2183=ORIENTED_EDGE('',*,*,#2182,.T.);
#2184=CARTESIAN_POINT('',(13.810243956,-33.026283336,4.950000048));
#2185=VERTEX_POINT('',#2184);
#2186=CARTESIAN_POINT('',(13.810243956,-28.826283336,4.950000048));
#2187=DIRECTION('',(0.,0.,1.));
#2188=DIRECTION('',(1.,0.,-0.));
#2189=AXIS2_PLACEMENT_3D('',#2186,#2187,#2188);
#2190=CIRCLE('',#2189,4.2);
#2191=EDGE_CURVE('',#2185,#2177,#2190,.T.);
#2192=ORIENTED_EDGE('',*,*,#2191,.F.);
#2193=CARTESIAN_POINT('',(13.810243956,-33.026283336,4.950000048));
#2194=DIRECTION('',(-1.,0.,0.));
#2195=VECTOR('',#2194,30.361845415);
#2196=LINE('',#2193,#2195);
#2197=EDGE_CURVE('',#2185,#1973,#2196,.T.);
#2198=ORIENTED_EDGE('',*,*,#2197,.T.);
#2199=EDGE_LOOP('',(#1981,#1989,#1998,#2006,#2015,#2023,#2032,#2040,#2049,#2057,#2066,#2074,#2083,#2091,#2100,#2108,#2116,#2125,#2133,#2142,#2150,#2159,#2167,#2175,#2183,#2192,
#2198));
#2200=FACE_BOUND('',#2199,.T.);
#2201=CARTESIAN_POINT('',(-55.597339264,-43.257717507,4.950000048));
#2202=VERTEX_POINT('',#2201);
#2203=CARTESIAN_POINT('',(-54.676832889,-42.866989962,4.950000048));
#2204=DIRECTION('',(-0.,-0.,-1.));
#2205=DIRECTION('',(1.,0.,-0.));
#2206=AXIS2_PLACEMENT_3D('',#2203,#2204,#2205);
#2207=CIRCLE('',#2206,1.);
#2208=EDGE_CURVE('',#1072,#2202,#2207,.T.);
#2209=ORIENTED_EDGE('',*,*,#2208,.F.);
#2210=ORIENTED_EDGE('',*,*,#1101,.F.);
#2211=CARTESIAN_POINT('',(-16.71878011,-31.426283336,4.950000048));
#2212=DIRECTION('',(-0.978400885,-0.206716495,0.));
#2213=VECTOR('',#2212,17.187405605);
#2214=LINE('',#2211,#2213);
#2215=EDGE_CURVE('',#924,#1090,#2214,.T.);
#2216=ORIENTED_EDGE('',*,*,#2215,.F.);
#2217=ORIENTED_EDGE('',*,*,#951,.F.);
#2218=CARTESIAN_POINT('',(16.410243956,-30.426283336,4.950000048));
#2219=VERTEX_POINT('',#2218);
#2220=CARTESIAN_POINT('',(15.410243956,-30.426283336,4.950000048));
#2221=DIRECTION('',(-0.,-0.,-1.));
#2222=DIRECTION('',(1.,0.,-0.));
#2223=AXIS2_PLACEMENT_3D('',#2220,#2221,#2222);
#2224=CIRCLE('',#2223,1.);
#2225=EDGE_CURVE('',#2219,#940,#2224,.T.);
#2226=ORIENTED_EDGE('',*,*,#2225,.F.);
#2227=CARTESIAN_POINT('',(16.410243956,-27.941282725,4.950000048));
#2228=VERTEX_POINT('',#2227);
#2229=CARTESIAN_POINT('',(16.410243956,-27.941282725,4.950000048));
#2230=DIRECTION('',(-0.,-1.,0.));
#2231=VECTOR('',#2230,2.48500061);
#2232=LINE('',#2229,#2231);
#2233=EDGE_CURVE('',#2228,#2219,#2232,.T.);
#2234=ORIENTED_EDGE('',*,*,#2233,.F.);
#2235=CARTESIAN_POINT('',(17.410243956,-27.941282725,4.950000048));
#2236=DIRECTION('',(0.,0.,1.));
#2237=DIRECTION('',(1.,0.,-0.));
#2238=AXIS2_PLACEMENT_3D('',#2235,#2236,#2237);
#2239=CIRCLE('',#2238,1.);
#2240=EDGE_CURVE('',#786,#2228,#2239,.T.);
#2241=ORIENTED_EDGE('',*,*,#2240,.F.);
#2242=ORIENTED_EDGE('',*,*,#815,.F.);
#2243=CARTESIAN_POINT('',(32.810244338,-27.941282725,4.950000048));
#2244=VERTEX_POINT('',#2243);
#2245=CARTESIAN_POINT('',(31.810244338,-27.941282725,4.950000048));
#2246=DIRECTION('',(0.,0.,1.));
#2247=DIRECTION('',(1.,0.,-0.));
#2248=AXIS2_PLACEMENT_3D('',#2245,#2246,#2247);
#2249=CIRCLE('',#2248,1.);
#2250=EDGE_CURVE('',#2244,#804,#2249,.T.);
#2251=ORIENTED_EDGE('',*,*,#2250,.F.);
#2252=CARTESIAN_POINT('',(32.810244338,-30.191282725,4.950000048));
#2253=VERTEX_POINT('',#2252);
#2254=CARTESIAN_POINT('',(32.810244338,-30.191282725,4.950000048));
#2255=DIRECTION('',(0.,1.,0.));
#2256=VECTOR('',#2255,2.25);
#2257=LINE('',#2254,#2256);
#2258=EDGE_CURVE('',#2253,#2244,#2257,.T.);
#2259=ORIENTED_EDGE('',*,*,#2258,.F.);
#2260=CARTESIAN_POINT('',(33.810244338,-30.191282725,4.950000048));
#2261=DIRECTION('',(-0.,-0.,-1.));
#2262=DIRECTION('',(1.,0.,-0.));
#2263=AXIS2_PLACEMENT_3D('',#2260,#2261,#2262);
#2264=CIRCLE('',#2263,1.);
#2265=EDGE_CURVE('',#650,#2253,#2264,.T.);
#2266=ORIENTED_EDGE('',*,*,#2265,.F.);
#2267=ORIENTED_EDGE('',*,*,#679,.F.);
#2268=CARTESIAN_POINT('',(68.810243956,-30.191282725,4.950000048));
#2269=VERTEX_POINT('',#2268);
#2270=CARTESIAN_POINT('',(67.810243956,-30.191282725,4.950000048));
#2271=DIRECTION('',(-0.,-0.,-1.));
#2272=DIRECTION('',(1.,0.,-0.));
#2273=AXIS2_PLACEMENT_3D('',#2270,#2271,#2272);
#2274=CIRCLE('',#2273,1.);
#2275=EDGE_CURVE('',#2269,#668,#2274,.T.);
#2276=ORIENTED_EDGE('',*,*,#2275,.F.);
#2277=CARTESIAN_POINT('',(68.810243956,37.808718801,4.950000048));
#2278=VERTEX_POINT('',#2277);
#2279=CARTESIAN_POINT('',(68.810243956,37.808718801,4.950000048));
#2280=DIRECTION('',(-0.,-1.,0.));
#2281=VECTOR('',#2280,68.000001526);
#2282=LINE('',#2279,#2281);
#2283=EDGE_CURVE('',#2278,#2269,#2282,.T.);
#2284=ORIENTED_EDGE('',*,*,#2283,.F.);
#2285=CARTESIAN_POINT('',(67.810243956,37.808718801,4.950000048));
#2286=DIRECTION('',(-0.,-0.,-1.));
#2287=DIRECTION('',(1.,0.,-0.));
#2288=AXIS2_PLACEMENT_3D('',#2285,#2286,#2287);
#2289=CIRCLE('',#2288,1.);
#2290=EDGE_CURVE('',#1224,#2278,#2289,.T.);
#2291=ORIENTED_EDGE('',*,*,#2290,.F.);
#2292=ORIENTED_EDGE('',*,*,#1253,.F.);
#2293=CARTESIAN_POINT('',(34.810243956,39.808718801,4.950000048));
#2294=VERTEX_POINT('',#2293);
#2295=CARTESIAN_POINT('',(35.810243956,39.808718801,4.950000048));
#2296=DIRECTION('',(0.,0.,1.));
#2297=DIRECTION('',(1.,0.,-0.));
#2298=AXIS2_PLACEMENT_3D('',#2295,#2296,#2297);
#2299=CIRCLE('',#2298,1.);
#2300=EDGE_CURVE('',#2294,#1242,#2299,.T.);
#2301=ORIENTED_EDGE('',*,*,#2300,.F.);
#2302=CARTESIAN_POINT('',(34.810243956,42.058718801,4.950000048));
#2303=VERTEX_POINT('',#2302);
#2304=CARTESIAN_POINT('',(34.810243956,42.058718801,4.950000048));
#2305=DIRECTION('',(-0.,-1.,0.));
#2306=VECTOR('',#2305,2.25);
#2307=LINE('',#2304,#2306);
#2308=EDGE_CURVE('',#2303,#2294,#2307,.T.);
#2309=ORIENTED_EDGE('',*,*,#2308,.F.);
#2310=CARTESIAN_POINT('',(33.810243956,43.058718801,4.950000048));
#2311=VERTEX_POINT('',#2310);
#2312=CARTESIAN_POINT('',(33.810243956,42.058718801,4.950000048));
#2313=DIRECTION('',(-0.,-0.,-1.));
#2314=DIRECTION('',(1.,0.,-0.));
#2315=AXIS2_PLACEMENT_3D('',#2312,#2313,#2314);
#2316=CIRCLE('',#2315,1.);
#2317=EDGE_CURVE('',#2311,#2303,#2316,.T.);
#2318=ORIENTED_EDGE('',*,*,#2317,.F.);
#2319=CARTESIAN_POINT('',(18.810243956,43.058718801,4.950000048));
#2320=VERTEX_POINT('',#2319);
#2321=CARTESIAN_POINT('',(18.810243956,43.058718801,4.950000048));
#2322=DIRECTION('',(1.,-0.,0.));
#2323=VECTOR('',#2322,15.);
#2324=LINE('',#2321,#2323);
#2325=EDGE_CURVE('',#2320,#2311,#2324,.T.);
#2326=ORIENTED_EDGE('',*,*,#2325,.F.);
#2327=CARTESIAN_POINT('',(17.810243956,44.058718801,4.950000048));
#2328=VERTEX_POINT('',#2327);
#2329=CARTESIAN_POINT('',(18.810243956,44.058718801,4.950000048));
#2330=DIRECTION('',(0.,0.,1.));
#2331=DIRECTION('',(1.,0.,-0.));
#2332=AXIS2_PLACEMENT_3D('',#2329,#2330,#2331);
#2333=CIRCLE('',#2332,1.);
#2334=EDGE_CURVE('',#2328,#2320,#2333,.T.);
#2335=ORIENTED_EDGE('',*,*,#2334,.F.);
#2336=CARTESIAN_POINT('',(17.810243956,44.183718801,4.950000048));
#2337=VERTEX_POINT('',#2336);
#2338=CARTESIAN_POINT('',(17.810243956,44.183718801,4.950000048));
#2339=DIRECTION('',(-0.,-1.,0.));
#2340=VECTOR('',#2339,0.125);
#2341=LINE('',#2338,#2340);
#2342=EDGE_CURVE('',#2337,#2328,#2341,.T.);
#2343=ORIENTED_EDGE('',*,*,#2342,.F.);
#2344=CARTESIAN_POINT('',(16.810243956,44.183718801,4.950000048));
#2345=DIRECTION('',(-0.,-0.,-1.));
#2346=DIRECTION('',(1.,0.,-0.));
#2347=AXIS2_PLACEMENT_3D('',#2344,#2345,#2346);
#2348=CIRCLE('',#2347,1.);
#2349=EDGE_CURVE('',#1376,#2337,#2348,.T.);
#2350=ORIENTED_EDGE('',*,*,#2349,.F.);
#2351=ORIENTED_EDGE('',*,*,#1405,.F.);
#2352=CARTESIAN_POINT('',(-1.189756139,44.183718801,4.950000048));
#2353=VERTEX_POINT('',#2352);
#2354=CARTESIAN_POINT('',(-0.189756139,44.183718801,4.950000048));
#2355=DIRECTION('',(-0.,-0.,-1.));
#2356=DIRECTION('',(1.,0.,-0.));
#2357=AXIS2_PLACEMENT_3D('',#2354,#2355,#2356);
#2358=CIRCLE('',#2357,1.);
#2359=EDGE_CURVE('',#2353,#1394,#2358,.T.);
#2360=ORIENTED_EDGE('',*,*,#2359,.F.);
#2361=CARTESIAN_POINT('',(-1.189756139,44.058718801,4.950000048));
#2362=VERTEX_POINT('',#2361);
#2363=CARTESIAN_POINT('',(-1.189756139,44.058718801,4.950000048));
#2364=DIRECTION('',(0.,1.,0.));
#2365=VECTOR('',#2364,0.125);
#2366=LINE('',#2363,#2365);
#2367=EDGE_CURVE('',#2362,#2353,#2366,.T.);
#2368=ORIENTED_EDGE('',*,*,#2367,.F.);
#2369=CARTESIAN_POINT('',(-2.189756139,43.058718801,4.950000048));
#2370=VERTEX_POINT('',#2369);
#2371=CARTESIAN_POINT('',(-2.189756139,44.058718801,4.950000048));
#2372=DIRECTION('',(0.,0.,1.));
#2373=DIRECTION('',(1.,0.,-0.));
#2374=AXIS2_PLACEMENT_3D('',#2371,#2372,#2373);
#2375=CIRCLE('',#2374,1.);
#2376=EDGE_CURVE('',#2370,#2362,#2375,.T.);
#2377=ORIENTED_EDGE('',*,*,#2376,.F.);
#2378=CARTESIAN_POINT('',(-17.189755662,43.058718801,4.950000048));
#2379=VERTEX_POINT('',#2378);
#2380=CARTESIAN_POINT('',(-17.189755662,43.058718801,4.950000048));
#2381=DIRECTION('',(1.,-0.,0.));
#2382=VECTOR('',#2381,14.999999523);
#2383=LINE('',#2380,#2382);
#2384=EDGE_CURVE('',#2379,#2370,#2383,.T.);
#2385=ORIENTED_EDGE('',*,*,#2384,.F.);
#2386=CARTESIAN_POINT('',(-18.189755662,42.058718801,4.950000048));
#2387=VERTEX_POINT('',#2386);
#2388=CARTESIAN_POINT('',(-17.189755662,42.058718801,4.950000048));
#2389=DIRECTION('',(-0.,-0.,-1.));
#2390=DIRECTION('',(1.,0.,-0.));
#2391=AXIS2_PLACEMENT_3D('',#2388,#2389,#2390);
#2392=CIRCLE('',#2391,1.);
#2393=EDGE_CURVE('',#2387,#2379,#2392,.T.);
#2394=ORIENTED_EDGE('',*,*,#2393,.F.);
#2395=CARTESIAN_POINT('',(-18.189755662,41.933718801,4.950000048));
#2396=VERTEX_POINT('',#2395);
#2397=CARTESIAN_POINT('',(-18.189755662,41.933718801,4.950000048));
#2398=DIRECTION('',(0.,1.,0.));
#2399=VECTOR('',#2398,0.125);
#2400=LINE('',#2397,#2399);
#2401=EDGE_CURVE('',#2396,#2387,#2400,.T.);
#2402=ORIENTED_EDGE('',*,*,#2401,.F.);
#2403=CARTESIAN_POINT('',(-19.189755662,41.933718801,4.950000048));
#2404=DIRECTION('',(0.,0.,1.));
#2405=DIRECTION('',(1.,0.,-0.));
#2406=AXIS2_PLACEMENT_3D('',#2403,#2404,#2405);
#2407=CIRCLE('',#2406,1.);
#2408=EDGE_CURVE('',#1512,#2396,#2407,.T.);
#2409=ORIENTED_EDGE('',*,*,#2408,.F.);
#2410=ORIENTED_EDGE('',*,*,#1541,.F.);
#2411=CARTESIAN_POINT('',(-64.93975757,39.933718801,4.950000048));
#2412=VERTEX_POINT('',#2411);
#2413=CARTESIAN_POINT('',(-63.93975757,39.933718801,4.950000048));
#2414=DIRECTION('',(-0.,-0.,-1.));
#2415=DIRECTION('',(1.,0.,-0.));
#2416=AXIS2_PLACEMENT_3D('',#2413,#2414,#2415);
#2417=CIRCLE('',#2416,1.);
#2418=EDGE_CURVE('',#2412,#1530,#2417,.T.);
#2419=ORIENTED_EDGE('',*,*,#2418,.F.);
#2420=CARTESIAN_POINT('',(-64.93975757,-21.248121003,4.950000048));
#2421=VERTEX_POINT('',#2420);
#2422=CARTESIAN_POINT('',(-64.93975757,39.933718801,4.950000048));
#2423=DIRECTION('',(-0.,-1.,0.));
#2424=VECTOR('',#2423,61.181839804);
#2425=LINE('',#2422,#2424);
#2426=EDGE_CURVE('',#2412,#2421,#2425,.T.);
#2427=ORIENTED_EDGE('',*,*,#2426,.T.);
#2428=CARTESIAN_POINT('',(-64.93975757,-21.248121003,4.950000048));
#2429=DIRECTION('',(0.390727545,-0.920506375,0.));
#2430=VECTOR('',#2429,23.910314052);
#2431=LINE('',#2428,#2430);
#2432=EDGE_CURVE('',#2421,#2202,#2431,.T.);
#2433=ORIENTED_EDGE('',*,*,#2432,.T.);
#2434=EDGE_LOOP('',(#2209,#2210,#2216,#2217,#2226,#2234,#2241,#2242,#2251,#2259,#2266,#2267,#2276,#2284,#2291,#2292,#2301,#2309,#2318,#2326,#2335,#2343,#2350,#2351,#2360,#2368,
#2377,#2385,#2394,#2402,#2409,#2410,#2419,#2427,#2433));
#2435=FACE_BOUND('',#2434,.T.);
#2436=ADVANCED_FACE('',(#2200,#2435),#1971,.F.);
#2437=CARTESIAN_POINT('',(-66.53975757,13.733717275,-2.2));
#2438=DIRECTION('',(1.,-0.,0.));
#2439=DIRECTION('',(0.,0.984295049,-0.176531178));
#2440=AXIS2_PLACEMENT_3D('',#2437,#2438,#2439);
#2441=PLANE('',#2440);
#2442=CARTESIAN_POINT('',(-66.53975757,38.333718801,-0.635193293));
#2443=VERTEX_POINT('',#2442);
#2444=CARTESIAN_POINT('',(-66.53975757,38.333718801,4.950000048));
#2445=DIRECTION('',(-0.,-0.,-1.));
#2446=VECTOR('',#2445,5.585193341);
#2447=LINE('',#2444,#2446);
#2448=EDGE_CURVE('',#2017,#2443,#2447,.T.);
#2449=ORIENTED_EDGE('',*,*,#2448,.F.);
#2450=ORIENTED_EDGE('',*,*,#2022,.F.);
#2451=CARTESIAN_POINT('',(-66.53975757,-20.983635649,-0.635193293));
#2452=VERTEX_POINT('',#2451);
#2453=CARTESIAN_POINT('',(-66.53975757,-20.983635649,-0.635193293));
#2454=DIRECTION('',(0.,0.,1.));
#2455=VECTOR('',#2454,5.585193341);
#2456=LINE('',#2453,#2455);
#2457=EDGE_CURVE('',#2452,#2008,#2456,.T.);
#2458=ORIENTED_EDGE('',*,*,#2457,.F.);
#2459=CARTESIAN_POINT('',(-66.53975757,-20.983635649,-0.635193293));
#2460=DIRECTION('',(0.,1.,0.));
#2461=VECTOR('',#2460,59.31735445);
#2462=LINE('',#2459,#2461);
#2463=EDGE_CURVE('',#2452,#2443,#2462,.T.);
#2464=ORIENTED_EDGE('',*,*,#2463,.T.);
#2465=EDGE_LOOP('',(#2449,#2450,#2458,#2464));
#2466=FACE_BOUND('',#2465,.T.);
#2467=ADVANCED_FACE('',(#2466),#2441,.T.);
#2468=CARTESIAN_POINT('',(-64.93975757,13.733717275,5.5));
#2469=DIRECTION('',(1.,-0.,0.));
#2470=DIRECTION('',(0.,0.984295049,-0.176531178));
#2471=AXIS2_PLACEMENT_3D('',#2468,#2469,#2470);
#2472=PLANE('',#2471);
#2473=CARTESIAN_POINT('',(-64.93975757,39.933718801,11.700000048));
#2474=VERTEX_POINT('',#2473);
#2475=CARTESIAN_POINT('',(-64.93975757,39.933718801,4.950000048));
#2476=DIRECTION('',(0.,0.,1.));
#2477=VECTOR('',#2476,6.75);
#2478=LINE('',#2475,#2477);
#2479=EDGE_CURVE('',#2412,#2474,#2478,.T.);
#2480=ORIENTED_EDGE('',*,*,#2479,.T.);
#2481=CARTESIAN_POINT('',(-64.93975757,-21.248121003,11.700000048));
#2482=VERTEX_POINT('',#2481);
#2483=CARTESIAN_POINT('',(-64.93975757,39.933718801,11.700000048));
#2484=DIRECTION('',(-0.,-1.,0.));
#2485=VECTOR('',#2484,61.181839804);
#2486=LINE('',#2483,#2485);
#2487=EDGE_CURVE('',#2474,#2482,#2486,.T.);
#2488=ORIENTED_EDGE('',*,*,#2487,.T.);
#2489=CARTESIAN_POINT('',(-64.93975757,-21.248121003,4.950000048));
#2490=DIRECTION('',(0.,0.,1.));
#2491=VECTOR('',#2490,6.75);
#2492=LINE('',#2489,#2491);
#2493=EDGE_CURVE('',#2421,#2482,#2492,.T.);
#2494=ORIENTED_EDGE('',*,*,#2493,.F.);
#2495=ORIENTED_EDGE('',*,*,#2426,.F.);
#2496=EDGE_LOOP('',(#2480,#2488,#2494,#2495));
#2497=FACE_BOUND('',#2496,.T.);
#2498=ADVANCED_FACE('',(#2497),#2472,.T.);
#2499=CARTESIAN_POINT('',(74.010243956,263.141606769,-0.635193293));
#2500=DIRECTION('',(0.,0.,1.));
#2501=DIRECTION('',(1.,0.,0.));
#2502=AXIS2_PLACEMENT_3D('',#2499,#2500,#2501);
#2503=PLANE('',#2502);
#2504=CARTESIAN_POINT('',(-33.684195763,43.533718801,-0.635193293));
#2505=VERTEX_POINT('',#2504);
#2506=CARTESIAN_POINT('',(-33.684195763,43.933718801,-0.635193293));
#2507=VERTEX_POINT('',#2506);
#2508=CARTESIAN_POINT('',(-33.684195763,43.533718801,-0.635193293));
#2509=DIRECTION('',(0.,1.,0.));
#2510=VECTOR('',#2509,0.4);
#2511=LINE('',#2508,#2510);
#2512=EDGE_CURVE('',#2505,#2507,#2511,.T.);
#2513=ORIENTED_EDGE('',*,*,#2512,.T.);
#2514=CARTESIAN_POINT('',(-21.473312286,43.933718801,-0.635193293));
#2515=VERTEX_POINT('',#2514);
#2516=CARTESIAN_POINT('',(-33.684195763,43.933718801,-0.635193293));
#2517=DIRECTION('',(1.,-0.,0.));
#2518=VECTOR('',#2517,12.210883477);
#2519=LINE('',#2516,#2518);
#2520=EDGE_CURVE('',#2507,#2515,#2519,.T.);
#2521=ORIENTED_EDGE('',*,*,#2520,.T.);
#2522=CARTESIAN_POINT('',(-19.001597294,46.058718801,-0.635193293));
#2523=VERTEX_POINT('',#2522);
#2524=CARTESIAN_POINT('',(-19.001597294,43.558718801,-0.635193293));
#2525=DIRECTION('',(-0.,-0.,-1.));
#2526=DIRECTION('',(1.,0.,-0.));
#2527=AXIS2_PLACEMENT_3D('',#2524,#2525,#2526);
#2528=CIRCLE('',#2527,2.5);
#2529=EDGE_CURVE('',#2515,#2523,#2528,.T.);
#2530=ORIENTED_EDGE('',*,*,#2529,.T.);
#2531=CARTESIAN_POINT('',(-4.453116694,46.058718801,-0.635193293));
#2532=VERTEX_POINT('',#2531);
#2533=CARTESIAN_POINT('',(-19.001597294,46.058718801,-0.635193293));
#2534=DIRECTION('',(1.,-0.,0.));
#2535=VECTOR('',#2534,14.5484806);
#2536=LINE('',#2533,#2535);
#2537=EDGE_CURVE('',#2523,#2532,#2536,.T.);
#2538=ORIENTED_EDGE('',*,*,#2537,.T.);
#2539=CARTESIAN_POINT('',(-1.981401703,48.183718801,-0.635193293));
#2540=VERTEX_POINT('',#2539);
#2541=CARTESIAN_POINT('',(-1.981401703,45.683718801,-0.635193293));
#2542=DIRECTION('',(-0.,-0.,-1.));
#2543=DIRECTION('',(1.,0.,-0.));
#2544=AXIS2_PLACEMENT_3D('',#2541,#2542,#2543);
#2545=CIRCLE('',#2544,2.5);
#2546=EDGE_CURVE('',#2532,#2540,#2545,.T.);
#2547=ORIENTED_EDGE('',*,*,#2546,.T.);
#2548=CARTESIAN_POINT('',(18.622085588,48.183718801,-0.635193293));
#2549=VERTEX_POINT('',#2548);
#2550=CARTESIAN_POINT('',(-1.981401703,48.183718801,-0.635193293));
#2551=DIRECTION('',(1.,-0.,0.));
#2552=VECTOR('',#2551,20.60348729);
#2553=LINE('',#2550,#2552);
#2554=EDGE_CURVE('',#2540,#2549,#2553,.T.);
#2555=ORIENTED_EDGE('',*,*,#2554,.T.);
#2556=CARTESIAN_POINT('',(21.09380058,46.058718801,-0.635193293));
#2557=VERTEX_POINT('',#2556);
#2558=CARTESIAN_POINT('',(18.622085588,45.683718801,-0.635193293));
#2559=DIRECTION('',(-0.,-0.,-1.));
#2560=DIRECTION('',(1.,0.,-0.));
#2561=AXIS2_PLACEMENT_3D('',#2558,#2559,#2560);
#2562=CIRCLE('',#2561,2.5);
#2563=EDGE_CURVE('',#2549,#2557,#2562,.T.);
#2564=ORIENTED_EDGE('',*,*,#2563,.T.);
#2565=CARTESIAN_POINT('',(35.310243956,46.058718801,-0.635193293));
#2566=VERTEX_POINT('',#2565);
#2567=CARTESIAN_POINT('',(21.09380058,46.058718801,-0.635193293));
#2568=DIRECTION('',(1.,-0.,0.));
#2569=VECTOR('',#2568,14.216443377);
#2570=LINE('',#2567,#2569);
#2571=EDGE_CURVE('',#2557,#2566,#2570,.T.);
#2572=ORIENTED_EDGE('',*,*,#2571,.T.);
#2573=CARTESIAN_POINT('',(37.810243956,43.558718801,-0.635193293));
#2574=VERTEX_POINT('',#2573);
#2575=CARTESIAN_POINT('',(35.310243956,43.558718801,-0.635193293));
#2576=DIRECTION('',(-0.,-0.,-1.));
#2577=DIRECTION('',(1.,0.,-0.));
#2578=AXIS2_PLACEMENT_3D('',#2575,#2576,#2577);
#2579=CIRCLE('',#2578,2.5);
#2580=EDGE_CURVE('',#2566,#2574,#2579,.T.);
#2581=ORIENTED_EDGE('',*,*,#2580,.T.);
#2582=CARTESIAN_POINT('',(37.810243956,41.808718801,-0.635193293));
#2583=VERTEX_POINT('',#2582);
#2584=CARTESIAN_POINT('',(37.810243956,43.558718801,-0.635193293));
#2585=DIRECTION('',(-0.,-1.,0.));
#2586=VECTOR('',#2585,1.75);
#2587=LINE('',#2584,#2586);
#2588=EDGE_CURVE('',#2574,#2583,#2587,.T.);
#2589=ORIENTED_EDGE('',*,*,#2588,.T.);
#2590=CARTESIAN_POINT('',(69.310243956,41.808718801,-0.635193293));
#2591=VERTEX_POINT('',#2590);
#2592=CARTESIAN_POINT('',(37.810243956,41.808718801,-0.635193293));
#2593=DIRECTION('',(1.,-0.,0.));
#2594=VECTOR('',#2593,31.5);
#2595=LINE('',#2592,#2594);
#2596=EDGE_CURVE('',#2583,#2591,#2595,.T.);
#2597=ORIENTED_EDGE('',*,*,#2596,.T.);
#2598=CARTESIAN_POINT('',(71.810243956,39.308718801,-0.635193293));
#2599=VERTEX_POINT('',#2598);
#2600=CARTESIAN_POINT('',(69.310243956,39.308718801,-0.635193293));
#2601=DIRECTION('',(-0.,-0.,-1.));
#2602=DIRECTION('',(1.,0.,-0.));
#2603=AXIS2_PLACEMENT_3D('',#2600,#2601,#2602);
#2604=CIRCLE('',#2603,2.5);
#2605=EDGE_CURVE('',#2591,#2599,#2604,.T.);
#2606=ORIENTED_EDGE('',*,*,#2605,.T.);
#2607=CARTESIAN_POINT('',(71.810243956,-31.691282725,-0.635193293));
#2608=VERTEX_POINT('',#2607);
#2609=CARTESIAN_POINT('',(71.810243956,39.308718801,-0.635193293));
#2610=DIRECTION('',(-0.,-1.,0.));
#2611=VECTOR('',#2610,71.000001526);
#2612=LINE('',#2609,#2611);
#2613=EDGE_CURVE('',#2599,#2608,#2612,.T.);
#2614=ORIENTED_EDGE('',*,*,#2613,.T.);
#2615=CARTESIAN_POINT('',(69.310243956,-34.191282725,-0.635193293));
#2616=VERTEX_POINT('',#2615);
#2617=CARTESIAN_POINT('',(69.310243956,-31.691282725,-0.635193293));
#2618=DIRECTION('',(-0.,-0.,-1.));
#2619=DIRECTION('',(1.,0.,-0.));
#2620=AXIS2_PLACEMENT_3D('',#2617,#2618,#2619);
#2621=CIRCLE('',#2620,2.5);
#2622=EDGE_CURVE('',#2608,#2616,#2621,.T.);
#2623=ORIENTED_EDGE('',*,*,#2622,.T.);
#2624=CARTESIAN_POINT('',(32.310244338,-34.191282725,-0.635193293));
#2625=VERTEX_POINT('',#2624);
#2626=CARTESIAN_POINT('',(69.310243956,-34.191282725,-0.635193293));
#2627=DIRECTION('',(-1.,0.,0.));
#2628=VECTOR('',#2627,36.999999619);
#2629=LINE('',#2626,#2628);
#2630=EDGE_CURVE('',#2616,#2625,#2629,.T.);
#2631=ORIENTED_EDGE('',*,*,#2630,.T.);
#2632=CARTESIAN_POINT('',(29.810244338,-31.691282725,-0.635193293));
#2633=VERTEX_POINT('',#2632);
#2634=CARTESIAN_POINT('',(32.310244338,-31.691282725,-0.635193293));
#2635=DIRECTION('',(-0.,-0.,-1.));
#2636=DIRECTION('',(1.,0.,-0.));
#2637=AXIS2_PLACEMENT_3D('',#2634,#2635,#2636);
#2638=CIRCLE('',#2637,2.5);
#2639=EDGE_CURVE('',#2625,#2633,#2638,.T.);
#2640=ORIENTED_EDGE('',*,*,#2639,.T.);
#2641=CARTESIAN_POINT('',(29.810244338,-29.941282725,-0.635193293));
#2642=VERTEX_POINT('',#2641);
#2643=CARTESIAN_POINT('',(29.810244338,-31.691282725,-0.635193293));
#2644=DIRECTION('',(0.,1.,0.));
#2645=VECTOR('',#2644,1.75);
#2646=LINE('',#2643,#2645);
#2647=EDGE_CURVE('',#2633,#2642,#2646,.T.);
#2648=ORIENTED_EDGE('',*,*,#2647,.T.);
#2649=CARTESIAN_POINT('',(19.210243956,-29.941282725,-0.635193293));
#2650=VERTEX_POINT('',#2649);
#2651=CARTESIAN_POINT('',(29.810244338,-29.941282725,-0.635193293));
#2652=DIRECTION('',(-1.,0.,0.));
#2653=VECTOR('',#2652,10.600000381);
#2654=LINE('',#2651,#2653);
#2655=EDGE_CURVE('',#2642,#2650,#2654,.T.);
#2656=ORIENTED_EDGE('',*,*,#2655,.T.);
#2657=CARTESIAN_POINT('',(19.210243956,-31.926283336,-0.635193293));
#2658=VERTEX_POINT('',#2657);
#2659=CARTESIAN_POINT('',(19.210243956,-29.941282725,-0.635193293));
#2660=DIRECTION('',(-0.,-1.,0.));
#2661=VECTOR('',#2660,1.98500061);
#2662=LINE('',#2659,#2661);
#2663=EDGE_CURVE('',#2650,#2658,#2662,.T.);
#2664=ORIENTED_EDGE('',*,*,#2663,.T.);
#2665=CARTESIAN_POINT('',(16.710243956,-34.426283336,-0.635193293));
#2666=VERTEX_POINT('',#2665);
#2667=CARTESIAN_POINT('',(16.710243956,-31.926283336,-0.635193293));
#2668=DIRECTION('',(-0.,-0.,-1.));
#2669=DIRECTION('',(1.,0.,-0.));
#2670=AXIS2_PLACEMENT_3D('',#2667,#2668,#2669);
#2671=CIRCLE('',#2670,2.5);
#2672=EDGE_CURVE('',#2658,#2666,#2671,.T.);
#2673=ORIENTED_EDGE('',*,*,#2672,.T.);
#2674=CARTESIAN_POINT('',(-16.405320139,-34.426283336,-0.635193293));
#2675=VERTEX_POINT('',#2674);
#2676=CARTESIAN_POINT('',(16.710243956,-34.426283336,-0.635193293));
#2677=DIRECTION('',(-1.,0.,0.));
#2678=VECTOR('',#2677,33.115564095);
#2679=LINE('',#2676,#2678);
#2680=EDGE_CURVE('',#2666,#2675,#2679,.T.);
#2681=ORIENTED_EDGE('',*,*,#2680,.T.);
#2682=CARTESIAN_POINT('',(-32.630368799,-37.854310883,-0.635193293));
#2683=VERTEX_POINT('',#2682);
#2684=CARTESIAN_POINT('',(-16.405320139,-34.426283336,-0.635193293));
#2685=DIRECTION('',(-0.978400885,-0.206716495,0.));
#2686=VECTOR('',#2685,16.583231799);
#2687=LINE('',#2684,#2686);
#2688=EDGE_CURVE('',#2675,#2683,#2687,.T.);
#2689=ORIENTED_EDGE('',*,*,#2688,.T.);
#2690=CARTESIAN_POINT('',(-54.494676789,-47.135107545,-0.635193293));
#2691=VERTEX_POINT('',#2690);
#2692=CARTESIAN_POINT('',(-32.630368799,-37.854310883,-0.635193293));
#2693=DIRECTION('',(-0.920505633,-0.390729293,0.));
#2694=VECTOR('',#2693,23.752497774);
#2695=LINE('',#2692,#2694);
#2696=EDGE_CURVE('',#2683,#2691,#2695,.T.);
#2697=ORIENTED_EDGE('',*,*,#2696,.T.);
#2698=CARTESIAN_POINT('',(-57.772765958,-45.810662325,-0.635193293));
#2699=VERTEX_POINT('',#2698);
#2700=CARTESIAN_POINT('',(-55.471500021,-44.833843463,-0.635193293));
#2701=DIRECTION('',(-0.,-0.,-1.));
#2702=DIRECTION('',(1.,0.,-0.));
#2703=AXIS2_PLACEMENT_3D('',#2700,#2701,#2702);
#2704=CIRCLE('',#2703,2.5);
#2705=EDGE_CURVE('',#2691,#2699,#2704,.T.);
#2706=ORIENTED_EDGE('',*,*,#2705,.T.);
#2707=CARTESIAN_POINT('',(-67.87616267,-22.008293638,-0.635193293));
#2708=VERTEX_POINT('',#2707);
#2709=CARTESIAN_POINT('',(-57.772765958,-45.810662325,-0.635193293));
#2710=DIRECTION('',(-0.390727545,0.920506375,0.));
#2711=VECTOR('',#2710,25.8579075);
#2712=LINE('',#2709,#2711);
#2713=EDGE_CURVE('',#2699,#2708,#2712,.T.);
#2714=ORIENTED_EDGE('',*,*,#2713,.T.);
#2715=CARTESIAN_POINT('',(-67.93975757,-21.695711602,-0.635193293));
#2716=VERTEX_POINT('',#2715);
#2717=CARTESIAN_POINT('',(-67.13975757,-21.695711602,-0.635193293));
#2718=DIRECTION('',(-0.,-0.,-1.));
#2719=DIRECTION('',(1.,0.,-0.));
#2720=AXIS2_PLACEMENT_3D('',#2717,#2718,#2719);
#2721=CIRCLE('',#2720,0.8);
#2722=EDGE_CURVE('',#2708,#2716,#2721,.T.);
#2723=ORIENTED_EDGE('',*,*,#2722,.T.);
#2724=CARTESIAN_POINT('',(-67.93975757,41.433718801,-0.635193293));
#2725=VERTEX_POINT('',#2724);
#2726=CARTESIAN_POINT('',(-67.93975757,-21.695711602,-0.635193293));
#2727=DIRECTION('',(0.,1.,0.));
#2728=VECTOR('',#2727,63.129430403);
#2729=LINE('',#2726,#2728);
#2730=EDGE_CURVE('',#2716,#2725,#2729,.T.);
#2731=ORIENTED_EDGE('',*,*,#2730,.T.);
#2732=CARTESIAN_POINT('',(-65.43975757,43.933718801,-0.635193293));
#2733=VERTEX_POINT('',#2732);
#2734=CARTESIAN_POINT('',(-65.43975757,41.433718801,-0.635193293));
#2735=DIRECTION('',(-0.,-0.,-1.));
#2736=DIRECTION('',(1.,0.,-0.));
#2737=AXIS2_PLACEMENT_3D('',#2734,#2735,#2736);
#2738=CIRCLE('',#2737,2.5);
#2739=EDGE_CURVE('',#2725,#2733,#2738,.T.);
#2740=ORIENTED_EDGE('',*,*,#2739,.T.);
#2741=CARTESIAN_POINT('',(-48.3,43.933718801,-0.635193293));
#2742=VERTEX_POINT('',#2741);
#2743=CARTESIAN_POINT('',(-65.43975757,43.933718801,-0.635193293));
#2744=DIRECTION('',(1.,-0.,0.));
#2745=VECTOR('',#2744,17.13975757);
#2746=LINE('',#2743,#2745);
#2747=EDGE_CURVE('',#2733,#2742,#2746,.T.);
#2748=ORIENTED_EDGE('',*,*,#2747,.T.);
#2749=CARTESIAN_POINT('',(-48.3,43.533718801,-0.635193293));
#2750=VERTEX_POINT('',#2749);
#2751=CARTESIAN_POINT('',(-48.3,43.933718801,-0.635193293));
#2752=DIRECTION('',(0.,-1.,0.));
#2753=VECTOR('',#2752,0.4);
#2754=LINE('',#2751,#2753);
#2755=EDGE_CURVE('',#2742,#2750,#2754,.T.);
#2756=ORIENTED_EDGE('',*,*,#2755,.T.);
#2757=CARTESIAN_POINT('',(-48.3,43.533718801,-0.635193293));
#2758=DIRECTION('',(1.,0.,-0.));
#2759=VECTOR('',#2758,14.615804237);
#2760=LINE('',#2757,#2759);
#2761=EDGE_CURVE('',#2750,#2505,#2760,.T.);
#2762=ORIENTED_EDGE('',*,*,#2761,.T.);
#2763=EDGE_LOOP('',(#2513,#2521,#2530,#2538,#2547,#2555,#2564,#2572,#2581,#2589,#2597,#2606,#2614,#2623,#2631,#2640,#2648,#2656,#2664,#2673,#2681,#2689,#2697,#2706,#2714,#2723,
#2731,#2740,#2748,#2756,#2762));
#2764=FACE_BOUND('',#2763,.T.);
#2765=CARTESIAN_POINT('',(-16.056432156,44.658718801,-0.635193293));
#2766=VERTEX_POINT('',#2765);
#2767=CARTESIAN_POINT('',(-19.708058506,42.533718801,-0.635193293));
#2768=VERTEX_POINT('',#2767);
#2769=CARTESIAN_POINT('',(-16.056432156,40.458718801,-0.635193293));
#2770=DIRECTION('',(0.,0.,1.));
#2771=DIRECTION('',(1.,0.,-0.));
#2772=AXIS2_PLACEMENT_3D('',#2769,#2770,#2771);
#2773=CIRCLE('',#2772,4.2);
#2774=EDGE_CURVE('',#2766,#2768,#2773,.T.);
#2775=ORIENTED_EDGE('',*,*,#2774,.T.);
#2776=CARTESIAN_POINT('',(-62.33975757,42.533718801,-0.635193293));
#2777=VERTEX_POINT('',#2776);
#2778=CARTESIAN_POINT('',(-62.33975757,42.533718801,-0.635193293));
#2779=DIRECTION('',(1.,-0.,0.));
#2780=VECTOR('',#2779,42.631699064);
#2781=LINE('',#2778,#2780);
#2782=EDGE_CURVE('',#2777,#2768,#2781,.T.);
#2783=ORIENTED_EDGE('',*,*,#2782,.F.);
#2784=CARTESIAN_POINT('',(-62.33975757,38.333718801,-0.635193293));
#2785=DIRECTION('',(0.,0.,1.));
#2786=DIRECTION('',(1.,0.,-0.));
#2787=AXIS2_PLACEMENT_3D('',#2784,#2785,#2786);
#2788=CIRCLE('',#2787,4.2);
#2789=EDGE_CURVE('',#2777,#2443,#2788,.T.);
#2790=ORIENTED_EDGE('',*,*,#2789,.T.);
#2791=ORIENTED_EDGE('',*,*,#2463,.F.);
#2792=CARTESIAN_POINT('',(-66.309226056,-22.116745529,-0.635193293));
#2793=VERTEX_POINT('',#2792);
#2794=CARTESIAN_POINT('',(-63.63975757,-20.983635649,-0.635193293));
#2795=DIRECTION('',(0.,0.,1.));
#2796=DIRECTION('',(1.,0.,-0.));
#2797=AXIS2_PLACEMENT_3D('',#2794,#2795,#2796);
#2798=CIRCLE('',#2797,2.9);
#2799=EDGE_CURVE('',#2452,#2793,#2798,.T.);
#2800=ORIENTED_EDGE('',*,*,#2799,.T.);
#2801=CARTESIAN_POINT('',(-57.695314722,-42.410068582,-0.635193293));
#2802=VERTEX_POINT('',#2801);
#2803=CARTESIAN_POINT('',(-57.695314722,-42.410068582,-0.635193293));
#2804=DIRECTION('',(-0.390727545,0.920506375,0.));
#2805=VECTOR('',#2804,22.045825659);
#2806=LINE('',#2803,#2805);
#2807=EDGE_CURVE('',#2802,#2793,#2806,.T.);
#2808=ORIENTED_EDGE('',*,*,#2807,.F.);
#2809=CARTESIAN_POINT('',(-52.188124919,-44.635136551,-0.635193293));
#2810=VERTEX_POINT('',#2809);
#2811=CARTESIAN_POINT('',(-53.829187949,-40.769012894,-0.635193293));
#2812=DIRECTION('',(0.,0.,1.));
#2813=DIRECTION('',(1.,0.,-0.));
#2814=AXIS2_PLACEMENT_3D('',#2811,#2812,#2813);
#2815=CIRCLE('',#2814,4.2);
#2816=EDGE_CURVE('',#2802,#2810,#2815,.T.);
#2817=ORIENTED_EDGE('',*,*,#2816,.T.);
#2818=CARTESIAN_POINT('',(-33.052508072,-36.512594139,-0.635193293));
#2819=VERTEX_POINT('',#2818);
#2820=CARTESIAN_POINT('',(-33.052508072,-36.512594139,-0.635193293));
#2821=DIRECTION('',(-0.920505633,-0.390729293,0.));
#2822=VECTOR('',#2821,20.788158343);
#2823=LINE('',#2820,#2822);
#2824=EDGE_CURVE('',#2819,#2810,#2823,.T.);
#2825=ORIENTED_EDGE('',*,*,#2824,.F.);
#2826=CARTESIAN_POINT('',(-16.551601459,-33.026283336,-0.635193293));
#2827=VERTEX_POINT('',#2826);
#2828=CARTESIAN_POINT('',(-16.551601459,-33.026283336,-0.635193293));
#2829=DIRECTION('',(-0.978400885,-0.206716495,0.));
#2830=VECTOR('',#2829,16.865179575);
#2831=LINE('',#2828,#2830);
#2832=EDGE_CURVE('',#2827,#2819,#2831,.T.);
#2833=ORIENTED_EDGE('',*,*,#2832,.F.);
#2834=CARTESIAN_POINT('',(13.810243956,-33.026283336,-0.635193293));
#2835=VERTEX_POINT('',#2834);
#2836=CARTESIAN_POINT('',(13.810243956,-33.026283336,-0.635193293));
#2837=DIRECTION('',(-1.,0.,0.));
#2838=VECTOR('',#2837,30.361845415);
#2839=LINE('',#2836,#2838);
#2840=EDGE_CURVE('',#2835,#2827,#2839,.T.);
#2841=ORIENTED_EDGE('',*,*,#2840,.F.);
#2842=CARTESIAN_POINT('',(18.010243956,-28.826283336,-0.635193293));
#2843=VERTEX_POINT('',#2842);
#2844=CARTESIAN_POINT('',(13.810243956,-28.826283336,-0.635193293));
#2845=DIRECTION('',(0.,0.,1.));
#2846=DIRECTION('',(1.,0.,-0.));
#2847=AXIS2_PLACEMENT_3D('',#2844,#2845,#2846);
#2848=CIRCLE('',#2847,4.2);
#2849=EDGE_CURVE('',#2835,#2843,#2848,.T.);
#2850=ORIENTED_EDGE('',*,*,#2849,.T.);
#2851=CARTESIAN_POINT('',(18.010243956,-28.541282725,-0.635193293));
#2852=VERTEX_POINT('',#2851);
#2853=CARTESIAN_POINT('',(18.010243956,-28.541282725,-0.635193293));
#2854=DIRECTION('',(-0.,-1.,0.));
#2855=VECTOR('',#2854,0.28500061);
#2856=LINE('',#2853,#2855);
#2857=EDGE_CURVE('',#2852,#2843,#2856,.T.);
#2858=ORIENTED_EDGE('',*,*,#2857,.F.);
#2859=CARTESIAN_POINT('',(31.210244338,-28.541282725,-0.635193293));
#2860=VERTEX_POINT('',#2859);
#2861=CARTESIAN_POINT('',(31.210244338,-28.541282725,-0.635193293));
#2862=DIRECTION('',(-1.,0.,0.));
#2863=VECTOR('',#2862,13.200000381);
#2864=LINE('',#2861,#2863);
#2865=EDGE_CURVE('',#2860,#2852,#2864,.T.);
#2866=ORIENTED_EDGE('',*,*,#2865,.F.);
#2867=CARTESIAN_POINT('',(31.210244338,-28.591282725,-0.635193293));
#2868=VERTEX_POINT('',#2867);
#2869=CARTESIAN_POINT('',(31.210244338,-28.591282725,-0.635193293));
#2870=DIRECTION('',(0.,1.,0.));
#2871=VECTOR('',#2870,0.05);
#2872=LINE('',#2869,#2871);
#2873=EDGE_CURVE('',#2868,#2860,#2872,.T.);
#2874=ORIENTED_EDGE('',*,*,#2873,.F.);
#2875=CARTESIAN_POINT('',(35.410244338,-32.791282725,-0.635193293));
#2876=VERTEX_POINT('',#2875);
#2877=CARTESIAN_POINT('',(35.410244338,-28.591282725,-0.635193293));
#2878=DIRECTION('',(0.,0.,1.));
#2879=DIRECTION('',(1.,0.,-0.));
#2880=AXIS2_PLACEMENT_3D('',#2877,#2878,#2879);
#2881=CIRCLE('',#2880,4.2);
#2882=EDGE_CURVE('',#2868,#2876,#2881,.T.);
#2883=ORIENTED_EDGE('',*,*,#2882,.T.);
#2884=CARTESIAN_POINT('',(66.210243956,-32.791282725,-0.635193293));
#2885=VERTEX_POINT('',#2884);
#2886=CARTESIAN_POINT('',(66.210243956,-32.791282725,-0.635193293));
#2887=DIRECTION('',(-1.,0.,0.));
#2888=VECTOR('',#2887,30.799999619);
#2889=LINE('',#2886,#2888);
#2890=EDGE_CURVE('',#2885,#2876,#2889,.T.);
#2891=ORIENTED_EDGE('',*,*,#2890,.F.);
#2892=CARTESIAN_POINT('',(70.410243956,-28.591282725,-0.635193293));
#2893=VERTEX_POINT('',#2892);
#2894=CARTESIAN_POINT('',(66.210243956,-28.591282725,-0.635193293));
#2895=DIRECTION('',(0.,0.,1.));
#2896=DIRECTION('',(1.,0.,-0.));
#2897=AXIS2_PLACEMENT_3D('',#2894,#2895,#2896);
#2898=CIRCLE('',#2897,4.2);
#2899=EDGE_CURVE('',#2885,#2893,#2898,.T.);
#2900=ORIENTED_EDGE('',*,*,#2899,.T.);
#2901=CARTESIAN_POINT('',(70.410243956,36.208718801,-0.635193293));
#2902=VERTEX_POINT('',#2901);
#2903=CARTESIAN_POINT('',(70.410243956,36.208718801,-0.635193293));
#2904=DIRECTION('',(-0.,-1.,0.));
#2905=VECTOR('',#2904,64.800001526);
#2906=LINE('',#2903,#2905);
#2907=EDGE_CURVE('',#2902,#2893,#2906,.T.);
#2908=ORIENTED_EDGE('',*,*,#2907,.F.);
#2909=CARTESIAN_POINT('',(66.210243956,40.408718801,-0.635193293));
#2910=VERTEX_POINT('',#2909);
#2911=CARTESIAN_POINT('',(66.210243956,36.208718801,-0.635193293));
#2912=DIRECTION('',(0.,0.,1.));
#2913=DIRECTION('',(1.,0.,-0.));
#2914=AXIS2_PLACEMENT_3D('',#2911,#2912,#2913);
#2915=CIRCLE('',#2914,4.2);
#2916=EDGE_CURVE('',#2902,#2910,#2915,.T.);
#2917=ORIENTED_EDGE('',*,*,#2916,.T.);
#2918=CARTESIAN_POINT('',(36.410243956,40.408718801,-0.635193293));
#2919=VERTEX_POINT('',#2918);
#2920=CARTESIAN_POINT('',(36.410243956,40.408718801,-0.635193293));
#2921=DIRECTION('',(1.,-0.,0.));
#2922=VECTOR('',#2921,29.8);
#2923=LINE('',#2920,#2922);
#2924=EDGE_CURVE('',#2919,#2910,#2923,.T.);
#2925=ORIENTED_EDGE('',*,*,#2924,.F.);
#2926=CARTESIAN_POINT('',(36.410243956,40.458718801,-0.635193293));
#2927=VERTEX_POINT('',#2926);
#2928=CARTESIAN_POINT('',(36.410243956,40.458718801,-0.635193293));
#2929=DIRECTION('',(-0.,-1.,0.));
#2930=VECTOR('',#2929,0.05);
#2931=LINE('',#2928,#2930);
#2932=EDGE_CURVE('',#2927,#2919,#2931,.T.);
#2933=ORIENTED_EDGE('',*,*,#2932,.F.);
#2934=CARTESIAN_POINT('',(32.210243956,44.658718801,-0.635193293));
#2935=VERTEX_POINT('',#2934);
#2936=CARTESIAN_POINT('',(32.210243956,40.458718801,-0.635193293));
#2937=DIRECTION('',(0.,0.,1.));
#2938=DIRECTION('',(1.,0.,-0.));
#2939=AXIS2_PLACEMENT_3D('',#2936,#2937,#2938);
#2940=CIRCLE('',#2939,4.2);
#2941=EDGE_CURVE('',#2927,#2935,#2940,.T.);
#2942=ORIENTED_EDGE('',*,*,#2941,.T.);
#2943=CARTESIAN_POINT('',(19.3285468,44.658718801,-0.635193293));
#2944=VERTEX_POINT('',#2943);
#2945=CARTESIAN_POINT('',(19.3285468,44.658718801,-0.635193293));
#2946=DIRECTION('',(1.,-0.,0.));
#2947=VECTOR('',#2946,12.881697156);
#2948=LINE('',#2945,#2947);
#2949=EDGE_CURVE('',#2944,#2935,#2948,.T.);
#2950=ORIENTED_EDGE('',*,*,#2949,.F.);
#2951=CARTESIAN_POINT('',(15.67692045,46.783718801,-0.635193293));
#2952=VERTEX_POINT('',#2951);
#2953=CARTESIAN_POINT('',(15.67692045,42.583718801,-0.635193293));
#2954=DIRECTION('',(0.,0.,1.));
#2955=DIRECTION('',(1.,0.,-0.));
#2956=AXIS2_PLACEMENT_3D('',#2953,#2954,#2955);
#2957=CIRCLE('',#2956,4.2);
#2958=EDGE_CURVE('',#2944,#2952,#2957,.T.);
#2959=ORIENTED_EDGE('',*,*,#2958,.T.);
#2960=CARTESIAN_POINT('',(0.943567367,46.783718801,-0.635193293));
#2961=VERTEX_POINT('',#2960);
#2962=CARTESIAN_POINT('',(0.943567367,46.783718801,-0.635193293));
#2963=DIRECTION('',(1.,-0.,0.));
#2964=VECTOR('',#2963,14.733353083);
#2965=LINE('',#2962,#2964);
#2966=EDGE_CURVE('',#2961,#2952,#2965,.T.);
#2967=ORIENTED_EDGE('',*,*,#2966,.F.);
#2968=CARTESIAN_POINT('',(-2.708058983,44.658718801,-0.635193293));
#2969=VERTEX_POINT('',#2968);
#2970=CARTESIAN_POINT('',(0.943567367,42.583718801,-0.635193293));
#2971=DIRECTION('',(0.,0.,1.));
#2972=DIRECTION('',(1.,0.,-0.));
#2973=AXIS2_PLACEMENT_3D('',#2970,#2971,#2972);
#2974=CIRCLE('',#2973,4.2);
#2975=EDGE_CURVE('',#2961,#2969,#2974,.T.);
#2976=ORIENTED_EDGE('',*,*,#2975,.T.);
#2977=CARTESIAN_POINT('',(-16.056432156,44.658718801,-0.635193293));
#2978=DIRECTION('',(1.,-0.,0.));
#2979=VECTOR('',#2978,13.348373173);
#2980=LINE('',#2977,#2979);
#2981=EDGE_CURVE('',#2766,#2969,#2980,.T.);
#2982=ORIENTED_EDGE('',*,*,#2981,.F.);
#2983=EDGE_LOOP('',(#2775,#2783,#2790,#2791,#2800,#2808,#2817,#2825,#2833,#2841,#2850,#2858,#2866,#2874,#2883,#2891,#2900,#2908,#2917,#2925,#2933,#2942,#2950,#2959,#2967,#2976,
#2982));
#2984=FACE_BOUND('',#2983,.T.);
#2985=ADVANCED_FACE('',(#2764,#2984),#2503,.F.);
#2986=CARTESIAN_POINT('',(67.810243956,-30.191282725,5.5));
#2987=DIRECTION('',(0.,0.,-1.));
#2988=DIRECTION('',(-1.,0.,0.));
#2989=AXIS2_PLACEMENT_3D('',#2986,#2987,#2988);
#2990=CYLINDRICAL_SURFACE('',#2989,1.);
#2991=ORIENTED_EDGE('',*,*,#673,.F.);
#2992=CARTESIAN_POINT('',(68.810243956,-30.191282725,11.700000048));
#2993=VERTEX_POINT('',#2992);
#2994=CARTESIAN_POINT('',(67.810243956,-30.191282725,11.700000048));
#2995=DIRECTION('',(-0.,-0.,1.));
#2996=DIRECTION('',(-1.,0.,0.));
#2997=AXIS2_PLACEMENT_3D('',#2994,#2995,#2996);
#2998=CIRCLE('',#2997,1.);
#2999=EDGE_CURVE('',#660,#2993,#2998,.T.);
#3000=ORIENTED_EDGE('',*,*,#2999,.T.);
#3001=CARTESIAN_POINT('',(68.810243956,-30.191282725,4.950000048));
#3002=DIRECTION('',(0.,0.,1.));
#3003=VECTOR('',#3002,6.75);
#3004=LINE('',#3001,#3003);
#3005=EDGE_CURVE('',#2269,#2993,#3004,.T.);
#3006=ORIENTED_EDGE('',*,*,#3005,.F.);
#3007=ORIENTED_EDGE('',*,*,#2275,.T.);
#3008=EDGE_LOOP('',(#2991,#3000,#3006,#3007));
#3009=FACE_BOUND('',#3008,.T.);
#3010=ADVANCED_FACE('',(#3009),#2990,.F.);
#3011=CARTESIAN_POINT('',(-55.714561089,-42.981557203,5.5));
#3012=DIRECTION('',(0.920506375,0.390727545,0.));
#3013=DIRECTION('',(-0.38459119,0.906049873,-0.17653114));
#3014=AXIS2_PLACEMENT_3D('',#3011,#3012,#3013);
#3015=PLANE('',#3014);
#3016=ORIENTED_EDGE('',*,*,#2493,.T.);
#3017=CARTESIAN_POINT('',(-55.597339264,-43.257717507,11.700000048));
#3018=VERTEX_POINT('',#3017);
#3019=CARTESIAN_POINT('',(-64.93975757,-21.248121003,11.700000048));
#3020=DIRECTION('',(0.390727545,-0.920506375,0.));
#3021=VECTOR('',#3020,23.910314052);
#3022=LINE('',#3019,#3021);
#3023=EDGE_CURVE('',#2482,#3018,#3022,.T.);
#3024=ORIENTED_EDGE('',*,*,#3023,.T.);
#3025=CARTESIAN_POINT('',(-55.597339264,-43.257717507,11.700000048));
#3026=DIRECTION('',(-0.,-0.,-1.));
#3027=VECTOR('',#3026,6.75);
#3028=LINE('',#3025,#3027);
#3029=EDGE_CURVE('',#3018,#2202,#3028,.T.);
#3030=ORIENTED_EDGE('',*,*,#3029,.T.);
#3031=ORIENTED_EDGE('',*,*,#2432,.F.);
#3032=EDGE_LOOP('',(#3016,#3024,#3030,#3031));
#3033=FACE_BOUND('',#3032,.T.);
#3034=ADVANCED_FACE('',(#3033),#3015,.T.);
#3035=CARTESIAN_POINT('',(-63.93975757,39.933718801,5.5));
#3036=DIRECTION('',(0.,0.,-1.));
#3037=DIRECTION('',(-1.,0.,0.));
#3038=AXIS2_PLACEMENT_3D('',#3035,#3036,#3037);
#3039=CYLINDRICAL_SURFACE('',#3038,1.);
#3040=ORIENTED_EDGE('',*,*,#1535,.F.);
#3041=CARTESIAN_POINT('',(-63.93975757,39.933718801,11.700000048));
#3042=DIRECTION('',(-0.,-0.,1.));
#3043=DIRECTION('',(-1.,0.,0.));
#3044=AXIS2_PLACEMENT_3D('',#3041,#3042,#3043);
#3045=CIRCLE('',#3044,1.);
#3046=EDGE_CURVE('',#1522,#2474,#3045,.T.);
#3047=ORIENTED_EDGE('',*,*,#3046,.T.);
#3048=ORIENTED_EDGE('',*,*,#2479,.F.);
#3049=ORIENTED_EDGE('',*,*,#2418,.T.);
#3050=EDGE_LOOP('',(#3040,#3047,#3048,#3049));
#3051=FACE_BOUND('',#3050,.T.);
#3052=ADVANCED_FACE('',(#3051),#3039,.F.);
#3053=CARTESIAN_POINT('',(18.810243956,44.058718801,2.200000048));
#3054=DIRECTION('',(0.,0.,1.));
#3055=DIRECTION('',(1.,0.,-0.));
#3056=AXIS2_PLACEMENT_3D('',#3053,#3054,#3055);
#3057=CYLINDRICAL_SURFACE('',#3056,1.);
#3058=CARTESIAN_POINT('',(18.810243956,43.058718801,11.700000048));
#3059=VERTEX_POINT('',#3058);
#3060=CARTESIAN_POINT('',(18.810243956,43.058718801,11.700000048));
#3061=DIRECTION('',(-0.,-0.,-1.));
#3062=VECTOR('',#3061,6.75);
#3063=LINE('',#3060,#3062);
#3064=EDGE_CURVE('',#3059,#2320,#3063,.T.);
#3065=ORIENTED_EDGE('',*,*,#3064,.F.);
#3066=CARTESIAN_POINT('',(17.810243956,44.058718801,11.700000048));
#3067=VERTEX_POINT('',#3066);
#3068=CARTESIAN_POINT('',(18.810243956,44.058718801,11.700000048));
#3069=DIRECTION('',(-0.,-0.,-1.));
#3070=DIRECTION('',(0.,1.,-0.));
#3071=AXIS2_PLACEMENT_3D('',#3068,#3069,#3070);
#3072=CIRCLE('',#3071,1.);
#3073=EDGE_CURVE('',#3059,#3067,#3072,.T.);
#3074=ORIENTED_EDGE('',*,*,#3073,.T.);
#3075=CARTESIAN_POINT('',(17.810243956,44.058718801,4.950000048));
#3076=DIRECTION('',(0.,0.,1.));
#3077=VECTOR('',#3076,6.75);
#3078=LINE('',#3075,#3077);
#3079=EDGE_CURVE('',#2328,#3067,#3078,.T.);
#3080=ORIENTED_EDGE('',*,*,#3079,.F.);
#3081=ORIENTED_EDGE('',*,*,#2334,.T.);
#3082=EDGE_LOOP('',(#3065,#3074,#3080,#3081));
#3083=FACE_BOUND('',#3082,.T.);
#3084=ADVANCED_FACE('',(#3083),#3057,.T.);
#3085=CARTESIAN_POINT('',(-19.189755662,41.933718801,5.5));
#3086=DIRECTION('',(0.,0.,-1.));
#3087=DIRECTION('',(-1.,0.,0.));
#3088=AXIS2_PLACEMENT_3D('',#3085,#3086,#3087);
#3089=CYLINDRICAL_SURFACE('',#3088,1.);
#3090=CARTESIAN_POINT('',(-18.189755662,41.933718801,11.700000048));
#3091=VERTEX_POINT('',#3090);
#3092=CARTESIAN_POINT('',(-18.189755662,41.933718801,11.700000048));
#3093=DIRECTION('',(0.,0.,-1.));
#3094=VECTOR('',#3093,6.75);
#3095=LINE('',#3092,#3094);
#3096=EDGE_CURVE('',#3091,#2396,#3095,.T.);
#3097=ORIENTED_EDGE('',*,*,#3096,.F.);
#3098=CARTESIAN_POINT('',(-19.189755662,41.933718801,11.700000048));
#3099=DIRECTION('',(-0.,-0.,-1.));
#3100=DIRECTION('',(0.,1.,-0.));
#3101=AXIS2_PLACEMENT_3D('',#3098,#3099,#3100);
#3102=CIRCLE('',#3101,1.);
#3103=EDGE_CURVE('',#3091,#1514,#3102,.T.);
#3104=ORIENTED_EDGE('',*,*,#3103,.T.);
#3105=ORIENTED_EDGE('',*,*,#1519,.F.);
#3106=ORIENTED_EDGE('',*,*,#2408,.T.);
#3107=EDGE_LOOP('',(#3097,#3104,#3105,#3106));
#3108=FACE_BOUND('',#3107,.T.);
#3109=ADVANCED_FACE('',(#3108),#3089,.T.);
#3110=CARTESIAN_POINT('',(-59.396586588,-44.544467383,5.5));
#3111=DIRECTION('',(0.920506375,0.390727545,0.));
#3112=DIRECTION('',(-0.38459119,0.906049873,-0.17653114));
#3113=AXIS2_PLACEMENT_3D('',#3110,#3111,#3112);
#3114=PLANE('',#3113);
#3115=CARTESIAN_POINT('',(-58.693272332,-46.20138987,0.364806707));
#3116=VERTEX_POINT('',#3115);
#3117=CARTESIAN_POINT('',(-58.693272332,-46.20138987,11.907106829));
#3118=VERTEX_POINT('',#3117);
#3119=CARTESIAN_POINT('',(-58.693272332,-46.20138987,0.364806707));
#3120=DIRECTION('',(0.,0.,1.));
#3121=VECTOR('',#3120,11.542300122);
#3122=LINE('',#3119,#3121);
#3123=EDGE_CURVE('',#3116,#3118,#3122,.T.);
#3124=ORIENTED_EDGE('',*,*,#3123,.T.);
#3125=CARTESIAN_POINT('',(-68.796669044,-22.399021183,11.907106829));
#3126=VERTEX_POINT('',#3125);
#3127=CARTESIAN_POINT('',(-58.693272332,-46.20138987,11.907106829));
#3128=DIRECTION('',(-0.390727545,0.920506375,-0.));
#3129=VECTOR('',#3128,25.8579075);
#3130=LINE('',#3127,#3129);
#3131=EDGE_CURVE('',#3118,#3126,#3130,.T.);
#3132=ORIENTED_EDGE('',*,*,#3131,.T.);
#3133=CARTESIAN_POINT('',(-68.796669044,-22.399021183,0.364806707));
#3134=VERTEX_POINT('',#3133);
#3135=CARTESIAN_POINT('',(-68.796669044,-22.399021183,11.907106829));
#3136=DIRECTION('',(-0.,-0.,-1.));
#3137=VECTOR('',#3136,11.542300122);
#3138=LINE('',#3135,#3137);
#3139=EDGE_CURVE('',#3126,#3134,#3138,.T.);
#3140=ORIENTED_EDGE('',*,*,#3139,.T.);
#3141=CARTESIAN_POINT('',(-68.796669044,-22.399021183,0.364806707));
#3142=DIRECTION('',(0.390727545,-0.920506375,0.));
#3143=VECTOR('',#3142,25.8579075);
#3144=LINE('',#3141,#3143);
#3145=EDGE_CURVE('',#3134,#3116,#3144,.T.);
#3146=ORIENTED_EDGE('',*,*,#3145,.T.);
#3147=EDGE_LOOP('',(#3124,#3132,#3140,#3146));
#3148=FACE_BOUND('',#3147,.T.);
#3149=ADVANCED_FACE('',(#3148),#3114,.F.);
#3150=CARTESIAN_POINT('',(-67.13975757,-21.695711602,5.5));
#3151=DIRECTION('',(0.,0.,1.));
#3152=DIRECTION('',(1.,0.,-0.));
#3153=AXIS2_PLACEMENT_3D('',#3150,#3151,#3152);
#3154=CYLINDRICAL_SURFACE('',#3153,1.8);
#3155=ORIENTED_EDGE('',*,*,#3139,.F.);
#3156=CARTESIAN_POINT('',(-68.93975757,-21.695711602,11.907106829));
#3157=VERTEX_POINT('',#3156);
#3158=CARTESIAN_POINT('',(-67.13975757,-21.695711602,11.907106829));
#3159=DIRECTION('',(0.,0.,-1.));
#3160=DIRECTION('',(-1.,0.,0.));
#3161=AXIS2_PLACEMENT_3D('',#3158,#3159,#3160);
#3162=CIRCLE('',#3161,1.8);
#3163=EDGE_CURVE('',#3126,#3157,#3162,.T.);
#3164=ORIENTED_EDGE('',*,*,#3163,.T.);
#3165=CARTESIAN_POINT('',(-68.93975757,-21.695711602,0.364806707));
#3166=VERTEX_POINT('',#3165);
#3167=CARTESIAN_POINT('',(-68.93975757,-21.695711602,0.364806707));
#3168=DIRECTION('',(0.,0.,1.));
#3169=VECTOR('',#3168,11.542300122);
#3170=LINE('',#3167,#3169);
#3171=EDGE_CURVE('',#3166,#3157,#3170,.T.);
#3172=ORIENTED_EDGE('',*,*,#3171,.F.);
#3173=CARTESIAN_POINT('',(-67.13975757,-21.695711602,0.364806707));
#3174=DIRECTION('',(0.,0.,1.));
#3175=DIRECTION('',(1.,0.,-0.));
#3176=AXIS2_PLACEMENT_3D('',#3173,#3174,#3175);
#3177=CIRCLE('',#3176,1.8);
#3178=EDGE_CURVE('',#3166,#3134,#3177,.T.);
#3179=ORIENTED_EDGE('',*,*,#3178,.T.);
#3180=EDGE_LOOP('',(#3155,#3164,#3172,#3179));
#3181=FACE_BOUND('',#3180,.T.);
#3182=ADVANCED_FACE('',(#3181),#3154,.T.);
#3183=CARTESIAN_POINT('',(-68.93975757,13.733717275,5.5));
#3184=DIRECTION('',(1.,-0.,0.));
#3185=DIRECTION('',(0.,0.984295049,-0.176531178));
#3186=AXIS2_PLACEMENT_3D('',#3183,#3184,#3185);
#3187=PLANE('',#3186);
#3188=ORIENTED_EDGE('',*,*,#3171,.T.);
#3189=CARTESIAN_POINT('',(-68.93975757,41.433718801,11.907106829));
#3190=VERTEX_POINT('',#3189);
#3191=CARTESIAN_POINT('',(-68.93975757,-21.695711602,11.907106829));
#3192=DIRECTION('',(0.,1.,-0.));
#3193=VECTOR('',#3192,63.129430403);
#3194=LINE('',#3191,#3193);
#3195=EDGE_CURVE('',#3157,#3190,#3194,.T.);
#3196=ORIENTED_EDGE('',*,*,#3195,.T.);
#3197=CARTESIAN_POINT('',(-68.93975757,41.433718801,0.364806707));
#3198=VERTEX_POINT('',#3197);
#3199=CARTESIAN_POINT('',(-68.93975757,41.433718801,11.907106829));
#3200=DIRECTION('',(0.,0.,-1.));
#3201=VECTOR('',#3200,11.542300122);
#3202=LINE('',#3199,#3201);
#3203=EDGE_CURVE('',#3190,#3198,#3202,.T.);
#3204=ORIENTED_EDGE('',*,*,#3203,.T.);
#3205=CARTESIAN_POINT('',(-68.93975757,41.433718801,0.364806707));
#3206=DIRECTION('',(-0.,-1.,0.));
#3207=VECTOR('',#3206,63.129430403);
#3208=LINE('',#3205,#3207);
#3209=EDGE_CURVE('',#3198,#3166,#3208,.T.);
#3210=ORIENTED_EDGE('',*,*,#3209,.T.);
#3211=EDGE_LOOP('',(#3188,#3196,#3204,#3210));
#3212=FACE_BOUND('',#3211,.T.);
#3213=ADVANCED_FACE('',(#3212),#3187,.F.);
#3214=CARTESIAN_POINT('',(-17.889755662,47.058718801,5.5));
#3215=DIRECTION('',(-0.,-1.,-0.));
#3216=DIRECTION('',(0.981675447,-0.,-0.190560531));
#3217=AXIS2_PLACEMENT_3D('',#3214,#3215,#3216);
#3218=PLANE('',#3217);
#3219=CARTESIAN_POINT('',(-19.001597294,47.058718801,0.364806707));
#3220=VERTEX_POINT('',#3219);
#3221=CARTESIAN_POINT('',(-19.001597294,47.058718801,11.907106829));
#3222=VERTEX_POINT('',#3221);
#3223=CARTESIAN_POINT('',(-19.001597294,47.058718801,0.364806707));
#3224=DIRECTION('',(-0.,-0.,1.));
#3225=VECTOR('',#3224,11.542300122);
#3226=LINE('',#3223,#3225);
#3227=EDGE_CURVE('',#3220,#3222,#3226,.T.);
#3228=ORIENTED_EDGE('',*,*,#3227,.T.);
#3229=CARTESIAN_POINT('',(-5.2,47.058718801,11.907106829));
#3230=VERTEX_POINT('',#3229);
#3231=CARTESIAN_POINT('',(-19.001597294,47.058718801,11.907106829));
#3232=DIRECTION('',(1.,-0.,-0.));
#3233=VECTOR('',#3232,13.801597294);
#3234=LINE('',#3231,#3233);
#3235=EDGE_CURVE('',#3222,#3230,#3234,.T.);
#3236=ORIENTED_EDGE('',*,*,#3235,.T.);
#3237=CARTESIAN_POINT('',(-5.2,47.058718801,0.364806707));
#3238=VERTEX_POINT('',#3237);
#3239=CARTESIAN_POINT('',(-5.2,47.058718801,11.907106829));
#3240=DIRECTION('',(0.,0.,-1.));
#3241=VECTOR('',#3240,11.542300122);
#3242=LINE('',#3239,#3241);
#3243=EDGE_CURVE('',#3230,#3238,#3242,.T.);
#3244=ORIENTED_EDGE('',*,*,#3243,.T.);
#3245=CARTESIAN_POINT('',(-5.2,47.058718801,0.364806707));
#3246=DIRECTION('',(-1.,0.,0.));
#3247=VECTOR('',#3246,13.801597294);
#3248=LINE('',#3245,#3247);
#3249=EDGE_CURVE('',#3238,#3220,#3248,.T.);
#3250=ORIENTED_EDGE('',*,*,#3249,.T.);
#3251=EDGE_LOOP('',(#3228,#3236,#3244,#3250));
#3252=FACE_BOUND('',#3251,.T.);
#3253=ADVANCED_FACE('',(#3252),#3218,.F.);
#3254=CARTESIAN_POINT('',(-0.889756139,49.183718801,2.200000048));
#3255=DIRECTION('',(-0.,-1.,0.));
#3256=DIRECTION('',(1.,-0.,0.));
#3257=AXIS2_PLACEMENT_3D('',#3254,#3255,#3256);
#3258=PLANE('',#3257);
#3259=CARTESIAN_POINT('',(-1.981401703,49.183718801,0.364806707));
#3260=VERTEX_POINT('',#3259);
#3261=CARTESIAN_POINT('',(-1.981401703,49.183718801,11.907106829));
#3262=VERTEX_POINT('',#3261);
#3263=CARTESIAN_POINT('',(-1.981401703,49.183718801,0.364806707));
#3264=DIRECTION('',(-0.,-0.,1.));
#3265=VECTOR('',#3264,11.542300122);
#3266=LINE('',#3263,#3265);
#3267=EDGE_CURVE('',#3260,#3262,#3266,.T.);
#3268=ORIENTED_EDGE('',*,*,#3267,.T.);
#3269=CARTESIAN_POINT('',(18.622085588,49.183718801,11.907106829));
#3270=VERTEX_POINT('',#3269);
#3271=CARTESIAN_POINT('',(-1.981401703,49.183718801,11.907106829));
#3272=DIRECTION('',(1.,-0.,-0.));
#3273=VECTOR('',#3272,20.60348729);
#3274=LINE('',#3271,#3273);
#3275=EDGE_CURVE('',#3262,#3270,#3274,.T.);
#3276=ORIENTED_EDGE('',*,*,#3275,.T.);
#3277=CARTESIAN_POINT('',(18.622085588,49.183718801,0.364806707));
#3278=VERTEX_POINT('',#3277);
#3279=CARTESIAN_POINT('',(18.622085588,49.183718801,11.907106829));
#3280=DIRECTION('',(-0.,-0.,-1.));
#3281=VECTOR('',#3280,11.542300122);
#3282=LINE('',#3279,#3281);
#3283=EDGE_CURVE('',#3270,#3278,#3282,.T.);
#3284=ORIENTED_EDGE('',*,*,#3283,.T.);
#3285=CARTESIAN_POINT('',(18.622085588,49.183718801,0.364806707));
#3286=DIRECTION('',(-1.,0.,0.));
#3287=VECTOR('',#3286,20.60348729);
#3288=LINE('',#3285,#3287);
#3289=EDGE_CURVE('',#3278,#3260,#3288,.T.);
#3290=ORIENTED_EDGE('',*,*,#3289,.T.);
#3291=EDGE_LOOP('',(#3268,#3276,#3284,#3290));
#3292=FACE_BOUND('',#3291,.T.);
#3293=ADVANCED_FACE('',(#3292),#3258,.F.);
#3294=CARTESIAN_POINT('',(17.510243956,47.058718801,2.200000048));
#3295=DIRECTION('',(-0.,-1.,0.));
#3296=DIRECTION('',(1.,-0.,0.));
#3297=AXIS2_PLACEMENT_3D('',#3294,#3295,#3296);
#3298=PLANE('',#3297);
#3299=CARTESIAN_POINT('',(21.840683885,47.058718801,11.907106829));
#3300=VERTEX_POINT('',#3299);
#3301=CARTESIAN_POINT('',(21.840683885,47.058718801,0.364806707));
#3302=VERTEX_POINT('',#3301);
#3303=CARTESIAN_POINT('',(21.840683885,47.058718801,11.907106829));
#3304=DIRECTION('',(0.,0.,-1.));
#3305=VECTOR('',#3304,11.542300122);
#3306=LINE('',#3303,#3305);
#3307=EDGE_CURVE('',#3300,#3302,#3306,.T.);
#3308=ORIENTED_EDGE('',*,*,#3307,.F.);
#3309=CARTESIAN_POINT('',(35.310243956,47.058718801,11.907106829));
#3310=VERTEX_POINT('',#3309);
#3311=CARTESIAN_POINT('',(21.840683885,47.058718801,11.907106829));
#3312=DIRECTION('',(1.,-0.,-0.));
#3313=VECTOR('',#3312,13.469560071);
#3314=LINE('',#3311,#3313);
#3315=EDGE_CURVE('',#3300,#3310,#3314,.T.);
#3316=ORIENTED_EDGE('',*,*,#3315,.T.);
#3317=CARTESIAN_POINT('',(35.310243956,47.058718801,0.364806707));
#3318=VERTEX_POINT('',#3317);
#3319=CARTESIAN_POINT('',(35.310243956,47.058718801,11.907106829));
#3320=DIRECTION('',(-0.,-0.,-1.));
#3321=VECTOR('',#3320,11.542300122);
#3322=LINE('',#3319,#3321);
#3323=EDGE_CURVE('',#3310,#3318,#3322,.T.);
#3324=ORIENTED_EDGE('',*,*,#3323,.T.);
#3325=CARTESIAN_POINT('',(35.310243956,47.058718801,0.364806707));
#3326=DIRECTION('',(-1.,0.,0.));
#3327=VECTOR('',#3326,13.469560071);
#3328=LINE('',#3325,#3327);
#3329=EDGE_CURVE('',#3318,#3302,#3328,.T.);
#3330=ORIENTED_EDGE('',*,*,#3329,.T.);
#3331=EDGE_LOOP('',(#3308,#3316,#3324,#3330));
#3332=FACE_BOUND('',#3331,.T.);
#3333=ADVANCED_FACE('',(#3332),#3298,.F.);
#3334=CARTESIAN_POINT('',(38.810243956,42.758718801,2.200000048));
#3335=DIRECTION('',(-1.,0.,0.));
#3336=DIRECTION('',(-0.,-1.,0.));
#3337=AXIS2_PLACEMENT_3D('',#3334,#3335,#3336);
#3338=PLANE('',#3337);
#3339=CARTESIAN_POINT('',(38.810243956,43.558718801,0.364806707));
#3340=VERTEX_POINT('',#3339);
#3341=CARTESIAN_POINT('',(38.810243956,43.558718801,11.907106829));
#3342=VERTEX_POINT('',#3341);
#3343=CARTESIAN_POINT('',(38.810243956,43.558718801,0.364806707));
#3344=DIRECTION('',(0.,0.,1.));
#3345=VECTOR('',#3344,11.542300122);
#3346=LINE('',#3343,#3345);
#3347=EDGE_CURVE('',#3340,#3342,#3346,.T.);
#3348=ORIENTED_EDGE('',*,*,#3347,.T.);
#3349=CARTESIAN_POINT('',(38.810243956,42.808718801,11.907106829));
#3350=VERTEX_POINT('',#3349);
#3351=CARTESIAN_POINT('',(38.810243956,43.558718801,11.907106829));
#3352=DIRECTION('',(-0.,-1.,0.));
#3353=VECTOR('',#3352,0.75);
#3354=LINE('',#3351,#3353);
#3355=EDGE_CURVE('',#3342,#3350,#3354,.T.);
#3356=ORIENTED_EDGE('',*,*,#3355,.T.);
#3357=CARTESIAN_POINT('',(38.810243956,42.808718801,0.364806707));
#3358=VERTEX_POINT('',#3357);
#3359=CARTESIAN_POINT('',(38.810243956,42.808718801,0.364806707));
#3360=DIRECTION('',(0.,0.,1.));
#3361=VECTOR('',#3360,11.542300122);
#3362=LINE('',#3359,#3361);
#3363=EDGE_CURVE('',#3358,#3350,#3362,.T.);
#3364=ORIENTED_EDGE('',*,*,#3363,.F.);
#3365=CARTESIAN_POINT('',(38.810243956,42.808718801,0.364806707));
#3366=DIRECTION('',(0.,1.,0.));
#3367=VECTOR('',#3366,0.75);
#3368=LINE('',#3365,#3367);
#3369=EDGE_CURVE('',#3358,#3340,#3368,.T.);
#3370=ORIENTED_EDGE('',*,*,#3369,.T.);
#3371=EDGE_LOOP('',(#3348,#3356,#3364,#3370));
#3372=FACE_BOUND('',#3371,.T.);
#3373=ADVANCED_FACE('',(#3372),#3338,.F.);
#3374=CARTESIAN_POINT('',(68.510243956,42.808718801,2.200000048));
#3375=DIRECTION('',(-0.,-1.,0.));
#3376=DIRECTION('',(0.,0.,1.));
#3377=AXIS2_PLACEMENT_3D('',#3374,#3375,#3376);
#3378=PLANE('',#3377);
#3379=ORIENTED_EDGE('',*,*,#3363,.T.);
#3380=CARTESIAN_POINT('',(69.310243956,42.808718801,11.907106829));
#3381=VERTEX_POINT('',#3380);
#3382=CARTESIAN_POINT('',(38.810243956,42.808718801,11.907106829));
#3383=DIRECTION('',(1.,-0.,-0.));
#3384=VECTOR('',#3383,30.5);
#3385=LINE('',#3382,#3384);
#3386=EDGE_CURVE('',#3350,#3381,#3385,.T.);
#3387=ORIENTED_EDGE('',*,*,#3386,.T.);
#3388=CARTESIAN_POINT('',(69.310243956,42.808718801,0.364806707));
#3389=VERTEX_POINT('',#3388);
#3390=CARTESIAN_POINT('',(69.310243956,42.808718801,11.907106829));
#3391=DIRECTION('',(-0.,-0.,-1.));
#3392=VECTOR('',#3391,11.542300122);
#3393=LINE('',#3390,#3392);
#3394=EDGE_CURVE('',#3381,#3389,#3393,.T.);
#3395=ORIENTED_EDGE('',*,*,#3394,.T.);
#3396=CARTESIAN_POINT('',(69.310243956,42.808718801,0.364806707));
#3397=DIRECTION('',(-1.,0.,0.));
#3398=VECTOR('',#3397,30.5);
#3399=LINE('',#3396,#3398);
#3400=EDGE_CURVE('',#3389,#3358,#3399,.T.);
#3401=ORIENTED_EDGE('',*,*,#3400,.T.);
#3402=EDGE_LOOP('',(#3379,#3387,#3395,#3401));
#3403=FACE_BOUND('',#3402,.T.);
#3404=ADVANCED_FACE('',(#3403),#3378,.F.);
#3405=CARTESIAN_POINT('',(72.810243956,38.508718801,5.5));
#3406=DIRECTION('',(-1.,0.,0.));
#3407=DIRECTION('',(0.,0.,-1.));
#3408=AXIS2_PLACEMENT_3D('',#3405,#3406,#3407);
#3409=PLANE('',#3408);
#3410=CARTESIAN_POINT('',(72.810243956,39.308718801,0.364806707));
#3411=VERTEX_POINT('',#3410);
#3412=CARTESIAN_POINT('',(72.810243956,39.308718801,11.907106829));
#3413=VERTEX_POINT('',#3412);
#3414=CARTESIAN_POINT('',(72.810243956,39.308718801,0.364806707));
#3415=DIRECTION('',(0.,0.,1.));
#3416=VECTOR('',#3415,11.542300122);
#3417=LINE('',#3414,#3416);
#3418=EDGE_CURVE('',#3411,#3413,#3417,.T.);
#3419=ORIENTED_EDGE('',*,*,#3418,.T.);
#3420=CARTESIAN_POINT('',(72.810243956,-31.691282725,11.907106829));
#3421=VERTEX_POINT('',#3420);
#3422=CARTESIAN_POINT('',(72.810243956,39.308718801,11.907106829));
#3423=DIRECTION('',(-0.,-1.,0.));
#3424=VECTOR('',#3423,71.000001526);
#3425=LINE('',#3422,#3424);
#3426=EDGE_CURVE('',#3413,#3421,#3425,.T.);
#3427=ORIENTED_EDGE('',*,*,#3426,.T.);
#3428=CARTESIAN_POINT('',(72.810243956,-31.691282725,0.364806707));
#3429=VERTEX_POINT('',#3428);
#3430=CARTESIAN_POINT('',(72.810243956,-31.691282725,11.907106829));
#3431=DIRECTION('',(-0.,-0.,-1.));
#3432=VECTOR('',#3431,11.542300122);
#3433=LINE('',#3430,#3432);
#3434=EDGE_CURVE('',#3421,#3429,#3433,.T.);
#3435=ORIENTED_EDGE('',*,*,#3434,.T.);
#3436=CARTESIAN_POINT('',(72.810243956,-31.691282725,0.364806707));
#3437=DIRECTION('',(0.,1.,0.));
#3438=VECTOR('',#3437,71.000001526);
#3439=LINE('',#3436,#3438);
#3440=EDGE_CURVE('',#3429,#3411,#3439,.T.);
#3441=ORIENTED_EDGE('',*,*,#3440,.T.);
#3442=EDGE_LOOP('',(#3419,#3427,#3435,#3441));
#3443=FACE_BOUND('',#3442,.T.);
#3444=ADVANCED_FACE('',(#3443),#3409,.F.);
#3445=CARTESIAN_POINT('',(68.510243956,-35.191282725,5.5));
#3446=DIRECTION('',(0.,1.,0.));
#3447=DIRECTION('',(-0.995683099,0.,-0.092817916));
#3448=AXIS2_PLACEMENT_3D('',#3445,#3446,#3447);
#3449=PLANE('',#3448);
#3450=CARTESIAN_POINT('',(69.310243956,-35.191282725,0.364806707));
#3451=VERTEX_POINT('',#3450);
#3452=CARTESIAN_POINT('',(69.310243956,-35.191282725,11.907106829));
#3453=VERTEX_POINT('',#3452);
#3454=CARTESIAN_POINT('',(69.310243956,-35.191282725,0.364806707));
#3455=DIRECTION('',(0.,0.,1.));
#3456=VECTOR('',#3455,11.542300122);
#3457=LINE('',#3454,#3456);
#3458=EDGE_CURVE('',#3451,#3453,#3457,.T.);
#3459=ORIENTED_EDGE('',*,*,#3458,.T.);
#3460=CARTESIAN_POINT('',(32.310244338,-35.191282725,11.907106829));
#3461=VERTEX_POINT('',#3460);
#3462=CARTESIAN_POINT('',(69.310243956,-35.191282725,11.907106829));
#3463=DIRECTION('',(-1.,0.,0.));
#3464=VECTOR('',#3463,36.999999618);
#3465=LINE('',#3462,#3464);
#3466=EDGE_CURVE('',#3453,#3461,#3465,.T.);
#3467=ORIENTED_EDGE('',*,*,#3466,.T.);
#3468=CARTESIAN_POINT('',(32.310244338,-35.191282725,0.364806707));
#3469=VERTEX_POINT('',#3468);
#3470=CARTESIAN_POINT('',(32.310244338,-35.191282725,11.907106829));
#3471=DIRECTION('',(-0.,-0.,-1.));
#3472=VECTOR('',#3471,11.542300122);
#3473=LINE('',#3470,#3472);
#3474=EDGE_CURVE('',#3461,#3469,#3473,.T.);
#3475=ORIENTED_EDGE('',*,*,#3474,.T.);
#3476=CARTESIAN_POINT('',(32.310244338,-35.191282725,0.364806707));
#3477=DIRECTION('',(1.,-0.,0.));
#3478=VECTOR('',#3477,36.999999618);
#3479=LINE('',#3476,#3478);
#3480=EDGE_CURVE('',#3469,#3451,#3479,.T.);
#3481=ORIENTED_EDGE('',*,*,#3480,.T.);
#3482=EDGE_LOOP('',(#3459,#3467,#3475,#3481));
#3483=FACE_BOUND('',#3482,.T.);
#3484=ADVANCED_FACE('',(#3483),#3449,.F.);
#3485=CARTESIAN_POINT('',(28.810244338,-30.891282725,5.5));
#3486=DIRECTION('',(1.,-0.,0.));
#3487=DIRECTION('',(0.,0.789852318,-0.613297085));
#3488=AXIS2_PLACEMENT_3D('',#3485,#3486,#3487);
#3489=PLANE('',#3488);
#3490=CARTESIAN_POINT('',(28.810244338,-31.691282725,0.364806707));
#3491=VERTEX_POINT('',#3490);
#3492=CARTESIAN_POINT('',(28.810244338,-31.691282725,11.907106829));
#3493=VERTEX_POINT('',#3492);
#3494=CARTESIAN_POINT('',(28.810244338,-31.691282725,0.364806707));
#3495=DIRECTION('',(0.,0.,1.));
#3496=VECTOR('',#3495,11.542300122);
#3497=LINE('',#3494,#3496);
#3498=EDGE_CURVE('',#3491,#3493,#3497,.T.);
#3499=ORIENTED_EDGE('',*,*,#3498,.T.);
#3500=CARTESIAN_POINT('',(28.810244338,-30.941282725,11.907106829));
#3501=VERTEX_POINT('',#3500);
#3502=CARTESIAN_POINT('',(28.810244338,-31.691282725,11.907106829));
#3503=DIRECTION('',(0.,1.,-0.));
#3504=VECTOR('',#3503,0.75);
#3505=LINE('',#3502,#3504);
#3506=EDGE_CURVE('',#3493,#3501,#3505,.T.);
#3507=ORIENTED_EDGE('',*,*,#3506,.T.);
#3508=CARTESIAN_POINT('',(28.810244338,-30.941282725,0.364806707));
#3509=VERTEX_POINT('',#3508);
#3510=CARTESIAN_POINT('',(28.810244338,-30.941282725,11.907106829));
#3511=DIRECTION('',(0.,0.,-1.));
#3512=VECTOR('',#3511,11.542300122);
#3513=LINE('',#3510,#3512);
#3514=EDGE_CURVE('',#3501,#3509,#3513,.T.);
#3515=ORIENTED_EDGE('',*,*,#3514,.T.);
#3516=CARTESIAN_POINT('',(28.810244338,-30.941282725,0.364806707));
#3517=DIRECTION('',(-0.,-1.,0.));
#3518=VECTOR('',#3517,0.75);
#3519=LINE('',#3516,#3518);
#3520=EDGE_CURVE('',#3509,#3491,#3519,.T.);
#3521=ORIENTED_EDGE('',*,*,#3520,.T.);
#3522=EDGE_LOOP('',(#3499,#3507,#3515,#3521));
#3523=FACE_BOUND('',#3522,.T.);
#3524=ADVANCED_FACE('',(#3523),#3489,.F.);
#3525=CARTESIAN_POINT('',(33.110244338,-30.941282725,5.5));
#3526=DIRECTION('',(0.,1.,0.));
#3527=DIRECTION('',(-0.981675448,0.,-0.190560525));
#3528=AXIS2_PLACEMENT_3D('',#3525,#3526,#3527);
#3529=PLANE('',#3528);
#3530=ORIENTED_EDGE('',*,*,#3514,.F.);
#3531=CARTESIAN_POINT('',(20.210243956,-30.941282725,11.907106829));
#3532=VERTEX_POINT('',#3531);
#3533=CARTESIAN_POINT('',(28.810244338,-30.941282725,11.907106829));
#3534=DIRECTION('',(-1.,0.,0.));
#3535=VECTOR('',#3534,8.600000381);
#3536=LINE('',#3533,#3535);
#3537=EDGE_CURVE('',#3501,#3532,#3536,.T.);
#3538=ORIENTED_EDGE('',*,*,#3537,.T.);
#3539=CARTESIAN_POINT('',(20.210243956,-30.941282725,0.364806707));
#3540=VERTEX_POINT('',#3539);
#3541=CARTESIAN_POINT('',(20.210243956,-30.941282725,0.364806707));
#3542=DIRECTION('',(0.,0.,1.));
#3543=VECTOR('',#3542,11.542300122);
#3544=LINE('',#3541,#3543);
#3545=EDGE_CURVE('',#3540,#3532,#3544,.T.);
#3546=ORIENTED_EDGE('',*,*,#3545,.F.);
#3547=CARTESIAN_POINT('',(20.210243956,-30.941282725,0.364806707));
#3548=DIRECTION('',(1.,-0.,0.));
#3549=VECTOR('',#3548,8.600000381);
#3550=LINE('',#3547,#3549);
#3551=EDGE_CURVE('',#3540,#3509,#3550,.T.);
#3552=ORIENTED_EDGE('',*,*,#3551,.T.);
#3553=EDGE_LOOP('',(#3530,#3538,#3546,#3552));
#3554=FACE_BOUND('',#3553,.T.);
#3555=ADVANCED_FACE('',(#3554),#3529,.F.);
#3556=CARTESIAN_POINT('',(20.210243956,-7.516282725,5.5));
#3557=DIRECTION('',(-1.,0.,0.));
#3558=DIRECTION('',(-0.,-0.98951605,-0.144422947));
#3559=AXIS2_PLACEMENT_3D('',#3556,#3557,#3558);
#3560=PLANE('',#3559);
#3561=ORIENTED_EDGE('',*,*,#3545,.T.);
#3562=CARTESIAN_POINT('',(20.210243956,-31.926283336,11.907106829));
#3563=VERTEX_POINT('',#3562);
#3564=CARTESIAN_POINT('',(20.210243956,-30.941282725,11.907106829));
#3565=DIRECTION('',(-0.,-1.,0.));
#3566=VECTOR('',#3565,0.98500061);
#3567=LINE('',#3564,#3566);
#3568=EDGE_CURVE('',#3532,#3563,#3567,.T.);
#3569=ORIENTED_EDGE('',*,*,#3568,.T.);
#3570=CARTESIAN_POINT('',(20.210243956,-31.926283336,0.364806707));
#3571=VERTEX_POINT('',#3570);
#3572=CARTESIAN_POINT('',(20.210243956,-31.926283336,11.907106829));
#3573=DIRECTION('',(-0.,-0.,-1.));
#3574=VECTOR('',#3573,11.542300122);
#3575=LINE('',#3572,#3574);
#3576=EDGE_CURVE('',#3563,#3571,#3575,.T.);
#3577=ORIENTED_EDGE('',*,*,#3576,.T.);
#3578=CARTESIAN_POINT('',(20.210243956,-31.926283336,0.364806707));
#3579=DIRECTION('',(0.,1.,0.));
#3580=VECTOR('',#3579,0.98500061);
#3581=LINE('',#3578,#3580);
#3582=EDGE_CURVE('',#3571,#3540,#3581,.T.);
#3583=ORIENTED_EDGE('',*,*,#3582,.T.);
#3584=EDGE_LOOP('',(#3561,#3569,#3577,#3583));
#3585=FACE_BOUND('',#3584,.T.);
#3586=ADVANCED_FACE('',(#3585),#3560,.F.);
#3587=CARTESIAN_POINT('',(0.510243956,-35.426283336,5.5));
#3588=DIRECTION('',(0.,1.,-0.));
#3589=DIRECTION('',(-0.982417425,0.,-0.186697622));
#3590=AXIS2_PLACEMENT_3D('',#3587,#3588,#3589);
#3591=PLANE('',#3590);
#3592=CARTESIAN_POINT('',(16.710243956,-35.426283336,0.364806707));
#3593=VERTEX_POINT('',#3592);
#3594=CARTESIAN_POINT('',(16.710243956,-35.426283336,11.907106829));
#3595=VERTEX_POINT('',#3594);
#3596=CARTESIAN_POINT('',(16.710243956,-35.426283336,0.364806707));
#3597=DIRECTION('',(0.,0.,1.));
#3598=VECTOR('',#3597,11.542300122);
#3599=LINE('',#3596,#3598);
#3600=EDGE_CURVE('',#3593,#3595,#3599,.T.);
#3601=ORIENTED_EDGE('',*,*,#3600,.T.);
#3602=CARTESIAN_POINT('',(-16.300833482,-35.426283336,11.907106829));
#3603=VERTEX_POINT('',#3602);
#3604=CARTESIAN_POINT('',(16.710243956,-35.426283336,11.907106829));
#3605=DIRECTION('',(-1.,0.,0.));
#3606=VECTOR('',#3605,33.011077438);
#3607=LINE('',#3604,#3606);
#3608=EDGE_CURVE('',#3595,#3603,#3607,.T.);
#3609=ORIENTED_EDGE('',*,*,#3608,.T.);
#3610=CARTESIAN_POINT('',(-16.300833482,-35.426283336,0.364806707));
#3611=VERTEX_POINT('',#3610);
#3612=CARTESIAN_POINT('',(-16.300833482,-35.426283336,11.907106829));
#3613=DIRECTION('',(0.,-0.,-1.));
#3614=VECTOR('',#3613,11.542300122);
#3615=LINE('',#3612,#3614);
#3616=EDGE_CURVE('',#3603,#3611,#3615,.T.);
#3617=ORIENTED_EDGE('',*,*,#3616,.T.);
#3618=CARTESIAN_POINT('',(-16.300833482,-35.426283336,0.364806707));
#3619=DIRECTION('',(1.,-0.,0.));
#3620=VECTOR('',#3619,33.011077438);
#3621=LINE('',#3618,#3620);
#3622=EDGE_CURVE('',#3611,#3593,#3621,.T.);
#3623=ORIENTED_EDGE('',*,*,#3622,.T.);
#3624=EDGE_LOOP('',(#3601,#3609,#3617,#3623));
#3625=FACE_BOUND('',#3624,.T.);
#3626=ADVANCED_FACE('',(#3625),#3591,.F.);
#3627=CARTESIAN_POINT('',(-15.759015342,-35.311808024,5.5));
#3628=DIRECTION('',(-0.206716495,0.978400885,-0.));
#3629=DIRECTION('',(-0.961359699,-0.203116034,-0.18582628));
#3630=AXIS2_PLACEMENT_3D('',#3627,#3628,#3629);
#3631=PLANE('',#3630);
#3632=ORIENTED_EDGE('',*,*,#3616,.F.);
#3633=CARTESIAN_POINT('',(-32.328840747,-38.812679986,11.907106829));
#3634=VERTEX_POINT('',#3633);
#3635=CARTESIAN_POINT('',(-16.300833482,-35.426283336,11.907106829));
#3636=DIRECTION('',(-0.978400885,-0.206716495,-0.));
#3637=VECTOR('',#3636,16.381840531);
#3638=LINE('',#3635,#3637);
#3639=EDGE_CURVE('',#3603,#3634,#3638,.T.);
#3640=ORIENTED_EDGE('',*,*,#3639,.T.);
#3641=CARTESIAN_POINT('',(-32.328840747,-38.812679986,0.364806707));
#3642=VERTEX_POINT('',#3641);
#3643=CARTESIAN_POINT('',(-32.328840747,-38.812679986,11.907106829));
#3644=DIRECTION('',(-0.,-0.,-1.));
#3645=VECTOR('',#3644,11.542300122);
#3646=LINE('',#3643,#3645);
#3647=EDGE_CURVE('',#3634,#3642,#3646,.T.);
#3648=ORIENTED_EDGE('',*,*,#3647,.T.);
#3649=CARTESIAN_POINT('',(-32.328840747,-38.812679986,0.364806707));
#3650=DIRECTION('',(0.978400885,0.206716495,-0.));
#3651=VECTOR('',#3650,16.381840531);
#3652=LINE('',#3649,#3651);
#3653=EDGE_CURVE('',#3642,#3611,#3652,.T.);
#3654=ORIENTED_EDGE('',*,*,#3653,.T.);
#3655=EDGE_LOOP('',(#3632,#3640,#3648,#3654));
#3656=FACE_BOUND('',#3655,.T.);
#3657=ADVANCED_FACE('',(#3656),#3631,.F.);
#3658=CARTESIAN_POINT('',(-31.856074171,-38.612003594,5.5));
#3659=DIRECTION('',(-0.390729293,0.920505633,0.));
#3660=DIRECTION('',(0.,0.,-1.));
#3661=AXIS2_PLACEMENT_3D('',#3658,#3659,#3660);
#3662=PLANE('',#3661);
#3663=ORIENTED_EDGE('',*,*,#3647,.F.);
#3664=CARTESIAN_POINT('',(-54.103947496,-48.055613177,11.907106829));
#3665=VERTEX_POINT('',#3664);
#3666=CARTESIAN_POINT('',(-32.328840747,-38.812679986,11.907106829));
#3667=DIRECTION('',(-0.920505633,-0.390729293,-0.));
#3668=VECTOR('',#3667,23.655593163);
#3669=LINE('',#3666,#3668);
#3670=EDGE_CURVE('',#3634,#3665,#3669,.T.);
#3671=ORIENTED_EDGE('',*,*,#3670,.T.);
#3672=CARTESIAN_POINT('',(-54.103947496,-48.055613177,0.364806707));
#3673=VERTEX_POINT('',#3672);
#3674=CARTESIAN_POINT('',(-54.103947496,-48.055613177,11.907106829));
#3675=DIRECTION('',(-0.,-0.,-1.));
#3676=VECTOR('',#3675,11.542300122);
#3677=LINE('',#3674,#3676);
#3678=EDGE_CURVE('',#3665,#3673,#3677,.T.);
#3679=ORIENTED_EDGE('',*,*,#3678,.T.);
#3680=CARTESIAN_POINT('',(-54.103947496,-48.055613177,0.364806707));
#3681=DIRECTION('',(0.920505633,0.390729293,0.));
#3682=VECTOR('',#3681,23.655593163);
#3683=LINE('',#3680,#3682);
#3684=EDGE_CURVE('',#3673,#3642,#3683,.T.);
#3685=ORIENTED_EDGE('',*,*,#3684,.T.);
#3686=EDGE_LOOP('',(#3663,#3671,#3679,#3685));
#3687=FACE_BOUND('',#3686,.T.);
#3688=ADVANCED_FACE('',(#3687),#3662,.F.);
#3689=CARTESIAN_POINT('',(-16.585881321,-31.398204486,5.5));
#3690=DIRECTION('',(-0.206716495,0.978400885,-0.));
#3691=DIRECTION('',(-0.961359699,-0.203116034,-0.18582628));
#3692=AXIS2_PLACEMENT_3D('',#3689,#3690,#3691);
#3693=PLANE('',#3692);
#3694=ORIENTED_EDGE('',*,*,#1095,.F.);
#3695=CARTESIAN_POINT('',(-33.534952956,-34.979203575,11.700000048));
#3696=DIRECTION('',(0.978400885,0.206716495,-0.));
#3697=VECTOR('',#3696,17.187405605);
#3698=LINE('',#3695,#3697);
#3699=EDGE_CURVE('',#1082,#922,#3698,.T.);
#3700=ORIENTED_EDGE('',*,*,#3699,.T.);
#3701=ORIENTED_EDGE('',*,*,#929,.T.);
#3702=ORIENTED_EDGE('',*,*,#2215,.T.);
#3703=EDGE_LOOP('',(#3694,#3700,#3701,#3702));
#3704=FACE_BOUND('',#3703,.T.);
#3705=ADVANCED_FACE('',(#3704),#3693,.T.);
#3706=CARTESIAN_POINT('',(31.810244338,-27.941282725,5.5));
#3707=DIRECTION('',(0.,0.,-1.));
#3708=DIRECTION('',(-1.,0.,0.));
#3709=AXIS2_PLACEMENT_3D('',#3706,#3707,#3708);
#3710=CYLINDRICAL_SURFACE('',#3709,1.);
#3711=ORIENTED_EDGE('',*,*,#809,.F.);
#3712=CARTESIAN_POINT('',(32.810244338,-27.941282725,11.700000048));
#3713=VERTEX_POINT('',#3712);
#3714=CARTESIAN_POINT('',(31.810244338,-27.941282725,11.700000048));
#3715=DIRECTION('',(-0.,-0.,-1.));
#3716=DIRECTION('',(0.,1.,-0.));
#3717=AXIS2_PLACEMENT_3D('',#3714,#3715,#3716);
#3718=CIRCLE('',#3717,1.);
#3719=EDGE_CURVE('',#796,#3713,#3718,.T.);
#3720=ORIENTED_EDGE('',*,*,#3719,.T.);
#3721=CARTESIAN_POINT('',(32.810244338,-27.941282725,4.950000048));
#3722=DIRECTION('',(-0.,-0.,1.));
#3723=VECTOR('',#3722,6.75);
#3724=LINE('',#3721,#3723);
#3725=EDGE_CURVE('',#2244,#3713,#3724,.T.);
#3726=ORIENTED_EDGE('',*,*,#3725,.F.);
#3727=ORIENTED_EDGE('',*,*,#2250,.T.);
#3728=EDGE_LOOP('',(#3711,#3720,#3726,#3727));
#3729=FACE_BOUND('',#3728,.T.);
#3730=ADVANCED_FACE('',(#3729),#3710,.T.);
#3731=CARTESIAN_POINT('',(17.410243956,-27.941282725,5.5));
#3732=DIRECTION('',(0.,0.,1.));
#3733=DIRECTION('',(1.,0.,-0.));
#3734=AXIS2_PLACEMENT_3D('',#3731,#3732,#3733);
#3735=CYLINDRICAL_SURFACE('',#3734,1.);
#3736=CARTESIAN_POINT('',(16.410243956,-27.941282725,11.700000048));
#3737=VERTEX_POINT('',#3736);
#3738=CARTESIAN_POINT('',(16.410243956,-27.941282725,11.700000048));
#3739=DIRECTION('',(-0.,-0.,-1.));
#3740=VECTOR('',#3739,6.75);
#3741=LINE('',#3738,#3740);
#3742=EDGE_CURVE('',#3737,#2228,#3741,.T.);
#3743=ORIENTED_EDGE('',*,*,#3742,.F.);
#3744=CARTESIAN_POINT('',(17.410243956,-27.941282725,11.700000048));
#3745=DIRECTION('',(-0.,-0.,-1.));
#3746=DIRECTION('',(0.,1.,-0.));
#3747=AXIS2_PLACEMENT_3D('',#3744,#3745,#3746);
#3748=CIRCLE('',#3747,1.);
#3749=EDGE_CURVE('',#3737,#788,#3748,.T.);
#3750=ORIENTED_EDGE('',*,*,#3749,.T.);
#3751=ORIENTED_EDGE('',*,*,#793,.F.);
#3752=ORIENTED_EDGE('',*,*,#2240,.T.);
#3753=EDGE_LOOP('',(#3743,#3750,#3751,#3752));
#3754=FACE_BOUND('',#3753,.T.);
#3755=ADVANCED_FACE('',(#3754),#3735,.T.);
#3756=CARTESIAN_POINT('',(35.810243956,39.808718801,2.200000048));
#3757=DIRECTION('',(0.,0.,1.));
#3758=DIRECTION('',(1.,0.,-0.));
#3759=AXIS2_PLACEMENT_3D('',#3756,#3757,#3758);
#3760=CYLINDRICAL_SURFACE('',#3759,1.);
#3761=ORIENTED_EDGE('',*,*,#1247,.F.);
#3762=CARTESIAN_POINT('',(34.810243956,39.808718801,11.700000048));
#3763=VERTEX_POINT('',#3762);
#3764=CARTESIAN_POINT('',(35.810243956,39.808718801,11.700000048));
#3765=DIRECTION('',(-0.,-0.,-1.));
#3766=DIRECTION('',(0.,1.,-0.));
#3767=AXIS2_PLACEMENT_3D('',#3764,#3765,#3766);
#3768=CIRCLE('',#3767,1.);
#3769=EDGE_CURVE('',#1234,#3763,#3768,.T.);
#3770=ORIENTED_EDGE('',*,*,#3769,.T.);
#3771=CARTESIAN_POINT('',(34.810243956,39.808718801,4.950000048));
#3772=DIRECTION('',(0.,0.,1.));
#3773=VECTOR('',#3772,6.75);
#3774=LINE('',#3771,#3773);
#3775=EDGE_CURVE('',#2294,#3763,#3774,.T.);
#3776=ORIENTED_EDGE('',*,*,#3775,.F.);
#3777=ORIENTED_EDGE('',*,*,#2300,.T.);
#3778=EDGE_LOOP('',(#3761,#3770,#3776,#3777));
#3779=FACE_BOUND('',#3778,.T.);
#3780=ADVANCED_FACE('',(#3779),#3760,.T.);
#3781=CARTESIAN_POINT('',(-2.189756139,44.058718801,5.5));
#3782=DIRECTION('',(0.,0.,-1.));
#3783=DIRECTION('',(-1.,0.,0.));
#3784=AXIS2_PLACEMENT_3D('',#3781,#3782,#3783);
#3785=CYLINDRICAL_SURFACE('',#3784,1.);
#3786=CARTESIAN_POINT('',(-1.189756139,44.058718801,11.700000048));
#3787=VERTEX_POINT('',#3786);
#3788=CARTESIAN_POINT('',(-1.189756139,44.058718801,11.700000048));
#3789=DIRECTION('',(0.,0.,-1.));
#3790=VECTOR('',#3789,6.75);
#3791=LINE('',#3788,#3790);
#3792=EDGE_CURVE('',#3787,#2362,#3791,.T.);
#3793=ORIENTED_EDGE('',*,*,#3792,.F.);
#3794=CARTESIAN_POINT('',(-2.189756139,43.058718801,11.700000048));
#3795=VERTEX_POINT('',#3794);
#3796=CARTESIAN_POINT('',(-2.189756139,44.058718801,11.700000048));
#3797=DIRECTION('',(-0.,-0.,-1.));
#3798=DIRECTION('',(0.,1.,-0.));
#3799=AXIS2_PLACEMENT_3D('',#3796,#3797,#3798);
#3800=CIRCLE('',#3799,1.);
#3801=EDGE_CURVE('',#3787,#3795,#3800,.T.);
#3802=ORIENTED_EDGE('',*,*,#3801,.T.);
#3803=CARTESIAN_POINT('',(-2.189756139,43.058718801,4.950000048));
#3804=DIRECTION('',(-0.,-0.,1.));
#3805=VECTOR('',#3804,6.75);
#3806=LINE('',#3803,#3805);
#3807=EDGE_CURVE('',#2370,#3795,#3806,.T.);
#3808=ORIENTED_EDGE('',*,*,#3807,.F.);
#3809=ORIENTED_EDGE('',*,*,#2376,.T.);
#3810=EDGE_LOOP('',(#3793,#3802,#3808,#3809));
#3811=FACE_BOUND('',#3810,.T.);
#3812=ADVANCED_FACE('',(#3811),#3785,.T.);
#3813=CARTESIAN_POINT('',(34.810243956,42.758718801,2.200000048));
#3814=DIRECTION('',(-1.,0.,0.));
#3815=DIRECTION('',(-0.,-1.,0.));
#3816=AXIS2_PLACEMENT_3D('',#3813,#3814,#3815);
#3817=PLANE('',#3816);
#3818=ORIENTED_EDGE('',*,*,#3775,.T.);
#3819=CARTESIAN_POINT('',(34.810243956,42.058718801,11.700000048));
#3820=VERTEX_POINT('',#3819);
#3821=CARTESIAN_POINT('',(34.810243956,39.808718801,11.700000048));
#3822=DIRECTION('',(0.,1.,-0.));
#3823=VECTOR('',#3822,2.25);
#3824=LINE('',#3821,#3823);
#3825=EDGE_CURVE('',#3763,#3820,#3824,.T.);
#3826=ORIENTED_EDGE('',*,*,#3825,.T.);
#3827=CARTESIAN_POINT('',(34.810243956,42.058718801,11.700000048));
#3828=DIRECTION('',(-0.,-0.,-1.));
#3829=VECTOR('',#3828,6.75);
#3830=LINE('',#3827,#3829);
#3831=EDGE_CURVE('',#3820,#2303,#3830,.T.);
#3832=ORIENTED_EDGE('',*,*,#3831,.T.);
#3833=ORIENTED_EDGE('',*,*,#2308,.T.);
#3834=EDGE_LOOP('',(#3818,#3826,#3832,#3833));
#3835=FACE_BOUND('',#3834,.T.);
#3836=ADVANCED_FACE('',(#3835),#3817,.T.);
#3837=CARTESIAN_POINT('',(32.810244338,-30.891282725,5.5));
#3838=DIRECTION('',(1.,-0.,0.));
#3839=DIRECTION('',(0.,0.789852318,-0.613297085));
#3840=AXIS2_PLACEMENT_3D('',#3837,#3838,#3839);
#3841=PLANE('',#3840);
#3842=ORIENTED_EDGE('',*,*,#3725,.T.);
#3843=CARTESIAN_POINT('',(32.810244338,-30.191282725,11.700000048));
#3844=VERTEX_POINT('',#3843);
#3845=CARTESIAN_POINT('',(32.810244338,-27.941282725,11.700000048));
#3846=DIRECTION('',(-0.,-1.,0.));
#3847=VECTOR('',#3846,2.25);
#3848=LINE('',#3845,#3847);
#3849=EDGE_CURVE('',#3713,#3844,#3848,.T.);
#3850=ORIENTED_EDGE('',*,*,#3849,.T.);
#3851=CARTESIAN_POINT('',(32.810244338,-30.191282725,11.700000048));
#3852=DIRECTION('',(-0.,-0.,-1.));
#3853=VECTOR('',#3852,6.75);
#3854=LINE('',#3851,#3853);
#3855=EDGE_CURVE('',#3844,#2253,#3854,.T.);
#3856=ORIENTED_EDGE('',*,*,#3855,.T.);
#3857=ORIENTED_EDGE('',*,*,#2258,.T.);
#3858=EDGE_LOOP('',(#3842,#3850,#3856,#3857));
#3859=FACE_BOUND('',#3858,.T.);
#3860=ADVANCED_FACE('',(#3859),#3841,.T.);
#3861=CARTESIAN_POINT('',(17.810243956,44.883718801,2.200000048));
#3862=DIRECTION('',(-1.,0.,0.));
#3863=DIRECTION('',(-0.,-1.,0.));
#3864=AXIS2_PLACEMENT_3D('',#3861,#3862,#3863);
#3865=PLANE('',#3864);
#3866=ORIENTED_EDGE('',*,*,#3079,.T.);
#3867=CARTESIAN_POINT('',(17.810243956,44.183718801,11.700000048));
#3868=VERTEX_POINT('',#3867);
#3869=CARTESIAN_POINT('',(17.810243956,44.058718801,11.700000048));
#3870=DIRECTION('',(0.,1.,-0.));
#3871=VECTOR('',#3870,0.125);
#3872=LINE('',#3869,#3871);
#3873=EDGE_CURVE('',#3067,#3868,#3872,.T.);
#3874=ORIENTED_EDGE('',*,*,#3873,.T.);
#3875=CARTESIAN_POINT('',(17.810243956,44.183718801,11.700000048));
#3876=DIRECTION('',(-0.,-0.,-1.));
#3877=VECTOR('',#3876,6.75);
#3878=LINE('',#3875,#3877);
#3879=EDGE_CURVE('',#3868,#2337,#3878,.T.);
#3880=ORIENTED_EDGE('',*,*,#3879,.T.);
#3881=ORIENTED_EDGE('',*,*,#2342,.T.);
#3882=EDGE_LOOP('',(#3866,#3874,#3880,#3881));
#3883=FACE_BOUND('',#3882,.T.);
#3884=ADVANCED_FACE('',(#3883),#3865,.T.);
#3885=CARTESIAN_POINT('',(17.510243956,43.058718801,2.200000048));
#3886=DIRECTION('',(-0.,-1.,0.));
#3887=DIRECTION('',(1.,-0.,0.));
#3888=AXIS2_PLACEMENT_3D('',#3885,#3886,#3887);
#3889=PLANE('',#3888);
#3890=CARTESIAN_POINT('',(33.810243956,43.058718801,11.700000048));
#3891=VERTEX_POINT('',#3890);
#3892=CARTESIAN_POINT('',(33.810243956,43.058718801,4.950000048));
#3893=DIRECTION('',(0.,0.,1.));
#3894=VECTOR('',#3893,6.75);
#3895=LINE('',#3892,#3894);
#3896=EDGE_CURVE('',#2311,#3891,#3895,.T.);
#3897=ORIENTED_EDGE('',*,*,#3896,.T.);
#3898=CARTESIAN_POINT('',(33.810243956,43.058718801,11.700000048));
#3899=DIRECTION('',(-1.,0.,0.));
#3900=VECTOR('',#3899,15.);
#3901=LINE('',#3898,#3900);
#3902=EDGE_CURVE('',#3891,#3059,#3901,.T.);
#3903=ORIENTED_EDGE('',*,*,#3902,.T.);
#3904=ORIENTED_EDGE('',*,*,#3064,.T.);
#3905=ORIENTED_EDGE('',*,*,#2325,.T.);
#3906=EDGE_LOOP('',(#3897,#3903,#3904,#3905));
#3907=FACE_BOUND('',#3906,.T.);
#3908=ADVANCED_FACE('',(#3907),#3889,.T.);
#3909=CARTESIAN_POINT('',(-1.189756139,42.758718801,5.5));
#3910=DIRECTION('',(1.,-0.,0.));
#3911=DIRECTION('',(0.,0.541401279,-0.840764328));
#3912=AXIS2_PLACEMENT_3D('',#3909,#3910,#3911);
#3913=PLANE('',#3912);
#3914=CARTESIAN_POINT('',(-1.189756139,44.183718801,11.700000048));
#3915=VERTEX_POINT('',#3914);
#3916=CARTESIAN_POINT('',(-1.189756139,44.183718801,4.950000048));
#3917=DIRECTION('',(-0.,-0.,1.));
#3918=VECTOR('',#3917,6.75);
#3919=LINE('',#3916,#3918);
#3920=EDGE_CURVE('',#2353,#3915,#3919,.T.);
#3921=ORIENTED_EDGE('',*,*,#3920,.T.);
#3922=CARTESIAN_POINT('',(-1.189756139,44.183718801,11.700000048));
#3923=DIRECTION('',(-0.,-1.,0.));
#3924=VECTOR('',#3923,0.125);
#3925=LINE('',#3922,#3924);
#3926=EDGE_CURVE('',#3915,#3787,#3925,.T.);
#3927=ORIENTED_EDGE('',*,*,#3926,.T.);
#3928=ORIENTED_EDGE('',*,*,#3792,.T.);
#3929=ORIENTED_EDGE('',*,*,#2367,.T.);
#3930=EDGE_LOOP('',(#3921,#3927,#3928,#3929));
#3931=FACE_BOUND('',#3930,.T.);
#3932=ADVANCED_FACE('',(#3931),#3913,.T.);
#3933=CARTESIAN_POINT('',(-18.189755662,40.633718801,5.5));
#3934=DIRECTION('',(1.,-0.,0.));
#3935=DIRECTION('',(0.,0.541401279,-0.840764328));
#3936=AXIS2_PLACEMENT_3D('',#3933,#3934,#3935);
#3937=PLANE('',#3936);
#3938=CARTESIAN_POINT('',(-18.189755662,42.058718801,11.700000048));
#3939=VERTEX_POINT('',#3938);
#3940=CARTESIAN_POINT('',(-18.189755662,42.058718801,4.950000048));
#3941=DIRECTION('',(-0.,-0.,1.));
#3942=VECTOR('',#3941,6.75);
#3943=LINE('',#3940,#3942);
#3944=EDGE_CURVE('',#2387,#3939,#3943,.T.);
#3945=ORIENTED_EDGE('',*,*,#3944,.T.);
#3946=CARTESIAN_POINT('',(-18.189755662,42.058718801,11.700000048));
#3947=DIRECTION('',(-0.,-1.,0.));
#3948=VECTOR('',#3947,0.125);
#3949=LINE('',#3946,#3948);
#3950=EDGE_CURVE('',#3939,#3091,#3949,.T.);
#3951=ORIENTED_EDGE('',*,*,#3950,.T.);
#3952=ORIENTED_EDGE('',*,*,#3096,.T.);
#3953=ORIENTED_EDGE('',*,*,#2401,.T.);
#3954=EDGE_LOOP('',(#3945,#3951,#3952,#3953));
#3955=FACE_BOUND('',#3954,.T.);
#3956=ADVANCED_FACE('',(#3955),#3937,.T.);
#3957=CARTESIAN_POINT('',(-17.889755662,43.058718801,5.5));
#3958=DIRECTION('',(-0.,-1.,-0.));
#3959=DIRECTION('',(0.981675447,-0.,-0.190560531));
#3960=AXIS2_PLACEMENT_3D('',#3957,#3958,#3959);
#3961=PLANE('',#3960);
#3962=ORIENTED_EDGE('',*,*,#3807,.T.);
#3963=CARTESIAN_POINT('',(-17.189755662,43.058718801,11.700000048));
#3964=VERTEX_POINT('',#3963);
#3965=CARTESIAN_POINT('',(-2.189756139,43.058718801,11.700000048));
#3966=DIRECTION('',(-1.,0.,0.));
#3967=VECTOR('',#3966,14.999999523);
#3968=LINE('',#3965,#3967);
#3969=EDGE_CURVE('',#3795,#3964,#3968,.T.);
#3970=ORIENTED_EDGE('',*,*,#3969,.T.);
#3971=CARTESIAN_POINT('',(-17.189755662,43.058718801,11.700000048));
#3972=DIRECTION('',(0.,0.,-1.));
#3973=VECTOR('',#3972,6.75);
#3974=LINE('',#3971,#3973);
#3975=EDGE_CURVE('',#3964,#2379,#3974,.T.);
#3976=ORIENTED_EDGE('',*,*,#3975,.T.);
#3977=ORIENTED_EDGE('',*,*,#2384,.T.);
#3978=EDGE_LOOP('',(#3962,#3970,#3976,#3977));
#3979=FACE_BOUND('',#3978,.T.);
#3980=ADVANCED_FACE('',(#3979),#3961,.T.);
#3981=CARTESIAN_POINT('',(68.810243956,38.508718801,5.5));
#3982=DIRECTION('',(-1.,0.,0.));
#3983=DIRECTION('',(0.,0.,-1.));
#3984=AXIS2_PLACEMENT_3D('',#3981,#3982,#3983);
#3985=PLANE('',#3984);
#3986=ORIENTED_EDGE('',*,*,#3005,.T.);
#3987=CARTESIAN_POINT('',(68.810243956,37.808718801,11.700000048));
#3988=VERTEX_POINT('',#3987);
#3989=CARTESIAN_POINT('',(68.810243956,-30.191282725,11.700000048));
#3990=DIRECTION('',(0.,1.,-0.));
#3991=VECTOR('',#3990,68.000001526);
#3992=LINE('',#3989,#3991);
#3993=EDGE_CURVE('',#2993,#3988,#3992,.T.);
#3994=ORIENTED_EDGE('',*,*,#3993,.T.);
#3995=CARTESIAN_POINT('',(68.810243956,37.808718801,11.700000048));
#3996=DIRECTION('',(0.,0.,-1.));
#3997=VECTOR('',#3996,6.75);
#3998=LINE('',#3995,#3997);
#3999=EDGE_CURVE('',#3988,#2278,#3998,.T.);
#4000=ORIENTED_EDGE('',*,*,#3999,.T.);
#4001=ORIENTED_EDGE('',*,*,#2283,.T.);
#4002=EDGE_LOOP('',(#3986,#3994,#4000,#4001));
#4003=FACE_BOUND('',#4002,.T.);
#4004=ADVANCED_FACE('',(#4003),#3985,.T.);
#4005=CARTESIAN_POINT('',(16.410243956,-7.516282725,5.5));
#4006=DIRECTION('',(-1.,0.,0.));
#4007=DIRECTION('',(-0.,-0.98951605,-0.144422947));
#4008=AXIS2_PLACEMENT_3D('',#4005,#4006,#4007);
#4009=PLANE('',#4008);
#4010=CARTESIAN_POINT('',(16.410243956,-30.426283336,11.700000048));
#4011=VERTEX_POINT('',#4010);
#4012=CARTESIAN_POINT('',(16.410243956,-30.426283336,4.950000048));
#4013=DIRECTION('',(0.,0.,1.));
#4014=VECTOR('',#4013,6.75);
#4015=LINE('',#4012,#4014);
#4016=EDGE_CURVE('',#2219,#4011,#4015,.T.);
#4017=ORIENTED_EDGE('',*,*,#4016,.T.);
#4018=CARTESIAN_POINT('',(16.410243956,-30.426283336,11.700000048));
#4019=DIRECTION('',(0.,1.,-0.));
#4020=VECTOR('',#4019,2.48500061);
#4021=LINE('',#4018,#4020);
#4022=EDGE_CURVE('',#4011,#3737,#4021,.T.);
#4023=ORIENTED_EDGE('',*,*,#4022,.T.);
#4024=ORIENTED_EDGE('',*,*,#3742,.T.);
#4025=ORIENTED_EDGE('',*,*,#2233,.T.);
#4026=EDGE_LOOP('',(#4017,#4023,#4024,#4025));
#4027=FACE_BOUND('',#4026,.T.);
#4028=ADVANCED_FACE('',(#4027),#4009,.T.);
#4029=CARTESIAN_POINT('',(33.810244338,-30.191282725,5.5));
#4030=DIRECTION('',(0.,0.,-1.));
#4031=DIRECTION('',(-1.,0.,0.));
#4032=AXIS2_PLACEMENT_3D('',#4029,#4030,#4031);
#4033=CYLINDRICAL_SURFACE('',#4032,1.);
#4034=ORIENTED_EDGE('',*,*,#3855,.F.);
#4035=CARTESIAN_POINT('',(33.810244338,-30.191282725,11.700000048));
#4036=DIRECTION('',(-0.,-0.,1.));
#4037=DIRECTION('',(-1.,0.,0.));
#4038=AXIS2_PLACEMENT_3D('',#4035,#4036,#4037);
#4039=CIRCLE('',#4038,1.);
#4040=EDGE_CURVE('',#3844,#652,#4039,.T.);
#4041=ORIENTED_EDGE('',*,*,#4040,.T.);
#4042=ORIENTED_EDGE('',*,*,#657,.F.);
#4043=ORIENTED_EDGE('',*,*,#2265,.T.);
#4044=EDGE_LOOP('',(#4034,#4041,#4042,#4043));
#4045=FACE_BOUND('',#4044,.T.);
#4046=ADVANCED_FACE('',(#4045),#4033,.F.);
#4047=CARTESIAN_POINT('',(15.410243956,-30.426283336,5.5));
#4048=DIRECTION('',(0.,0.,-1.));
#4049=DIRECTION('',(-1.,0.,0.));
#4050=AXIS2_PLACEMENT_3D('',#4047,#4048,#4049);
#4051=CYLINDRICAL_SURFACE('',#4050,1.);
#4052=ORIENTED_EDGE('',*,*,#945,.F.);
#4053=CARTESIAN_POINT('',(15.410243956,-30.426283336,11.700000048));
#4054=DIRECTION('',(-0.,-0.,1.));
#4055=DIRECTION('',(-1.,0.,0.));
#4056=AXIS2_PLACEMENT_3D('',#4053,#4054,#4055);
#4057=CIRCLE('',#4056,1.);
#4058=EDGE_CURVE('',#932,#4011,#4057,.T.);
#4059=ORIENTED_EDGE('',*,*,#4058,.T.);
#4060=ORIENTED_EDGE('',*,*,#4016,.F.);
#4061=ORIENTED_EDGE('',*,*,#2225,.T.);
#4062=EDGE_LOOP('',(#4052,#4059,#4060,#4061));
#4063=FACE_BOUND('',#4062,.T.);
#4064=ADVANCED_FACE('',(#4063),#4051,.F.);
#4065=CARTESIAN_POINT('',(67.810243956,37.808718801,5.5));
#4066=DIRECTION('',(0.,0.,1.));
#4067=DIRECTION('',(1.,0.,-0.));
#4068=AXIS2_PLACEMENT_3D('',#4065,#4066,#4067);
#4069=CYLINDRICAL_SURFACE('',#4068,1.);
#4070=ORIENTED_EDGE('',*,*,#3999,.F.);
#4071=CARTESIAN_POINT('',(67.810243956,37.808718801,11.700000048));
#4072=DIRECTION('',(-0.,-0.,1.));
#4073=DIRECTION('',(-1.,0.,0.));
#4074=AXIS2_PLACEMENT_3D('',#4071,#4072,#4073);
#4075=CIRCLE('',#4074,1.);
#4076=EDGE_CURVE('',#3988,#1226,#4075,.T.);
#4077=ORIENTED_EDGE('',*,*,#4076,.T.);
#4078=ORIENTED_EDGE('',*,*,#1231,.F.);
#4079=ORIENTED_EDGE('',*,*,#2290,.T.);
#4080=EDGE_LOOP('',(#4070,#4077,#4078,#4079));
#4081=FACE_BOUND('',#4080,.T.);
#4082=ADVANCED_FACE('',(#4081),#4069,.F.);
#4083=CARTESIAN_POINT('',(33.810243956,42.058718801,2.200000048));
#4084=DIRECTION('',(0.,0.,-1.));
#4085=DIRECTION('',(-1.,0.,0.));
#4086=AXIS2_PLACEMENT_3D('',#4083,#4084,#4085);
#4087=CYLINDRICAL_SURFACE('',#4086,1.);
#4088=ORIENTED_EDGE('',*,*,#3831,.F.);
#4089=CARTESIAN_POINT('',(33.810243956,42.058718801,11.700000048));
#4090=DIRECTION('',(-0.,-0.,1.));
#4091=DIRECTION('',(-1.,0.,0.));
#4092=AXIS2_PLACEMENT_3D('',#4089,#4090,#4091);
#4093=CIRCLE('',#4092,1.);
#4094=EDGE_CURVE('',#3820,#3891,#4093,.T.);
#4095=ORIENTED_EDGE('',*,*,#4094,.T.);
#4096=ORIENTED_EDGE('',*,*,#3896,.F.);
#4097=ORIENTED_EDGE('',*,*,#2317,.T.);
#4098=EDGE_LOOP('',(#4088,#4095,#4096,#4097));
#4099=FACE_BOUND('',#4098,.T.);
#4100=ADVANCED_FACE('',(#4099),#4087,.F.);
#4101=CARTESIAN_POINT('',(16.810243956,44.183718801,2.200000048));
#4102=DIRECTION('',(0.,0.,-1.));
#4103=DIRECTION('',(-1.,0.,0.));
#4104=AXIS2_PLACEMENT_3D('',#4101,#4102,#4103);
#4105=CYLINDRICAL_SURFACE('',#4104,1.);
#4106=ORIENTED_EDGE('',*,*,#3879,.F.);
#4107=CARTESIAN_POINT('',(16.810243956,44.183718801,11.700000048));
#4108=DIRECTION('',(-0.,-0.,1.));
#4109=DIRECTION('',(-1.,0.,0.));
#4110=AXIS2_PLACEMENT_3D('',#4107,#4108,#4109);
#4111=CIRCLE('',#4110,1.);
#4112=EDGE_CURVE('',#3868,#1378,#4111,.T.);
#4113=ORIENTED_EDGE('',*,*,#4112,.T.);
#4114=ORIENTED_EDGE('',*,*,#1383,.F.);
#4115=ORIENTED_EDGE('',*,*,#2349,.T.);
#4116=EDGE_LOOP('',(#4106,#4113,#4114,#4115));
#4117=FACE_BOUND('',#4116,.T.);
#4118=ADVANCED_FACE('',(#4117),#4105,.F.);
#4119=CARTESIAN_POINT('',(-0.189756139,44.183718801,2.200000048));
#4120=DIRECTION('',(0.,0.,1.));
#4121=DIRECTION('',(1.,0.,-0.));
#4122=AXIS2_PLACEMENT_3D('',#4119,#4120,#4121);
#4123=CYLINDRICAL_SURFACE('',#4122,1.);
#4124=ORIENTED_EDGE('',*,*,#1399,.F.);
#4125=CARTESIAN_POINT('',(-0.189756139,44.183718801,11.700000048));
#4126=DIRECTION('',(-0.,-0.,1.));
#4127=DIRECTION('',(-1.,0.,0.));
#4128=AXIS2_PLACEMENT_3D('',#4125,#4126,#4127);
#4129=CIRCLE('',#4128,1.);
#4130=EDGE_CURVE('',#1386,#3915,#4129,.T.);
#4131=ORIENTED_EDGE('',*,*,#4130,.T.);
#4132=ORIENTED_EDGE('',*,*,#3920,.F.);
#4133=ORIENTED_EDGE('',*,*,#2359,.T.);
#4134=EDGE_LOOP('',(#4124,#4131,#4132,#4133));
#4135=FACE_BOUND('',#4134,.T.);
#4136=ADVANCED_FACE('',(#4135),#4123,.F.);
#4137=CARTESIAN_POINT('',(-54.676832889,-42.866989962,5.5));
#4138=DIRECTION('',(0.,0.,-1.));
#4139=DIRECTION('',(-1.,0.,0.));
#4140=AXIS2_PLACEMENT_3D('',#4137,#4138,#4139);
#4141=CYLINDRICAL_SURFACE('',#4140,1.);
#4142=ORIENTED_EDGE('',*,*,#3029,.F.);
#4143=CARTESIAN_POINT('',(-54.676832889,-42.866989962,11.700000048));
#4144=DIRECTION('',(-0.,-0.,1.));
#4145=DIRECTION('',(-1.,0.,0.));
#4146=AXIS2_PLACEMENT_3D('',#4143,#4144,#4145);
#4147=CIRCLE('',#4146,1.);
#4148=EDGE_CURVE('',#3018,#1074,#4147,.T.);
#4149=ORIENTED_EDGE('',*,*,#4148,.T.);
#4150=ORIENTED_EDGE('',*,*,#1079,.F.);
#4151=ORIENTED_EDGE('',*,*,#2208,.T.);
#4152=EDGE_LOOP('',(#4142,#4149,#4150,#4151));
#4153=FACE_BOUND('',#4152,.T.);
#4154=ADVANCED_FACE('',(#4153),#4141,.F.);
#4155=CARTESIAN_POINT('',(-17.189755662,42.058718801,5.5));
#4156=DIRECTION('',(0.,0.,1.));
#4157=DIRECTION('',(1.,0.,-0.));
#4158=AXIS2_PLACEMENT_3D('',#4155,#4156,#4157);
#4159=CYLINDRICAL_SURFACE('',#4158,1.);
#4160=ORIENTED_EDGE('',*,*,#3975,.F.);
#4161=CARTESIAN_POINT('',(-17.189755662,42.058718801,11.700000048));
#4162=DIRECTION('',(-0.,-0.,1.));
#4163=DIRECTION('',(-1.,0.,0.));
#4164=AXIS2_PLACEMENT_3D('',#4161,#4162,#4163);
#4165=CIRCLE('',#4164,1.);
#4166=EDGE_CURVE('',#3964,#3939,#4165,.T.);
#4167=ORIENTED_EDGE('',*,*,#4166,.T.);
#4168=ORIENTED_EDGE('',*,*,#3944,.F.);
#4169=ORIENTED_EDGE('',*,*,#2393,.T.);
#4170=EDGE_LOOP('',(#4160,#4167,#4168,#4169));
#4171=FACE_BOUND('',#4170,.T.);
#4172=ADVANCED_FACE('',(#4171),#4159,.F.);
#4173=CARTESIAN_POINT('',(23.259438235,-27.841282725,7.5));
#4174=DIRECTION('',(-1.,0.,0.));
#4175=DIRECTION('',(0.,0.,1.));
#4176=AXIS2_PLACEMENT_3D('',#4173,#4174,#4175);
#4177=PLANE('',#4176);
#4178=ORIENTED_EDGE('',*,*,#846,.F.);
#4179=ORIENTED_EDGE('',*,*,#877,.F.);
#4180=CARTESIAN_POINT('',(23.259438235,-28.641282725,7.001448578));
#4181=DIRECTION('',(0.,1.,0.));
#4182=VECTOR('',#4181,1.7);
#4183=LINE('',#4180,#4182);
#4184=EDGE_CURVE('',#866,#762,#4183,.T.);
#4185=ORIENTED_EDGE('',*,*,#4184,.T.);
#4186=ORIENTED_EDGE('',*,*,#767,.T.);
#4187=EDGE_LOOP('',(#4178,#4179,#4185,#4186));
#4188=FACE_BOUND('',#4187,.T.);
#4189=ADVANCED_FACE('',(#4188),#4177,.F.);
#4190=CARTESIAN_POINT('',(-57.187371289,-43.606721275,-2.2));
#4191=DIRECTION('',(0.920506375,0.390727545,0.));
#4192=DIRECTION('',(-0.38459119,0.906049873,-0.17653114));
#4193=AXIS2_PLACEMENT_3D('',#4190,#4191,#4192);
#4194=PLANE('',#4193);
#4195=ORIENTED_EDGE('',*,*,#2807,.T.);
#4196=CARTESIAN_POINT('',(-66.309226056,-22.116745529,4.950000048));
#4197=DIRECTION('',(-0.,-0.,-1.));
#4198=VECTOR('',#4197,5.585193341);
#4199=LINE('',#4196,#4198);
#4200=EDGE_CURVE('',#2000,#2793,#4199,.T.);
#4201=ORIENTED_EDGE('',*,*,#4200,.F.);
#4202=ORIENTED_EDGE('',*,*,#2005,.F.);
#4203=CARTESIAN_POINT('',(-57.695314722,-42.410068582,-0.635193293));
#4204=DIRECTION('',(0.,0.,1.));
#4205=VECTOR('',#4204,5.585193341);
#4206=LINE('',#4203,#4205);
#4207=EDGE_CURVE('',#2802,#1991,#4206,.T.);
#4208=ORIENTED_EDGE('',*,*,#4207,.F.);
#4209=EDGE_LOOP('',(#4195,#4201,#4202,#4208));
#4210=FACE_BOUND('',#4209,.T.);
#4211=ADVANCED_FACE('',(#4210),#4194,.T.);
#4212=CARTESIAN_POINT('',(-16.255134929,-32.963645901,-2.2));
#4213=DIRECTION('',(-0.206716495,0.978400885,-0.));
#4214=DIRECTION('',(-0.961359699,-0.203116034,-0.18582628));
#4215=AXIS2_PLACEMENT_3D('',#4212,#4213,#4214);
#4216=PLANE('',#4215);
#4217=ORIENTED_EDGE('',*,*,#2832,.T.);
#4218=CARTESIAN_POINT('',(-33.052508072,-36.512594139,4.950000048));
#4219=DIRECTION('',(-0.,-0.,-1.));
#4220=VECTOR('',#4219,5.585193341);
#4221=LINE('',#4218,#4220);
#4222=EDGE_CURVE('',#1975,#2819,#4221,.T.);
#4223=ORIENTED_EDGE('',*,*,#4222,.F.);
#4224=ORIENTED_EDGE('',*,*,#1980,.F.);
#4225=CARTESIAN_POINT('',(-16.551601459,-33.026283336,4.950000048));
#4226=DIRECTION('',(0.,-0.,-1.));
#4227=VECTOR('',#4226,5.585193341);
#4228=LINE('',#4225,#4227);
#4229=EDGE_CURVE('',#1973,#2827,#4228,.T.);
#4230=ORIENTED_EDGE('',*,*,#4229,.T.);
#4231=EDGE_LOOP('',(#4217,#4223,#4224,#4230));
#4232=FACE_BOUND('',#4231,.T.);
#4233=ADVANCED_FACE('',(#4232),#4216,.T.);
#4234=CARTESIAN_POINT('',(0.510243956,-33.026283336,-2.2));
#4235=DIRECTION('',(0.,1.,-0.));
#4236=DIRECTION('',(-0.982417425,0.,-0.186697622));
#4237=AXIS2_PLACEMENT_3D('',#4234,#4235,#4236);
#4238=PLANE('',#4237);
#4239=CARTESIAN_POINT('',(1.216248609,-33.026283336,3.932801541));
#4240=VERTEX_POINT('',#4239);
#4241=CARTESIAN_POINT('',(-2.983751391,-33.026283336,3.932801541));
#4242=VERTEX_POINT('',#4241);
#4243=CARTESIAN_POINT('',(1.216248609,-33.026283336,3.932801541));
#4244=DIRECTION('',(-1.,0.,0.));
#4245=VECTOR('',#4244,4.2);
#4246=LINE('',#4243,#4245);
#4247=EDGE_CURVE('',#4240,#4242,#4246,.T.);
#4248=ORIENTED_EDGE('',*,*,#4247,.T.);
#4249=CARTESIAN_POINT('',(-2.983751391,-33.026283336,2.132801541));
#4250=VERTEX_POINT('',#4249);
#4251=CARTESIAN_POINT('',(-2.983751391,-33.026283336,3.932801541));
#4252=DIRECTION('',(0.,0.,-1.));
#4253=VECTOR('',#4252,1.8);
#4254=LINE('',#4251,#4253);
#4255=EDGE_CURVE('',#4242,#4250,#4254,.T.);
#4256=ORIENTED_EDGE('',*,*,#4255,.T.);
#4257=CARTESIAN_POINT('',(1.216248609,-33.026283336,2.132801541));
#4258=VERTEX_POINT('',#4257);
#4259=CARTESIAN_POINT('',(-2.983751391,-33.026283336,2.132801541));
#4260=DIRECTION('',(1.,0.,-0.));
#4261=VECTOR('',#4260,4.2);
#4262=LINE('',#4259,#4261);
#4263=EDGE_CURVE('',#4250,#4258,#4262,.T.);
#4264=ORIENTED_EDGE('',*,*,#4263,.T.);
#4265=CARTESIAN_POINT('',(1.216248609,-33.026283336,2.132801541));
#4266=DIRECTION('',(0.,0.,1.));
#4267=VECTOR('',#4266,1.8);
#4268=LINE('',#4265,#4267);
#4269=EDGE_CURVE('',#4258,#4240,#4268,.T.);
#4270=ORIENTED_EDGE('',*,*,#4269,.T.);
#4271=EDGE_LOOP('',(#4248,#4256,#4264,#4270));
#4272=FACE_BOUND('',#4271,.T.);
#4273=ORIENTED_EDGE('',*,*,#2840,.T.);
#4274=ORIENTED_EDGE('',*,*,#4229,.F.);
#4275=ORIENTED_EDGE('',*,*,#2197,.F.);
#4276=CARTESIAN_POINT('',(13.810243956,-33.026283336,-0.635193293));
#4277=DIRECTION('',(0.,0.,1.));
#4278=VECTOR('',#4277,5.585193341);
#4279=LINE('',#4276,#4278);
#4280=EDGE_CURVE('',#2835,#2185,#4279,.T.);
#4281=ORIENTED_EDGE('',*,*,#4280,.F.);
#4282=EDGE_LOOP('',(#4273,#4274,#4275,#4281));
#4283=FACE_BOUND('',#4282,.T.);
#4284=ADVANCED_FACE('',(#4272,#4283),#4238,.T.);
#4285=CARTESIAN_POINT('',(18.010243956,-7.516282725,-2.2));
#4286=DIRECTION('',(-1.,0.,0.));
#4287=DIRECTION('',(-0.,-0.98951605,-0.144422947));
#4288=AXIS2_PLACEMENT_3D('',#4285,#4286,#4287);
#4289=PLANE('',#4288);
#4290=ORIENTED_EDGE('',*,*,#2857,.T.);
#4291=CARTESIAN_POINT('',(18.010243956,-28.826283336,4.950000048));
#4292=DIRECTION('',(-0.,-0.,-1.));
#4293=VECTOR('',#4292,5.585193341);
#4294=LINE('',#4291,#4293);
#4295=EDGE_CURVE('',#2177,#2843,#4294,.T.);
#4296=ORIENTED_EDGE('',*,*,#4295,.F.);
#4297=ORIENTED_EDGE('',*,*,#2182,.F.);
#4298=CARTESIAN_POINT('',(18.010243956,-28.541282725,-0.635193293));
#4299=DIRECTION('',(0.,0.,1.));
#4300=VECTOR('',#4299,5.585193341);
#4301=LINE('',#4298,#4300);
#4302=EDGE_CURVE('',#2852,#2169,#4301,.T.);
#4303=ORIENTED_EDGE('',*,*,#4302,.F.);
#4304=EDGE_LOOP('',(#4290,#4296,#4297,#4303));
#4305=FACE_BOUND('',#4304,.T.);
#4306=ADVANCED_FACE('',(#4305),#4289,.T.);
#4307=CARTESIAN_POINT('',(68.510243956,40.408718801,-5.499999952));
#4308=DIRECTION('',(-0.,-1.,0.));
#4309=DIRECTION('',(0.,0.,1.));
#4310=AXIS2_PLACEMENT_3D('',#4307,#4308,#4309);
#4311=PLANE('',#4310);
#4312=CARTESIAN_POINT('',(42.005236816,40.408718801,4.78299882));
#4313=VERTEX_POINT('',#4312);
#4314=CARTESIAN_POINT('',(50.005236816,40.408718801,4.78299882));
#4315=VERTEX_POINT('',#4314);
#4316=CARTESIAN_POINT('',(42.005236816,40.408718801,4.78299882));
#4317=DIRECTION('',(1.,0.,-0.));
#4318=VECTOR('',#4317,8.);
#4319=LINE('',#4316,#4318);
#4320=EDGE_CURVE('',#4313,#4315,#4319,.T.);
#4321=ORIENTED_EDGE('',*,*,#4320,.T.);
#4322=CARTESIAN_POINT('',(50.005236816,40.408718801,2.98299882));
#4323=VERTEX_POINT('',#4322);
#4324=CARTESIAN_POINT('',(50.005236816,40.408718801,4.78299882));
#4325=DIRECTION('',(0.,0.,-1.));
#4326=VECTOR('',#4325,1.8);
#4327=LINE('',#4324,#4326);
#4328=EDGE_CURVE('',#4315,#4323,#4327,.T.);
#4329=ORIENTED_EDGE('',*,*,#4328,.T.);
#4330=CARTESIAN_POINT('',(42.005236816,40.408718801,2.98299882));
#4331=VERTEX_POINT('',#4330);
#4332=CARTESIAN_POINT('',(50.005236816,40.408718801,2.98299882));
#4333=DIRECTION('',(-1.,0.,0.));
#4334=VECTOR('',#4333,8.);
#4335=LINE('',#4332,#4334);
#4336=EDGE_CURVE('',#4323,#4331,#4335,.T.);
#4337=ORIENTED_EDGE('',*,*,#4336,.T.);
#4338=CARTESIAN_POINT('',(42.005236816,40.408718801,2.98299882));
#4339=DIRECTION('',(0.,-0.,1.));
#4340=VECTOR('',#4339,1.8);
#4341=LINE('',#4338,#4340);
#4342=EDGE_CURVE('',#4331,#4313,#4341,.T.);
#4343=ORIENTED_EDGE('',*,*,#4342,.T.);
#4344=EDGE_LOOP('',(#4321,#4329,#4337,#4343));
#4345=FACE_BOUND('',#4344,.T.);
#4346=CARTESIAN_POINT('',(66.210243956,40.408718801,4.950000048));
#4347=DIRECTION('',(0.,0.,-1.));
#4348=VECTOR('',#4347,5.585193341);
#4349=LINE('',#4346,#4348);
#4350=EDGE_CURVE('',#2110,#2910,#4349,.T.);
#4351=ORIENTED_EDGE('',*,*,#4350,.F.);
#4352=ORIENTED_EDGE('',*,*,#2115,.F.);
#4353=CARTESIAN_POINT('',(36.410243956,40.408718801,-0.635193293));
#4354=DIRECTION('',(0.,0.,1.));
#4355=VECTOR('',#4354,5.585193341);
#4356=LINE('',#4353,#4355);
#4357=EDGE_CURVE('',#2919,#2102,#4356,.T.);
#4358=ORIENTED_EDGE('',*,*,#4357,.F.);
#4359=ORIENTED_EDGE('',*,*,#2924,.T.);
#4360=EDGE_LOOP('',(#4351,#4352,#4358,#4359));
#4361=FACE_BOUND('',#4360,.T.);
#4362=ADVANCED_FACE('',(#4345,#4361),#4311,.T.);
#4363=CARTESIAN_POINT('',(-17.889755662,42.533718801,-5.499999952));
#4364=DIRECTION('',(-0.,-1.,0.));
#4365=DIRECTION('',(-0.995322813,0.,0.096604854));
#4366=AXIS2_PLACEMENT_3D('',#4363,#4364,#4365);
#4367=PLANE('',#4366);
#4368=CARTESIAN_POINT('',(-51.223618048,42.533718801,2.935981798));
#4369=VERTEX_POINT('',#4368);
#4370=CARTESIAN_POINT('',(-59.223618048,42.533718801,2.935981798));
#4371=VERTEX_POINT('',#4370);
#4372=CARTESIAN_POINT('',(-51.223618048,42.533718801,2.935981798));
#4373=DIRECTION('',(-1.,0.,0.));
#4374=VECTOR('',#4373,8.);
#4375=LINE('',#4372,#4374);
#4376=EDGE_CURVE('',#4369,#4371,#4375,.T.);
#4377=ORIENTED_EDGE('',*,*,#4376,.T.);
#4378=CARTESIAN_POINT('',(-59.223618048,42.533718801,4.735981798));
#4379=VERTEX_POINT('',#4378);
#4380=CARTESIAN_POINT('',(-59.223618048,42.533718801,2.935981798));
#4381=DIRECTION('',(0.,-0.,1.));
#4382=VECTOR('',#4381,1.8);
#4383=LINE('',#4380,#4382);
#4384=EDGE_CURVE('',#4371,#4379,#4383,.T.);
#4385=ORIENTED_EDGE('',*,*,#4384,.T.);
#4386=CARTESIAN_POINT('',(-51.223618048,42.533718801,4.735981798));
#4387=VERTEX_POINT('',#4386);
#4388=CARTESIAN_POINT('',(-59.223618048,42.533718801,4.735981798));
#4389=DIRECTION('',(1.,0.,-0.));
#4390=VECTOR('',#4389,8.);
#4391=LINE('',#4388,#4390);
#4392=EDGE_CURVE('',#4379,#4387,#4391,.T.);
#4393=ORIENTED_EDGE('',*,*,#4392,.T.);
#4394=CARTESIAN_POINT('',(-51.223618048,42.533718801,4.735981798));
#4395=DIRECTION('',(0.,0.,-1.));
#4396=VECTOR('',#4395,1.8);
#4397=LINE('',#4394,#4396);
#4398=EDGE_CURVE('',#4387,#4369,#4397,.T.);
#4399=ORIENTED_EDGE('',*,*,#4398,.T.);
#4400=EDGE_LOOP('',(#4377,#4385,#4393,#4399));
#4401=FACE_BOUND('',#4400,.T.);
#4402=ORIENTED_EDGE('',*,*,#2782,.T.);
#4403=CARTESIAN_POINT('',(-19.708058506,42.533718801,4.950000048));
#4404=DIRECTION('',(0.,0.,-1.));
#4405=VECTOR('',#4404,5.585193341);
#4406=LINE('',#4403,#4405);
#4407=EDGE_CURVE('',#2034,#2768,#4406,.T.);
#4408=ORIENTED_EDGE('',*,*,#4407,.F.);
#4409=ORIENTED_EDGE('',*,*,#2039,.F.);
#4410=CARTESIAN_POINT('',(-62.33975757,42.533718801,-0.635193293));
#4411=DIRECTION('',(0.,0.,1.));
#4412=VECTOR('',#4411,5.585193341);
#4413=LINE('',#4410,#4412);
#4414=EDGE_CURVE('',#2777,#2025,#4413,.T.);
#4415=ORIENTED_EDGE('',*,*,#4414,.F.);
#4416=EDGE_LOOP('',(#4402,#4408,#4409,#4415));
#4417=FACE_BOUND('',#4416,.T.);
#4418=CARTESIAN_POINT('',(-45.8,42.533718801,2.958156149));
#4419=VERTEX_POINT('',#4418);
#4420=CARTESIAN_POINT('',(-44.8,42.533718801,3.958156149));
#4421=VERTEX_POINT('',#4420);
#4422=CARTESIAN_POINT('',(-44.8,42.533718801,2.958156149));
#4423=DIRECTION('',(0.,1.,-0.));
#4424=DIRECTION('',(1.,-0.,0.));
#4425=AXIS2_PLACEMENT_3D('',#4422,#4423,#4424);
#4426=CIRCLE('',#4425,1.);
#4427=EDGE_CURVE('',#4419,#4421,#4426,.T.);
#4428=ORIENTED_EDGE('',*,*,#4427,.T.);
#4429=CARTESIAN_POINT('',(-37.365450794,42.533718801,3.958156149));
#4430=VERTEX_POINT('',#4429);
#4431=CARTESIAN_POINT('',(-44.8,42.533718801,3.958156149));
#4432=DIRECTION('',(1.,-0.,-0.));
#4433=VECTOR('',#4432,7.434549206);
#4434=LINE('',#4431,#4433);
#4435=EDGE_CURVE('',#4421,#4430,#4434,.T.);
#4436=ORIENTED_EDGE('',*,*,#4435,.T.);
#4437=CARTESIAN_POINT('',(-36.365450794,42.533718801,2.958156149));
#4438=VERTEX_POINT('',#4437);
#4439=CARTESIAN_POINT('',(-37.365450794,42.533718801,2.958156149));
#4440=DIRECTION('',(0.,1.,-0.));
#4441=DIRECTION('',(1.,-0.,0.));
#4442=AXIS2_PLACEMENT_3D('',#4439,#4440,#4441);
#4443=CIRCLE('',#4442,1.);
#4444=EDGE_CURVE('',#4430,#4438,#4443,.T.);
#4445=ORIENTED_EDGE('',*,*,#4444,.T.);
#4446=CARTESIAN_POINT('',(-36.365450794,42.533718801,1.1));
#4447=VERTEX_POINT('',#4446);
#4448=CARTESIAN_POINT('',(-36.365450794,42.533718801,1.1));
#4449=DIRECTION('',(0.,0.,1.));
#4450=VECTOR('',#4449,1.858156149);
#4451=LINE('',#4448,#4450);
#4452=EDGE_CURVE('',#4447,#4438,#4451,.T.);
#4453=ORIENTED_EDGE('',*,*,#4452,.F.);
#4454=CARTESIAN_POINT('',(-37.365450794,42.533718801,0.1));
#4455=VERTEX_POINT('',#4454);
#4456=CARTESIAN_POINT('',(-37.365450794,42.533718801,1.1));
#4457=DIRECTION('',(0.,1.,-0.));
#4458=DIRECTION('',(1.,-0.,0.));
#4459=AXIS2_PLACEMENT_3D('',#4456,#4457,#4458);
#4460=CIRCLE('',#4459,1.);
#4461=EDGE_CURVE('',#4447,#4455,#4460,.T.);
#4462=ORIENTED_EDGE('',*,*,#4461,.T.);
#4463=CARTESIAN_POINT('',(-44.8,42.533718801,0.1));
#4464=VERTEX_POINT('',#4463);
#4465=CARTESIAN_POINT('',(-44.8,42.533718801,0.1));
#4466=DIRECTION('',(1.,-0.,-0.));
#4467=VECTOR('',#4466,7.434549206);
#4468=LINE('',#4465,#4467);
#4469=EDGE_CURVE('',#4464,#4455,#4468,.T.);
#4470=ORIENTED_EDGE('',*,*,#4469,.F.);
#4471=CARTESIAN_POINT('',(-45.8,42.533718801,1.1));
#4472=VERTEX_POINT('',#4471);
#4473=CARTESIAN_POINT('',(-44.8,42.533718801,1.1));
#4474=DIRECTION('',(0.,1.,-0.));
#4475=DIRECTION('',(1.,-0.,0.));
#4476=AXIS2_PLACEMENT_3D('',#4473,#4474,#4475);
#4477=CIRCLE('',#4476,1.);
#4478=EDGE_CURVE('',#4464,#4472,#4477,.T.);
#4479=ORIENTED_EDGE('',*,*,#4478,.T.);
#4480=CARTESIAN_POINT('',(-45.8,42.533718801,2.958156149));
#4481=DIRECTION('',(0.,0.,-1.));
#4482=VECTOR('',#4481,1.858156149);
#4483=LINE('',#4480,#4482);
#4484=EDGE_CURVE('',#4419,#4472,#4483,.T.);
#4485=ORIENTED_EDGE('',*,*,#4484,.F.);
#4486=EDGE_LOOP('',(#4428,#4436,#4445,#4453,#4462,#4470,#4479,#4485));
#4487=FACE_BOUND('',#4486,.T.);
#4488=ADVANCED_FACE('',(#4401,#4417,#4487),#4367,.T.);
#4489=CARTESIAN_POINT('',(70.410243956,38.508718801,-2.2));
#4490=DIRECTION('',(-1.,0.,0.));
#4491=DIRECTION('',(0.,0.,-1.));
#4492=AXIS2_PLACEMENT_3D('',#4489,#4490,#4491);
#4493=PLANE('',#4492);
#4494=ORIENTED_EDGE('',*,*,#2907,.T.);
#4495=CARTESIAN_POINT('',(70.410243956,-28.591282725,4.950000048));
#4496=DIRECTION('',(-0.,-0.,-1.));
#4497=VECTOR('',#4496,5.585193341);
#4498=LINE('',#4495,#4497);
#4499=EDGE_CURVE('',#2127,#2893,#4498,.T.);
#4500=ORIENTED_EDGE('',*,*,#4499,.F.);
#4501=ORIENTED_EDGE('',*,*,#2132,.F.);
#4502=CARTESIAN_POINT('',(70.410243956,36.208718801,-0.635193293));
#4503=DIRECTION('',(-0.,-0.,1.));
#4504=VECTOR('',#4503,5.585193341);
#4505=LINE('',#4502,#4504);
#4506=EDGE_CURVE('',#2902,#2118,#4505,.T.);
#4507=ORIENTED_EDGE('',*,*,#4506,.F.);
#4508=EDGE_LOOP('',(#4494,#4500,#4501,#4507));
#4509=FACE_BOUND('',#4508,.T.);
#4510=ADVANCED_FACE('',(#4509),#4493,.T.);
#4511=CARTESIAN_POINT('',(-17.889755662,44.658718801,-2.2));
#4512=DIRECTION('',(-0.,-1.,-0.));
#4513=DIRECTION('',(0.981675447,-0.,-0.190560531));
#4514=AXIS2_PLACEMENT_3D('',#4511,#4512,#4513);
#4515=PLANE('',#4514);
#4516=ORIENTED_EDGE('',*,*,#2981,.T.);
#4517=CARTESIAN_POINT('',(-2.708058983,44.658718801,4.950000048));
#4518=DIRECTION('',(0.,0.,-1.));
#4519=VECTOR('',#4518,5.585193341);
#4520=LINE('',#4517,#4519);
#4521=EDGE_CURVE('',#2051,#2969,#4520,.T.);
#4522=ORIENTED_EDGE('',*,*,#4521,.F.);
#4523=ORIENTED_EDGE('',*,*,#2056,.F.);
#4524=CARTESIAN_POINT('',(-16.056432156,44.658718801,-0.635193293));
#4525=DIRECTION('',(-0.,-0.,1.));
#4526=VECTOR('',#4525,5.585193341);
#4527=LINE('',#4524,#4526);
#4528=EDGE_CURVE('',#2766,#2042,#4527,.T.);
#4529=ORIENTED_EDGE('',*,*,#4528,.F.);
#4530=EDGE_LOOP('',(#4516,#4522,#4523,#4529));
#4531=FACE_BOUND('',#4530,.T.);
#4532=ADVANCED_FACE('',(#4531),#4515,.T.);
#4533=CARTESIAN_POINT('',(36.410243956,42.758718801,-5.499999952));
#4534=DIRECTION('',(-1.,0.,0.));
#4535=DIRECTION('',(-0.,-1.,0.));
#4536=AXIS2_PLACEMENT_3D('',#4533,#4534,#4535);
#4537=PLANE('',#4536);
#4538=ORIENTED_EDGE('',*,*,#2932,.T.);
#4539=ORIENTED_EDGE('',*,*,#4357,.T.);
#4540=ORIENTED_EDGE('',*,*,#2107,.F.);
#4541=CARTESIAN_POINT('',(36.410243956,40.458718801,-0.635193293));
#4542=DIRECTION('',(0.,0.,1.));
#4543=VECTOR('',#4542,5.585193341);
#4544=LINE('',#4541,#4543);
#4545=EDGE_CURVE('',#2927,#2093,#4544,.T.);
#4546=ORIENTED_EDGE('',*,*,#4545,.F.);
#4547=EDGE_LOOP('',(#4538,#4539,#4540,#4546));
#4548=FACE_BOUND('',#4547,.T.);
#4549=ADVANCED_FACE('',(#4548),#4537,.T.);
#4550=CARTESIAN_POINT('',(17.510243956,44.658718801,-5.499999952));
#4551=DIRECTION('',(-0.,-1.,0.));
#4552=DIRECTION('',(1.,-0.,0.));
#4553=AXIS2_PLACEMENT_3D('',#4550,#4551,#4552);
#4554=PLANE('',#4553);
#4555=ORIENTED_EDGE('',*,*,#2949,.T.);
#4556=CARTESIAN_POINT('',(32.210243956,44.658718801,4.950000048));
#4557=DIRECTION('',(-0.,-0.,-1.));
#4558=VECTOR('',#4557,5.585193341);
#4559=LINE('',#4556,#4558);
#4560=EDGE_CURVE('',#2085,#2935,#4559,.T.);
#4561=ORIENTED_EDGE('',*,*,#4560,.F.);
#4562=ORIENTED_EDGE('',*,*,#2090,.F.);
#4563=CARTESIAN_POINT('',(19.3285468,44.658718801,-0.635193293));
#4564=DIRECTION('',(0.,0.,1.));
#4565=VECTOR('',#4564,5.585193341);
#4566=LINE('',#4563,#4565);
#4567=EDGE_CURVE('',#2944,#2076,#4566,.T.);
#4568=ORIENTED_EDGE('',*,*,#4567,.F.);
#4569=EDGE_LOOP('',(#4555,#4561,#4562,#4568));
#4570=FACE_BOUND('',#4569,.T.);
#4571=ADVANCED_FACE('',(#4570),#4554,.T.);
#4572=CARTESIAN_POINT('',(-0.889756139,46.783718801,-5.499999952));
#4573=DIRECTION('',(-0.,-1.,0.));
#4574=DIRECTION('',(1.,-0.,0.));
#4575=AXIS2_PLACEMENT_3D('',#4572,#4573,#4574);
#4576=PLANE('',#4575);
#4577=CARTESIAN_POINT('',(4.839445207,46.783718801,4.772205069));
#4578=VERTEX_POINT('',#4577);
#4579=CARTESIAN_POINT('',(12.839445207,46.783718801,4.772205069));
#4580=VERTEX_POINT('',#4579);
#4581=CARTESIAN_POINT('',(4.839445207,46.783718801,4.772205069));
#4582=DIRECTION('',(1.,0.,-0.));
#4583=VECTOR('',#4582,8.);
#4584=LINE('',#4581,#4583);
#4585=EDGE_CURVE('',#4578,#4580,#4584,.T.);
#4586=ORIENTED_EDGE('',*,*,#4585,.T.);
#4587=CARTESIAN_POINT('',(12.839445207,46.783718801,2.972205069));
#4588=VERTEX_POINT('',#4587);
#4589=CARTESIAN_POINT('',(12.839445207,46.783718801,4.772205069));
#4590=DIRECTION('',(0.,0.,-1.));
#4591=VECTOR('',#4590,1.8);
#4592=LINE('',#4589,#4591);
#4593=EDGE_CURVE('',#4580,#4588,#4592,.T.);
#4594=ORIENTED_EDGE('',*,*,#4593,.T.);
#4595=CARTESIAN_POINT('',(4.839445207,46.783718801,2.972205069));
#4596=VERTEX_POINT('',#4595);
#4597=CARTESIAN_POINT('',(12.839445207,46.783718801,2.972205069));
#4598=DIRECTION('',(-1.,0.,0.));
#4599=VECTOR('',#4598,8.);
#4600=LINE('',#4597,#4599);
#4601=EDGE_CURVE('',#4588,#4596,#4600,.T.);
#4602=ORIENTED_EDGE('',*,*,#4601,.T.);
#4603=CARTESIAN_POINT('',(4.839445207,46.783718801,2.972205069));
#4604=DIRECTION('',(0.,-0.,1.));
#4605=VECTOR('',#4604,1.8);
#4606=LINE('',#4603,#4605);
#4607=EDGE_CURVE('',#4596,#4578,#4606,.T.);
#4608=ORIENTED_EDGE('',*,*,#4607,.T.);
#4609=EDGE_LOOP('',(#4586,#4594,#4602,#4608));
#4610=FACE_BOUND('',#4609,.T.);
#4611=ORIENTED_EDGE('',*,*,#2966,.T.);
#4612=CARTESIAN_POINT('',(15.67692045,46.783718801,4.950000048));
#4613=DIRECTION('',(-0.,-0.,-1.));
#4614=VECTOR('',#4613,5.585193341);
#4615=LINE('',#4612,#4614);
#4616=EDGE_CURVE('',#2068,#2952,#4615,.T.);
#4617=ORIENTED_EDGE('',*,*,#4616,.F.);
#4618=ORIENTED_EDGE('',*,*,#2073,.F.);
#4619=CARTESIAN_POINT('',(0.943567367,46.783718801,-0.635193293));
#4620=DIRECTION('',(-0.,-0.,1.));
#4621=VECTOR('',#4620,5.585193341);
#4622=LINE('',#4619,#4621);
#4623=EDGE_CURVE('',#2961,#2059,#4622,.T.);
#4624=ORIENTED_EDGE('',*,*,#4623,.F.);
#4625=EDGE_LOOP('',(#4611,#4617,#4618,#4624));
#4626=FACE_BOUND('',#4625,.T.);
#4627=ADVANCED_FACE('',(#4610,#4626),#4576,.T.);
#4628=CARTESIAN_POINT('',(33.110244338,-28.541282725,-2.2));
#4629=DIRECTION('',(0.,1.,0.));
#4630=DIRECTION('',(-0.981675448,0.,-0.190560525));
#4631=AXIS2_PLACEMENT_3D('',#4628,#4629,#4630);
#4632=PLANE('',#4631);
#4633=ORIENTED_EDGE('',*,*,#4302,.T.);
#4634=ORIENTED_EDGE('',*,*,#2174,.F.);
#4635=CARTESIAN_POINT('',(31.210244338,-28.541282725,4.950000048));
#4636=DIRECTION('',(0.,0.,-1.));
#4637=VECTOR('',#4636,5.585193341);
#4638=LINE('',#4635,#4637);
#4639=EDGE_CURVE('',#2161,#2860,#4638,.T.);
#4640=ORIENTED_EDGE('',*,*,#4639,.T.);
#4641=ORIENTED_EDGE('',*,*,#2865,.T.);
#4642=EDGE_LOOP('',(#4633,#4634,#4640,#4641));
#4643=FACE_BOUND('',#4642,.T.);
#4644=ADVANCED_FACE('',(#4643),#4632,.T.);
#4645=CARTESIAN_POINT('',(31.210244338,-30.891282725,-2.2));
#4646=DIRECTION('',(1.,-0.,0.));
#4647=DIRECTION('',(0.,0.789852318,-0.613297085));
#4648=AXIS2_PLACEMENT_3D('',#4645,#4646,#4647);
#4649=PLANE('',#4648);
#4650=ORIENTED_EDGE('',*,*,#2873,.T.);
#4651=ORIENTED_EDGE('',*,*,#4639,.F.);
#4652=ORIENTED_EDGE('',*,*,#2166,.F.);
#4653=CARTESIAN_POINT('',(31.210244338,-28.591282725,-0.635193293));
#4654=DIRECTION('',(0.,0.,1.));
#4655=VECTOR('',#4654,5.585193341);
#4656=LINE('',#4653,#4655);
#4657=EDGE_CURVE('',#2868,#2152,#4656,.T.);
#4658=ORIENTED_EDGE('',*,*,#4657,.F.);
#4659=EDGE_LOOP('',(#4650,#4651,#4652,#4658));
#4660=FACE_BOUND('',#4659,.T.);
#4661=ADVANCED_FACE('',(#4660),#4649,.T.);
#4662=CARTESIAN_POINT('',(68.510243956,-32.791282725,-2.2));
#4663=DIRECTION('',(0.,1.,0.));
#4664=DIRECTION('',(-0.995683099,0.,-0.092817916));
#4665=AXIS2_PLACEMENT_3D('',#4662,#4663,#4664);
#4666=PLANE('',#4665);
#4667=CARTESIAN_POINT('',(54.598097369,-32.791282725,2.060388727));
#4668=VERTEX_POINT('',#4667);
#4669=CARTESIAN_POINT('',(58.798097369,-32.791282725,2.060388727));
#4670=VERTEX_POINT('',#4669);
#4671=CARTESIAN_POINT('',(54.598097369,-32.791282725,2.060388727));
#4672=DIRECTION('',(1.,0.,-0.));
#4673=VECTOR('',#4672,4.2);
#4674=LINE('',#4671,#4673);
#4675=EDGE_CURVE('',#4668,#4670,#4674,.T.);
#4676=ORIENTED_EDGE('',*,*,#4675,.T.);
#4677=CARTESIAN_POINT('',(58.798097369,-32.791282725,3.860388727));
#4678=VERTEX_POINT('',#4677);
#4679=CARTESIAN_POINT('',(58.798097369,-32.791282725,2.060388727));
#4680=DIRECTION('',(0.,0.,1.));
#4681=VECTOR('',#4680,1.8);
#4682=LINE('',#4679,#4681);
#4683=EDGE_CURVE('',#4670,#4678,#4682,.T.);
#4684=ORIENTED_EDGE('',*,*,#4683,.T.);
#4685=CARTESIAN_POINT('',(54.598097369,-32.791282725,3.860388727));
#4686=VERTEX_POINT('',#4685);
#4687=CARTESIAN_POINT('',(58.798097369,-32.791282725,3.860388727));
#4688=DIRECTION('',(-1.,0.,0.));
#4689=VECTOR('',#4688,4.2);
#4690=LINE('',#4687,#4689);
#4691=EDGE_CURVE('',#4678,#4686,#4690,.T.);
#4692=ORIENTED_EDGE('',*,*,#4691,.T.);
#4693=CARTESIAN_POINT('',(54.598097369,-32.791282725,3.860388727));
#4694=DIRECTION('',(0.,0.,-1.));
#4695=VECTOR('',#4694,1.8);
#4696=LINE('',#4693,#4695);
#4697=EDGE_CURVE('',#4686,#4668,#4696,.T.);
#4698=ORIENTED_EDGE('',*,*,#4697,.T.);
#4699=EDGE_LOOP('',(#4676,#4684,#4692,#4698));
#4700=FACE_BOUND('',#4699,.T.);
#4701=ORIENTED_EDGE('',*,*,#2890,.T.);
#4702=CARTESIAN_POINT('',(35.410244338,-32.791282725,4.950000048));
#4703=DIRECTION('',(-0.,-0.,-1.));
#4704=VECTOR('',#4703,5.585193341);
#4705=LINE('',#4702,#4704);
#4706=EDGE_CURVE('',#2144,#2876,#4705,.T.);
#4707=ORIENTED_EDGE('',*,*,#4706,.F.);
#4708=ORIENTED_EDGE('',*,*,#2149,.F.);
#4709=CARTESIAN_POINT('',(66.210243956,-32.791282725,-0.635193293));
#4710=DIRECTION('',(0.,0.,1.));
#4711=VECTOR('',#4710,5.585193341);
#4712=LINE('',#4709,#4711);
#4713=EDGE_CURVE('',#2885,#2135,#4712,.T.);
#4714=ORIENTED_EDGE('',*,*,#4713,.F.);
#4715=EDGE_LOOP('',(#4701,#4707,#4708,#4714));
#4716=FACE_BOUND('',#4715,.T.);
#4717=ADVANCED_FACE('',(#4700,#4716),#4666,.T.);
#4718=CARTESIAN_POINT('',(-32.793824474,-36.402790075,-2.2));
#4719=DIRECTION('',(-0.390729293,0.920505633,0.));
#4720=DIRECTION('',(0.,0.,-1.));
#4721=AXIS2_PLACEMENT_3D('',#4718,#4719,#4720);
#4722=PLANE('',#4721);
#4723=CARTESIAN_POINT('',(-39.705760455,-39.336716564,3.937827798));
#4724=VERTEX_POINT('',#4723);
#4725=CARTESIAN_POINT('',(-43.571884112,-40.977779595,3.937827798));
#4726=VERTEX_POINT('',#4725);
#4727=CARTESIAN_POINT('',(-39.705760455,-39.336716564,3.937827798));
#4728=DIRECTION('',(-0.920505633,-0.390729293,0.));
#4729=VECTOR('',#4728,4.2);
#4730=LINE('',#4727,#4729);
#4731=EDGE_CURVE('',#4724,#4726,#4730,.T.);
#4732=ORIENTED_EDGE('',*,*,#4731,.T.);
#4733=CARTESIAN_POINT('',(-43.571884112,-40.977779595,2.137827798));
#4734=VERTEX_POINT('',#4733);
#4735=CARTESIAN_POINT('',(-43.571884112,-40.977779595,3.937827798));
#4736=DIRECTION('',(0.,0.,-1.));
#4737=VECTOR('',#4736,1.8);
#4738=LINE('',#4735,#4737);
#4739=EDGE_CURVE('',#4726,#4734,#4738,.T.);
#4740=ORIENTED_EDGE('',*,*,#4739,.T.);
#4741=CARTESIAN_POINT('',(-39.705760455,-39.336716564,2.137827798));
#4742=VERTEX_POINT('',#4741);
#4743=CARTESIAN_POINT('',(-43.571884112,-40.977779595,2.137827798));
#4744=DIRECTION('',(0.920505633,0.390729293,0.));
#4745=VECTOR('',#4744,4.2);
#4746=LINE('',#4743,#4745);
#4747=EDGE_CURVE('',#4734,#4742,#4746,.T.);
#4748=ORIENTED_EDGE('',*,*,#4747,.T.);
#4749=CARTESIAN_POINT('',(-39.705760455,-39.336716564,2.137827798));
#4750=DIRECTION('',(0.,0.,1.));
#4751=VECTOR('',#4750,1.8);
#4752=LINE('',#4749,#4751);
#4753=EDGE_CURVE('',#4742,#4724,#4752,.T.);
#4754=ORIENTED_EDGE('',*,*,#4753,.T.);
#4755=EDGE_LOOP('',(#4732,#4740,#4748,#4754));
#4756=FACE_BOUND('',#4755,.T.);
#4757=CARTESIAN_POINT('',(-52.188124919,-44.635136551,4.950000048));
#4758=DIRECTION('',(-0.,-0.,-1.));
#4759=VECTOR('',#4758,5.585193341);
#4760=LINE('',#4757,#4759);
#4761=EDGE_CURVE('',#1983,#2810,#4760,.T.);
#4762=ORIENTED_EDGE('',*,*,#4761,.F.);
#4763=ORIENTED_EDGE('',*,*,#1988,.F.);
#4764=ORIENTED_EDGE('',*,*,#4222,.T.);
#4765=ORIENTED_EDGE('',*,*,#2824,.T.);
#4766=EDGE_LOOP('',(#4762,#4763,#4764,#4765));
#4767=FACE_BOUND('',#4766,.T.);
#4768=ADVANCED_FACE('',(#4756,#4767),#4722,.T.);
#4769=CARTESIAN_POINT('',(-63.63975757,-20.983635649,-2.2));
#4770=DIRECTION('',(0.,0.,1.));
#4771=DIRECTION('',(1.,0.,-0.));
#4772=AXIS2_PLACEMENT_3D('',#4769,#4770,#4771);
#4773=CYLINDRICAL_SURFACE('',#4772,2.9);
#4774=ORIENTED_EDGE('',*,*,#2457,.T.);
#4775=ORIENTED_EDGE('',*,*,#2014,.T.);
#4776=ORIENTED_EDGE('',*,*,#4200,.T.);
#4777=ORIENTED_EDGE('',*,*,#2799,.F.);
#4778=EDGE_LOOP('',(#4774,#4775,#4776,#4777));
#4779=FACE_BOUND('',#4778,.T.);
#4780=ADVANCED_FACE('',(#4779),#4773,.F.);
#4781=CARTESIAN_POINT('',(-53.829187949,-40.769012894,-2.2));
#4782=DIRECTION('',(0.,0.,1.));
#4783=DIRECTION('',(1.,0.,-0.));
#4784=AXIS2_PLACEMENT_3D('',#4781,#4782,#4783);
#4785=CYLINDRICAL_SURFACE('',#4784,4.2);
#4786=ORIENTED_EDGE('',*,*,#4207,.T.);
#4787=ORIENTED_EDGE('',*,*,#1997,.T.);
#4788=ORIENTED_EDGE('',*,*,#4761,.T.);
#4789=ORIENTED_EDGE('',*,*,#2816,.F.);
#4790=EDGE_LOOP('',(#4786,#4787,#4788,#4789));
#4791=FACE_BOUND('',#4790,.T.);
#4792=ADVANCED_FACE('',(#4791),#4785,.F.);
#4793=CARTESIAN_POINT('',(13.810243956,-28.826283336,-2.2));
#4794=DIRECTION('',(0.,0.,1.));
#4795=DIRECTION('',(1.,0.,-0.));
#4796=AXIS2_PLACEMENT_3D('',#4793,#4794,#4795);
#4797=CYLINDRICAL_SURFACE('',#4796,4.2);
#4798=ORIENTED_EDGE('',*,*,#4280,.T.);
#4799=ORIENTED_EDGE('',*,*,#2191,.T.);
#4800=ORIENTED_EDGE('',*,*,#4295,.T.);
#4801=ORIENTED_EDGE('',*,*,#2849,.F.);
#4802=EDGE_LOOP('',(#4798,#4799,#4800,#4801));
#4803=FACE_BOUND('',#4802,.T.);
#4804=ADVANCED_FACE('',(#4803),#4797,.F.);
#4805=CARTESIAN_POINT('',(35.410244338,-28.591282725,-2.2));
#4806=DIRECTION('',(0.,0.,1.));
#4807=DIRECTION('',(1.,0.,-0.));
#4808=AXIS2_PLACEMENT_3D('',#4805,#4806,#4807);
#4809=CYLINDRICAL_SURFACE('',#4808,4.2);
#4810=ORIENTED_EDGE('',*,*,#4657,.T.);
#4811=ORIENTED_EDGE('',*,*,#2158,.T.);
#4812=ORIENTED_EDGE('',*,*,#4706,.T.);
#4813=ORIENTED_EDGE('',*,*,#2882,.F.);
#4814=EDGE_LOOP('',(#4810,#4811,#4812,#4813));
#4815=FACE_BOUND('',#4814,.T.);
#4816=ADVANCED_FACE('',(#4815),#4809,.F.);
#4817=CARTESIAN_POINT('',(66.210243956,-28.591282725,-2.2));
#4818=DIRECTION('',(0.,0.,1.));
#4819=DIRECTION('',(1.,0.,-0.));
#4820=AXIS2_PLACEMENT_3D('',#4817,#4818,#4819);
#4821=CYLINDRICAL_SURFACE('',#4820,4.2);
#4822=ORIENTED_EDGE('',*,*,#4713,.T.);
#4823=ORIENTED_EDGE('',*,*,#2141,.T.);
#4824=ORIENTED_EDGE('',*,*,#4499,.T.);
#4825=ORIENTED_EDGE('',*,*,#2899,.F.);
#4826=EDGE_LOOP('',(#4822,#4823,#4824,#4825));
#4827=FACE_BOUND('',#4826,.T.);
#4828=ADVANCED_FACE('',(#4827),#4821,.F.);
#4829=CARTESIAN_POINT('',(66.210243956,36.208718801,-5.499999952));
#4830=DIRECTION('',(0.,0.,-1.));
#4831=DIRECTION('',(-1.,0.,0.));
#4832=AXIS2_PLACEMENT_3D('',#4829,#4830,#4831);
#4833=CYLINDRICAL_SURFACE('',#4832,4.2);
#4834=ORIENTED_EDGE('',*,*,#4506,.T.);
#4835=ORIENTED_EDGE('',*,*,#2124,.T.);
#4836=ORIENTED_EDGE('',*,*,#4350,.T.);
#4837=ORIENTED_EDGE('',*,*,#2916,.F.);
#4838=EDGE_LOOP('',(#4834,#4835,#4836,#4837));
#4839=FACE_BOUND('',#4838,.T.);
#4840=ADVANCED_FACE('',(#4839),#4833,.F.);
#4841=CARTESIAN_POINT('',(32.210243956,40.458718801,-5.499999952));
#4842=DIRECTION('',(0.,0.,1.));
#4843=DIRECTION('',(1.,0.,-0.));
#4844=AXIS2_PLACEMENT_3D('',#4841,#4842,#4843);
#4845=CYLINDRICAL_SURFACE('',#4844,4.2);
#4846=ORIENTED_EDGE('',*,*,#4545,.T.);
#4847=ORIENTED_EDGE('',*,*,#2099,.T.);
#4848=ORIENTED_EDGE('',*,*,#4560,.T.);
#4849=ORIENTED_EDGE('',*,*,#2941,.F.);
#4850=EDGE_LOOP('',(#4846,#4847,#4848,#4849));
#4851=FACE_BOUND('',#4850,.T.);
#4852=ADVANCED_FACE('',(#4851),#4845,.F.);
#4853=CARTESIAN_POINT('',(-62.33975757,38.333718801,-5.499999952));
#4854=DIRECTION('',(0.,0.,1.));
#4855=DIRECTION('',(1.,0.,-0.));
#4856=AXIS2_PLACEMENT_3D('',#4853,#4854,#4855);
#4857=CYLINDRICAL_SURFACE('',#4856,4.2);
#4858=ORIENTED_EDGE('',*,*,#4414,.T.);
#4859=ORIENTED_EDGE('',*,*,#2031,.T.);
#4860=ORIENTED_EDGE('',*,*,#2448,.T.);
#4861=ORIENTED_EDGE('',*,*,#2789,.F.);
#4862=EDGE_LOOP('',(#4858,#4859,#4860,#4861));
#4863=FACE_BOUND('',#4862,.T.);
#4864=ADVANCED_FACE('',(#4863),#4857,.F.);
#4865=CARTESIAN_POINT('',(15.67692045,42.583718801,-5.499999952));
#4866=DIRECTION('',(0.,0.,1.));
#4867=DIRECTION('',(1.,0.,-0.));
#4868=AXIS2_PLACEMENT_3D('',#4865,#4866,#4867);
#4869=CYLINDRICAL_SURFACE('',#4868,4.2);
#4870=ORIENTED_EDGE('',*,*,#4567,.T.);
#4871=ORIENTED_EDGE('',*,*,#2082,.T.);
#4872=ORIENTED_EDGE('',*,*,#4616,.T.);
#4873=ORIENTED_EDGE('',*,*,#2958,.F.);
#4874=EDGE_LOOP('',(#4870,#4871,#4872,#4873));
#4875=FACE_BOUND('',#4874,.T.);
#4876=ADVANCED_FACE('',(#4875),#4869,.F.);
#4877=CARTESIAN_POINT('',(0.943567367,42.583718801,-2.2));
#4878=DIRECTION('',(0.,0.,-1.));
#4879=DIRECTION('',(-1.,0.,0.));
#4880=AXIS2_PLACEMENT_3D('',#4877,#4878,#4879);
#4881=CYLINDRICAL_SURFACE('',#4880,4.2);
#4882=ORIENTED_EDGE('',*,*,#4623,.T.);
#4883=ORIENTED_EDGE('',*,*,#2065,.T.);
#4884=ORIENTED_EDGE('',*,*,#4521,.T.);
#4885=ORIENTED_EDGE('',*,*,#2975,.F.);
#4886=EDGE_LOOP('',(#4882,#4883,#4884,#4885));
#4887=FACE_BOUND('',#4886,.T.);
#4888=ADVANCED_FACE('',(#4887),#4881,.F.);
#4889=CARTESIAN_POINT('',(-16.056432156,40.458718801,-2.2));
#4890=DIRECTION('',(0.,0.,-1.));
#4891=DIRECTION('',(-1.,0.,0.));
#4892=AXIS2_PLACEMENT_3D('',#4889,#4890,#4891);
#4893=CYLINDRICAL_SURFACE('',#4892,4.2);
#4894=ORIENTED_EDGE('',*,*,#4528,.T.);
#4895=ORIENTED_EDGE('',*,*,#2048,.T.);
#4896=ORIENTED_EDGE('',*,*,#4407,.T.);
#4897=ORIENTED_EDGE('',*,*,#2774,.F.);
#4898=EDGE_LOOP('',(#4894,#4895,#4896,#4897));
#4899=FACE_BOUND('',#4898,.T.);
#4900=ADVANCED_FACE('',(#4899),#4893,.F.);
#4901=CARTESIAN_POINT('',(-34.682725397,46.133718801,3.958156149));
#4902=DIRECTION('',(0.,-0.,1.));
#4903=DIRECTION('',(0.,-1.,-0.));
#4904=AXIS2_PLACEMENT_3D('',#4901,#4902,#4903);
#4905=PLANE('',#4904);
#4906=CARTESIAN_POINT('',(-44.8,43.533718801,3.958156149));
#4907=VERTEX_POINT('',#4906);
#4908=CARTESIAN_POINT('',(-44.8,42.533718801,3.958156149));
#4909=DIRECTION('',(-0.,1.,0.));
#4910=VECTOR('',#4909,1.);
#4911=LINE('',#4908,#4910);
#4912=EDGE_CURVE('',#4421,#4907,#4911,.T.);
#4913=ORIENTED_EDGE('',*,*,#4912,.T.);
#4914=CARTESIAN_POINT('',(-37.365450794,43.533718801,3.958156149));
#4915=VERTEX_POINT('',#4914);
#4916=CARTESIAN_POINT('',(-44.8,43.533718801,3.958156149));
#4917=DIRECTION('',(1.,0.,-0.));
#4918=VECTOR('',#4917,7.434549206);
#4919=LINE('',#4916,#4918);
#4920=EDGE_CURVE('',#4907,#4915,#4919,.T.);
#4921=ORIENTED_EDGE('',*,*,#4920,.T.);
#4922=CARTESIAN_POINT('',(-37.365450794,43.533718801,3.958156149));
#4923=DIRECTION('',(0.,-1.,-0.));
#4924=VECTOR('',#4923,1.);
#4925=LINE('',#4922,#4924);
#4926=EDGE_CURVE('',#4915,#4430,#4925,.T.);
#4927=ORIENTED_EDGE('',*,*,#4926,.T.);
#4928=ORIENTED_EDGE('',*,*,#4435,.F.);
#4929=EDGE_LOOP('',(#4913,#4921,#4927,#4928));
#4930=FACE_BOUND('',#4929,.T.);
#4931=ADVANCED_FACE('',(#4930),#4905,.F.);
#4932=CARTESIAN_POINT('',(-36.365450794,46.133718801,1.779078075));
#4933=DIRECTION('',(1.,0.,0.));
#4934=DIRECTION('',(0.,0.,-1.));
#4935=AXIS2_PLACEMENT_3D('',#4932,#4933,#4934);
#4936=PLANE('',#4935);
#4937=CARTESIAN_POINT('',(-36.365450794,43.533718801,2.958156149));
#4938=VERTEX_POINT('',#4937);
#4939=CARTESIAN_POINT('',(-36.365450794,42.533718801,2.958156149));
#4940=DIRECTION('',(-0.,1.,0.));
#4941=VECTOR('',#4940,1.);
#4942=LINE('',#4939,#4941);
#4943=EDGE_CURVE('',#4438,#4938,#4942,.T.);
#4944=ORIENTED_EDGE('',*,*,#4943,.T.);
#4945=CARTESIAN_POINT('',(-36.365450794,43.533718801,1.1));
#4946=VERTEX_POINT('',#4945);
#4947=CARTESIAN_POINT('',(-36.365450794,43.533718801,2.958156149));
#4948=DIRECTION('',(0.,0.,-1.));
#4949=VECTOR('',#4948,1.858156149);
#4950=LINE('',#4947,#4949);
#4951=EDGE_CURVE('',#4938,#4946,#4950,.T.);
#4952=ORIENTED_EDGE('',*,*,#4951,.T.);
#4953=CARTESIAN_POINT('',(-36.365450794,43.533718801,1.1));
#4954=DIRECTION('',(0.,-1.,-0.));
#4955=VECTOR('',#4954,1.);
#4956=LINE('',#4953,#4955);
#4957=EDGE_CURVE('',#4946,#4447,#4956,.T.);
#4958=ORIENTED_EDGE('',*,*,#4957,.T.);
#4959=ORIENTED_EDGE('',*,*,#4452,.T.);
#4960=EDGE_LOOP('',(#4944,#4952,#4958,#4959));
#4961=FACE_BOUND('',#4960,.T.);
#4962=ADVANCED_FACE('',(#4961),#4936,.F.);
#4963=CARTESIAN_POINT('',(-34.682725397,46.133718801,0.1));
#4964=DIRECTION('',(0.,0.,-1.));
#4965=DIRECTION('',(0.,1.,0.));
#4966=AXIS2_PLACEMENT_3D('',#4963,#4964,#4965);
#4967=PLANE('',#4966);
#4968=CARTESIAN_POINT('',(-37.365450794,43.533718801,0.1));
#4969=VERTEX_POINT('',#4968);
#4970=CARTESIAN_POINT('',(-37.365450794,42.533718801,0.1));
#4971=DIRECTION('',(-0.,1.,0.));
#4972=VECTOR('',#4971,1.);
#4973=LINE('',#4970,#4972);
#4974=EDGE_CURVE('',#4455,#4969,#4973,.T.);
#4975=ORIENTED_EDGE('',*,*,#4974,.T.);
#4976=CARTESIAN_POINT('',(-44.8,43.533718801,0.1));
#4977=VERTEX_POINT('',#4976);
#4978=CARTESIAN_POINT('',(-37.365450794,43.533718801,0.1));
#4979=DIRECTION('',(-1.,0.,0.));
#4980=VECTOR('',#4979,7.434549206);
#4981=LINE('',#4978,#4980);
#4982=EDGE_CURVE('',#4969,#4977,#4981,.T.);
#4983=ORIENTED_EDGE('',*,*,#4982,.T.);
#4984=CARTESIAN_POINT('',(-44.8,43.533718801,0.1));
#4985=DIRECTION('',(0.,-1.,-0.));
#4986=VECTOR('',#4985,1.);
#4987=LINE('',#4984,#4986);
#4988=EDGE_CURVE('',#4977,#4464,#4987,.T.);
#4989=ORIENTED_EDGE('',*,*,#4988,.T.);
#4990=ORIENTED_EDGE('',*,*,#4469,.T.);
#4991=EDGE_LOOP('',(#4975,#4983,#4989,#4990));
#4992=FACE_BOUND('',#4991,.T.);
#4993=ADVANCED_FACE('',(#4992),#4967,.F.);
#4994=CARTESIAN_POINT('',(-45.8,46.133718801,1.779078075));
#4995=DIRECTION('',(-1.,0.,0.));
#4996=DIRECTION('',(0.,0.,1.));
#4997=AXIS2_PLACEMENT_3D('',#4994,#4995,#4996);
#4998=PLANE('',#4997);
#4999=CARTESIAN_POINT('',(-45.8,43.533718801,1.1));
#5000=VERTEX_POINT('',#4999);
#5001=CARTESIAN_POINT('',(-45.8,42.533718801,1.1));
#5002=DIRECTION('',(-0.,1.,0.));
#5003=VECTOR('',#5002,1.);
#5004=LINE('',#5001,#5003);
#5005=EDGE_CURVE('',#4472,#5000,#5004,.T.);
#5006=ORIENTED_EDGE('',*,*,#5005,.T.);
#5007=CARTESIAN_POINT('',(-45.8,43.533718801,2.958156149));
#5008=VERTEX_POINT('',#5007);
#5009=CARTESIAN_POINT('',(-45.8,43.533718801,1.1));
#5010=DIRECTION('',(0.,-0.,1.));
#5011=VECTOR('',#5010,1.858156149);
#5012=LINE('',#5009,#5011);
#5013=EDGE_CURVE('',#5000,#5008,#5012,.T.);
#5014=ORIENTED_EDGE('',*,*,#5013,.T.);
#5015=CARTESIAN_POINT('',(-45.8,43.533718801,2.958156149));
#5016=DIRECTION('',(0.,-1.,-0.));
#5017=VECTOR('',#5016,1.);
#5018=LINE('',#5015,#5017);
#5019=EDGE_CURVE('',#5008,#4419,#5018,.T.);
#5020=ORIENTED_EDGE('',*,*,#5019,.T.);
#5021=ORIENTED_EDGE('',*,*,#4484,.T.);
#5022=EDGE_LOOP('',(#5006,#5014,#5020,#5021));
#5023=FACE_BOUND('',#5022,.T.);
#5024=ADVANCED_FACE('',(#5023),#4998,.F.);
#5025=CARTESIAN_POINT('',(-37.365450794,46.133718801,2.958156149));
#5026=DIRECTION('',(0.,1.,0.));
#5027=DIRECTION('',(0.,-0.,1.));
#5028=AXIS2_PLACEMENT_3D('',#5025,#5026,#5027);
#5029=CYLINDRICAL_SURFACE('',#5028,1.);
#5030=ORIENTED_EDGE('',*,*,#4926,.F.);
#5031=CARTESIAN_POINT('',(-37.365450794,43.533718801,2.958156149));
#5032=DIRECTION('',(-0.,1.,0.));
#5033=DIRECTION('',(0.,0.,-1.));
#5034=AXIS2_PLACEMENT_3D('',#5031,#5032,#5033);
#5035=CIRCLE('',#5034,1.);
#5036=EDGE_CURVE('',#4915,#4938,#5035,.T.);
#5037=ORIENTED_EDGE('',*,*,#5036,.T.);
#5038=ORIENTED_EDGE('',*,*,#4943,.F.);
#5039=ORIENTED_EDGE('',*,*,#4444,.F.);
#5040=EDGE_LOOP('',(#5030,#5037,#5038,#5039));
#5041=FACE_BOUND('',#5040,.T.);
#5042=ADVANCED_FACE('',(#5041),#5029,.F.);
#5043=CARTESIAN_POINT('',(-37.365450794,46.133718801,1.1));
#5044=DIRECTION('',(0.,1.,0.));
#5045=DIRECTION('',(0.,-0.,1.));
#5046=AXIS2_PLACEMENT_3D('',#5043,#5044,#5045);
#5047=CYLINDRICAL_SURFACE('',#5046,1.);
#5048=ORIENTED_EDGE('',*,*,#4957,.F.);
#5049=CARTESIAN_POINT('',(-37.365450794,43.533718801,1.1));
#5050=DIRECTION('',(-0.,1.,0.));
#5051=DIRECTION('',(0.,0.,-1.));
#5052=AXIS2_PLACEMENT_3D('',#5049,#5050,#5051);
#5053=CIRCLE('',#5052,1.);
#5054=EDGE_CURVE('',#4946,#4969,#5053,.T.);
#5055=ORIENTED_EDGE('',*,*,#5054,.T.);
#5056=ORIENTED_EDGE('',*,*,#4974,.F.);
#5057=ORIENTED_EDGE('',*,*,#4461,.F.);
#5058=EDGE_LOOP('',(#5048,#5055,#5056,#5057));
#5059=FACE_BOUND('',#5058,.T.);
#5060=ADVANCED_FACE('',(#5059),#5047,.F.);
#5061=CARTESIAN_POINT('',(-44.8,46.133718801,1.1));
#5062=DIRECTION('',(0.,1.,0.));
#5063=DIRECTION('',(0.,-0.,1.));
#5064=AXIS2_PLACEMENT_3D('',#5061,#5062,#5063);
#5065=CYLINDRICAL_SURFACE('',#5064,1.);
#5066=ORIENTED_EDGE('',*,*,#4988,.F.);
#5067=CARTESIAN_POINT('',(-44.8,43.533718801,1.1));
#5068=DIRECTION('',(-0.,1.,0.));
#5069=DIRECTION('',(0.,0.,-1.));
#5070=AXIS2_PLACEMENT_3D('',#5067,#5068,#5069);
#5071=CIRCLE('',#5070,1.);
#5072=EDGE_CURVE('',#4977,#5000,#5071,.T.);
#5073=ORIENTED_EDGE('',*,*,#5072,.T.);
#5074=ORIENTED_EDGE('',*,*,#5005,.F.);
#5075=ORIENTED_EDGE('',*,*,#4478,.F.);
#5076=EDGE_LOOP('',(#5066,#5073,#5074,#5075));
#5077=FACE_BOUND('',#5076,.T.);
#5078=ADVANCED_FACE('',(#5077),#5065,.F.);
#5079=CARTESIAN_POINT('',(-44.8,46.133718801,2.958156149));
#5080=DIRECTION('',(0.,1.,0.));
#5081=DIRECTION('',(0.,-0.,1.));
#5082=AXIS2_PLACEMENT_3D('',#5079,#5080,#5081);
#5083=CYLINDRICAL_SURFACE('',#5082,1.);
#5084=ORIENTED_EDGE('',*,*,#5019,.F.);
#5085=CARTESIAN_POINT('',(-44.8,43.533718801,2.958156149));
#5086=DIRECTION('',(-0.,1.,0.));
#5087=DIRECTION('',(0.,0.,-1.));
#5088=AXIS2_PLACEMENT_3D('',#5085,#5086,#5087);
#5089=CIRCLE('',#5088,1.);
#5090=EDGE_CURVE('',#5008,#4907,#5089,.T.);
#5091=ORIENTED_EDGE('',*,*,#5090,.T.);
#5092=ORIENTED_EDGE('',*,*,#4912,.F.);
#5093=ORIENTED_EDGE('',*,*,#4427,.F.);
#5094=EDGE_LOOP('',(#5084,#5091,#5092,#5093));
#5095=FACE_BOUND('',#5094,.T.);
#5096=ADVANCED_FACE('',(#5095),#5083,.F.);
#5097=CARTESIAN_POINT('',(-33.684195763,46.133718801,1.601316475));
#5098=DIRECTION('',(1.,0.,0.));
#5099=DIRECTION('',(0.,0.,-1.));
#5100=AXIS2_PLACEMENT_3D('',#5097,#5098,#5099);
#5101=PLANE('',#5100);
#5102=ORIENTED_EDGE('',*,*,#72,.F.);
#5103=CARTESIAN_POINT('',(-33.684195763,44.933718801,0.364806707));
#5104=DIRECTION('',(-0.,-0.707106781,-0.707106781));
#5105=VECTOR('',#5104,1.414213562);
#5106=LINE('',#5103,#5105);
#5107=EDGE_CURVE('',#59,#2507,#5106,.T.);
#5108=ORIENTED_EDGE('',*,*,#5107,.T.);
#5109=ORIENTED_EDGE('',*,*,#2512,.F.);
#5110=CARTESIAN_POINT('',(-33.684195763,43.533718801,3.502632951));
#5111=VERTEX_POINT('',#5110);
#5112=CARTESIAN_POINT('',(-33.684195763,43.533718801,3.502632951));
#5113=DIRECTION('',(0.,0.,-1.));
#5114=VECTOR('',#5113,4.137826244);
#5115=LINE('',#5112,#5114);
#5116=EDGE_CURVE('',#5111,#2505,#5115,.T.);
#5117=ORIENTED_EDGE('',*,*,#5116,.F.);
#5118=CARTESIAN_POINT('',(-33.684195763,43.533718801,3.502632951));
#5119=DIRECTION('',(-0.,1.,0.));
#5120=VECTOR('',#5119,1.4);
#5121=LINE('',#5118,#5120);
#5122=EDGE_CURVE('',#5111,#67,#5121,.T.);
#5123=ORIENTED_EDGE('',*,*,#5122,.T.);
#5124=EDGE_LOOP('',(#5102,#5108,#5109,#5117,#5123));
#5125=FACE_BOUND('',#5124,.T.);
#5126=ADVANCED_FACE('',(#5125),#5101,.F.);
#5127=CARTESIAN_POINT('',(-48.3,46.133718801,1.601316475));
#5128=DIRECTION('',(-1.,0.,0.));
#5129=DIRECTION('',(0.,0.,1.));
#5130=AXIS2_PLACEMENT_3D('',#5127,#5128,#5129);
#5131=PLANE('',#5130);
#5132=ORIENTED_EDGE('',*,*,#2755,.F.);
#5133=CARTESIAN_POINT('',(-48.3,43.933718801,-0.635193293));
#5134=DIRECTION('',(-0.,0.707106781,0.707106781));
#5135=VECTOR('',#5134,1.414213562);
#5136=LINE('',#5133,#5135);
#5137=EDGE_CURVE('',#2742,#101,#5136,.T.);
#5138=ORIENTED_EDGE('',*,*,#5137,.T.);
#5139=ORIENTED_EDGE('',*,*,#106,.F.);
#5140=CARTESIAN_POINT('',(-48.3,43.533718801,3.502632951));
#5141=VERTEX_POINT('',#5140);
#5142=CARTESIAN_POINT('',(-48.3,44.933718801,3.502632951));
#5143=DIRECTION('',(0.,-1.,-0.));
#5144=VECTOR('',#5143,1.4);
#5145=LINE('',#5142,#5144);
#5146=EDGE_CURVE('',#92,#5141,#5145,.T.);
#5147=ORIENTED_EDGE('',*,*,#5146,.T.);
#5148=CARTESIAN_POINT('',(-48.3,43.533718801,-0.635193293));
#5149=DIRECTION('',(0.,-0.,1.));
#5150=VECTOR('',#5149,4.137826244);
#5151=LINE('',#5148,#5150);
#5152=EDGE_CURVE('',#2750,#5141,#5151,.T.);
#5153=ORIENTED_EDGE('',*,*,#5152,.F.);
#5154=EDGE_LOOP('',(#5132,#5138,#5139,#5147,#5153));
#5155=FACE_BOUND('',#5154,.T.);
#5156=ADVANCED_FACE('',(#5155),#5131,.F.);
#5157=CARTESIAN_POINT('',(-42.192097881,43.533718801,1.601316475));
#5158=DIRECTION('',(0.,-1.,-0.));
#5159=DIRECTION('',(0.,0.,-1.));
#5160=AXIS2_PLACEMENT_3D('',#5157,#5158,#5159);
#5161=PLANE('',#5160);
#5162=ORIENTED_EDGE('',*,*,#4951,.F.);
#5163=ORIENTED_EDGE('',*,*,#5036,.F.);
#5164=ORIENTED_EDGE('',*,*,#4920,.F.);
#5165=ORIENTED_EDGE('',*,*,#5090,.F.);
#5166=ORIENTED_EDGE('',*,*,#5013,.F.);
#5167=ORIENTED_EDGE('',*,*,#5072,.F.);
#5168=ORIENTED_EDGE('',*,*,#4982,.F.);
#5169=ORIENTED_EDGE('',*,*,#5054,.F.);
#5170=EDGE_LOOP('',(#5162,#5163,#5164,#5165,#5166,#5167,#5168,#5169));
#5171=FACE_BOUND('',#5170,.T.);
#5172=CARTESIAN_POINT('',(-45.3,43.533718801,6.502632951));
#5173=VERTEX_POINT('',#5172);
#5174=CARTESIAN_POINT('',(-36.684195763,43.533718801,6.502632951));
#5175=VERTEX_POINT('',#5174);
#5176=CARTESIAN_POINT('',(-45.3,43.533718801,6.502632951));
#5177=DIRECTION('',(1.,0.,-0.));
#5178=VECTOR('',#5177,8.615804237);
#5179=LINE('',#5176,#5178);
#5180=EDGE_CURVE('',#5173,#5175,#5179,.T.);
#5181=ORIENTED_EDGE('',*,*,#5180,.T.);
#5182=CARTESIAN_POINT('',(-36.684195763,43.533718801,3.502632951));
#5183=DIRECTION('',(-0.,1.,0.));
#5184=DIRECTION('',(0.,0.,-1.));
#5185=AXIS2_PLACEMENT_3D('',#5182,#5183,#5184);
#5186=CIRCLE('',#5185,3.);
#5187=EDGE_CURVE('',#5175,#5111,#5186,.T.);
#5188=ORIENTED_EDGE('',*,*,#5187,.T.);
#5189=ORIENTED_EDGE('',*,*,#5116,.T.);
#5190=ORIENTED_EDGE('',*,*,#2761,.F.);
#5191=ORIENTED_EDGE('',*,*,#5152,.T.);
#5192=CARTESIAN_POINT('',(-45.3,43.533718801,3.502632951));
#5193=DIRECTION('',(-0.,1.,0.));
#5194=DIRECTION('',(0.,0.,-1.));
#5195=AXIS2_PLACEMENT_3D('',#5192,#5193,#5194);
#5196=CIRCLE('',#5195,3.);
#5197=EDGE_CURVE('',#5141,#5173,#5196,.T.);
#5198=ORIENTED_EDGE('',*,*,#5197,.T.);
#5199=EDGE_LOOP('',(#5181,#5188,#5189,#5190,#5191,#5198));
#5200=FACE_BOUND('',#5199,.T.);
#5201=ADVANCED_FACE('',(#5171,#5200),#5161,.F.);
#5202=CARTESIAN_POINT('',(-40.992097881,46.133718801,6.502632951));
#5203=DIRECTION('',(0.,-0.,1.));
#5204=DIRECTION('',(0.,-1.,-0.));
#5205=AXIS2_PLACEMENT_3D('',#5202,#5203,#5204);
#5206=PLANE('',#5205);
#5207=ORIENTED_EDGE('',*,*,#89,.F.);
#5208=CARTESIAN_POINT('',(-36.684195763,44.933718801,6.502632951));
#5209=DIRECTION('',(0.,-1.,-0.));
#5210=VECTOR('',#5209,1.4);
#5211=LINE('',#5208,#5210);
#5212=EDGE_CURVE('',#75,#5175,#5211,.T.);
#5213=ORIENTED_EDGE('',*,*,#5212,.T.);
#5214=ORIENTED_EDGE('',*,*,#5180,.F.);
#5215=CARTESIAN_POINT('',(-45.3,43.533718801,6.502632951));
#5216=DIRECTION('',(-0.,1.,0.));
#5217=VECTOR('',#5216,1.4);
#5218=LINE('',#5215,#5217);
#5219=EDGE_CURVE('',#5173,#84,#5218,.T.);
#5220=ORIENTED_EDGE('',*,*,#5219,.T.);
#5221=EDGE_LOOP('',(#5207,#5213,#5214,#5220));
#5222=FACE_BOUND('',#5221,.T.);
#5223=ADVANCED_FACE('',(#5222),#5206,.F.);
#5224=CARTESIAN_POINT('',(-45.3,46.133718801,3.502632951));
#5225=DIRECTION('',(0.,1.,0.));
#5226=DIRECTION('',(0.,-0.,1.));
#5227=AXIS2_PLACEMENT_3D('',#5224,#5225,#5226);
#5228=CYLINDRICAL_SURFACE('',#5227,3.);
#5229=ORIENTED_EDGE('',*,*,#98,.F.);
#5230=ORIENTED_EDGE('',*,*,#5219,.F.);
#5231=ORIENTED_EDGE('',*,*,#5197,.F.);
#5232=ORIENTED_EDGE('',*,*,#5146,.F.);
#5233=EDGE_LOOP('',(#5229,#5230,#5231,#5232));
#5234=FACE_BOUND('',#5233,.T.);
#5235=ADVANCED_FACE('',(#5234),#5228,.F.);
#5236=CARTESIAN_POINT('',(-36.684195763,46.133718801,3.502632951));
#5237=DIRECTION('',(0.,1.,0.));
#5238=DIRECTION('',(0.,-0.,1.));
#5239=AXIS2_PLACEMENT_3D('',#5236,#5237,#5238);
#5240=CYLINDRICAL_SURFACE('',#5239,3.);
#5241=ORIENTED_EDGE('',*,*,#81,.F.);
#5242=ORIENTED_EDGE('',*,*,#5122,.F.);
#5243=ORIENTED_EDGE('',*,*,#5187,.F.);
#5244=ORIENTED_EDGE('',*,*,#5212,.F.);
#5245=EDGE_LOOP('',(#5241,#5242,#5243,#5244));
#5246=FACE_BOUND('',#5245,.T.);
#5247=ADVANCED_FACE('',(#5246),#5240,.F.);
#5248=CARTESIAN_POINT('',(-55.223618048,43.633718801,3.835981798));
#5249=DIRECTION('',(0.,1.,0.));
#5250=DIRECTION('',(0.,-0.,1.));
#5251=AXIS2_PLACEMENT_3D('',#5248,#5249,#5250);
#5252=PLANE('',#5251);
#5253=CARTESIAN_POINT('',(-59.223618048,43.633718801,2.935981798));
#5254=VERTEX_POINT('',#5253);
#5255=CARTESIAN_POINT('',(-51.223618048,43.633718801,2.935981798));
#5256=VERTEX_POINT('',#5255);
#5257=CARTESIAN_POINT('',(-59.223618048,43.633718801,2.935981798));
#5258=DIRECTION('',(1.,0.,-0.));
#5259=VECTOR('',#5258,8.);
#5260=LINE('',#5257,#5259);
#5261=EDGE_CURVE('',#5254,#5256,#5260,.T.);
#5262=ORIENTED_EDGE('',*,*,#5261,.T.);
#5263=CARTESIAN_POINT('',(-51.223618048,43.633718801,4.735981798));
#5264=VERTEX_POINT('',#5263);
#5265=CARTESIAN_POINT('',(-51.223618048,43.633718801,2.935981798));
#5266=DIRECTION('',(0.,-0.,1.));
#5267=VECTOR('',#5266,1.8);
#5268=LINE('',#5265,#5267);
#5269=EDGE_CURVE('',#5256,#5264,#5268,.T.);
#5270=ORIENTED_EDGE('',*,*,#5269,.T.);
#5271=CARTESIAN_POINT('',(-59.223618048,43.633718801,4.735981798));
#5272=VERTEX_POINT('',#5271);
#5273=CARTESIAN_POINT('',(-51.223618048,43.633718801,4.735981798));
#5274=DIRECTION('',(-1.,0.,0.));
#5275=VECTOR('',#5274,8.);
#5276=LINE('',#5273,#5275);
#5277=EDGE_CURVE('',#5264,#5272,#5276,.T.);
#5278=ORIENTED_EDGE('',*,*,#5277,.T.);
#5279=CARTESIAN_POINT('',(-59.223618048,43.633718801,4.735981798));
#5280=DIRECTION('',(0.,0.,-1.));
#5281=VECTOR('',#5280,1.8);
#5282=LINE('',#5279,#5281);
#5283=EDGE_CURVE('',#5272,#5254,#5282,.T.);
#5284=ORIENTED_EDGE('',*,*,#5283,.T.);
#5285=EDGE_LOOP('',(#5262,#5270,#5278,#5284));
#5286=FACE_BOUND('',#5285,.T.);
#5287=ADVANCED_FACE('',(#5286),#5252,.F.);
#5288=CARTESIAN_POINT('',(-55.223618048,42.533718801,2.935981798));
#5289=DIRECTION('',(0.,0.,-1.));
#5290=DIRECTION('',(0.,1.,0.));
#5291=AXIS2_PLACEMENT_3D('',#5288,#5289,#5290);
#5292=PLANE('',#5291);
#5293=CARTESIAN_POINT('',(-59.223618048,42.533718801,2.935981798));
#5294=DIRECTION('',(0.,1.,0.));
#5295=VECTOR('',#5294,1.1);
#5296=LINE('',#5293,#5295);
#5297=EDGE_CURVE('',#4371,#5254,#5296,.T.);
#5298=ORIENTED_EDGE('',*,*,#5297,.F.);
#5299=ORIENTED_EDGE('',*,*,#4376,.F.);
#5300=CARTESIAN_POINT('',(-51.223618048,42.533718801,2.935981798));
#5301=DIRECTION('',(0.,1.,0.));
#5302=VECTOR('',#5301,1.1);
#5303=LINE('',#5300,#5302);
#5304=EDGE_CURVE('',#4369,#5256,#5303,.T.);
#5305=ORIENTED_EDGE('',*,*,#5304,.T.);
#5306=ORIENTED_EDGE('',*,*,#5261,.F.);
#5307=EDGE_LOOP('',(#5298,#5299,#5305,#5306));
#5308=FACE_BOUND('',#5307,.T.);
#5309=ADVANCED_FACE('',(#5308),#5292,.F.);
#5310=CARTESIAN_POINT('',(-51.223618048,42.533718801,3.835981798));
#5311=DIRECTION('',(1.,0.,0.));
#5312=DIRECTION('',(0.,0.,-1.));
#5313=AXIS2_PLACEMENT_3D('',#5310,#5311,#5312);
#5314=PLANE('',#5313);
#5315=ORIENTED_EDGE('',*,*,#5304,.F.);
#5316=ORIENTED_EDGE('',*,*,#4398,.F.);
#5317=CARTESIAN_POINT('',(-51.223618048,42.533718801,4.735981798));
#5318=DIRECTION('',(0.,1.,0.));
#5319=VECTOR('',#5318,1.1);
#5320=LINE('',#5317,#5319);
#5321=EDGE_CURVE('',#4387,#5264,#5320,.T.);
#5322=ORIENTED_EDGE('',*,*,#5321,.T.);
#5323=ORIENTED_EDGE('',*,*,#5269,.F.);
#5324=EDGE_LOOP('',(#5315,#5316,#5322,#5323));
#5325=FACE_BOUND('',#5324,.T.);
#5326=ADVANCED_FACE('',(#5325),#5314,.F.);
#5327=CARTESIAN_POINT('',(-55.223618048,42.533718801,4.735981798));
#5328=DIRECTION('',(0.,-0.,1.));
#5329=DIRECTION('',(0.,-1.,-0.));
#5330=AXIS2_PLACEMENT_3D('',#5327,#5328,#5329);
#5331=PLANE('',#5330);
#5332=ORIENTED_EDGE('',*,*,#5321,.F.);
#5333=ORIENTED_EDGE('',*,*,#4392,.F.);
#5334=CARTESIAN_POINT('',(-59.223618048,42.533718801,4.735981798));
#5335=DIRECTION('',(0.,1.,0.));
#5336=VECTOR('',#5335,1.1);
#5337=LINE('',#5334,#5336);
#5338=EDGE_CURVE('',#4379,#5272,#5337,.T.);
#5339=ORIENTED_EDGE('',*,*,#5338,.T.);
#5340=ORIENTED_EDGE('',*,*,#5277,.F.);
#5341=EDGE_LOOP('',(#5332,#5333,#5339,#5340));
#5342=FACE_BOUND('',#5341,.T.);
#5343=ADVANCED_FACE('',(#5342),#5331,.F.);
#5344=CARTESIAN_POINT('',(-59.223618048,42.533718801,3.835981798));
#5345=DIRECTION('',(-1.,0.,0.));
#5346=DIRECTION('',(0.,0.,1.));
#5347=AXIS2_PLACEMENT_3D('',#5344,#5345,#5346);
#5348=PLANE('',#5347);
#5349=ORIENTED_EDGE('',*,*,#4384,.F.);
#5350=ORIENTED_EDGE('',*,*,#5297,.T.);
#5351=ORIENTED_EDGE('',*,*,#5283,.F.);
#5352=ORIENTED_EDGE('',*,*,#5338,.F.);
#5353=EDGE_LOOP('',(#5349,#5350,#5351,#5352));
#5354=FACE_BOUND('',#5353,.T.);
#5355=ADVANCED_FACE('',(#5354),#5348,.F.);
#5356=CARTESIAN_POINT('',(46.005236816,41.508718801,3.88299882));
#5357=DIRECTION('',(0.,1.,0.));
#5358=DIRECTION('',(0.,-0.,1.));
#5359=AXIS2_PLACEMENT_3D('',#5356,#5357,#5358);
#5360=PLANE('',#5359);
#5361=CARTESIAN_POINT('',(50.005236816,41.508718801,4.78299882));
#5362=VERTEX_POINT('',#5361);
#5363=CARTESIAN_POINT('',(42.005236816,41.508718801,4.78299882));
#5364=VERTEX_POINT('',#5363);
#5365=CARTESIAN_POINT('',(50.005236816,41.508718801,4.78299882));
#5366=DIRECTION('',(-1.,0.,0.));
#5367=VECTOR('',#5366,8.);
#5368=LINE('',#5365,#5367);
#5369=EDGE_CURVE('',#5362,#5364,#5368,.T.);
#5370=ORIENTED_EDGE('',*,*,#5369,.T.);
#5371=CARTESIAN_POINT('',(42.005236816,41.508718801,2.98299882));
#5372=VERTEX_POINT('',#5371);
#5373=CARTESIAN_POINT('',(42.005236816,41.508718801,4.78299882));
#5374=DIRECTION('',(0.,0.,-1.));
#5375=VECTOR('',#5374,1.8);
#5376=LINE('',#5373,#5375);
#5377=EDGE_CURVE('',#5364,#5372,#5376,.T.);
#5378=ORIENTED_EDGE('',*,*,#5377,.T.);
#5379=CARTESIAN_POINT('',(50.005236816,41.508718801,2.98299882));
#5380=VERTEX_POINT('',#5379);
#5381=CARTESIAN_POINT('',(42.005236816,41.508718801,2.98299882));
#5382=DIRECTION('',(1.,0.,-0.));
#5383=VECTOR('',#5382,8.);
#5384=LINE('',#5381,#5383);
#5385=EDGE_CURVE('',#5372,#5380,#5384,.T.);
#5386=ORIENTED_EDGE('',*,*,#5385,.T.);
#5387=CARTESIAN_POINT('',(50.005236816,41.508718801,2.98299882));
#5388=DIRECTION('',(0.,-0.,1.));
#5389=VECTOR('',#5388,1.8);
#5390=LINE('',#5387,#5389);
#5391=EDGE_CURVE('',#5380,#5362,#5390,.T.);
#5392=ORIENTED_EDGE('',*,*,#5391,.T.);
#5393=EDGE_LOOP('',(#5370,#5378,#5386,#5392));
#5394=FACE_BOUND('',#5393,.T.);
#5395=ADVANCED_FACE('',(#5394),#5360,.F.);
#5396=CARTESIAN_POINT('',(46.005236816,40.408718801,4.78299882));
#5397=DIRECTION('',(0.,-0.,1.));
#5398=DIRECTION('',(0.,-1.,-0.));
#5399=AXIS2_PLACEMENT_3D('',#5396,#5397,#5398);
#5400=PLANE('',#5399);
#5401=CARTESIAN_POINT('',(50.005236816,40.408718801,4.78299882));
#5402=DIRECTION('',(0.,1.,0.));
#5403=VECTOR('',#5402,1.1);
#5404=LINE('',#5401,#5403);
#5405=EDGE_CURVE('',#4315,#5362,#5404,.T.);
#5406=ORIENTED_EDGE('',*,*,#5405,.F.);
#5407=ORIENTED_EDGE('',*,*,#4320,.F.);
#5408=CARTESIAN_POINT('',(42.005236816,40.408718801,4.78299882));
#5409=DIRECTION('',(0.,1.,0.));
#5410=VECTOR('',#5409,1.1);
#5411=LINE('',#5408,#5410);
#5412=EDGE_CURVE('',#4313,#5364,#5411,.T.);
#5413=ORIENTED_EDGE('',*,*,#5412,.T.);
#5414=ORIENTED_EDGE('',*,*,#5369,.F.);
#5415=EDGE_LOOP('',(#5406,#5407,#5413,#5414));
#5416=FACE_BOUND('',#5415,.T.);
#5417=ADVANCED_FACE('',(#5416),#5400,.F.);
#5418=CARTESIAN_POINT('',(42.005236816,40.408718801,3.88299882));
#5419=DIRECTION('',(-1.,0.,0.));
#5420=DIRECTION('',(0.,0.,1.));
#5421=AXIS2_PLACEMENT_3D('',#5418,#5419,#5420);
#5422=PLANE('',#5421);
#5423=ORIENTED_EDGE('',*,*,#5412,.F.);
#5424=ORIENTED_EDGE('',*,*,#4342,.F.);
#5425=CARTESIAN_POINT('',(42.005236816,40.408718801,2.98299882));
#5426=DIRECTION('',(0.,1.,0.));
#5427=VECTOR('',#5426,1.1);
#5428=LINE('',#5425,#5427);
#5429=EDGE_CURVE('',#4331,#5372,#5428,.T.);
#5430=ORIENTED_EDGE('',*,*,#5429,.T.);
#5431=ORIENTED_EDGE('',*,*,#5377,.F.);
#5432=EDGE_LOOP('',(#5423,#5424,#5430,#5431));
#5433=FACE_BOUND('',#5432,.T.);
#5434=ADVANCED_FACE('',(#5433),#5422,.F.);
#5435=CARTESIAN_POINT('',(46.005236816,40.408718801,2.98299882));
#5436=DIRECTION('',(0.,0.,-1.));
#5437=DIRECTION('',(0.,1.,0.));
#5438=AXIS2_PLACEMENT_3D('',#5435,#5436,#5437);
#5439=PLANE('',#5438);
#5440=ORIENTED_EDGE('',*,*,#5429,.F.);
#5441=ORIENTED_EDGE('',*,*,#4336,.F.);
#5442=CARTESIAN_POINT('',(50.005236816,40.408718801,2.98299882));
#5443=DIRECTION('',(0.,1.,0.));
#5444=VECTOR('',#5443,1.1);
#5445=LINE('',#5442,#5444);
#5446=EDGE_CURVE('',#4323,#5380,#5445,.T.);
#5447=ORIENTED_EDGE('',*,*,#5446,.T.);
#5448=ORIENTED_EDGE('',*,*,#5385,.F.);
#5449=EDGE_LOOP('',(#5440,#5441,#5447,#5448));
#5450=FACE_BOUND('',#5449,.T.);
#5451=ADVANCED_FACE('',(#5450),#5439,.F.);
#5452=CARTESIAN_POINT('',(50.005236816,40.408718801,3.88299882));
#5453=DIRECTION('',(1.,0.,0.));
#5454=DIRECTION('',(0.,0.,-1.));
#5455=AXIS2_PLACEMENT_3D('',#5452,#5453,#5454);
#5456=PLANE('',#5455);
#5457=ORIENTED_EDGE('',*,*,#4328,.F.);
#5458=ORIENTED_EDGE('',*,*,#5405,.T.);
#5459=ORIENTED_EDGE('',*,*,#5391,.F.);
#5460=ORIENTED_EDGE('',*,*,#5446,.F.);
#5461=EDGE_LOOP('',(#5457,#5458,#5459,#5460));
#5462=FACE_BOUND('',#5461,.T.);
#5463=ADVANCED_FACE('',(#5462),#5456,.F.);
#5464=CARTESIAN_POINT('',(56.598097369,-34.391282725,2.960388727));
#5465=DIRECTION('',(0.,-1.,0.));
#5466=DIRECTION('',(0.,-0.,-1.));
#5467=AXIS2_PLACEMENT_3D('',#5464,#5465,#5466);
#5468=PLANE('',#5467);
#5469=CARTESIAN_POINT('',(58.798097369,-34.391282725,2.060388727));
#5470=VERTEX_POINT('',#5469);
#5471=CARTESIAN_POINT('',(54.598097369,-34.391282725,2.060388727));
#5472=VERTEX_POINT('',#5471);
#5473=CARTESIAN_POINT('',(58.798097369,-34.391282725,2.060388727));
#5474=DIRECTION('',(-1.,0.,0.));
#5475=VECTOR('',#5474,4.2);
#5476=LINE('',#5473,#5475);
#5477=EDGE_CURVE('',#5470,#5472,#5476,.T.);
#5478=ORIENTED_EDGE('',*,*,#5477,.T.);
#5479=CARTESIAN_POINT('',(54.598097369,-34.391282725,3.860388727));
#5480=VERTEX_POINT('',#5479);
#5481=CARTESIAN_POINT('',(54.598097369,-34.391282725,2.060388727));
#5482=DIRECTION('',(0.,0.,1.));
#5483=VECTOR('',#5482,1.8);
#5484=LINE('',#5481,#5483);
#5485=EDGE_CURVE('',#5472,#5480,#5484,.T.);
#5486=ORIENTED_EDGE('',*,*,#5485,.T.);
#5487=CARTESIAN_POINT('',(58.798097369,-34.391282725,3.860388727));
#5488=VERTEX_POINT('',#5487);
#5489=CARTESIAN_POINT('',(54.598097369,-34.391282725,3.860388727));
#5490=DIRECTION('',(1.,0.,-0.));
#5491=VECTOR('',#5490,4.2);
#5492=LINE('',#5489,#5491);
#5493=EDGE_CURVE('',#5480,#5488,#5492,.T.);
#5494=ORIENTED_EDGE('',*,*,#5493,.T.);
#5495=CARTESIAN_POINT('',(58.798097369,-34.391282725,3.860388727));
#5496=DIRECTION('',(0.,-0.,-1.));
#5497=VECTOR('',#5496,1.8);
#5498=LINE('',#5495,#5497);
#5499=EDGE_CURVE('',#5488,#5470,#5498,.T.);
#5500=ORIENTED_EDGE('',*,*,#5499,.T.);
#5501=EDGE_LOOP('',(#5478,#5486,#5494,#5500));
#5502=FACE_BOUND('',#5501,.T.);
#5503=ADVANCED_FACE('',(#5502),#5468,.F.);
#5504=CARTESIAN_POINT('',(56.598097369,-32.791282725,2.060388727));
#5505=DIRECTION('',(0.,-0.,-1.));
#5506=DIRECTION('',(0.,1.,-0.));
#5507=AXIS2_PLACEMENT_3D('',#5504,#5505,#5506);
#5508=PLANE('',#5507);
#5509=CARTESIAN_POINT('',(58.798097369,-32.791282725,2.060388727));
#5510=DIRECTION('',(0.,-1.,0.));
#5511=VECTOR('',#5510,1.6);
#5512=LINE('',#5509,#5511);
#5513=EDGE_CURVE('',#4670,#5470,#5512,.T.);
#5514=ORIENTED_EDGE('',*,*,#5513,.F.);
#5515=ORIENTED_EDGE('',*,*,#4675,.F.);
#5516=CARTESIAN_POINT('',(54.598097369,-32.791282725,2.060388727));
#5517=DIRECTION('',(0.,-1.,0.));
#5518=VECTOR('',#5517,1.6);
#5519=LINE('',#5516,#5518);
#5520=EDGE_CURVE('',#4668,#5472,#5519,.T.);
#5521=ORIENTED_EDGE('',*,*,#5520,.T.);
#5522=ORIENTED_EDGE('',*,*,#5477,.F.);
#5523=EDGE_LOOP('',(#5514,#5515,#5521,#5522));
#5524=FACE_BOUND('',#5523,.T.);
#5525=ADVANCED_FACE('',(#5524),#5508,.F.);
#5526=CARTESIAN_POINT('',(54.598097369,-32.791282725,2.960388727));
#5527=DIRECTION('',(-1.,0.,0.));
#5528=DIRECTION('',(0.,0.,1.));
#5529=AXIS2_PLACEMENT_3D('',#5526,#5527,#5528);
#5530=PLANE('',#5529);
#5531=ORIENTED_EDGE('',*,*,#5520,.F.);
#5532=ORIENTED_EDGE('',*,*,#4697,.F.);
#5533=CARTESIAN_POINT('',(54.598097369,-32.791282725,3.860388727));
#5534=DIRECTION('',(0.,-1.,0.));
#5535=VECTOR('',#5534,1.6);
#5536=LINE('',#5533,#5535);
#5537=EDGE_CURVE('',#4686,#5480,#5536,.T.);
#5538=ORIENTED_EDGE('',*,*,#5537,.T.);
#5539=ORIENTED_EDGE('',*,*,#5485,.F.);
#5540=EDGE_LOOP('',(#5531,#5532,#5538,#5539));
#5541=FACE_BOUND('',#5540,.T.);
#5542=ADVANCED_FACE('',(#5541),#5530,.F.);
#5543=CARTESIAN_POINT('',(56.598097369,-32.791282725,3.860388727));
#5544=DIRECTION('',(0.,0.,1.));
#5545=DIRECTION('',(0.,-1.,0.));
#5546=AXIS2_PLACEMENT_3D('',#5543,#5544,#5545);
#5547=PLANE('',#5546);
#5548=ORIENTED_EDGE('',*,*,#5537,.F.);
#5549=ORIENTED_EDGE('',*,*,#4691,.F.);
#5550=CARTESIAN_POINT('',(58.798097369,-32.791282725,3.860388727));
#5551=DIRECTION('',(0.,-1.,0.));
#5552=VECTOR('',#5551,1.6);
#5553=LINE('',#5550,#5552);
#5554=EDGE_CURVE('',#4678,#5488,#5553,.T.);
#5555=ORIENTED_EDGE('',*,*,#5554,.T.);
#5556=ORIENTED_EDGE('',*,*,#5493,.F.);
#5557=EDGE_LOOP('',(#5548,#5549,#5555,#5556));
#5558=FACE_BOUND('',#5557,.T.);
#5559=ADVANCED_FACE('',(#5558),#5547,.F.);
#5560=CARTESIAN_POINT('',(58.798097369,-32.791282725,2.960388727));
#5561=DIRECTION('',(1.,0.,0.));
#5562=DIRECTION('',(0.,0.,-1.));
#5563=AXIS2_PLACEMENT_3D('',#5560,#5561,#5562);
#5564=PLANE('',#5563);
#5565=ORIENTED_EDGE('',*,*,#4683,.F.);
#5566=ORIENTED_EDGE('',*,*,#5513,.T.);
#5567=ORIENTED_EDGE('',*,*,#5499,.F.);
#5568=ORIENTED_EDGE('',*,*,#5554,.F.);
#5569=EDGE_LOOP('',(#5565,#5566,#5567,#5568));
#5570=FACE_BOUND('',#5569,.T.);
#5571=ADVANCED_FACE('',(#5570),#5564,.F.);
#5572=CARTESIAN_POINT('',(-0.883751391,-34.626283336,3.032801541));
#5573=DIRECTION('',(0.,-1.,0.));
#5574=DIRECTION('',(0.,-0.,-1.));
#5575=AXIS2_PLACEMENT_3D('',#5572,#5573,#5574);
#5576=PLANE('',#5575);
#5577=CARTESIAN_POINT('',(-2.983751391,-34.626283336,3.932801541));
#5578=VERTEX_POINT('',#5577);
#5579=CARTESIAN_POINT('',(1.216248609,-34.626283336,3.932801541));
#5580=VERTEX_POINT('',#5579);
#5581=CARTESIAN_POINT('',(-2.983751391,-34.626283336,3.932801541));
#5582=DIRECTION('',(1.,0.,-0.));
#5583=VECTOR('',#5582,4.2);
#5584=LINE('',#5581,#5583);
#5585=EDGE_CURVE('',#5578,#5580,#5584,.T.);
#5586=ORIENTED_EDGE('',*,*,#5585,.T.);
#5587=CARTESIAN_POINT('',(1.216248609,-34.626283336,2.132801541));
#5588=VERTEX_POINT('',#5587);
#5589=CARTESIAN_POINT('',(1.216248609,-34.626283336,3.932801541));
#5590=DIRECTION('',(0.,-0.,-1.));
#5591=VECTOR('',#5590,1.8);
#5592=LINE('',#5589,#5591);
#5593=EDGE_CURVE('',#5580,#5588,#5592,.T.);
#5594=ORIENTED_EDGE('',*,*,#5593,.T.);
#5595=CARTESIAN_POINT('',(-2.983751391,-34.626283336,2.132801541));
#5596=VERTEX_POINT('',#5595);
#5597=CARTESIAN_POINT('',(1.216248609,-34.626283336,2.132801541));
#5598=DIRECTION('',(-1.,0.,0.));
#5599=VECTOR('',#5598,4.2);
#5600=LINE('',#5597,#5599);
#5601=EDGE_CURVE('',#5588,#5596,#5600,.T.);
#5602=ORIENTED_EDGE('',*,*,#5601,.T.);
#5603=CARTESIAN_POINT('',(-2.983751391,-34.626283336,2.132801541));
#5604=DIRECTION('',(0.,0.,1.));
#5605=VECTOR('',#5604,1.8);
#5606=LINE('',#5603,#5605);
#5607=EDGE_CURVE('',#5596,#5578,#5606,.T.);
#5608=ORIENTED_EDGE('',*,*,#5607,.T.);
#5609=EDGE_LOOP('',(#5586,#5594,#5602,#5608));
#5610=FACE_BOUND('',#5609,.T.);
#5611=ADVANCED_FACE('',(#5610),#5576,.F.);
#5612=CARTESIAN_POINT('',(-0.883751391,-33.026283336,3.932801541));
#5613=DIRECTION('',(0.,0.,1.));
#5614=DIRECTION('',(0.,-1.,0.));
#5615=AXIS2_PLACEMENT_3D('',#5612,#5613,#5614);
#5616=PLANE('',#5615);
#5617=CARTESIAN_POINT('',(-2.983751391,-33.026283336,3.932801541));
#5618=DIRECTION('',(0.,-1.,0.));
#5619=VECTOR('',#5618,1.6);
#5620=LINE('',#5617,#5619);
#5621=EDGE_CURVE('',#4242,#5578,#5620,.T.);
#5622=ORIENTED_EDGE('',*,*,#5621,.F.);
#5623=ORIENTED_EDGE('',*,*,#4247,.F.);
#5624=CARTESIAN_POINT('',(1.216248609,-33.026283336,3.932801541));
#5625=DIRECTION('',(0.,-1.,0.));
#5626=VECTOR('',#5625,1.6);
#5627=LINE('',#5624,#5626);
#5628=EDGE_CURVE('',#4240,#5580,#5627,.T.);
#5629=ORIENTED_EDGE('',*,*,#5628,.T.);
#5630=ORIENTED_EDGE('',*,*,#5585,.F.);
#5631=EDGE_LOOP('',(#5622,#5623,#5629,#5630));
#5632=FACE_BOUND('',#5631,.T.);
#5633=ADVANCED_FACE('',(#5632),#5616,.F.);
#5634=CARTESIAN_POINT('',(1.216248609,-33.026283336,3.032801541));
#5635=DIRECTION('',(1.,0.,0.));
#5636=DIRECTION('',(0.,0.,-1.));
#5637=AXIS2_PLACEMENT_3D('',#5634,#5635,#5636);
#5638=PLANE('',#5637);
#5639=ORIENTED_EDGE('',*,*,#5628,.F.);
#5640=ORIENTED_EDGE('',*,*,#4269,.F.);
#5641=CARTESIAN_POINT('',(1.216248609,-33.026283336,2.132801541));
#5642=DIRECTION('',(0.,-1.,0.));
#5643=VECTOR('',#5642,1.6);
#5644=LINE('',#5641,#5643);
#5645=EDGE_CURVE('',#4258,#5588,#5644,.T.);
#5646=ORIENTED_EDGE('',*,*,#5645,.T.);
#5647=ORIENTED_EDGE('',*,*,#5593,.F.);
#5648=EDGE_LOOP('',(#5639,#5640,#5646,#5647));
#5649=FACE_BOUND('',#5648,.T.);
#5650=ADVANCED_FACE('',(#5649),#5638,.F.);
#5651=CARTESIAN_POINT('',(-0.883751391,-33.026283336,2.132801541));
#5652=DIRECTION('',(0.,-0.,-1.));
#5653=DIRECTION('',(0.,1.,-0.));
#5654=AXIS2_PLACEMENT_3D('',#5651,#5652,#5653);
#5655=PLANE('',#5654);
#5656=ORIENTED_EDGE('',*,*,#5645,.F.);
#5657=ORIENTED_EDGE('',*,*,#4263,.F.);
#5658=CARTESIAN_POINT('',(-2.983751391,-33.026283336,2.132801541));
#5659=DIRECTION('',(0.,-1.,0.));
#5660=VECTOR('',#5659,1.6);
#5661=LINE('',#5658,#5660);
#5662=EDGE_CURVE('',#4250,#5596,#5661,.T.);
#5663=ORIENTED_EDGE('',*,*,#5662,.T.);
#5664=ORIENTED_EDGE('',*,*,#5601,.F.);
#5665=EDGE_LOOP('',(#5656,#5657,#5663,#5664));
#5666=FACE_BOUND('',#5665,.T.);
#5667=ADVANCED_FACE('',(#5666),#5655,.F.);
#5668=CARTESIAN_POINT('',(-2.983751391,-33.026283336,3.032801541));
#5669=DIRECTION('',(-1.,0.,0.));
#5670=DIRECTION('',(0.,0.,1.));
#5671=AXIS2_PLACEMENT_3D('',#5668,#5669,#5670);
#5672=PLANE('',#5671);
#5673=ORIENTED_EDGE('',*,*,#4255,.F.);
#5674=ORIENTED_EDGE('',*,*,#5621,.T.);
#5675=ORIENTED_EDGE('',*,*,#5607,.F.);
#5676=ORIENTED_EDGE('',*,*,#5662,.F.);
#5677=EDGE_LOOP('',(#5673,#5674,#5675,#5676));
#5678=FACE_BOUND('',#5677,.T.);
#5679=ADVANCED_FACE('',(#5678),#5672,.F.);
#5680=CARTESIAN_POINT('',(-41.018434307,-41.618798665,3.037827798));
#5681=DIRECTION('',(0.390729293,-0.920505633,0.));
#5682=DIRECTION('',(0.920505633,0.390729293,0.));
#5683=AXIS2_PLACEMENT_3D('',#5680,#5681,#5682);
#5684=PLANE('',#5683);
#5685=CARTESIAN_POINT('',(-42.951496135,-42.439330181,3.937827798));
#5686=VERTEX_POINT('',#5685);
#5687=CARTESIAN_POINT('',(-39.085372478,-40.79826715,3.937827798));
#5688=VERTEX_POINT('',#5687);
#5689=CARTESIAN_POINT('',(-42.951496135,-42.439330181,3.937827798));
#5690=DIRECTION('',(0.920505633,0.390729293,0.));
#5691=VECTOR('',#5690,4.2);
#5692=LINE('',#5689,#5691);
#5693=EDGE_CURVE('',#5686,#5688,#5692,.T.);
#5694=ORIENTED_EDGE('',*,*,#5693,.T.);
#5695=CARTESIAN_POINT('',(-39.085372478,-40.79826715,2.137827798));
#5696=VERTEX_POINT('',#5695);
#5697=CARTESIAN_POINT('',(-39.085372478,-40.79826715,3.937827798));
#5698=DIRECTION('',(0.,0.,-1.));
#5699=VECTOR('',#5698,1.8);
#5700=LINE('',#5697,#5699);
#5701=EDGE_CURVE('',#5688,#5696,#5700,.T.);
#5702=ORIENTED_EDGE('',*,*,#5701,.T.);
#5703=CARTESIAN_POINT('',(-42.951496135,-42.439330181,2.137827798));
#5704=VERTEX_POINT('',#5703);
#5705=CARTESIAN_POINT('',(-39.085372478,-40.79826715,2.137827798));
#5706=DIRECTION('',(-0.920505633,-0.390729293,0.));
#5707=VECTOR('',#5706,4.2);
#5708=LINE('',#5705,#5707);
#5709=EDGE_CURVE('',#5696,#5704,#5708,.T.);
#5710=ORIENTED_EDGE('',*,*,#5709,.T.);
#5711=CARTESIAN_POINT('',(-42.951496135,-42.439330181,2.137827798));
#5712=DIRECTION('',(0.,0.,1.));
#5713=VECTOR('',#5712,1.8);
#5714=LINE('',#5711,#5713);
#5715=EDGE_CURVE('',#5704,#5686,#5714,.T.);
#5716=ORIENTED_EDGE('',*,*,#5715,.T.);
#5717=EDGE_LOOP('',(#5694,#5702,#5710,#5716));
#5718=FACE_BOUND('',#5717,.T.);
#5719=ADVANCED_FACE('',(#5718),#5684,.F.);
#5720=CARTESIAN_POINT('',(-41.643601176,-40.145989653,3.937827798));
#5721=DIRECTION('',(0.,0.,1.));
#5722=DIRECTION('',(1.,0.,0.));
#5723=AXIS2_PLACEMENT_3D('',#5720,#5721,#5722);
#5724=PLANE('',#5723);
#5725=CARTESIAN_POINT('',(-43.571884112,-40.977779595,3.937827798));
#5726=DIRECTION('',(0.390729293,-0.920505633,0.));
#5727=VECTOR('',#5726,1.587769302);
#5728=LINE('',#5725,#5727);
#5729=EDGE_CURVE('',#4726,#5686,#5728,.T.);
#5730=ORIENTED_EDGE('',*,*,#5729,.F.);
#5731=ORIENTED_EDGE('',*,*,#4731,.F.);
#5732=CARTESIAN_POINT('',(-39.705760455,-39.336716564,3.937827798));
#5733=DIRECTION('',(0.390729293,-0.920505633,0.));
#5734=VECTOR('',#5733,1.587769302);
#5735=LINE('',#5732,#5734);
#5736=EDGE_CURVE('',#4724,#5688,#5735,.T.);
#5737=ORIENTED_EDGE('',*,*,#5736,.T.);
#5738=ORIENTED_EDGE('',*,*,#5693,.F.);
#5739=EDGE_LOOP('',(#5730,#5731,#5737,#5738));
#5740=FACE_BOUND('',#5739,.T.);
#5741=ADVANCED_FACE('',(#5740),#5724,.F.);
#5742=CARTESIAN_POINT('',(-39.710539347,-39.325458138,3.037827798));
#5743=DIRECTION('',(0.920505633,0.390729293,0.));
#5744=DIRECTION('',(-0.390729293,0.920505633,0.));
#5745=AXIS2_PLACEMENT_3D('',#5742,#5743,#5744);
#5746=PLANE('',#5745);
#5747=ORIENTED_EDGE('',*,*,#5736,.F.);
#5748=ORIENTED_EDGE('',*,*,#4753,.F.);
#5749=CARTESIAN_POINT('',(-39.705760455,-39.336716564,2.137827798));
#5750=DIRECTION('',(0.390729293,-0.920505633,0.));
#5751=VECTOR('',#5750,1.587769302);
#5752=LINE('',#5749,#5751);
#5753=EDGE_CURVE('',#4742,#5696,#5752,.T.);
#5754=ORIENTED_EDGE('',*,*,#5753,.T.);
#5755=ORIENTED_EDGE('',*,*,#5701,.F.);
#5756=EDGE_LOOP('',(#5747,#5748,#5754,#5755));
#5757=FACE_BOUND('',#5756,.T.);
#5758=ADVANCED_FACE('',(#5757),#5746,.F.);
#5759=CARTESIAN_POINT('',(-41.643601176,-40.145989653,2.137827798));
#5760=DIRECTION('',(0.,0.,-1.));
#5761=DIRECTION('',(-1.,0.,0.));
#5762=AXIS2_PLACEMENT_3D('',#5759,#5760,#5761);
#5763=PLANE('',#5762);
#5764=ORIENTED_EDGE('',*,*,#5753,.F.);
#5765=ORIENTED_EDGE('',*,*,#4747,.F.);
#5766=CARTESIAN_POINT('',(-43.571884112,-40.977779595,2.137827798));
#5767=DIRECTION('',(0.390729293,-0.920505633,0.));
#5768=VECTOR('',#5767,1.587769302);
#5769=LINE('',#5766,#5768);
#5770=EDGE_CURVE('',#4734,#5704,#5769,.T.);
#5771=ORIENTED_EDGE('',*,*,#5770,.T.);
#5772=ORIENTED_EDGE('',*,*,#5709,.F.);
#5773=EDGE_LOOP('',(#5764,#5765,#5771,#5772));
#5774=FACE_BOUND('',#5773,.T.);
#5775=ADVANCED_FACE('',(#5774),#5763,.F.);
#5776=CARTESIAN_POINT('',(-43.576663004,-40.966521168,3.037827798));
#5777=DIRECTION('',(-0.920505633,-0.390729293,0.));
#5778=DIRECTION('',(0.390729293,-0.920505633,0.));
#5779=AXIS2_PLACEMENT_3D('',#5776,#5777,#5778);
#5780=PLANE('',#5779);
#5781=ORIENTED_EDGE('',*,*,#4739,.F.);
#5782=ORIENTED_EDGE('',*,*,#5729,.T.);
#5783=ORIENTED_EDGE('',*,*,#5715,.F.);
#5784=ORIENTED_EDGE('',*,*,#5770,.F.);
#5785=EDGE_LOOP('',(#5781,#5782,#5783,#5784));
#5786=FACE_BOUND('',#5785,.T.);
#5787=ADVANCED_FACE('',(#5786),#5780,.F.);
#5788=CARTESIAN_POINT('',(6.639445207,47.886090169,3.872205069));
#5789=DIRECTION('',(0.,1.,0.));
#5790=DIRECTION('',(0.,-0.,1.));
#5791=AXIS2_PLACEMENT_3D('',#5788,#5789,#5790);
#5792=PLANE('',#5791);
#5793=CARTESIAN_POINT('',(12.839445207,47.886090169,4.772205069));
#5794=VERTEX_POINT('',#5793);
#5795=CARTESIAN_POINT('',(4.839445207,47.886090169,4.772205069));
#5796=VERTEX_POINT('',#5795);
#5797=CARTESIAN_POINT('',(12.839445207,47.886090169,4.772205069));
#5798=DIRECTION('',(-1.,0.,0.));
#5799=VECTOR('',#5798,8.);
#5800=LINE('',#5797,#5799);
#5801=EDGE_CURVE('',#5794,#5796,#5800,.T.);
#5802=ORIENTED_EDGE('',*,*,#5801,.T.);
#5803=CARTESIAN_POINT('',(4.839445207,47.886090169,2.972205069));
#5804=VERTEX_POINT('',#5803);
#5805=CARTESIAN_POINT('',(4.839445207,47.886090169,4.772205069));
#5806=DIRECTION('',(0.,0.,-1.));
#5807=VECTOR('',#5806,1.8);
#5808=LINE('',#5805,#5807);
#5809=EDGE_CURVE('',#5796,#5804,#5808,.T.);
#5810=ORIENTED_EDGE('',*,*,#5809,.T.);
#5811=CARTESIAN_POINT('',(12.839445207,47.886090169,2.972205069));
#5812=VERTEX_POINT('',#5811);
#5813=CARTESIAN_POINT('',(4.839445207,47.886090169,2.972205069));
#5814=DIRECTION('',(1.,0.,-0.));
#5815=VECTOR('',#5814,8.);
#5816=LINE('',#5813,#5815);
#5817=EDGE_CURVE('',#5804,#5812,#5816,.T.);
#5818=ORIENTED_EDGE('',*,*,#5817,.T.);
#5819=CARTESIAN_POINT('',(12.839445207,47.886090169,2.972205069));
#5820=DIRECTION('',(0.,-0.,1.));
#5821=VECTOR('',#5820,1.8);
#5822=LINE('',#5819,#5821);
#5823=EDGE_CURVE('',#5812,#5794,#5822,.T.);
#5824=ORIENTED_EDGE('',*,*,#5823,.T.);
#5825=EDGE_LOOP('',(#5802,#5810,#5818,#5824));
#5826=FACE_BOUND('',#5825,.T.);
#5827=ADVANCED_FACE('',(#5826),#5792,.F.);
#5828=CARTESIAN_POINT('',(6.639445207,46.783718801,4.772205069));
#5829=DIRECTION('',(0.,-0.,1.));
#5830=DIRECTION('',(0.,-1.,-0.));
#5831=AXIS2_PLACEMENT_3D('',#5828,#5829,#5830);
#5832=PLANE('',#5831);
#5833=CARTESIAN_POINT('',(12.839445207,46.783718801,4.772205069));
#5834=DIRECTION('',(0.,1.,0.));
#5835=VECTOR('',#5834,1.102371368);
#5836=LINE('',#5833,#5835);
#5837=EDGE_CURVE('',#4580,#5794,#5836,.T.);
#5838=ORIENTED_EDGE('',*,*,#5837,.F.);
#5839=ORIENTED_EDGE('',*,*,#4585,.F.);
#5840=CARTESIAN_POINT('',(4.839445207,46.783718801,4.772205069));
#5841=DIRECTION('',(0.,1.,0.));
#5842=VECTOR('',#5841,1.102371368);
#5843=LINE('',#5840,#5842);
#5844=EDGE_CURVE('',#4578,#5796,#5843,.T.);
#5845=ORIENTED_EDGE('',*,*,#5844,.T.);
#5846=ORIENTED_EDGE('',*,*,#5801,.F.);
#5847=EDGE_LOOP('',(#5838,#5839,#5845,#5846));
#5848=FACE_BOUND('',#5847,.T.);
#5849=ADVANCED_FACE('',(#5848),#5832,.F.);
#5850=CARTESIAN_POINT('',(4.839445207,46.783718801,3.872205069));
#5851=DIRECTION('',(-1.,0.,0.));
#5852=DIRECTION('',(0.,0.,1.));
#5853=AXIS2_PLACEMENT_3D('',#5850,#5851,#5852);
#5854=PLANE('',#5853);
#5855=ORIENTED_EDGE('',*,*,#5844,.F.);
#5856=ORIENTED_EDGE('',*,*,#4607,.F.);
#5857=CARTESIAN_POINT('',(4.839445207,46.783718801,2.972205069));
#5858=DIRECTION('',(0.,1.,0.));
#5859=VECTOR('',#5858,1.102371368);
#5860=LINE('',#5857,#5859);
#5861=EDGE_CURVE('',#4596,#5804,#5860,.T.);
#5862=ORIENTED_EDGE('',*,*,#5861,.T.);
#5863=ORIENTED_EDGE('',*,*,#5809,.F.);
#5864=EDGE_LOOP('',(#5855,#5856,#5862,#5863));
#5865=FACE_BOUND('',#5864,.T.);
#5866=ADVANCED_FACE('',(#5865),#5854,.F.);
#5867=CARTESIAN_POINT('',(6.639445207,46.783718801,2.972205069));
#5868=DIRECTION('',(0.,0.,-1.));
#5869=DIRECTION('',(0.,1.,0.));
#5870=AXIS2_PLACEMENT_3D('',#5867,#5868,#5869);
#5871=PLANE('',#5870);
#5872=ORIENTED_EDGE('',*,*,#5861,.F.);
#5873=ORIENTED_EDGE('',*,*,#4601,.F.);
#5874=CARTESIAN_POINT('',(12.839445207,46.783718801,2.972205069));
#5875=DIRECTION('',(0.,1.,0.));
#5876=VECTOR('',#5875,1.102371368);
#5877=LINE('',#5874,#5876);
#5878=EDGE_CURVE('',#4588,#5812,#5877,.T.);
#5879=ORIENTED_EDGE('',*,*,#5878,.T.);
#5880=ORIENTED_EDGE('',*,*,#5817,.F.);
#5881=EDGE_LOOP('',(#5872,#5873,#5879,#5880));
#5882=FACE_BOUND('',#5881,.T.);
#5883=ADVANCED_FACE('',(#5882),#5871,.F.);
#5884=CARTESIAN_POINT('',(12.839445207,46.783718801,3.872205069));
#5885=DIRECTION('',(1.,0.,0.));
#5886=DIRECTION('',(0.,0.,-1.));
#5887=AXIS2_PLACEMENT_3D('',#5884,#5885,#5886);
#5888=PLANE('',#5887);
#5889=ORIENTED_EDGE('',*,*,#4593,.F.);
#5890=ORIENTED_EDGE('',*,*,#5837,.T.);
#5891=ORIENTED_EDGE('',*,*,#5823,.F.);
#5892=ORIENTED_EDGE('',*,*,#5878,.F.);
#5893=EDGE_LOOP('',(#5889,#5890,#5891,#5892));
#5894=FACE_BOUND('',#5893,.T.);
#5895=ADVANCED_FACE('',(#5894),#5888,.F.);
#5896=CARTESIAN_POINT('',(8.739244691,47.083718801,7.000000024));
#5897=DIRECTION('',(0.,0.,1.));
#5898=DIRECTION('',(1.,0.,0.));
#5899=AXIS2_PLACEMENT_3D('',#5896,#5897,#5898);
#5900=PLANE('',#5899);
#5901=ORIENTED_EDGE('',*,*,#1838,.T.);
#5902=ORIENTED_EDGE('',*,*,#1357,.T.);
#5903=ORIENTED_EDGE('',*,*,#1873,.F.);
#5904=ORIENTED_EDGE('',*,*,#1461,.T.);
#5905=EDGE_LOOP('',(#5901,#5902,#5903,#5904));
#5906=FACE_BOUND('',#5905,.T.);
#5907=ADVANCED_FACE('',(#5906),#5900,.T.);
#5908=CARTESIAN_POINT('',(51.371327168,40.508718801,7.000000024));
#5909=DIRECTION('',(0.,0.,1.));
#5910=DIRECTION('',(1.,0.,0.));
#5911=AXIS2_PLACEMENT_3D('',#5908,#5909,#5910);
#5912=PLANE('',#5911);
#5913=ORIENTED_EDGE('',*,*,#1820,.T.);
#5914=ORIENTED_EDGE('',*,*,#1205,.T.);
#5915=ORIENTED_EDGE('',*,*,#1855,.F.);
#5916=ORIENTED_EDGE('',*,*,#1309,.T.);
#5917=EDGE_LOOP('',(#5913,#5914,#5915,#5916));
#5918=FACE_BOUND('',#5917,.T.);
#5919=ADVANCED_FACE('',(#5918),#5912,.T.);
#5920=CARTESIAN_POINT('',(-25.466290736,42.633718801,6.502325055));
#5921=DIRECTION('',(0.,0.,1.));
#5922=DIRECTION('',(1.,0.,0.));
#5923=AXIS2_PLACEMENT_3D('',#5920,#5921,#5922);
#5924=PLANE('',#5923);
#5925=ORIENTED_EDGE('',*,*,#1802,.T.);
#5926=ORIENTED_EDGE('',*,*,#1569,.T.);
#5927=ORIENTED_EDGE('',*,*,#1891,.F.);
#5928=ORIENTED_EDGE('',*,*,#1693,.T.);
#5929=EDGE_LOOP('',(#5925,#5926,#5927,#5928));
#5930=FACE_BOUND('',#5929,.T.);
#5931=ADVANCED_FACE('',(#5930),#5924,.T.);
#5932=CARTESIAN_POINT('',(-57.355721915,42.633718801,6.496439155));
#5933=DIRECTION('',(0.,0.,1.));
#5934=DIRECTION('',(1.,0.,0.));
#5935=AXIS2_PLACEMENT_3D('',#5932,#5933,#5934);
#5936=PLANE('',#5935);
#5937=ORIENTED_EDGE('',*,*,#1785,.T.);
#5938=ORIENTED_EDGE('',*,*,#1501,.T.);
#5939=ORIENTED_EDGE('',*,*,#1908,.F.);
#5940=ORIENTED_EDGE('',*,*,#1631,.T.);
#5941=EDGE_LOOP('',(#5937,#5938,#5939,#5940));
#5942=FACE_BOUND('',#5941,.T.);
#5943=ADVANCED_FACE('',(#5942),#5936,.T.);
#5944=CARTESIAN_POINT('',(61.946318918,-32.891282725,7.001568379));
#5945=DIRECTION('',(0.,0.,1.));
#5946=DIRECTION('',(1.,0.,0.));
#5947=AXIS2_PLACEMENT_3D('',#5944,#5945,#5946);
#5948=PLANE('',#5947);
#5949=ORIENTED_EDGE('',*,*,#1768,.T.);
#5950=ORIENTED_EDGE('',*,*,#632,.T.);
#5951=ORIENTED_EDGE('',*,*,#1960,.F.);
#5952=ORIENTED_EDGE('',*,*,#735,.T.);
#5953=EDGE_LOOP('',(#5949,#5950,#5951,#5952));
#5954=FACE_BOUND('',#5953,.T.);
#5955=ADVANCED_FACE('',(#5954),#5948,.T.);
#5956=CARTESIAN_POINT('',(25.359438235,-28.641282725,7.001448578));
#5957=DIRECTION('',(0.,0.,1.));
#5958=DIRECTION('',(1.,0.,0.));
#5959=AXIS2_PLACEMENT_3D('',#5956,#5957,#5958);
#5960=PLANE('',#5959);
#5961=ORIENTED_EDGE('',*,*,#1750,.T.);
#5962=ORIENTED_EDGE('',*,*,#775,.T.);
#5963=ORIENTED_EDGE('',*,*,#4184,.F.);
#5964=ORIENTED_EDGE('',*,*,#871,.T.);
#5965=EDGE_LOOP('',(#5961,#5962,#5963,#5964));
#5966=FACE_BOUND('',#5965,.T.);
#5967=ADVANCED_FACE('',(#5966),#5960,.T.);
#5968=CARTESIAN_POINT('',(-8.684175587,-33.126283336,7.000000024));
#5969=DIRECTION('',(0.,0.,1.));
#5970=DIRECTION('',(1.,0.,0.));
#5971=AXIS2_PLACEMENT_3D('',#5968,#5969,#5970);
#5972=PLANE('',#5971);
#5973=ORIENTED_EDGE('',*,*,#1733,.T.);
#5974=ORIENTED_EDGE('',*,*,#911,.T.);
#5975=ORIENTED_EDGE('',*,*,#1943,.F.);
#5976=ORIENTED_EDGE('',*,*,#1007,.T.);
#5977=EDGE_LOOP('',(#5973,#5974,#5975,#5976));
#5978=FACE_BOUND('',#5977,.T.);
#5979=ADVANCED_FACE('',(#5978),#5972,.T.);
#5980=CARTESIAN_POINT('',(-41.345871483,-40.141534478,7.000043086));
#5981=DIRECTION('',(-0.,0.,1.));
#5982=DIRECTION('',(0.,-1.,0.));
#5983=AXIS2_PLACEMENT_3D('',#5980,#5981,#5982);
#5984=PLANE('',#5983);
#5985=ORIENTED_EDGE('',*,*,#1716,.T.);
#5986=ORIENTED_EDGE('',*,*,#1054,.T.);
#5987=ORIENTED_EDGE('',*,*,#1925,.F.);
#5988=ORIENTED_EDGE('',*,*,#1157,.T.);
#5989=EDGE_LOOP('',(#5985,#5986,#5987,#5988));
#5990=FACE_BOUND('',#5989,.T.);
#5991=ADVANCED_FACE('',(#5990),#5984,.T.);
#5992=CARTESIAN_POINT('',(-10.784175587,-31.426283336,11.700000048));
#5993=DIRECTION('',(0.,0.707106781,0.707106781));
#5994=DIRECTION('',(-1.,-0.,0.));
#5995=AXIS2_PLACEMENT_3D('',#5992,#5993,#5994);
#5996=PLANE('',#5995);
#5997=ORIENTED_EDGE('',*,*,#937,.F.);
#5998=CARTESIAN_POINT('',(-16.71878011,-31.426283336,11.700000048));
#5999=DIRECTION('',(0.073682391,-0.705184694,0.705184694));
#6000=VECTOR('',#5999,1.418068215);
#6001=LINE('',#5998,#6000);
#6002=EDGE_CURVE('',#922,#123,#6001,.T.);
#6003=ORIENTED_EDGE('',*,*,#6002,.T.);
#6004=ORIENTED_EDGE('',*,*,#362,.F.);
#6005=CARTESIAN_POINT('',(15.410243956,-31.426283336,11.700000048));
#6006=DIRECTION('',(0.,-0.707106781,0.707106781));
#6007=VECTOR('',#6006,1.414213562);
#6008=LINE('',#6005,#6007);
#6009=EDGE_CURVE('',#932,#350,#6008,.T.);
#6010=ORIENTED_EDGE('',*,*,#6009,.F.);
#6011=EDGE_LOOP('',(#5997,#6003,#6004,#6010));
#6012=FACE_BOUND('',#6011,.T.);
#6013=ADVANCED_FACE('',(#6012),#5996,.T.);
#6014=CARTESIAN_POINT('',(15.410243956,-30.426283336,11.700000048));
#6015=DIRECTION('',(0.,0.,1.));
#6016=DIRECTION('',(1.,0.,-0.));
#6017=AXIS2_PLACEMENT_3D('',#6014,#6015,#6016);
#6018=CONICAL_SURFACE('',#6017,1.,45.);
#6019=ORIENTED_EDGE('',*,*,#6009,.T.);
#6020=ORIENTED_EDGE('',*,*,#356,.F.);
#6021=CARTESIAN_POINT('',(16.410243956,-30.426283336,11.700000048));
#6022=DIRECTION('',(0.707106781,0.,0.707106781));
#6023=VECTOR('',#6022,1.414213562);
#6024=LINE('',#6021,#6023);
#6025=EDGE_CURVE('',#4011,#342,#6024,.T.);
#6026=ORIENTED_EDGE('',*,*,#6025,.F.);
#6027=ORIENTED_EDGE('',*,*,#4058,.F.);
#6028=EDGE_LOOP('',(#6019,#6020,#6026,#6027));
#6029=FACE_BOUND('',#6028,.T.);
#6030=ADVANCED_FACE('',(#6029),#6018,.F.);
#6031=CARTESIAN_POINT('',(17.410243956,41.783718801,12.700000048));
#6032=DIRECTION('',(-0.707106781,0.,0.707106781));
#6033=DIRECTION('',(0.,1.,-0.));
#6034=AXIS2_PLACEMENT_3D('',#6031,#6032,#6033);
#6035=PLANE('',#6034);
#6036=CARTESIAN_POINT('',(16.410243956,-27.941282725,11.700000048));
#6037=DIRECTION('',(0.707106781,0.,0.707106781));
#6038=VECTOR('',#6037,1.414213562);
#6039=LINE('',#6036,#6038);
#6040=EDGE_CURVE('',#3737,#334,#6039,.T.);
#6041=ORIENTED_EDGE('',*,*,#6040,.F.);
#6042=ORIENTED_EDGE('',*,*,#4022,.F.);
#6043=ORIENTED_EDGE('',*,*,#6025,.T.);
#6044=ORIENTED_EDGE('',*,*,#347,.F.);
#6045=EDGE_LOOP('',(#6041,#6042,#6043,#6044));
#6046=FACE_BOUND('',#6045,.T.);
#6047=ADVANCED_FACE('',(#6046),#6035,.T.);
#6048=CARTESIAN_POINT('',(17.410243956,-27.941282725,11.700000048));
#6049=DIRECTION('',(-0.,-0.,-1.));
#6050=DIRECTION('',(0.,1.,-0.));
#6051=AXIS2_PLACEMENT_3D('',#6048,#6049,#6050);
#6052=CONICAL_SURFACE('',#6051,1.,45.);
#6053=ORIENTED_EDGE('',*,*,#3749,.F.);
#6054=ORIENTED_EDGE('',*,*,#6040,.T.);
#6055=CARTESIAN_POINT('',(17.410243956,-26.941282725,11.700000048));
#6056=DIRECTION('',(0.,-0.707106781,0.707106781));
#6057=VECTOR('',#6056,1.414213562);
#6058=LINE('',#6055,#6057);
#6059=EDGE_CURVE('',#788,#334,#6058,.T.);
#6060=ORIENTED_EDGE('',*,*,#6059,.F.);
#6061=EDGE_LOOP('',(#6053,#6054,#6060));
#6062=FACE_BOUND('',#6061,.T.);
#6063=ADVANCED_FACE('',(#6062),#6052,.T.);
#6064=CARTESIAN_POINT('',(-65.93975757,41.783718801,12.700000048));
#6065=DIRECTION('',(0.707106781,-0.,0.707106781));
#6066=DIRECTION('',(-0.,-1.,0.));
#6067=AXIS2_PLACEMENT_3D('',#6064,#6065,#6066);
#6068=PLANE('',#6067);
#6069=ORIENTED_EDGE('',*,*,#163,.F.);
#6070=CARTESIAN_POINT('',(-65.93975757,-21.451571275,12.700000048));
#6071=DIRECTION('',(0.699901291,0.142395108,-0.699901291));
#6072=VECTOR('',#6071,1.428772905);
#6073=LINE('',#6070,#6072);
#6074=EDGE_CURVE('',#150,#2482,#6073,.T.);
#6075=ORIENTED_EDGE('',*,*,#6074,.T.);
#6076=ORIENTED_EDGE('',*,*,#2487,.F.);
#6077=CARTESIAN_POINT('',(-65.93975757,39.933718801,12.700000048));
#6078=DIRECTION('',(0.707106781,0.,-0.707106781));
#6079=VECTOR('',#6078,1.414213562);
#6080=LINE('',#6077,#6079);
#6081=EDGE_CURVE('',#158,#2474,#6080,.T.);
#6082=ORIENTED_EDGE('',*,*,#6081,.F.);
#6083=EDGE_LOOP('',(#6069,#6075,#6076,#6082));
#6084=FACE_BOUND('',#6083,.T.);
#6085=ADVANCED_FACE('',(#6084),#6068,.T.);
#6086=CARTESIAN_POINT('',(23.259438235,-26.941282725,11.700000048));
#6087=DIRECTION('',(0.,0.707106781,0.707106781));
#6088=DIRECTION('',(-1.,0.,0.));
#6089=AXIS2_PLACEMENT_3D('',#6086,#6087,#6088);
#6090=PLANE('',#6089);
#6091=ORIENTED_EDGE('',*,*,#6059,.T.);
#6092=ORIENTED_EDGE('',*,*,#339,.F.);
#6093=CARTESIAN_POINT('',(31.810244338,-26.941282725,11.700000048));
#6094=DIRECTION('',(0.,-0.707106781,0.707106781));
#6095=VECTOR('',#6094,1.414213562);
#6096=LINE('',#6093,#6095);
#6097=EDGE_CURVE('',#796,#326,#6096,.T.);
#6098=ORIENTED_EDGE('',*,*,#6097,.F.);
#6099=ORIENTED_EDGE('',*,*,#801,.F.);
#6100=EDGE_LOOP('',(#6091,#6092,#6098,#6099));
#6101=FACE_BOUND('',#6100,.T.);
#6102=ADVANCED_FACE('',(#6101),#6090,.T.);
#6103=CARTESIAN_POINT('',(-63.93975757,39.933718801,11.700000048));
#6104=DIRECTION('',(0.,0.,1.));
#6105=DIRECTION('',(1.,0.,-0.));
#6106=AXIS2_PLACEMENT_3D('',#6103,#6104,#6105);
#6107=CONICAL_SURFACE('',#6106,1.,45.);
#6108=ORIENTED_EDGE('',*,*,#6081,.T.);
#6109=ORIENTED_EDGE('',*,*,#3046,.F.);
#6110=CARTESIAN_POINT('',(-63.93975757,41.933718801,12.700000048));
#6111=DIRECTION('',(0.,-0.707106781,-0.707106781));
#6112=VECTOR('',#6111,1.414213562);
#6113=LINE('',#6110,#6112);
#6114=EDGE_CURVE('',#166,#1522,#6113,.T.);
#6115=ORIENTED_EDGE('',*,*,#6114,.F.);
#6116=ORIENTED_EDGE('',*,*,#172,.F.);
#6117=EDGE_LOOP('',(#6108,#6109,#6115,#6116));
#6118=FACE_BOUND('',#6117,.T.);
#6119=ADVANCED_FACE('',(#6118),#6107,.F.);
#6120=CARTESIAN_POINT('',(31.810244338,-27.941282725,11.700000048));
#6121=DIRECTION('',(-0.,-0.,-1.));
#6122=DIRECTION('',(0.,1.,-0.));
#6123=AXIS2_PLACEMENT_3D('',#6120,#6121,#6122);
#6124=CONICAL_SURFACE('',#6123,1.,45.);
#6125=ORIENTED_EDGE('',*,*,#3719,.F.);
#6126=ORIENTED_EDGE('',*,*,#6097,.T.);
#6127=CARTESIAN_POINT('',(32.810244338,-27.941282725,11.700000048));
#6128=DIRECTION('',(-0.707106781,0.,0.707106781));
#6129=VECTOR('',#6128,1.414213562);
#6130=LINE('',#6127,#6129);
#6131=EDGE_CURVE('',#3713,#326,#6130,.T.);
#6132=ORIENTED_EDGE('',*,*,#6131,.F.);
#6133=EDGE_LOOP('',(#6125,#6126,#6132));
#6134=FACE_BOUND('',#6133,.T.);
#6135=ADVANCED_FACE('',(#6134),#6124,.T.);
#6136=CARTESIAN_POINT('',(-55.255721915,40.933718801,11.700000048));
#6137=DIRECTION('',(0.,-0.707106781,0.707106781));
#6138=DIRECTION('',(1.,-0.,-0.));
#6139=AXIS2_PLACEMENT_3D('',#6136,#6137,#6138);
#6140=PLANE('',#6139);
#6141=ORIENTED_EDGE('',*,*,#6114,.T.);
#6142=ORIENTED_EDGE('',*,*,#1527,.F.);
#6143=CARTESIAN_POINT('',(-19.189755662,41.933718801,12.700000048));
#6144=DIRECTION('',(0.,-0.707106781,-0.707106781));
#6145=VECTOR('',#6144,1.414213562);
#6146=LINE('',#6143,#6145);
#6147=EDGE_CURVE('',#175,#1514,#6146,.T.);
#6148=ORIENTED_EDGE('',*,*,#6147,.F.);
#6149=ORIENTED_EDGE('',*,*,#180,.F.);
#6150=EDGE_LOOP('',(#6141,#6142,#6148,#6149));
#6151=FACE_BOUND('',#6150,.T.);
#6152=ADVANCED_FACE('',(#6151),#6140,.T.);
#6153=CARTESIAN_POINT('',(31.810244338,41.783718801,12.700000048));
#6154=DIRECTION('',(0.707106781,-0.,0.707106781));
#6155=DIRECTION('',(-0.,-1.,0.));
#6156=AXIS2_PLACEMENT_3D('',#6153,#6154,#6155);
#6157=PLANE('',#6156);
#6158=ORIENTED_EDGE('',*,*,#6131,.T.);
#6159=ORIENTED_EDGE('',*,*,#331,.F.);
#6160=CARTESIAN_POINT('',(32.810244338,-30.191282725,11.700000048));
#6161=DIRECTION('',(-0.707106781,0.,0.707106781));
#6162=VECTOR('',#6161,1.414213562);
#6163=LINE('',#6160,#6162);
#6164=EDGE_CURVE('',#3844,#317,#6163,.T.);
#6165=ORIENTED_EDGE('',*,*,#6164,.F.);
#6166=ORIENTED_EDGE('',*,*,#3849,.F.);
#6167=EDGE_LOOP('',(#6158,#6159,#6165,#6166));
#6168=FACE_BOUND('',#6167,.T.);
#6169=ADVANCED_FACE('',(#6168),#6157,.T.);
#6170=CARTESIAN_POINT('',(-19.189755662,41.933718801,11.700000048));
#6171=DIRECTION('',(-0.,-0.,-1.));
#6172=DIRECTION('',(0.,1.,-0.));
#6173=AXIS2_PLACEMENT_3D('',#6170,#6171,#6172);
#6174=CONICAL_SURFACE('',#6173,1.,45.);
#6175=ORIENTED_EDGE('',*,*,#6147,.T.);
#6176=ORIENTED_EDGE('',*,*,#3103,.F.);
#6177=CARTESIAN_POINT('',(-19.189755662,41.933718801,12.700000048));
#6178=DIRECTION('',(0.707106781,0.,-0.707106781));
#6179=VECTOR('',#6178,1.414213562);
#6180=LINE('',#6177,#6179);
#6181=EDGE_CURVE('',#175,#3091,#6180,.T.);
#6182=ORIENTED_EDGE('',*,*,#6181,.F.);
#6183=EDGE_LOOP('',(#6175,#6176,#6182));
#6184=FACE_BOUND('',#6183,.T.);
#6185=ADVANCED_FACE('',(#6184),#6174,.T.);
#6186=CARTESIAN_POINT('',(33.810244338,-30.191282725,11.700000048));
#6187=DIRECTION('',(0.,0.,1.));
#6188=DIRECTION('',(1.,0.,-0.));
#6189=AXIS2_PLACEMENT_3D('',#6186,#6187,#6188);
#6190=CONICAL_SURFACE('',#6189,1.,45.);
#6191=ORIENTED_EDGE('',*,*,#6164,.T.);
#6192=ORIENTED_EDGE('',*,*,#323,.F.);
#6193=CARTESIAN_POINT('',(33.810244338,-31.191282725,11.700000048));
#6194=DIRECTION('',(0.,-0.707106781,0.707106781));
#6195=VECTOR('',#6194,1.414213562);
#6196=LINE('',#6193,#6195);
#6197=EDGE_CURVE('',#652,#309,#6196,.T.);
#6198=ORIENTED_EDGE('',*,*,#6197,.F.);
#6199=ORIENTED_EDGE('',*,*,#4040,.F.);
#6200=EDGE_LOOP('',(#6191,#6192,#6198,#6199));
#6201=FACE_BOUND('',#6200,.T.);
#6202=ADVANCED_FACE('',(#6201),#6190,.F.);
#6203=CARTESIAN_POINT('',(-19.189755662,41.783718801,12.700000048));
#6204=DIRECTION('',(0.707106781,-0.,0.707106781));
#6205=DIRECTION('',(-0.,-1.,0.));
#6206=AXIS2_PLACEMENT_3D('',#6203,#6204,#6205);
#6207=PLANE('',#6206);
#6208=ORIENTED_EDGE('',*,*,#6181,.T.);
#6209=ORIENTED_EDGE('',*,*,#3950,.F.);
#6210=CARTESIAN_POINT('',(-19.189755662,42.058718801,12.700000048));
#6211=DIRECTION('',(0.707106781,0.,-0.707106781));
#6212=VECTOR('',#6211,1.414213562);
#6213=LINE('',#6210,#6212);
#6214=EDGE_CURVE('',#183,#3939,#6213,.T.);
#6215=ORIENTED_EDGE('',*,*,#6214,.F.);
#6216=ORIENTED_EDGE('',*,*,#188,.F.);
#6217=EDGE_LOOP('',(#6208,#6209,#6215,#6216));
#6218=FACE_BOUND('',#6217,.T.);
#6219=ADVANCED_FACE('',(#6218),#6207,.T.);
#6220=CARTESIAN_POINT('',(59.846318918,-31.191282725,11.700000048));
#6221=DIRECTION('',(0.,0.707106781,0.707106781));
#6222=DIRECTION('',(-1.,-0.,0.));
#6223=AXIS2_PLACEMENT_3D('',#6220,#6221,#6222);
#6224=PLANE('',#6223);
#6225=ORIENTED_EDGE('',*,*,#6197,.T.);
#6226=ORIENTED_EDGE('',*,*,#314,.F.);
#6227=CARTESIAN_POINT('',(67.810243956,-31.191282725,11.700000048));
#6228=DIRECTION('',(0.,-0.707106781,0.707106781));
#6229=VECTOR('',#6228,1.414213562);
#6230=LINE('',#6227,#6229);
#6231=EDGE_CURVE('',#660,#300,#6230,.T.);
#6232=ORIENTED_EDGE('',*,*,#6231,.F.);
#6233=ORIENTED_EDGE('',*,*,#665,.F.);
#6234=EDGE_LOOP('',(#6225,#6226,#6232,#6233));
#6235=FACE_BOUND('',#6234,.T.);
#6236=ADVANCED_FACE('',(#6235),#6224,.T.);
#6237=CARTESIAN_POINT('',(-17.189755662,42.058718801,11.700000048));
#6238=DIRECTION('',(0.,0.,1.));
#6239=DIRECTION('',(1.,0.,-0.));
#6240=AXIS2_PLACEMENT_3D('',#6237,#6238,#6239);
#6241=CONICAL_SURFACE('',#6240,1.,45.);
#6242=ORIENTED_EDGE('',*,*,#6214,.T.);
#6243=ORIENTED_EDGE('',*,*,#4166,.F.);
#6244=CARTESIAN_POINT('',(-17.189755662,44.058718801,12.700000048));
#6245=DIRECTION('',(0.,-0.707106781,-0.707106781));
#6246=VECTOR('',#6245,1.414213562);
#6247=LINE('',#6244,#6246);
#6248=EDGE_CURVE('',#191,#3964,#6247,.T.);
#6249=ORIENTED_EDGE('',*,*,#6248,.F.);
#6250=ORIENTED_EDGE('',*,*,#197,.F.);
#6251=EDGE_LOOP('',(#6242,#6243,#6249,#6250));
#6252=FACE_BOUND('',#6251,.T.);
#6253=ADVANCED_FACE('',(#6252),#6241,.F.);
#6254=CARTESIAN_POINT('',(67.810243956,-30.191282725,11.700000048));
#6255=DIRECTION('',(0.,0.,1.));
#6256=DIRECTION('',(1.,0.,-0.));
#6257=AXIS2_PLACEMENT_3D('',#6254,#6255,#6256);
#6258=CONICAL_SURFACE('',#6257,1.,45.);
#6259=ORIENTED_EDGE('',*,*,#6231,.T.);
#6260=ORIENTED_EDGE('',*,*,#306,.F.);
#6261=CARTESIAN_POINT('',(68.810243956,-30.191282725,11.700000048));
#6262=DIRECTION('',(0.707106781,0.,0.707106781));
#6263=VECTOR('',#6262,1.414213562);
#6264=LINE('',#6261,#6263);
#6265=EDGE_CURVE('',#2993,#292,#6264,.T.);
#6266=ORIENTED_EDGE('',*,*,#6265,.F.);
#6267=ORIENTED_EDGE('',*,*,#2999,.F.);
#6268=EDGE_LOOP('',(#6259,#6260,#6266,#6267));
#6269=FACE_BOUND('',#6268,.T.);
#6270=ADVANCED_FACE('',(#6269),#6258,.F.);
#6271=CARTESIAN_POINT('',(-25.466290736,44.058718801,12.700000048));
#6272=DIRECTION('',(-0.,-0.707106781,0.707106781));
#6273=DIRECTION('',(-1.,0.,0.));
#6274=AXIS2_PLACEMENT_3D('',#6271,#6272,#6273);
#6275=PLANE('',#6274);
#6276=ORIENTED_EDGE('',*,*,#6248,.T.);
#6277=ORIENTED_EDGE('',*,*,#3969,.F.);
#6278=CARTESIAN_POINT('',(-2.189756139,44.058718801,12.700000048));
#6279=DIRECTION('',(0.,-0.707106781,-0.707106781));
#6280=VECTOR('',#6279,1.414213562);
#6281=LINE('',#6278,#6280);
#6282=EDGE_CURVE('',#200,#3795,#6281,.T.);
#6283=ORIENTED_EDGE('',*,*,#6282,.F.);
#6284=ORIENTED_EDGE('',*,*,#205,.F.);
#6285=EDGE_LOOP('',(#6276,#6277,#6283,#6284));
#6286=FACE_BOUND('',#6285,.T.);
#6287=ADVANCED_FACE('',(#6286),#6275,.T.);
#6288=CARTESIAN_POINT('',(69.810243956,41.783718801,12.700000048));
#6289=DIRECTION('',(-0.707106781,0.,0.707106781));
#6290=DIRECTION('',(0.,1.,-0.));
#6291=AXIS2_PLACEMENT_3D('',#6288,#6289,#6290);
#6292=PLANE('',#6291);
#6293=ORIENTED_EDGE('',*,*,#6265,.T.);
#6294=ORIENTED_EDGE('',*,*,#297,.F.);
#6295=CARTESIAN_POINT('',(68.810243956,37.808718801,11.700000048));
#6296=DIRECTION('',(0.707106781,0.,0.707106781));
#6297=VECTOR('',#6296,1.414213562);
#6298=LINE('',#6295,#6297);
#6299=EDGE_CURVE('',#3988,#283,#6298,.T.);
#6300=ORIENTED_EDGE('',*,*,#6299,.F.);
#6301=ORIENTED_EDGE('',*,*,#3993,.F.);
#6302=EDGE_LOOP('',(#6293,#6294,#6300,#6301));
#6303=FACE_BOUND('',#6302,.T.);
#6304=ADVANCED_FACE('',(#6303),#6292,.T.);
#6305=CARTESIAN_POINT('',(-2.189756139,44.058718801,11.700000048));
#6306=DIRECTION('',(-0.,-0.,-1.));
#6307=DIRECTION('',(0.,1.,-0.));
#6308=AXIS2_PLACEMENT_3D('',#6305,#6306,#6307);
#6309=CONICAL_SURFACE('',#6308,1.,45.);
#6310=ORIENTED_EDGE('',*,*,#6282,.T.);
#6311=ORIENTED_EDGE('',*,*,#3801,.F.);
#6312=CARTESIAN_POINT('',(-2.189756139,44.058718801,12.700000048));
#6313=DIRECTION('',(0.707106781,0.,-0.707106781));
#6314=VECTOR('',#6313,1.414213562);
#6315=LINE('',#6312,#6314);
#6316=EDGE_CURVE('',#200,#3787,#6315,.T.);
#6317=ORIENTED_EDGE('',*,*,#6316,.F.);
#6318=EDGE_LOOP('',(#6310,#6311,#6317));
#6319=FACE_BOUND('',#6318,.T.);
#6320=ADVANCED_FACE('',(#6319),#6309,.T.);
#6321=CARTESIAN_POINT('',(67.810243956,37.808718801,11.700000048));
#6322=DIRECTION('',(0.,0.,1.));
#6323=DIRECTION('',(1.,0.,-0.));
#6324=AXIS2_PLACEMENT_3D('',#6321,#6322,#6323);
#6325=CONICAL_SURFACE('',#6324,1.,45.);
#6326=ORIENTED_EDGE('',*,*,#6299,.T.);
#6327=ORIENTED_EDGE('',*,*,#289,.F.);
#6328=CARTESIAN_POINT('',(67.810243956,38.808718801,11.700000048));
#6329=DIRECTION('',(0.,0.707106781,0.707106781));
#6330=VECTOR('',#6329,1.414213562);
#6331=LINE('',#6328,#6330);
#6332=EDGE_CURVE('',#1226,#275,#6331,.T.);
#6333=ORIENTED_EDGE('',*,*,#6332,.F.);
#6334=ORIENTED_EDGE('',*,*,#4076,.F.);
#6335=EDGE_LOOP('',(#6326,#6327,#6333,#6334));
#6336=FACE_BOUND('',#6335,.T.);
#6337=ADVANCED_FACE('',(#6336),#6325,.F.);
#6338=CARTESIAN_POINT('',(-2.189756139,41.783718801,12.700000048));
#6339=DIRECTION('',(0.707106781,-0.,0.707106781));
#6340=DIRECTION('',(-0.,-1.,0.));
#6341=AXIS2_PLACEMENT_3D('',#6338,#6339,#6340);
#6342=PLANE('',#6341);
#6343=ORIENTED_EDGE('',*,*,#6316,.T.);
#6344=ORIENTED_EDGE('',*,*,#3926,.F.);
#6345=CARTESIAN_POINT('',(-2.189756139,44.183718801,12.700000048));
#6346=DIRECTION('',(0.707106781,0.,-0.707106781));
#6347=VECTOR('',#6346,1.414213562);
#6348=LINE('',#6345,#6347);
#6349=EDGE_CURVE('',#208,#3915,#6348,.T.);
#6350=ORIENTED_EDGE('',*,*,#6349,.F.);
#6351=ORIENTED_EDGE('',*,*,#213,.F.);
#6352=EDGE_LOOP('',(#6343,#6344,#6350,#6351));
#6353=FACE_BOUND('',#6352,.T.);
#6354=ADVANCED_FACE('',(#6353),#6342,.T.);
#6355=CARTESIAN_POINT('',(53.471327168,38.808718801,11.700000048));
#6356=DIRECTION('',(0.,-0.707106781,0.707106781));
#6357=DIRECTION('',(1.,-0.,-0.));
#6358=AXIS2_PLACEMENT_3D('',#6355,#6356,#6357);
#6359=PLANE('',#6358);
#6360=ORIENTED_EDGE('',*,*,#6332,.T.);
#6361=ORIENTED_EDGE('',*,*,#280,.F.);
#6362=CARTESIAN_POINT('',(35.810243956,38.808718801,11.700000048));
#6363=DIRECTION('',(0.,0.707106781,0.707106781));
#6364=VECTOR('',#6363,1.414213562);
#6365=LINE('',#6362,#6364);
#6366=EDGE_CURVE('',#1234,#267,#6365,.T.);
#6367=ORIENTED_EDGE('',*,*,#6366,.F.);
#6368=ORIENTED_EDGE('',*,*,#1239,.F.);
#6369=EDGE_LOOP('',(#6360,#6361,#6367,#6368));
#6370=FACE_BOUND('',#6369,.T.);
#6371=ADVANCED_FACE('',(#6370),#6359,.T.);
#6372=CARTESIAN_POINT('',(-0.189756139,44.183718801,11.700000048));
#6373=DIRECTION('',(0.,0.,1.));
#6374=DIRECTION('',(1.,0.,-0.));
#6375=AXIS2_PLACEMENT_3D('',#6372,#6373,#6374);
#6376=CONICAL_SURFACE('',#6375,1.,45.);
#6377=ORIENTED_EDGE('',*,*,#6349,.T.);
#6378=ORIENTED_EDGE('',*,*,#4130,.F.);
#6379=CARTESIAN_POINT('',(-0.189756139,46.183718801,12.700000048));
#6380=DIRECTION('',(0.,-0.707106781,-0.707106781));
#6381=VECTOR('',#6380,1.414213562);
#6382=LINE('',#6379,#6381);
#6383=EDGE_CURVE('',#216,#1386,#6382,.T.);
#6384=ORIENTED_EDGE('',*,*,#6383,.F.);
#6385=ORIENTED_EDGE('',*,*,#222,.F.);
#6386=EDGE_LOOP('',(#6377,#6378,#6384,#6385));
#6387=FACE_BOUND('',#6386,.T.);
#6388=ADVANCED_FACE('',(#6387),#6376,.F.);
#6389=CARTESIAN_POINT('',(35.810243956,39.808718801,11.700000048));
#6390=DIRECTION('',(-0.,-0.,-1.));
#6391=DIRECTION('',(0.,1.,-0.));
#6392=AXIS2_PLACEMENT_3D('',#6389,#6390,#6391);
#6393=CONICAL_SURFACE('',#6392,1.,45.);
#6394=ORIENTED_EDGE('',*,*,#3769,.F.);
#6395=ORIENTED_EDGE('',*,*,#6366,.T.);
#6396=CARTESIAN_POINT('',(34.810243956,39.808718801,11.700000048));
#6397=DIRECTION('',(0.707106781,0.,0.707106781));
#6398=VECTOR('',#6397,1.414213562);
#6399=LINE('',#6396,#6398);
#6400=EDGE_CURVE('',#3763,#267,#6399,.T.);
#6401=ORIENTED_EDGE('',*,*,#6400,.F.);
#6402=EDGE_LOOP('',(#6394,#6395,#6401));
#6403=FACE_BOUND('',#6402,.T.);
#6404=ADVANCED_FACE('',(#6403),#6393,.T.);
#6405=CARTESIAN_POINT('',(11.039244691,45.183718801,11.700000048));
#6406=DIRECTION('',(0.,-0.707106781,0.707106781));
#6407=DIRECTION('',(1.,-0.,-0.));
#6408=AXIS2_PLACEMENT_3D('',#6405,#6406,#6407);
#6409=PLANE('',#6408);
#6410=ORIENTED_EDGE('',*,*,#6383,.T.);
#6411=ORIENTED_EDGE('',*,*,#1391,.F.);
#6412=CARTESIAN_POINT('',(16.810243956,46.183718801,12.700000048));
#6413=DIRECTION('',(0.,-0.707106781,-0.707106781));
#6414=VECTOR('',#6413,1.414213562);
#6415=LINE('',#6412,#6414);
#6416=EDGE_CURVE('',#225,#1378,#6415,.T.);
#6417=ORIENTED_EDGE('',*,*,#6416,.F.);
#6418=ORIENTED_EDGE('',*,*,#230,.F.);
#6419=EDGE_LOOP('',(#6410,#6411,#6417,#6418));
#6420=FACE_BOUND('',#6419,.T.);
#6421=ADVANCED_FACE('',(#6420),#6409,.T.);
#6422=CARTESIAN_POINT('',(35.810243956,41.783718801,12.700000048));
#6423=DIRECTION('',(-0.707106781,0.,0.707106781));
#6424=DIRECTION('',(0.,1.,-0.));
#6425=AXIS2_PLACEMENT_3D('',#6422,#6423,#6424);
#6426=PLANE('',#6425);
#6427=ORIENTED_EDGE('',*,*,#6400,.T.);
#6428=ORIENTED_EDGE('',*,*,#272,.F.);
#6429=CARTESIAN_POINT('',(34.810243956,42.058718801,11.700000048));
#6430=DIRECTION('',(0.707106781,0.,0.707106781));
#6431=VECTOR('',#6430,1.414213562);
#6432=LINE('',#6429,#6431);
#6433=EDGE_CURVE('',#3820,#258,#6432,.T.);
#6434=ORIENTED_EDGE('',*,*,#6433,.F.);
#6435=ORIENTED_EDGE('',*,*,#3825,.F.);
#6436=EDGE_LOOP('',(#6427,#6428,#6434,#6435));
#6437=FACE_BOUND('',#6436,.T.);
#6438=ADVANCED_FACE('',(#6437),#6426,.T.);
#6439=CARTESIAN_POINT('',(16.810243956,44.183718801,11.700000048));
#6440=DIRECTION('',(0.,0.,1.));
#6441=DIRECTION('',(1.,0.,-0.));
#6442=AXIS2_PLACEMENT_3D('',#6439,#6440,#6441);
#6443=CONICAL_SURFACE('',#6442,1.,45.);
#6444=ORIENTED_EDGE('',*,*,#6416,.T.);
#6445=ORIENTED_EDGE('',*,*,#4112,.F.);
#6446=CARTESIAN_POINT('',(18.810243956,44.183718801,12.700000048));
#6447=DIRECTION('',(-0.707106781,0.,-0.707106781));
#6448=VECTOR('',#6447,1.414213562);
#6449=LINE('',#6446,#6448);
#6450=EDGE_CURVE('',#233,#3868,#6449,.T.);
#6451=ORIENTED_EDGE('',*,*,#6450,.F.);
#6452=ORIENTED_EDGE('',*,*,#239,.F.);
#6453=EDGE_LOOP('',(#6444,#6445,#6451,#6452));
#6454=FACE_BOUND('',#6453,.T.);
#6455=ADVANCED_FACE('',(#6454),#6443,.F.);
#6456=CARTESIAN_POINT('',(33.810243956,42.058718801,11.700000048));
#6457=DIRECTION('',(0.,0.,1.));
#6458=DIRECTION('',(1.,0.,-0.));
#6459=AXIS2_PLACEMENT_3D('',#6456,#6457,#6458);
#6460=CONICAL_SURFACE('',#6459,1.,45.);
#6461=ORIENTED_EDGE('',*,*,#6433,.T.);
#6462=ORIENTED_EDGE('',*,*,#264,.F.);
#6463=CARTESIAN_POINT('',(33.810243956,43.058718801,11.700000048));
#6464=DIRECTION('',(0.,0.707106781,0.707106781));
#6465=VECTOR('',#6464,1.414213562);
#6466=LINE('',#6463,#6465);
#6467=EDGE_CURVE('',#3891,#250,#6466,.T.);
#6468=ORIENTED_EDGE('',*,*,#6467,.F.);
#6469=ORIENTED_EDGE('',*,*,#4094,.F.);
#6470=EDGE_LOOP('',(#6461,#6462,#6468,#6469));
#6471=FACE_BOUND('',#6470,.T.);
#6472=ADVANCED_FACE('',(#6471),#6460,.F.);
#6473=CARTESIAN_POINT('',(18.810243956,41.783718801,12.700000048));
#6474=DIRECTION('',(-0.707106781,0.,0.707106781));
#6475=DIRECTION('',(0.,1.,-0.));
#6476=AXIS2_PLACEMENT_3D('',#6473,#6474,#6475);
#6477=PLANE('',#6476);
#6478=ORIENTED_EDGE('',*,*,#6450,.T.);
#6479=ORIENTED_EDGE('',*,*,#3873,.F.);
#6480=CARTESIAN_POINT('',(18.810243956,44.058718801,12.700000048));
#6481=DIRECTION('',(-0.707106781,0.,-0.707106781));
#6482=VECTOR('',#6481,1.414213562);
#6483=LINE('',#6480,#6482);
#6484=EDGE_CURVE('',#242,#3067,#6483,.T.);
#6485=ORIENTED_EDGE('',*,*,#6484,.F.);
#6486=ORIENTED_EDGE('',*,*,#247,.F.);
#6487=EDGE_LOOP('',(#6478,#6479,#6485,#6486));
#6488=FACE_BOUND('',#6487,.T.);
#6489=ADVANCED_FACE('',(#6488),#6477,.T.);
#6490=CARTESIAN_POINT('',(-25.466290736,44.058718801,12.700000048));
#6491=DIRECTION('',(-0.,-0.707106781,0.707106781));
#6492=DIRECTION('',(-1.,0.,0.));
#6493=AXIS2_PLACEMENT_3D('',#6490,#6491,#6492);
#6494=PLANE('',#6493);
#6495=ORIENTED_EDGE('',*,*,#6467,.T.);
#6496=ORIENTED_EDGE('',*,*,#255,.F.);
#6497=CARTESIAN_POINT('',(18.810243956,43.058718801,11.700000048));
#6498=DIRECTION('',(0.,0.707106781,0.707106781));
#6499=VECTOR('',#6498,1.414213562);
#6500=LINE('',#6497,#6499);
#6501=EDGE_CURVE('',#3059,#242,#6500,.T.);
#6502=ORIENTED_EDGE('',*,*,#6501,.F.);
#6503=ORIENTED_EDGE('',*,*,#3902,.F.);
#6504=EDGE_LOOP('',(#6495,#6496,#6502,#6503));
#6505=FACE_BOUND('',#6504,.T.);
#6506=ADVANCED_FACE('',(#6505),#6494,.T.);
#6507=CARTESIAN_POINT('',(18.810243956,44.058718801,11.700000048));
#6508=DIRECTION('',(-0.,-0.,-1.));
#6509=DIRECTION('',(0.,1.,-0.));
#6510=AXIS2_PLACEMENT_3D('',#6507,#6508,#6509);
#6511=CONICAL_SURFACE('',#6510,1.,45.);
#6512=ORIENTED_EDGE('',*,*,#6484,.T.);
#6513=ORIENTED_EDGE('',*,*,#3073,.F.);
#6514=ORIENTED_EDGE('',*,*,#6501,.T.);
#6515=EDGE_LOOP('',(#6512,#6513,#6514));
#6516=FACE_BOUND('',#6515,.T.);
#6517=ADVANCED_FACE('',(#6516),#6511,.T.);
#6518=CARTESIAN_POINT('',(-10.078938003,-31.045493732,12.700000048));
#6519=DIRECTION('',(-0.146170635,0.6918339,0.707106781));
#6520=DIRECTION('',(0.978400885,0.206716495,-0.));
#6521=AXIS2_PLACEMENT_3D('',#6518,#6519,#6520);
#6522=PLANE('',#6521);
#6523=ORIENTED_EDGE('',*,*,#3699,.F.);
#6524=CARTESIAN_POINT('',(-33.534952956,-34.979203575,11.700000048));
#6525=DIRECTION('',(0.212713743,-0.676083958,0.705452582));
#6526=VECTOR('',#6525,1.417529719);
#6527=LINE('',#6524,#6526);
#6528=EDGE_CURVE('',#1082,#125,#6527,.T.);
#6529=ORIENTED_EDGE('',*,*,#6528,.T.);
#6530=ORIENTED_EDGE('',*,*,#130,.F.);
#6531=ORIENTED_EDGE('',*,*,#6002,.F.);
#6532=EDGE_LOOP('',(#6523,#6529,#6530,#6531));
#6533=FACE_BOUND('',#6532,.T.);
#6534=ADVANCED_FACE('',(#6533),#6522,.T.);
#6535=CARTESIAN_POINT('',(-82.504413211,17.572734313,12.700000048));
#6536=DIRECTION('',(0.6508963,0.276286097,0.707106781));
#6537=DIRECTION('',(0.390727545,-0.920506375,-0.));
#6538=AXIS2_PLACEMENT_3D('',#6535,#6536,#6537);
#6539=PLANE('',#6538);
#6540=ORIENTED_EDGE('',*,*,#6074,.F.);
#6541=ORIENTED_EDGE('',*,*,#155,.F.);
#6542=CARTESIAN_POINT('',(-55.597339264,-43.257717507,11.700000048));
#6543=DIRECTION('',(-0.6508963,-0.276286097,0.707106781));
#6544=VECTOR('',#6543,1.414213562);
#6545=LINE('',#6542,#6544);
#6546=EDGE_CURVE('',#3018,#141,#6545,.T.);
#6547=ORIENTED_EDGE('',*,*,#6546,.F.);
#6548=ORIENTED_EDGE('',*,*,#3023,.F.);
#6549=EDGE_LOOP('',(#6540,#6541,#6547,#6548));
#6550=FACE_BOUND('',#6549,.T.);
#6551=ADVANCED_FACE('',(#6550),#6539,.T.);
#6552=CARTESIAN_POINT('',(-54.676832889,-42.866989962,11.700000048));
#6553=DIRECTION('',(0.,0.,1.));
#6554=DIRECTION('',(1.,0.,-0.));
#6555=AXIS2_PLACEMENT_3D('',#6552,#6553,#6554);
#6556=CONICAL_SURFACE('',#6555,1.,45.);
#6557=ORIENTED_EDGE('',*,*,#6546,.T.);
#6558=ORIENTED_EDGE('',*,*,#147,.F.);
#6559=CARTESIAN_POINT('',(-54.286103596,-43.787495594,11.700000048));
#6560=DIRECTION('',(0.276287333,-0.650895775,0.707106781));
#6561=VECTOR('',#6560,1.414213562);
#6562=LINE('',#6559,#6561);
#6563=EDGE_CURVE('',#1074,#133,#6562,.T.);
#6564=ORIENTED_EDGE('',*,*,#6563,.F.);
#6565=ORIENTED_EDGE('',*,*,#4148,.F.);
#6566=EDGE_LOOP('',(#6557,#6558,#6564,#6565));
#6567=FACE_BOUND('',#6566,.T.);
#6568=ADVANCED_FACE('',(#6567),#6556,.F.);
#6569=CARTESIAN_POINT('',(-43.94317311,-39.397206417,11.700000048));
#6570=DIRECTION('',(-0.276287333,0.650895775,0.707106781));
#6571=DIRECTION('',(-0.920505633,-0.390729293,0.));
#6572=AXIS2_PLACEMENT_3D('',#6569,#6570,#6571);
#6573=PLANE('',#6572);
#6574=ORIENTED_EDGE('',*,*,#6563,.T.);
#6575=ORIENTED_EDGE('',*,*,#138,.F.);
#6576=ORIENTED_EDGE('',*,*,#6528,.F.);
#6577=ORIENTED_EDGE('',*,*,#1087,.F.);
#6578=EDGE_LOOP('',(#6574,#6575,#6576,#6577));
#6579=FACE_BOUND('',#6578,.T.);
#6580=ADVANCED_FACE('',(#6579),#6573,.T.);
#6581=CARTESIAN_POINT('',(-65.43975757,41.433718801,5.5));
#6582=DIRECTION('',(0.,0.,-1.));
#6583=DIRECTION('',(-1.,0.,0.));
#6584=AXIS2_PLACEMENT_3D('',#6581,#6582,#6583);
#6585=CYLINDRICAL_SURFACE('',#6584,3.5);
#6586=ORIENTED_EDGE('',*,*,#3203,.F.);
#6587=CARTESIAN_POINT('',(-65.43975757,41.433718801,11.907106829));
#6588=DIRECTION('',(0.,0.,-1.));
#6589=DIRECTION('',(-1.,0.,0.));
#6590=AXIS2_PLACEMENT_3D('',#6587,#6588,#6589);
#6591=CIRCLE('',#6590,3.5);
#6592=EDGE_CURVE('',#3190,#35,#6591,.T.);
#6593=ORIENTED_EDGE('',*,*,#6592,.T.);
#6594=ORIENTED_EDGE('',*,*,#40,.F.);
#6595=CARTESIAN_POINT('',(-65.43975757,41.433718801,0.364806707));
#6596=DIRECTION('',(0.,0.,1.));
#6597=DIRECTION('',(1.,0.,-0.));
#6598=AXIS2_PLACEMENT_3D('',#6595,#6596,#6597);
#6599=CIRCLE('',#6598,3.5);
#6600=EDGE_CURVE('',#33,#3198,#6599,.T.);
#6601=ORIENTED_EDGE('',*,*,#6600,.T.);
#6602=EDGE_LOOP('',(#6586,#6593,#6594,#6601));
#6603=FACE_BOUND('',#6602,.T.);
#6604=ADVANCED_FACE('',(#6603),#6585,.T.);
#6605=CARTESIAN_POINT('',(-19.001597294,43.558718801,12.700000048));
#6606=DIRECTION('',(0.,0.,-1.));
#6607=DIRECTION('',(-1.,0.,0.));
#6608=AXIS2_PLACEMENT_3D('',#6605,#6606,#6607);
#6609=CYLINDRICAL_SURFACE('',#6608,3.5);
#6610=ORIENTED_EDGE('',*,*,#56,.F.);
#6611=CARTESIAN_POINT('',(-19.001597294,43.558718801,11.907106829));
#6612=DIRECTION('',(0.,0.,-1.));
#6613=DIRECTION('',(-1.,0.,0.));
#6614=AXIS2_PLACEMENT_3D('',#6611,#6612,#6613);
#6615=CIRCLE('',#6614,3.5);
#6616=EDGE_CURVE('',#43,#3222,#6615,.T.);
#6617=ORIENTED_EDGE('',*,*,#6616,.T.);
#6618=ORIENTED_EDGE('',*,*,#3227,.F.);
#6619=CARTESIAN_POINT('',(-19.001597294,43.558718801,0.364806707));
#6620=DIRECTION('',(0.,0.,1.));
#6621=DIRECTION('',(1.,0.,-0.));
#6622=AXIS2_PLACEMENT_3D('',#6619,#6620,#6621);
#6623=CIRCLE('',#6622,3.5);
#6624=EDGE_CURVE('',#3220,#51,#6623,.T.);
#6625=ORIENTED_EDGE('',*,*,#6624,.T.);
#6626=EDGE_LOOP('',(#6610,#6617,#6618,#6625));
#6627=FACE_BOUND('',#6626,.T.);
#6628=ADVANCED_FACE('',(#6627),#6609,.T.);
#6629=CARTESIAN_POINT('',(-1.981401703,45.683718801,12.700000048));
#6630=DIRECTION('',(0.,0.,-1.));
#6631=DIRECTION('',(-1.,0.,0.));
#6632=AXIS2_PLACEMENT_3D('',#6629,#6630,#6631);
#6633=CYLINDRICAL_SURFACE('',#6632,3.5);
#6634=ORIENTED_EDGE('',*,*,#3243,.F.);
#6635=CARTESIAN_POINT('',(-1.981401703,45.683718801,11.907106829));
#6636=DIRECTION('',(0.,0.,-1.));
#6637=DIRECTION('',(-1.,0.,0.));
#6638=AXIS2_PLACEMENT_3D('',#6635,#6636,#6637);
#6639=CIRCLE('',#6638,3.5);
#6640=EDGE_CURVE('',#3230,#3262,#6639,.T.);
#6641=ORIENTED_EDGE('',*,*,#6640,.T.);
#6642=ORIENTED_EDGE('',*,*,#3267,.F.);
#6643=CARTESIAN_POINT('',(-1.981401703,45.683718801,0.364806707));
#6644=DIRECTION('',(0.,0.,1.));
#6645=DIRECTION('',(1.,0.,-0.));
#6646=AXIS2_PLACEMENT_3D('',#6643,#6644,#6645);
#6647=CIRCLE('',#6646,3.5);
#6648=EDGE_CURVE('',#3260,#3238,#6647,.T.);
#6649=ORIENTED_EDGE('',*,*,#6648,.T.);
#6650=EDGE_LOOP('',(#6634,#6641,#6642,#6649));
#6651=FACE_BOUND('',#6650,.T.);
#6652=ADVANCED_FACE('',(#6651),#6633,.T.);
#6653=CARTESIAN_POINT('',(18.622085588,45.683718801,12.700000048));
#6654=DIRECTION('',(0.,0.,1.));
#6655=DIRECTION('',(1.,0.,-0.));
#6656=AXIS2_PLACEMENT_3D('',#6653,#6654,#6655);
#6657=CYLINDRICAL_SURFACE('',#6656,3.5);
#6658=ORIENTED_EDGE('',*,*,#3283,.F.);
#6659=CARTESIAN_POINT('',(18.622085588,45.683718801,11.907106829));
#6660=DIRECTION('',(0.,0.,-1.));
#6661=DIRECTION('',(-1.,0.,0.));
#6662=AXIS2_PLACEMENT_3D('',#6659,#6660,#6661);
#6663=CIRCLE('',#6662,3.5);
#6664=EDGE_CURVE('',#3270,#3300,#6663,.T.);
#6665=ORIENTED_EDGE('',*,*,#6664,.T.);
#6666=ORIENTED_EDGE('',*,*,#3307,.T.);
#6667=CARTESIAN_POINT('',(18.622085588,45.683718801,0.364806707));
#6668=DIRECTION('',(0.,0.,1.));
#6669=DIRECTION('',(1.,0.,-0.));
#6670=AXIS2_PLACEMENT_3D('',#6667,#6668,#6669);
#6671=CIRCLE('',#6670,3.5);
#6672=EDGE_CURVE('',#3302,#3278,#6671,.T.);
#6673=ORIENTED_EDGE('',*,*,#6672,.T.);
#6674=EDGE_LOOP('',(#6658,#6665,#6666,#6673));
#6675=FACE_BOUND('',#6674,.T.);
#6676=ADVANCED_FACE('',(#6675),#6657,.T.);
#6677=CARTESIAN_POINT('',(-55.471500021,-44.833843463,5.5));
#6678=DIRECTION('',(0.,0.,1.));
#6679=DIRECTION('',(1.,0.,-0.));
#6680=AXIS2_PLACEMENT_3D('',#6677,#6678,#6679);
#6681=CYLINDRICAL_SURFACE('',#6680,3.5);
#6682=ORIENTED_EDGE('',*,*,#3678,.F.);
#6683=CARTESIAN_POINT('',(-55.471500021,-44.833843463,11.907106829));
#6684=DIRECTION('',(0.,0.,-1.));
#6685=DIRECTION('',(-1.,0.,0.));
#6686=AXIS2_PLACEMENT_3D('',#6683,#6684,#6685);
#6687=CIRCLE('',#6686,3.5);
#6688=EDGE_CURVE('',#3665,#3118,#6687,.T.);
#6689=ORIENTED_EDGE('',*,*,#6688,.T.);
#6690=ORIENTED_EDGE('',*,*,#3123,.F.);
#6691=CARTESIAN_POINT('',(-55.471500021,-44.833843463,0.364806707));
#6692=DIRECTION('',(0.,0.,1.));
#6693=DIRECTION('',(1.,0.,-0.));
#6694=AXIS2_PLACEMENT_3D('',#6691,#6692,#6693);
#6695=CIRCLE('',#6694,3.5);
#6696=EDGE_CURVE('',#3116,#3673,#6695,.T.);
#6697=ORIENTED_EDGE('',*,*,#6696,.T.);
#6698=EDGE_LOOP('',(#6682,#6689,#6690,#6697));
#6699=FACE_BOUND('',#6698,.T.);
#6700=ADVANCED_FACE('',(#6699),#6681,.T.);
#6701=CARTESIAN_POINT('',(69.310243956,39.308718801,5.5));
#6702=DIRECTION('',(0.,0.,1.));
#6703=DIRECTION('',(1.,0.,-0.));
#6704=AXIS2_PLACEMENT_3D('',#6701,#6702,#6703);
#6705=CYLINDRICAL_SURFACE('',#6704,3.5);
#6706=ORIENTED_EDGE('',*,*,#3394,.F.);
#6707=CARTESIAN_POINT('',(69.310243956,39.308718801,11.907106829));
#6708=DIRECTION('',(0.,0.,-1.));
#6709=DIRECTION('',(-1.,0.,0.));
#6710=AXIS2_PLACEMENT_3D('',#6707,#6708,#6709);
#6711=CIRCLE('',#6710,3.5);
#6712=EDGE_CURVE('',#3381,#3413,#6711,.T.);
#6713=ORIENTED_EDGE('',*,*,#6712,.T.);
#6714=ORIENTED_EDGE('',*,*,#3418,.F.);
#6715=CARTESIAN_POINT('',(69.310243956,39.308718801,0.364806707));
#6716=DIRECTION('',(0.,0.,1.));
#6717=DIRECTION('',(1.,0.,-0.));
#6718=AXIS2_PLACEMENT_3D('',#6715,#6716,#6717);
#6719=CIRCLE('',#6718,3.5);
#6720=EDGE_CURVE('',#3411,#3389,#6719,.T.);
#6721=ORIENTED_EDGE('',*,*,#6720,.T.);
#6722=EDGE_LOOP('',(#6706,#6713,#6714,#6721));
#6723=FACE_BOUND('',#6722,.T.);
#6724=ADVANCED_FACE('',(#6723),#6705,.T.);
#6725=CARTESIAN_POINT('',(35.310243956,43.558718801,2.200000048));
#6726=DIRECTION('',(0.,0.,1.));
#6727=DIRECTION('',(1.,0.,-0.));
#6728=AXIS2_PLACEMENT_3D('',#6725,#6726,#6727);
#6729=CYLINDRICAL_SURFACE('',#6728,3.5);
#6730=ORIENTED_EDGE('',*,*,#3323,.F.);
#6731=CARTESIAN_POINT('',(35.310243956,43.558718801,11.907106829));
#6732=DIRECTION('',(0.,0.,-1.));
#6733=DIRECTION('',(-1.,0.,0.));
#6734=AXIS2_PLACEMENT_3D('',#6731,#6732,#6733);
#6735=CIRCLE('',#6734,3.5);
#6736=EDGE_CURVE('',#3310,#3342,#6735,.T.);
#6737=ORIENTED_EDGE('',*,*,#6736,.T.);
#6738=ORIENTED_EDGE('',*,*,#3347,.F.);
#6739=CARTESIAN_POINT('',(35.310243956,43.558718801,0.364806707));
#6740=DIRECTION('',(0.,0.,1.));
#6741=DIRECTION('',(1.,0.,-0.));
#6742=AXIS2_PLACEMENT_3D('',#6739,#6740,#6741);
#6743=CIRCLE('',#6742,3.5);
#6744=EDGE_CURVE('',#3340,#3318,#6743,.T.);
#6745=ORIENTED_EDGE('',*,*,#6744,.T.);
#6746=EDGE_LOOP('',(#6730,#6737,#6738,#6745));
#6747=FACE_BOUND('',#6746,.T.);
#6748=ADVANCED_FACE('',(#6747),#6729,.T.);
#6749=CARTESIAN_POINT('',(69.310243956,-31.691282725,5.5));
#6750=DIRECTION('',(0.,0.,1.));
#6751=DIRECTION('',(1.,0.,-0.));
#6752=AXIS2_PLACEMENT_3D('',#6749,#6750,#6751);
#6753=CYLINDRICAL_SURFACE('',#6752,3.5);
#6754=ORIENTED_EDGE('',*,*,#3434,.F.);
#6755=CARTESIAN_POINT('',(69.310243956,-31.691282725,11.907106829));
#6756=DIRECTION('',(0.,0.,-1.));
#6757=DIRECTION('',(-1.,0.,0.));
#6758=AXIS2_PLACEMENT_3D('',#6755,#6756,#6757);
#6759=CIRCLE('',#6758,3.5);
#6760=EDGE_CURVE('',#3421,#3453,#6759,.T.);
#6761=ORIENTED_EDGE('',*,*,#6760,.T.);
#6762=ORIENTED_EDGE('',*,*,#3458,.F.);
#6763=CARTESIAN_POINT('',(69.310243956,-31.691282725,0.364806707));
#6764=DIRECTION('',(0.,0.,1.));
#6765=DIRECTION('',(1.,0.,-0.));
#6766=AXIS2_PLACEMENT_3D('',#6763,#6764,#6765);
#6767=CIRCLE('',#6766,3.5);
#6768=EDGE_CURVE('',#3451,#3429,#6767,.T.);
#6769=ORIENTED_EDGE('',*,*,#6768,.T.);
#6770=EDGE_LOOP('',(#6754,#6761,#6762,#6769));
#6771=FACE_BOUND('',#6770,.T.);
#6772=ADVANCED_FACE('',(#6771),#6753,.T.);
#6773=CARTESIAN_POINT('',(16.710243956,-31.926283336,5.5));
#6774=DIRECTION('',(0.,0.,1.));
#6775=DIRECTION('',(1.,0.,-0.));
#6776=AXIS2_PLACEMENT_3D('',#6773,#6774,#6775);
#6777=CYLINDRICAL_SURFACE('',#6776,3.5);
#6778=ORIENTED_EDGE('',*,*,#3576,.F.);
#6779=CARTESIAN_POINT('',(16.710243956,-31.926283336,11.907106829));
#6780=DIRECTION('',(0.,0.,-1.));
#6781=DIRECTION('',(-1.,0.,0.));
#6782=AXIS2_PLACEMENT_3D('',#6779,#6780,#6781);
#6783=CIRCLE('',#6782,3.5);
#6784=EDGE_CURVE('',#3563,#3595,#6783,.T.);
#6785=ORIENTED_EDGE('',*,*,#6784,.T.);
#6786=ORIENTED_EDGE('',*,*,#3600,.F.);
#6787=CARTESIAN_POINT('',(16.710243956,-31.926283336,0.364806707));
#6788=DIRECTION('',(0.,0.,1.));
#6789=DIRECTION('',(1.,0.,-0.));
#6790=AXIS2_PLACEMENT_3D('',#6787,#6788,#6789);
#6791=CIRCLE('',#6790,3.5);
#6792=EDGE_CURVE('',#3593,#3571,#6791,.T.);
#6793=ORIENTED_EDGE('',*,*,#6792,.T.);
#6794=EDGE_LOOP('',(#6778,#6785,#6786,#6793));
#6795=FACE_BOUND('',#6794,.T.);
#6796=ADVANCED_FACE('',(#6795),#6777,.T.);
#6797=CARTESIAN_POINT('',(32.310244338,-31.691282725,5.5));
#6798=DIRECTION('',(0.,0.,1.));
#6799=DIRECTION('',(1.,0.,-0.));
#6800=AXIS2_PLACEMENT_3D('',#6797,#6798,#6799);
#6801=CYLINDRICAL_SURFACE('',#6800,3.5);
#6802=ORIENTED_EDGE('',*,*,#3474,.F.);
#6803=CARTESIAN_POINT('',(32.310244338,-31.691282725,11.907106829));
#6804=DIRECTION('',(0.,0.,-1.));
#6805=DIRECTION('',(-1.,0.,0.));
#6806=AXIS2_PLACEMENT_3D('',#6803,#6804,#6805);
#6807=CIRCLE('',#6806,3.5);
#6808=EDGE_CURVE('',#3461,#3493,#6807,.T.);
#6809=ORIENTED_EDGE('',*,*,#6808,.T.);
#6810=ORIENTED_EDGE('',*,*,#3498,.F.);
#6811=CARTESIAN_POINT('',(32.310244338,-31.691282725,0.364806707));
#6812=DIRECTION('',(0.,0.,1.));
#6813=DIRECTION('',(1.,0.,-0.));
#6814=AXIS2_PLACEMENT_3D('',#6811,#6812,#6813);
#6815=CIRCLE('',#6814,3.5);
#6816=EDGE_CURVE('',#3491,#3469,#6815,.T.);
#6817=ORIENTED_EDGE('',*,*,#6816,.T.);
#6818=EDGE_LOOP('',(#6802,#6809,#6810,#6817));
#6819=FACE_BOUND('',#6818,.T.);
#6820=ADVANCED_FACE('',(#6819),#6801,.T.);
#6821=CARTESIAN_POINT('',(-17.889755662,44.933718801,0.364806707));
#6822=DIRECTION('',(-0.,-0.707106781,0.707106781));
#6823=DIRECTION('',(-1.,0.,-0.));
#6824=AXIS2_PLACEMENT_3D('',#6821,#6822,#6823);
#6825=PLANE('',#6824);
#6826=ORIENTED_EDGE('',*,*,#5137,.F.);
#6827=ORIENTED_EDGE('',*,*,#2747,.F.);
#6828=CARTESIAN_POINT('',(-65.43975757,44.933718801,0.364806707));
#6829=DIRECTION('',(0.,-0.707106781,-0.707106781));
#6830=VECTOR('',#6829,1.414213562);
#6831=LINE('',#6828,#6830);
#6832=EDGE_CURVE('',#33,#2733,#6831,.T.);
#6833=ORIENTED_EDGE('',*,*,#6832,.F.);
#6834=ORIENTED_EDGE('',*,*,#112,.F.);
#6835=EDGE_LOOP('',(#6826,#6827,#6833,#6834));
#6836=FACE_BOUND('',#6835,.T.);
#6837=ADVANCED_FACE('',(#6836),#6825,.F.);
#6838=CARTESIAN_POINT('',(-65.43975757,41.433718801,-0.635193293));
#6839=DIRECTION('',(0.,0.,1.));
#6840=DIRECTION('',(1.,0.,-0.));
#6841=AXIS2_PLACEMENT_3D('',#6838,#6839,#6840);
#6842=CONICAL_SURFACE('',#6841,2.5,45.);
#6843=ORIENTED_EDGE('',*,*,#6832,.T.);
#6844=ORIENTED_EDGE('',*,*,#2739,.F.);
#6845=CARTESIAN_POINT('',(-68.93975757,41.433718801,0.364806707));
#6846=DIRECTION('',(0.707106781,0.,-0.707106781));
#6847=VECTOR('',#6846,1.414213562);
#6848=LINE('',#6845,#6847);
#6849=EDGE_CURVE('',#3198,#2725,#6848,.T.);
#6850=ORIENTED_EDGE('',*,*,#6849,.F.);
#6851=ORIENTED_EDGE('',*,*,#6600,.F.);
#6852=EDGE_LOOP('',(#6843,#6844,#6850,#6851));
#6853=FACE_BOUND('',#6852,.T.);
#6854=ADVANCED_FACE('',(#6853),#6842,.T.);
#6855=CARTESIAN_POINT('',(-68.93975757,13.733717275,0.364806707));
#6856=DIRECTION('',(0.707106781,-0.,0.707106781));
#6857=DIRECTION('',(-0.,-1.,-0.));
#6858=AXIS2_PLACEMENT_3D('',#6855,#6856,#6857);
#6859=PLANE('',#6858);
#6860=ORIENTED_EDGE('',*,*,#6849,.T.);
#6861=ORIENTED_EDGE('',*,*,#2730,.F.);
#6862=CARTESIAN_POINT('',(-68.93975757,-21.695711602,0.364806707));
#6863=DIRECTION('',(0.707106781,0.,-0.707106781));
#6864=VECTOR('',#6863,1.414213562);
#6865=LINE('',#6862,#6864);
#6866=EDGE_CURVE('',#3166,#2716,#6865,.T.);
#6867=ORIENTED_EDGE('',*,*,#6866,.F.);
#6868=ORIENTED_EDGE('',*,*,#3209,.F.);
#6869=EDGE_LOOP('',(#6860,#6861,#6867,#6868));
#6870=FACE_BOUND('',#6869,.T.);
#6871=ADVANCED_FACE('',(#6870),#6859,.F.);
#6872=CARTESIAN_POINT('',(-67.13975757,-21.695711602,0.364806707));
#6873=DIRECTION('',(0.,0.,1.));
#6874=DIRECTION('',(1.,0.,-0.));
#6875=AXIS2_PLACEMENT_3D('',#6872,#6873,#6874);
#6876=CONICAL_SURFACE('',#6875,1.8,45.);
#6877=ORIENTED_EDGE('',*,*,#6866,.T.);
#6878=ORIENTED_EDGE('',*,*,#2722,.F.);
#6879=CARTESIAN_POINT('',(-68.796669044,-22.399021183,0.364806707));
#6880=DIRECTION('',(0.6508963,0.276286097,-0.707106781));
#6881=VECTOR('',#6880,1.414213562);
#6882=LINE('',#6879,#6881);
#6883=EDGE_CURVE('',#3134,#2708,#6882,.T.);
#6884=ORIENTED_EDGE('',*,*,#6883,.F.);
#6885=ORIENTED_EDGE('',*,*,#3178,.F.);
#6886=EDGE_LOOP('',(#6877,#6878,#6884,#6885));
#6887=FACE_BOUND('',#6886,.T.);
#6888=ADVANCED_FACE('',(#6887),#6876,.T.);
#6889=CARTESIAN_POINT('',(-59.396586588,-44.544467383,0.364806707));
#6890=DIRECTION('',(0.6508963,0.276286097,0.707106781));
#6891=DIRECTION('',(0.390727545,-0.920506375,0.));
#6892=AXIS2_PLACEMENT_3D('',#6889,#6890,#6891);
#6893=PLANE('',#6892);
#6894=ORIENTED_EDGE('',*,*,#6883,.T.);
#6895=ORIENTED_EDGE('',*,*,#2713,.F.);
#6896=CARTESIAN_POINT('',(-58.693272332,-46.20138987,0.364806707));
#6897=DIRECTION('',(0.6508963,0.276286097,-0.707106781));
#6898=VECTOR('',#6897,1.414213562);
#6899=LINE('',#6896,#6898);
#6900=EDGE_CURVE('',#3116,#2699,#6899,.T.);
#6901=ORIENTED_EDGE('',*,*,#6900,.F.);
#6902=ORIENTED_EDGE('',*,*,#3145,.F.);
#6903=EDGE_LOOP('',(#6894,#6895,#6901,#6902));
#6904=FACE_BOUND('',#6903,.T.);
#6905=ADVANCED_FACE('',(#6904),#6893,.F.);
#6906=CARTESIAN_POINT('',(-55.471500021,-44.833843463,-0.635193293));
#6907=DIRECTION('',(0.,0.,1.));
#6908=DIRECTION('',(1.,0.,-0.));
#6909=AXIS2_PLACEMENT_3D('',#6906,#6907,#6908);
#6910=CONICAL_SURFACE('',#6909,2.5,45.);
#6911=ORIENTED_EDGE('',*,*,#6900,.T.);
#6912=ORIENTED_EDGE('',*,*,#2705,.F.);
#6913=CARTESIAN_POINT('',(-54.103947496,-48.055613177,0.364806707));
#6914=DIRECTION('',(-0.276287333,0.650895775,-0.707106781));
#6915=VECTOR('',#6914,1.414213562);
#6916=LINE('',#6913,#6915);
#6917=EDGE_CURVE('',#3673,#2691,#6916,.T.);
#6918=ORIENTED_EDGE('',*,*,#6917,.F.);
#6919=ORIENTED_EDGE('',*,*,#6696,.F.);
#6920=EDGE_LOOP('',(#6911,#6912,#6918,#6919));
#6921=FACE_BOUND('',#6920,.T.);
#6922=ADVANCED_FACE('',(#6921),#6910,.T.);
#6923=CARTESIAN_POINT('',(-31.856074171,-38.612003594,0.364806707));
#6924=DIRECTION('',(-0.276287333,0.650895775,0.707106781));
#6925=DIRECTION('',(0.920505633,0.390729293,-0.));
#6926=AXIS2_PLACEMENT_3D('',#6923,#6924,#6925);
#6927=PLANE('',#6926);
#6928=ORIENTED_EDGE('',*,*,#6917,.T.);
#6929=ORIENTED_EDGE('',*,*,#2696,.F.);
#6930=CARTESIAN_POINT('',(-32.328840747,-38.812679986,0.364806707));
#6931=DIRECTION('',(-0.212713743,0.676083958,-0.705452582));
#6932=VECTOR('',#6931,1.417529719);
#6933=LINE('',#6930,#6932);
#6934=EDGE_CURVE('',#3642,#2683,#6933,.T.);
#6935=ORIENTED_EDGE('',*,*,#6934,.F.);
#6936=ORIENTED_EDGE('',*,*,#3684,.F.);
#6937=EDGE_LOOP('',(#6928,#6929,#6935,#6936));
#6938=FACE_BOUND('',#6937,.T.);
#6939=ADVANCED_FACE('',(#6938),#6927,.F.);
#6940=CARTESIAN_POINT('',(19.210243956,263.141606769,-0.635193293));
#6941=DIRECTION('',(-0.707106781,0.,0.707106781));
#6942=DIRECTION('',(-0.,-1.,0.));
#6943=AXIS2_PLACEMENT_3D('',#6940,#6941,#6942);
#6944=PLANE('',#6943);
#6945=ORIENTED_EDGE('',*,*,#2663,.F.);
#6946=CARTESIAN_POINT('',(19.210243956,-29.941282725,-0.635193293));
#6947=DIRECTION('',(0.577350269,-0.577350269,0.577350269));
#6948=VECTOR('',#6947,1.732050808);
#6949=LINE('',#6946,#6948);
#6950=EDGE_CURVE('',#2650,#3540,#6949,.T.);
#6951=ORIENTED_EDGE('',*,*,#6950,.T.);
#6952=ORIENTED_EDGE('',*,*,#3582,.F.);
#6953=CARTESIAN_POINT('',(19.210243956,-31.926283336,-0.635193293));
#6954=DIRECTION('',(0.707106781,0.,0.707106781));
#6955=VECTOR('',#6954,1.414213562);
#6956=LINE('',#6953,#6955);
#6957=EDGE_CURVE('',#2658,#3571,#6956,.T.);
#6958=ORIENTED_EDGE('',*,*,#6957,.F.);
#6959=EDGE_LOOP('',(#6945,#6951,#6952,#6958));
#6960=FACE_BOUND('',#6959,.T.);
#6961=ADVANCED_FACE('',(#6960),#6944,.F.);
#6962=CARTESIAN_POINT('',(130.330214615,-3.424006184,-0.635193293));
#6963=DIRECTION('',(-0.146170635,0.6918339,0.707106781));
#6964=DIRECTION('',(-0.978400885,-0.206716495,0.));
#6965=AXIS2_PLACEMENT_3D('',#6962,#6963,#6964);
#6966=PLANE('',#6965);
#6967=ORIENTED_EDGE('',*,*,#6934,.T.);
#6968=ORIENTED_EDGE('',*,*,#2688,.F.);
#6969=CARTESIAN_POINT('',(-16.300833482,-35.426283336,0.364806707));
#6970=DIRECTION('',(-0.073682391,0.705184694,-0.705184694));
#6971=VECTOR('',#6970,1.418068215);
#6972=LINE('',#6969,#6971);
#6973=EDGE_CURVE('',#3611,#2675,#6972,.T.);
#6974=ORIENTED_EDGE('',*,*,#6973,.F.);
#6975=ORIENTED_EDGE('',*,*,#3653,.F.);
#6976=EDGE_LOOP('',(#6967,#6968,#6974,#6975));
#6977=FACE_BOUND('',#6976,.T.);
#6978=ADVANCED_FACE('',(#6977),#6966,.F.);
#6979=CARTESIAN_POINT('',(16.710243956,-31.926283336,-0.635193293));
#6980=DIRECTION('',(0.,0.,1.));
#6981=DIRECTION('',(1.,0.,-0.));
#6982=AXIS2_PLACEMENT_3D('',#6979,#6980,#6981);
#6983=CONICAL_SURFACE('',#6982,2.5,45.);
#6984=ORIENTED_EDGE('',*,*,#6957,.T.);
#6985=ORIENTED_EDGE('',*,*,#6792,.F.);
#6986=CARTESIAN_POINT('',(16.710243956,-34.426283336,-0.635193293));
#6987=DIRECTION('',(0.,-0.707106781,0.707106781));
#6988=VECTOR('',#6987,1.414213562);
#6989=LINE('',#6986,#6988);
#6990=EDGE_CURVE('',#2666,#3593,#6989,.T.);
#6991=ORIENTED_EDGE('',*,*,#6990,.F.);
#6992=ORIENTED_EDGE('',*,*,#2672,.F.);
#6993=EDGE_LOOP('',(#6984,#6985,#6991,#6992));
#6994=FACE_BOUND('',#6993,.T.);
#6995=ADVANCED_FACE('',(#6994),#6983,.T.);
#6996=CARTESIAN_POINT('',(0.510243956,-35.426283336,0.364806707));
#6997=DIRECTION('',(0.,0.707106781,0.707106781));
#6998=DIRECTION('',(1.,-0.,-0.));
#6999=AXIS2_PLACEMENT_3D('',#6996,#6997,#6998);
#7000=PLANE('',#6999);
#7001=ORIENTED_EDGE('',*,*,#6973,.T.);
#7002=ORIENTED_EDGE('',*,*,#2680,.F.);
#7003=ORIENTED_EDGE('',*,*,#6990,.T.);
#7004=ORIENTED_EDGE('',*,*,#3622,.F.);
#7005=EDGE_LOOP('',(#7001,#7002,#7003,#7004));
#7006=FACE_BOUND('',#7005,.T.);
#7007=ADVANCED_FACE('',(#7006),#7000,.F.);
#7008=CARTESIAN_POINT('',(-19.001597294,43.558718801,-0.635193293));
#7009=DIRECTION('',(0.,0.,1.));
#7010=DIRECTION('',(1.,0.,-0.));
#7011=AXIS2_PLACEMENT_3D('',#7008,#7009,#7010);
#7012=CONICAL_SURFACE('',#7011,2.5,45.);
#7013=ORIENTED_EDGE('',*,*,#2529,.F.);
#7014=CARTESIAN_POINT('',(-21.473312286,43.933718801,-0.635193293));
#7015=CARTESIAN_POINT('',(-21.75074644,44.25641911,-0.312492984));
#7016=CARTESIAN_POINT('',(-21.994407146,44.591731832,0.022819738));
#7017=CARTESIAN_POINT('',(-22.220195592,44.933718801,0.364806707));
#7018=B_SPLINE_CURVE_WITH_KNOTS('',3,(#7014,#7015,#7016,#7017),.UNSPECIFIED.,.F.,.F.,(4,4),(0.,0.001599323),.UNSPECIFIED.);
#7019=EDGE_CURVE('',#2515,#51,#7018,.T.);
#7020=ORIENTED_EDGE('',*,*,#7019,.T.);
#7021=ORIENTED_EDGE('',*,*,#6624,.F.);
#7022=CARTESIAN_POINT('',(-19.001597294,46.058718801,-0.635193293));
#7023=DIRECTION('',(0.,0.707106781,0.707106781));
#7024=VECTOR('',#7023,1.414213562);
#7025=LINE('',#7022,#7024);
#7026=EDGE_CURVE('',#2523,#3220,#7025,.T.);
#7027=ORIENTED_EDGE('',*,*,#7026,.F.);
#7028=EDGE_LOOP('',(#7013,#7020,#7021,#7027));
#7029=FACE_BOUND('',#7028,.T.);
#7030=ADVANCED_FACE('',(#7029),#7012,.T.);
#7031=CARTESIAN_POINT('',(-17.889755662,47.058718801,0.364806707));
#7032=DIRECTION('',(-0.,-0.707106781,0.707106781));
#7033=DIRECTION('',(-1.,0.,-0.));
#7034=AXIS2_PLACEMENT_3D('',#7031,#7032,#7033);
#7035=PLANE('',#7034);
#7036=ORIENTED_EDGE('',*,*,#7026,.T.);
#7037=ORIENTED_EDGE('',*,*,#3249,.F.);
#7038=CARTESIAN_POINT('',(-4.453116694,46.058718801,-0.635193293));
#7039=CARTESIAN_POINT('',(-4.730550848,46.38141911,-0.312492984));
#7040=CARTESIAN_POINT('',(-4.974211554,46.716731832,0.022819738));
#7041=CARTESIAN_POINT('',(-5.2,47.058718801,0.364806707));
#7042=B_SPLINE_CURVE_WITH_KNOTS('',3,(#7038,#7039,#7040,#7041),.UNSPECIFIED.,.F.,.F.,(4,4),(0.,0.001599323),.UNSPECIFIED.);
#7043=EDGE_CURVE('',#2532,#3238,#7042,.T.);
#7044=ORIENTED_EDGE('',*,*,#7043,.F.);
#7045=ORIENTED_EDGE('',*,*,#2537,.F.);
#7046=EDGE_LOOP('',(#7036,#7037,#7044,#7045));
#7047=FACE_BOUND('',#7046,.T.);
#7048=ADVANCED_FACE('',(#7047),#7035,.F.);
#7049=CARTESIAN_POINT('',(-1.981401703,45.683718801,-0.635193293));
#7050=DIRECTION('',(0.,0.,1.));
#7051=DIRECTION('',(1.,0.,-0.));
#7052=AXIS2_PLACEMENT_3D('',#7049,#7050,#7051);
#7053=CONICAL_SURFACE('',#7052,2.5,45.);
#7054=ORIENTED_EDGE('',*,*,#7043,.T.);
#7055=ORIENTED_EDGE('',*,*,#6648,.F.);
#7056=CARTESIAN_POINT('',(-1.981401703,48.183718801,-0.635193293));
#7057=DIRECTION('',(0.,0.707106781,0.707106781));
#7058=VECTOR('',#7057,1.414213562);
#7059=LINE('',#7056,#7058);
#7060=EDGE_CURVE('',#2540,#3260,#7059,.T.);
#7061=ORIENTED_EDGE('',*,*,#7060,.F.);
#7062=ORIENTED_EDGE('',*,*,#2546,.F.);
#7063=EDGE_LOOP('',(#7054,#7055,#7061,#7062));
#7064=FACE_BOUND('',#7063,.T.);
#7065=ADVANCED_FACE('',(#7064),#7053,.T.);
#7066=CARTESIAN_POINT('',(-0.889756139,49.183718801,0.364806707));
#7067=DIRECTION('',(-0.,-0.707106781,0.707106781));
#7068=DIRECTION('',(-1.,0.,-0.));
#7069=AXIS2_PLACEMENT_3D('',#7066,#7067,#7068);
#7070=PLANE('',#7069);
#7071=ORIENTED_EDGE('',*,*,#7060,.T.);
#7072=ORIENTED_EDGE('',*,*,#3289,.F.);
#7073=CARTESIAN_POINT('',(18.622085588,48.183718801,-0.635193293));
#7074=DIRECTION('',(0.,0.707106781,0.707106781));
#7075=VECTOR('',#7074,1.414213562);
#7076=LINE('',#7073,#7075);
#7077=EDGE_CURVE('',#2549,#3278,#7076,.T.);
#7078=ORIENTED_EDGE('',*,*,#7077,.F.);
#7079=ORIENTED_EDGE('',*,*,#2554,.F.);
#7080=EDGE_LOOP('',(#7071,#7072,#7078,#7079));
#7081=FACE_BOUND('',#7080,.T.);
#7082=ADVANCED_FACE('',(#7081),#7070,.F.);
#7083=CARTESIAN_POINT('',(18.622085588,45.683718801,-0.635193293));
#7084=DIRECTION('',(0.,0.,1.));
#7085=DIRECTION('',(1.,0.,-0.));
#7086=AXIS2_PLACEMENT_3D('',#7083,#7084,#7085);
#7087=CONICAL_SURFACE('',#7086,2.5,45.);
#7088=ORIENTED_EDGE('',*,*,#7077,.T.);
#7089=ORIENTED_EDGE('',*,*,#6672,.F.);
#7090=CARTESIAN_POINT('',(21.09380058,46.058718801,-0.635193293));
#7091=CARTESIAN_POINT('',(21.371234734,46.38141911,-0.312492984));
#7092=CARTESIAN_POINT('',(21.614895439,46.716731832,0.022819738));
#7093=CARTESIAN_POINT('',(21.840683885,47.058718801,0.364806707));
#7094=B_SPLINE_CURVE_WITH_KNOTS('',3,(#7090,#7091,#7092,#7093),.UNSPECIFIED.,.F.,.F.,(4,4),(0.,0.001599323),.UNSPECIFIED.);
#7095=EDGE_CURVE('',#2557,#3302,#7094,.T.);
#7096=ORIENTED_EDGE('',*,*,#7095,.F.);
#7097=ORIENTED_EDGE('',*,*,#2563,.F.);
#7098=EDGE_LOOP('',(#7088,#7089,#7096,#7097));
#7099=FACE_BOUND('',#7098,.T.);
#7100=ADVANCED_FACE('',(#7099),#7087,.T.);
#7101=CARTESIAN_POINT('',(17.510243956,47.058718801,0.364806707));
#7102=DIRECTION('',(-0.,-0.707106781,0.707106781));
#7103=DIRECTION('',(-1.,0.,-0.));
#7104=AXIS2_PLACEMENT_3D('',#7101,#7102,#7103);
#7105=PLANE('',#7104);
#7106=ORIENTED_EDGE('',*,*,#7095,.T.);
#7107=ORIENTED_EDGE('',*,*,#3329,.F.);
#7108=CARTESIAN_POINT('',(35.310243956,46.058718801,-0.635193293));
#7109=DIRECTION('',(0.,0.707106781,0.707106781));
#7110=VECTOR('',#7109,1.414213562);
#7111=LINE('',#7108,#7110);
#7112=EDGE_CURVE('',#2566,#3318,#7111,.T.);
#7113=ORIENTED_EDGE('',*,*,#7112,.F.);
#7114=ORIENTED_EDGE('',*,*,#2571,.F.);
#7115=EDGE_LOOP('',(#7106,#7107,#7113,#7114));
#7116=FACE_BOUND('',#7115,.T.);
#7117=ADVANCED_FACE('',(#7116),#7105,.F.);
#7118=CARTESIAN_POINT('',(35.310243956,43.558718801,-0.635193293));
#7119=DIRECTION('',(0.,0.,1.));
#7120=DIRECTION('',(1.,0.,-0.));
#7121=AXIS2_PLACEMENT_3D('',#7118,#7119,#7120);
#7122=CONICAL_SURFACE('',#7121,2.5,45.);
#7123=ORIENTED_EDGE('',*,*,#7112,.T.);
#7124=ORIENTED_EDGE('',*,*,#6744,.F.);
#7125=CARTESIAN_POINT('',(37.810243956,43.558718801,-0.635193293));
#7126=DIRECTION('',(0.707106781,0.,0.707106781));
#7127=VECTOR('',#7126,1.414213562);
#7128=LINE('',#7125,#7127);
#7129=EDGE_CURVE('',#2574,#3340,#7128,.T.);
#7130=ORIENTED_EDGE('',*,*,#7129,.F.);
#7131=ORIENTED_EDGE('',*,*,#2580,.F.);
#7132=EDGE_LOOP('',(#7123,#7124,#7130,#7131));
#7133=FACE_BOUND('',#7132,.T.);
#7134=ADVANCED_FACE('',(#7133),#7122,.T.);
#7135=CARTESIAN_POINT('',(38.810243956,42.758718801,0.364806707));
#7136=DIRECTION('',(-0.707106781,0.,0.707106781));
#7137=DIRECTION('',(0.,1.,0.));
#7138=AXIS2_PLACEMENT_3D('',#7135,#7136,#7137);
#7139=PLANE('',#7138);
#7140=ORIENTED_EDGE('',*,*,#7129,.T.);
#7141=ORIENTED_EDGE('',*,*,#3369,.F.);
#7142=CARTESIAN_POINT('',(37.810243956,41.808718801,-0.635193293));
#7143=DIRECTION('',(0.577350269,0.577350269,0.577350269));
#7144=VECTOR('',#7143,1.732050808);
#7145=LINE('',#7142,#7144);
#7146=EDGE_CURVE('',#2583,#3358,#7145,.T.);
#7147=ORIENTED_EDGE('',*,*,#7146,.F.);
#7148=ORIENTED_EDGE('',*,*,#2588,.F.);
#7149=EDGE_LOOP('',(#7140,#7141,#7147,#7148));
#7150=FACE_BOUND('',#7149,.T.);
#7151=ADVANCED_FACE('',(#7150),#7139,.F.);
#7152=CARTESIAN_POINT('',(33.110244338,-30.941282725,0.364806707));
#7153=DIRECTION('',(0.,0.707106781,0.707106781));
#7154=DIRECTION('',(1.,-0.,-0.));
#7155=AXIS2_PLACEMENT_3D('',#7152,#7153,#7154);
#7156=PLANE('',#7155);
#7157=ORIENTED_EDGE('',*,*,#6950,.F.);
#7158=ORIENTED_EDGE('',*,*,#2655,.F.);
#7159=CARTESIAN_POINT('',(28.810244338,-30.941282725,0.364806707));
#7160=DIRECTION('',(0.577350269,0.577350269,-0.577350269));
#7161=VECTOR('',#7160,1.732050808);
#7162=LINE('',#7159,#7161);
#7163=EDGE_CURVE('',#3509,#2642,#7162,.T.);
#7164=ORIENTED_EDGE('',*,*,#7163,.F.);
#7165=ORIENTED_EDGE('',*,*,#3551,.F.);
#7166=EDGE_LOOP('',(#7157,#7158,#7164,#7165));
#7167=FACE_BOUND('',#7166,.T.);
#7168=ADVANCED_FACE('',(#7167),#7156,.F.);
#7169=CARTESIAN_POINT('',(68.510243956,42.808718801,0.364806707));
#7170=DIRECTION('',(-0.,-0.707106781,0.707106781));
#7171=DIRECTION('',(-1.,0.,-0.));
#7172=AXIS2_PLACEMENT_3D('',#7169,#7170,#7171);
#7173=PLANE('',#7172);
#7174=ORIENTED_EDGE('',*,*,#7146,.T.);
#7175=ORIENTED_EDGE('',*,*,#3400,.F.);
#7176=CARTESIAN_POINT('',(69.310243956,41.808718801,-0.635193293));
#7177=DIRECTION('',(0.,0.707106781,0.707106781));
#7178=VECTOR('',#7177,1.414213562);
#7179=LINE('',#7176,#7178);
#7180=EDGE_CURVE('',#2591,#3389,#7179,.T.);
#7181=ORIENTED_EDGE('',*,*,#7180,.F.);
#7182=ORIENTED_EDGE('',*,*,#2596,.F.);
#7183=EDGE_LOOP('',(#7174,#7175,#7181,#7182));
#7184=FACE_BOUND('',#7183,.T.);
#7185=ADVANCED_FACE('',(#7184),#7173,.F.);
#7186=CARTESIAN_POINT('',(29.810244338,263.141606769,-0.635193293));
#7187=DIRECTION('',(0.707106781,-0.,0.707106781));
#7188=DIRECTION('',(0.,1.,0.));
#7189=AXIS2_PLACEMENT_3D('',#7186,#7187,#7188);
#7190=PLANE('',#7189);
#7191=ORIENTED_EDGE('',*,*,#7163,.T.);
#7192=ORIENTED_EDGE('',*,*,#2647,.F.);
#7193=CARTESIAN_POINT('',(28.810244338,-31.691282725,0.364806707));
#7194=DIRECTION('',(0.707106781,0.,-0.707106781));
#7195=VECTOR('',#7194,1.414213562);
#7196=LINE('',#7193,#7195);
#7197=EDGE_CURVE('',#3491,#2633,#7196,.T.);
#7198=ORIENTED_EDGE('',*,*,#7197,.F.);
#7199=ORIENTED_EDGE('',*,*,#3520,.F.);
#7200=EDGE_LOOP('',(#7191,#7192,#7198,#7199));
#7201=FACE_BOUND('',#7200,.T.);
#7202=ADVANCED_FACE('',(#7201),#7190,.F.);
#7203=CARTESIAN_POINT('',(69.310243956,39.308718801,-0.635193293));
#7204=DIRECTION('',(0.,0.,1.));
#7205=DIRECTION('',(1.,0.,-0.));
#7206=AXIS2_PLACEMENT_3D('',#7203,#7204,#7205);
#7207=CONICAL_SURFACE('',#7206,2.5,45.);
#7208=ORIENTED_EDGE('',*,*,#7180,.T.);
#7209=ORIENTED_EDGE('',*,*,#6720,.F.);
#7210=CARTESIAN_POINT('',(71.810243956,39.308718801,-0.635193293));
#7211=DIRECTION('',(0.707106781,0.,0.707106781));
#7212=VECTOR('',#7211,1.414213562);
#7213=LINE('',#7210,#7212);
#7214=EDGE_CURVE('',#2599,#3411,#7213,.T.);
#7215=ORIENTED_EDGE('',*,*,#7214,.F.);
#7216=ORIENTED_EDGE('',*,*,#2605,.F.);
#7217=EDGE_LOOP('',(#7208,#7209,#7215,#7216));
#7218=FACE_BOUND('',#7217,.T.);
#7219=ADVANCED_FACE('',(#7218),#7207,.T.);
#7220=CARTESIAN_POINT('',(32.310244338,-31.691282725,-0.635193293));
#7221=DIRECTION('',(0.,0.,1.));
#7222=DIRECTION('',(1.,0.,-0.));
#7223=AXIS2_PLACEMENT_3D('',#7220,#7221,#7222);
#7224=CONICAL_SURFACE('',#7223,2.5,45.);
#7225=ORIENTED_EDGE('',*,*,#7197,.T.);
#7226=ORIENTED_EDGE('',*,*,#2639,.F.);
#7227=CARTESIAN_POINT('',(32.310244338,-35.191282725,0.364806707));
#7228=DIRECTION('',(0.,0.707106781,-0.707106781));
#7229=VECTOR('',#7228,1.414213562);
#7230=LINE('',#7227,#7229);
#7231=EDGE_CURVE('',#3469,#2625,#7230,.T.);
#7232=ORIENTED_EDGE('',*,*,#7231,.F.);
#7233=ORIENTED_EDGE('',*,*,#6816,.F.);
#7234=EDGE_LOOP('',(#7225,#7226,#7232,#7233));
#7235=FACE_BOUND('',#7234,.T.);
#7236=ADVANCED_FACE('',(#7235),#7224,.T.);
#7237=CARTESIAN_POINT('',(71.810243956,263.141606769,-0.635193293));
#7238=DIRECTION('',(-0.707106781,0.,0.707106781));
#7239=DIRECTION('',(-0.,-1.,0.));
#7240=AXIS2_PLACEMENT_3D('',#7237,#7238,#7239);
#7241=PLANE('',#7240);
#7242=ORIENTED_EDGE('',*,*,#7214,.T.);
#7243=ORIENTED_EDGE('',*,*,#3440,.F.);
#7244=CARTESIAN_POINT('',(71.810243956,-31.691282725,-0.635193293));
#7245=DIRECTION('',(0.707106781,0.,0.707106781));
#7246=VECTOR('',#7245,1.414213562);
#7247=LINE('',#7244,#7246);
#7248=EDGE_CURVE('',#2608,#3429,#7247,.T.);
#7249=ORIENTED_EDGE('',*,*,#7248,.F.);
#7250=ORIENTED_EDGE('',*,*,#2613,.F.);
#7251=EDGE_LOOP('',(#7242,#7243,#7249,#7250));
#7252=FACE_BOUND('',#7251,.T.);
#7253=ADVANCED_FACE('',(#7252),#7241,.F.);
#7254=CARTESIAN_POINT('',(68.510243956,-35.191282725,0.364806707));
#7255=DIRECTION('',(0.,0.707106781,0.707106781));
#7256=DIRECTION('',(1.,-0.,-0.));
#7257=AXIS2_PLACEMENT_3D('',#7254,#7255,#7256);
#7258=PLANE('',#7257);
#7259=ORIENTED_EDGE('',*,*,#7231,.T.);
#7260=ORIENTED_EDGE('',*,*,#2630,.F.);
#7261=CARTESIAN_POINT('',(69.310243956,-35.191282725,0.364806707));
#7262=DIRECTION('',(0.,0.707106781,-0.707106781));
#7263=VECTOR('',#7262,1.414213562);
#7264=LINE('',#7261,#7263);
#7265=EDGE_CURVE('',#3451,#2616,#7264,.T.);
#7266=ORIENTED_EDGE('',*,*,#7265,.F.);
#7267=ORIENTED_EDGE('',*,*,#3480,.F.);
#7268=EDGE_LOOP('',(#7259,#7260,#7266,#7267));
#7269=FACE_BOUND('',#7268,.T.);
#7270=ADVANCED_FACE('',(#7269),#7258,.F.);
#7271=CARTESIAN_POINT('',(69.310243956,-31.691282725,-0.635193293));
#7272=DIRECTION('',(0.,0.,1.));
#7273=DIRECTION('',(1.,0.,-0.));
#7274=AXIS2_PLACEMENT_3D('',#7271,#7272,#7273);
#7275=CONICAL_SURFACE('',#7274,2.5,45.);
#7276=ORIENTED_EDGE('',*,*,#7248,.T.);
#7277=ORIENTED_EDGE('',*,*,#6768,.F.);
#7278=ORIENTED_EDGE('',*,*,#7265,.T.);
#7279=ORIENTED_EDGE('',*,*,#2622,.F.);
#7280=EDGE_LOOP('',(#7276,#7277,#7278,#7279));
#7281=FACE_BOUND('',#7280,.T.);
#7282=ADVANCED_FACE('',(#7281),#7275,.T.);
#7283=CARTESIAN_POINT('',(74.010243956,43.933718801,-0.635193293));
#7284=DIRECTION('',(-0.,-0.707106781,0.707106781));
#7285=DIRECTION('',(1.,-0.,0.));
#7286=AXIS2_PLACEMENT_3D('',#7283,#7284,#7285);
#7287=PLANE('',#7286);
#7288=ORIENTED_EDGE('',*,*,#5107,.F.);
#7289=ORIENTED_EDGE('',*,*,#64,.F.);
#7290=ORIENTED_EDGE('',*,*,#7019,.F.);
#7291=ORIENTED_EDGE('',*,*,#2520,.F.);
#7292=EDGE_LOOP('',(#7288,#7289,#7290,#7291));
#7293=FACE_BOUND('',#7292,.T.);
#7294=ADVANCED_FACE('',(#7293),#7287,.F.);
#7295=CARTESIAN_POINT('',(2.026044797,-22.984523991,13.053553438));
#7296=DIRECTION('',(-0.276287333,0.650895775,-0.707106781));
#7297=DIRECTION('',(0.920505633,0.390729293,-0.));
#7298=AXIS2_PLACEMENT_3D('',#7295,#7296,#7297);
#7299=PLANE('',#7298);
#7300=ORIENTED_EDGE('',*,*,#3670,.F.);
#7301=CARTESIAN_POINT('',(-32.328840747,-38.812679986,11.907106829));
#7302=DIRECTION('',(-0.212713743,0.676083958,0.705452582));
#7303=VECTOR('',#7302,1.123949702);
#7304=LINE('',#7301,#7303);
#7305=EDGE_CURVE('',#3634,#555,#7304,.T.);
#7306=ORIENTED_EDGE('',*,*,#7305,.T.);
#7307=ORIENTED_EDGE('',*,*,#560,.F.);
#7308=CARTESIAN_POINT('',(-54.103947496,-48.055613177,11.907106829));
#7309=DIRECTION('',(-0.276287333,0.650895775,0.707106781));
#7310=VECTOR('',#7309,1.121320344);
#7311=LINE('',#7308,#7310);
#7312=EDGE_CURVE('',#3665,#546,#7311,.T.);
#7313=ORIENTED_EDGE('',*,*,#7312,.F.);
#7314=EDGE_LOOP('',(#7300,#7306,#7307,#7313));
#7315=FACE_BOUND('',#7314,.T.);
#7316=ADVANCED_FACE('',(#7315),#7299,.F.);
#7317=CARTESIAN_POINT('',(-55.471500021,-44.833843463,13.053553438));
#7318=DIRECTION('',(0.,0.,-1.));
#7319=DIRECTION('',(-1.,0.,0.));
#7320=AXIS2_PLACEMENT_3D('',#7317,#7318,#7319);
#7321=CONICAL_SURFACE('',#7320,2.353553391,45.);
#7322=ORIENTED_EDGE('',*,*,#7312,.T.);
#7323=ORIENTED_EDGE('',*,*,#552,.F.);
#7324=CARTESIAN_POINT('',(-58.693272332,-46.20138987,11.907106829));
#7325=DIRECTION('',(0.6508963,0.276286097,0.707106781));
#7326=VECTOR('',#7325,1.121320344);
#7327=LINE('',#7324,#7326);
#7328=EDGE_CURVE('',#3118,#538,#7327,.T.);
#7329=ORIENTED_EDGE('',*,*,#7328,.F.);
#7330=ORIENTED_EDGE('',*,*,#6688,.F.);
#7331=EDGE_LOOP('',(#7322,#7323,#7329,#7330));
#7332=FACE_BOUND('',#7331,.T.);
#7333=ADVANCED_FACE('',(#7332),#7321,.T.);
#7334=CARTESIAN_POINT('',(-84.210620923,16.848499947,13.053553438));
#7335=DIRECTION('',(0.6508963,0.276286097,-0.707106781));
#7336=DIRECTION('',(0.390727545,-0.920506375,-0.));
#7337=AXIS2_PLACEMENT_3D('',#7334,#7335,#7336);
#7338=PLANE('',#7337);
#7339=ORIENTED_EDGE('',*,*,#7328,.T.);
#7340=ORIENTED_EDGE('',*,*,#543,.F.);
#7341=CARTESIAN_POINT('',(-68.796669044,-22.399021183,11.907106829));
#7342=DIRECTION('',(0.6508963,0.276286097,0.707106781));
#7343=VECTOR('',#7342,1.121320344);
#7344=LINE('',#7341,#7343);
#7345=EDGE_CURVE('',#3126,#529,#7344,.T.);
#7346=ORIENTED_EDGE('',*,*,#7345,.F.);
#7347=ORIENTED_EDGE('',*,*,#3131,.F.);
#7348=EDGE_LOOP('',(#7339,#7340,#7346,#7347));
#7349=FACE_BOUND('',#7348,.T.);
#7350=ADVANCED_FACE('',(#7349),#7338,.F.);
#7351=CARTESIAN_POINT('',(-67.13975757,-21.695711602,11.553553438));
#7352=DIRECTION('',(0.,0.,-1.));
#7353=DIRECTION('',(-1.,0.,0.));
#7354=AXIS2_PLACEMENT_3D('',#7351,#7352,#7353);
#7355=CONICAL_SURFACE('',#7354,2.153553391,45.);
#7356=ORIENTED_EDGE('',*,*,#7345,.T.);
#7357=ORIENTED_EDGE('',*,*,#535,.F.);
#7358=CARTESIAN_POINT('',(-68.93975757,-21.695711602,11.907106829));
#7359=DIRECTION('',(0.707106781,-0.,0.707106781));
#7360=VECTOR('',#7359,1.121320344);
#7361=LINE('',#7358,#7360);
#7362=EDGE_CURVE('',#3157,#521,#7361,.T.);
#7363=ORIENTED_EDGE('',*,*,#7362,.F.);
#7364=ORIENTED_EDGE('',*,*,#3163,.F.);
#7365=EDGE_LOOP('',(#7356,#7357,#7363,#7364));
#7366=FACE_BOUND('',#7365,.T.);
#7367=ADVANCED_FACE('',(#7366),#7355,.T.);
#7368=CARTESIAN_POINT('',(-67.79331096,41.783718801,13.053553438));
#7369=DIRECTION('',(0.707106781,-0.,-0.707106781));
#7370=DIRECTION('',(-0.,-1.,0.));
#7371=AXIS2_PLACEMENT_3D('',#7368,#7369,#7370);
#7372=PLANE('',#7371);
#7373=ORIENTED_EDGE('',*,*,#7362,.T.);
#7374=ORIENTED_EDGE('',*,*,#526,.F.);
#7375=CARTESIAN_POINT('',(-68.93975757,41.433718801,11.907106829));
#7376=DIRECTION('',(0.707106781,-0.,0.707106781));
#7377=VECTOR('',#7376,1.121320344);
#7378=LINE('',#7375,#7377);
#7379=EDGE_CURVE('',#3190,#512,#7378,.T.);
#7380=ORIENTED_EDGE('',*,*,#7379,.F.);
#7381=ORIENTED_EDGE('',*,*,#3195,.F.);
#7382=EDGE_LOOP('',(#7373,#7374,#7380,#7381));
#7383=FACE_BOUND('',#7382,.T.);
#7384=ADVANCED_FACE('',(#7383),#7372,.F.);
#7385=CARTESIAN_POINT('',(-65.43975757,41.433718801,13.053553438));
#7386=DIRECTION('',(0.,0.,-1.));
#7387=DIRECTION('',(-1.,0.,0.));
#7388=AXIS2_PLACEMENT_3D('',#7385,#7386,#7387);
#7389=CONICAL_SURFACE('',#7388,2.353553391,45.);
#7390=ORIENTED_EDGE('',*,*,#7379,.T.);
#7391=ORIENTED_EDGE('',*,*,#518,.F.);
#7392=CARTESIAN_POINT('',(-65.43975757,44.933718801,11.907106829));
#7393=DIRECTION('',(-0.,-0.707106781,0.707106781));
#7394=VECTOR('',#7393,1.121320344);
#7395=LINE('',#7392,#7394);
#7396=EDGE_CURVE('',#35,#504,#7395,.T.);
#7397=ORIENTED_EDGE('',*,*,#7396,.F.);
#7398=ORIENTED_EDGE('',*,*,#6592,.F.);
#7399=EDGE_LOOP('',(#7390,#7391,#7397,#7398));
#7400=FACE_BOUND('',#7399,.T.);
#7401=ADVANCED_FACE('',(#7400),#7389,.T.);
#7402=CARTESIAN_POINT('',(-25.466290736,43.787272191,13.053553438));
#7403=DIRECTION('',(-0.,-0.707106781,-0.707106781));
#7404=DIRECTION('',(-1.,0.,0.));
#7405=AXIS2_PLACEMENT_3D('',#7402,#7403,#7404);
#7406=PLANE('',#7405);
#7407=ORIENTED_EDGE('',*,*,#7396,.T.);
#7408=ORIENTED_EDGE('',*,*,#509,.F.);
#7409=CARTESIAN_POINT('',(-22.220195592,44.933718801,11.907106829));
#7410=CARTESIAN_POINT('',(-22.043371664,44.665895194,12.174930435));
#7411=CARTESIAN_POINT('',(-21.853207682,44.399392643,12.441432986));
#7412=CARTESIAN_POINT('',(-21.645378454,44.140825582,12.700000048));
#7413=B_SPLINE_CURVE_WITH_KNOTS('',3,(#7409,#7410,#7411,#7412),.UNSPECIFIED.,.F.,.F.,(4,4),(0.016865373,0.018103417),.UNSPECIFIED.);
#7414=EDGE_CURVE('',#43,#495,#7413,.T.);
#7415=ORIENTED_EDGE('',*,*,#7414,.F.);
#7416=ORIENTED_EDGE('',*,*,#48,.F.);
#7417=EDGE_LOOP('',(#7407,#7408,#7415,#7416));
#7418=FACE_BOUND('',#7417,.T.);
#7419=ADVANCED_FACE('',(#7418),#7406,.F.);
#7420=CARTESIAN_POINT('',(-19.001597294,43.558718801,13.053553438));
#7421=DIRECTION('',(0.,0.,-1.));
#7422=DIRECTION('',(-1.,0.,0.));
#7423=AXIS2_PLACEMENT_3D('',#7420,#7421,#7422);
#7424=CONICAL_SURFACE('',#7423,2.353553391,45.);
#7425=ORIENTED_EDGE('',*,*,#7414,.T.);
#7426=ORIENTED_EDGE('',*,*,#501,.F.);
#7427=CARTESIAN_POINT('',(-19.001597294,47.058718801,11.907106829));
#7428=DIRECTION('',(-0.,-0.707106781,0.707106781));
#7429=VECTOR('',#7428,1.121320344);
#7430=LINE('',#7427,#7429);
#7431=EDGE_CURVE('',#3222,#487,#7430,.T.);
#7432=ORIENTED_EDGE('',*,*,#7431,.F.);
#7433=ORIENTED_EDGE('',*,*,#6616,.F.);
#7434=EDGE_LOOP('',(#7425,#7426,#7432,#7433));
#7435=FACE_BOUND('',#7434,.T.);
#7436=ADVANCED_FACE('',(#7435),#7424,.T.);
#7437=CARTESIAN_POINT('',(-25.466290736,45.912272191,13.053553438));
#7438=DIRECTION('',(-0.,-0.707106781,-0.707106781));
#7439=DIRECTION('',(-1.,0.,0.));
#7440=AXIS2_PLACEMENT_3D('',#7437,#7438,#7439);
#7441=PLANE('',#7440);
#7442=ORIENTED_EDGE('',*,*,#7431,.T.);
#7443=ORIENTED_EDGE('',*,*,#492,.F.);
#7444=CARTESIAN_POINT('',(-5.2,47.058718801,11.907106829));
#7445=CARTESIAN_POINT('',(-5.023176072,46.790895194,12.174930435));
#7446=CARTESIAN_POINT('',(-4.833012091,46.524392643,12.441432986));
#7447=CARTESIAN_POINT('',(-4.625182862,46.265825582,12.700000048));
#7448=B_SPLINE_CURVE_WITH_KNOTS('',3,(#7444,#7445,#7446,#7447),.UNSPECIFIED.,.F.,.F.,(4,4),(0.016865373,0.018103417),.UNSPECIFIED.);
#7449=EDGE_CURVE('',#3230,#478,#7448,.T.);
#7450=ORIENTED_EDGE('',*,*,#7449,.F.);
#7451=ORIENTED_EDGE('',*,*,#3235,.F.);
#7452=EDGE_LOOP('',(#7442,#7443,#7450,#7451));
#7453=FACE_BOUND('',#7452,.T.);
#7454=ADVANCED_FACE('',(#7453),#7441,.F.);
#7455=CARTESIAN_POINT('',(-1.981401703,45.683718801,13.053553438));
#7456=DIRECTION('',(0.,0.,-1.));
#7457=DIRECTION('',(-1.,0.,0.));
#7458=AXIS2_PLACEMENT_3D('',#7455,#7456,#7457);
#7459=CONICAL_SURFACE('',#7458,2.353553391,45.);
#7460=ORIENTED_EDGE('',*,*,#7449,.T.);
#7461=ORIENTED_EDGE('',*,*,#484,.F.);
#7462=CARTESIAN_POINT('',(-1.981401703,49.183718801,11.907106829));
#7463=DIRECTION('',(-0.,-0.707106781,0.707106781));
#7464=VECTOR('',#7463,1.121320344);
#7465=LINE('',#7462,#7464);
#7466=EDGE_CURVE('',#3262,#470,#7465,.T.);
#7467=ORIENTED_EDGE('',*,*,#7466,.F.);
#7468=ORIENTED_EDGE('',*,*,#6640,.F.);
#7469=EDGE_LOOP('',(#7460,#7461,#7467,#7468));
#7470=FACE_BOUND('',#7469,.T.);
#7471=ADVANCED_FACE('',(#7470),#7459,.T.);
#7472=CARTESIAN_POINT('',(-25.466290736,48.037272191,13.053553438));
#7473=DIRECTION('',(-0.,-0.707106781,-0.707106781));
#7474=DIRECTION('',(-1.,0.,0.));
#7475=AXIS2_PLACEMENT_3D('',#7472,#7473,#7474);
#7476=PLANE('',#7475);
#7477=ORIENTED_EDGE('',*,*,#7466,.T.);
#7478=ORIENTED_EDGE('',*,*,#475,.F.);
#7479=CARTESIAN_POINT('',(18.622085588,49.183718801,11.907106829));
#7480=DIRECTION('',(0.,-0.707106781,0.707106781));
#7481=VECTOR('',#7480,1.121320344);
#7482=LINE('',#7479,#7481);
#7483=EDGE_CURVE('',#3270,#461,#7482,.T.);
#7484=ORIENTED_EDGE('',*,*,#7483,.F.);
#7485=ORIENTED_EDGE('',*,*,#3275,.F.);
#7486=EDGE_LOOP('',(#7477,#7478,#7484,#7485));
#7487=FACE_BOUND('',#7486,.T.);
#7488=ADVANCED_FACE('',(#7487),#7476,.F.);
#7489=CARTESIAN_POINT('',(18.622085588,45.683718801,13.053553438));
#7490=DIRECTION('',(0.,0.,-1.));
#7491=DIRECTION('',(-1.,0.,0.));
#7492=AXIS2_PLACEMENT_3D('',#7489,#7490,#7491);
#7493=CONICAL_SURFACE('',#7492,2.353553391,45.);
#7494=ORIENTED_EDGE('',*,*,#7483,.T.);
#7495=ORIENTED_EDGE('',*,*,#467,.F.);
#7496=CARTESIAN_POINT('',(21.840683885,47.058718801,11.907106829));
#7497=CARTESIAN_POINT('',(21.663859957,46.790895194,12.174930435));
#7498=CARTESIAN_POINT('',(21.473695976,46.524392643,12.441432986));
#7499=CARTESIAN_POINT('',(21.265866748,46.265825582,12.700000048));
#7500=B_SPLINE_CURVE_WITH_KNOTS('',3,(#7496,#7497,#7498,#7499),.UNSPECIFIED.,.F.,.F.,(4,4),(0.016865373,0.018103417),.UNSPECIFIED.);
#7501=EDGE_CURVE('',#3300,#453,#7500,.T.);
#7502=ORIENTED_EDGE('',*,*,#7501,.F.);
#7503=ORIENTED_EDGE('',*,*,#6664,.F.);
#7504=EDGE_LOOP('',(#7494,#7495,#7502,#7503));
#7505=FACE_BOUND('',#7504,.T.);
#7506=ADVANCED_FACE('',(#7505),#7493,.T.);
#7507=CARTESIAN_POINT('',(-25.466290736,45.912272191,13.053553438));
#7508=DIRECTION('',(-0.,-0.707106781,-0.707106781));
#7509=DIRECTION('',(-1.,0.,0.));
#7510=AXIS2_PLACEMENT_3D('',#7507,#7508,#7509);
#7511=PLANE('',#7510);
#7512=ORIENTED_EDGE('',*,*,#7501,.T.);
#7513=ORIENTED_EDGE('',*,*,#458,.F.);
#7514=CARTESIAN_POINT('',(35.310243956,47.058718801,11.907106829));
#7515=DIRECTION('',(0.,-0.707106781,0.707106781));
#7516=VECTOR('',#7515,1.121320344);
#7517=LINE('',#7514,#7516);
#7518=EDGE_CURVE('',#3310,#444,#7517,.T.);
#7519=ORIENTED_EDGE('',*,*,#7518,.F.);
#7520=ORIENTED_EDGE('',*,*,#3315,.F.);
#7521=EDGE_LOOP('',(#7512,#7513,#7519,#7520));
#7522=FACE_BOUND('',#7521,.T.);
#7523=ADVANCED_FACE('',(#7522),#7511,.F.);
#7524=CARTESIAN_POINT('',(35.310243956,43.558718801,13.053553438));
#7525=DIRECTION('',(0.,0.,-1.));
#7526=DIRECTION('',(-1.,0.,0.));
#7527=AXIS2_PLACEMENT_3D('',#7524,#7525,#7526);
#7528=CONICAL_SURFACE('',#7527,2.353553391,45.);
#7529=ORIENTED_EDGE('',*,*,#7518,.T.);
#7530=ORIENTED_EDGE('',*,*,#450,.F.);
#7531=CARTESIAN_POINT('',(38.810243956,43.558718801,11.907106829));
#7532=DIRECTION('',(-0.707106781,0.,0.707106781));
#7533=VECTOR('',#7532,1.121320344);
#7534=LINE('',#7531,#7533);
#7535=EDGE_CURVE('',#3342,#436,#7534,.T.);
#7536=ORIENTED_EDGE('',*,*,#7535,.F.);
#7537=ORIENTED_EDGE('',*,*,#6736,.F.);
#7538=EDGE_LOOP('',(#7529,#7530,#7536,#7537));
#7539=FACE_BOUND('',#7538,.T.);
#7540=ADVANCED_FACE('',(#7539),#7528,.T.);
#7541=CARTESIAN_POINT('',(37.663797347,41.783718801,13.053553438));
#7542=DIRECTION('',(-0.707106781,0.,-0.707106781));
#7543=DIRECTION('',(0.,1.,-0.));
#7544=AXIS2_PLACEMENT_3D('',#7541,#7542,#7543);
#7545=PLANE('',#7544);
#7546=ORIENTED_EDGE('',*,*,#7535,.T.);
#7547=ORIENTED_EDGE('',*,*,#441,.F.);
#7548=CARTESIAN_POINT('',(38.810243956,42.808718801,11.907106829));
#7549=DIRECTION('',(-0.577350269,-0.577350269,0.577350269));
#7550=VECTOR('',#7549,1.37333134);
#7551=LINE('',#7548,#7550);
#7552=EDGE_CURVE('',#3350,#428,#7551,.T.);
#7553=ORIENTED_EDGE('',*,*,#7552,.F.);
#7554=ORIENTED_EDGE('',*,*,#3355,.F.);
#7555=EDGE_LOOP('',(#7546,#7547,#7553,#7554));
#7556=FACE_BOUND('',#7555,.T.);
#7557=ADVANCED_FACE('',(#7556),#7545,.F.);
#7558=CARTESIAN_POINT('',(-25.466290736,41.662272191,13.053553438));
#7559=DIRECTION('',(-0.,-0.707106781,-0.707106781));
#7560=DIRECTION('',(-1.,0.,0.));
#7561=AXIS2_PLACEMENT_3D('',#7558,#7559,#7560);
#7562=PLANE('',#7561);
#7563=ORIENTED_EDGE('',*,*,#7552,.T.);
#7564=ORIENTED_EDGE('',*,*,#433,.F.);
#7565=CARTESIAN_POINT('',(69.310243956,42.808718801,11.907106829));
#7566=DIRECTION('',(0.,-0.707106781,0.707106781));
#7567=VECTOR('',#7566,1.121320344);
#7568=LINE('',#7565,#7567);
#7569=EDGE_CURVE('',#3381,#419,#7568,.T.);
#7570=ORIENTED_EDGE('',*,*,#7569,.F.);
#7571=ORIENTED_EDGE('',*,*,#3386,.F.);
#7572=EDGE_LOOP('',(#7563,#7564,#7570,#7571));
#7573=FACE_BOUND('',#7572,.T.);
#7574=ADVANCED_FACE('',(#7573),#7562,.F.);
#7575=CARTESIAN_POINT('',(69.310243956,39.308718801,13.053553438));
#7576=DIRECTION('',(0.,0.,-1.));
#7577=DIRECTION('',(-1.,0.,0.));
#7578=AXIS2_PLACEMENT_3D('',#7575,#7576,#7577);
#7579=CONICAL_SURFACE('',#7578,2.353553391,45.);
#7580=ORIENTED_EDGE('',*,*,#7569,.T.);
#7581=ORIENTED_EDGE('',*,*,#425,.F.);
#7582=CARTESIAN_POINT('',(72.810243956,39.308718801,11.907106829));
#7583=DIRECTION('',(-0.707106781,0.,0.707106781));
#7584=VECTOR('',#7583,1.121320344);
#7585=LINE('',#7582,#7584);
#7586=EDGE_CURVE('',#3413,#411,#7585,.T.);
#7587=ORIENTED_EDGE('',*,*,#7586,.F.);
#7588=ORIENTED_EDGE('',*,*,#6712,.F.);
#7589=EDGE_LOOP('',(#7580,#7581,#7587,#7588));
#7590=FACE_BOUND('',#7589,.T.);
#7591=ADVANCED_FACE('',(#7590),#7579,.T.);
#7592=CARTESIAN_POINT('',(71.663797347,41.783718801,13.053553438));
#7593=DIRECTION('',(-0.707106781,0.,-0.707106781));
#7594=DIRECTION('',(0.,1.,-0.));
#7595=AXIS2_PLACEMENT_3D('',#7592,#7593,#7594);
#7596=PLANE('',#7595);
#7597=ORIENTED_EDGE('',*,*,#7586,.T.);
#7598=ORIENTED_EDGE('',*,*,#416,.F.);
#7599=CARTESIAN_POINT('',(72.810243956,-31.691282725,11.907106829));
#7600=DIRECTION('',(-0.707106781,-0.,0.707106781));
#7601=VECTOR('',#7600,1.121320344);
#7602=LINE('',#7599,#7601);
#7603=EDGE_CURVE('',#3421,#402,#7602,.T.);
#7604=ORIENTED_EDGE('',*,*,#7603,.F.);
#7605=ORIENTED_EDGE('',*,*,#3426,.F.);
#7606=EDGE_LOOP('',(#7597,#7598,#7604,#7605));
#7607=FACE_BOUND('',#7606,.T.);
#7608=ADVANCED_FACE('',(#7607),#7596,.F.);
#7609=CARTESIAN_POINT('',(69.310243956,-31.691282725,13.053553438));
#7610=DIRECTION('',(0.,0.,-1.));
#7611=DIRECTION('',(-1.,0.,0.));
#7612=AXIS2_PLACEMENT_3D('',#7609,#7610,#7611);
#7613=CONICAL_SURFACE('',#7612,2.353553391,45.);
#7614=ORIENTED_EDGE('',*,*,#7603,.T.);
#7615=ORIENTED_EDGE('',*,*,#408,.F.);
#7616=CARTESIAN_POINT('',(69.310243956,-35.191282725,11.907106829));
#7617=DIRECTION('',(0.,0.707106781,0.707106781));
#7618=VECTOR('',#7617,1.121320344);
#7619=LINE('',#7616,#7618);
#7620=EDGE_CURVE('',#3453,#394,#7619,.T.);
#7621=ORIENTED_EDGE('',*,*,#7620,.F.);
#7622=ORIENTED_EDGE('',*,*,#6760,.F.);
#7623=EDGE_LOOP('',(#7614,#7615,#7621,#7622));
#7624=FACE_BOUND('',#7623,.T.);
#7625=ADVANCED_FACE('',(#7624),#7613,.T.);
#7626=CARTESIAN_POINT('',(29.956690947,41.783718801,13.053553438));
#7627=DIRECTION('',(0.707106781,-0.,-0.707106781));
#7628=DIRECTION('',(-0.,-1.,0.));
#7629=AXIS2_PLACEMENT_3D('',#7626,#7627,#7628);
#7630=PLANE('',#7629);
#7631=ORIENTED_EDGE('',*,*,#382,.F.);
#7632=CARTESIAN_POINT('',(29.603137556,-30.148389506,12.700000048));
#7633=DIRECTION('',(-0.577350269,-0.577350269,-0.577350269));
#7634=VECTOR('',#7633,1.37333134);
#7635=LINE('',#7632,#7634);
#7636=EDGE_CURVE('',#369,#3501,#7635,.T.);
#7637=ORIENTED_EDGE('',*,*,#7636,.T.);
#7638=ORIENTED_EDGE('',*,*,#3506,.F.);
#7639=CARTESIAN_POINT('',(29.603137556,-31.691282725,12.700000048));
#7640=DIRECTION('',(-0.707106781,0.,-0.707106781));
#7641=VECTOR('',#7640,1.121320344);
#7642=LINE('',#7639,#7641);
#7643=EDGE_CURVE('',#377,#3493,#7642,.T.);
#7644=ORIENTED_EDGE('',*,*,#7643,.F.);
#7645=EDGE_LOOP('',(#7631,#7637,#7638,#7644));
#7646=FACE_BOUND('',#7645,.T.);
#7647=ADVANCED_FACE('',(#7646),#7630,.F.);
#7648=CARTESIAN_POINT('',(-25.466290736,-34.044836116,13.053553438));
#7649=DIRECTION('',(0.,0.707106781,-0.707106781));
#7650=DIRECTION('',(1.,-0.,-0.));
#7651=AXIS2_PLACEMENT_3D('',#7648,#7649,#7650);
#7652=PLANE('',#7651);
#7653=ORIENTED_EDGE('',*,*,#7620,.T.);
#7654=ORIENTED_EDGE('',*,*,#399,.F.);
#7655=CARTESIAN_POINT('',(32.310244338,-35.191282725,11.907106829));
#7656=DIRECTION('',(-0.,0.707106781,0.707106781));
#7657=VECTOR('',#7656,1.121320344);
#7658=LINE('',#7655,#7657);
#7659=EDGE_CURVE('',#3461,#385,#7658,.T.);
#7660=ORIENTED_EDGE('',*,*,#7659,.F.);
#7661=ORIENTED_EDGE('',*,*,#3466,.F.);
#7662=EDGE_LOOP('',(#7653,#7654,#7660,#7661));
#7663=FACE_BOUND('',#7662,.T.);
#7664=ADVANCED_FACE('',(#7663),#7652,.F.);
#7665=CARTESIAN_POINT('',(32.310244338,-31.691282725,13.053553438));
#7666=DIRECTION('',(0.,0.,-1.));
#7667=DIRECTION('',(-1.,0.,0.));
#7668=AXIS2_PLACEMENT_3D('',#7665,#7666,#7667);
#7669=CONICAL_SURFACE('',#7668,2.353553391,45.);
#7670=ORIENTED_EDGE('',*,*,#7643,.T.);
#7671=ORIENTED_EDGE('',*,*,#6808,.F.);
#7672=ORIENTED_EDGE('',*,*,#7659,.T.);
#7673=ORIENTED_EDGE('',*,*,#391,.F.);
#7674=EDGE_LOOP('',(#7670,#7671,#7672,#7673));
#7675=FACE_BOUND('',#7674,.T.);
#7676=ADVANCED_FACE('',(#7675),#7669,.T.);
#7677=CARTESIAN_POINT('',(19.063797347,41.783718801,13.053553438));
#7678=DIRECTION('',(-0.707106781,0.,-0.707106781));
#7679=DIRECTION('',(0.,1.,-0.));
#7680=AXIS2_PLACEMENT_3D('',#7677,#7678,#7679);
#7681=PLANE('',#7680);
#7682=ORIENTED_EDGE('',*,*,#3568,.F.);
#7683=CARTESIAN_POINT('',(20.210243956,-30.941282725,11.907106829));
#7684=DIRECTION('',(-0.577350269,0.577350269,0.577350269));
#7685=VECTOR('',#7684,1.37333134);
#7686=LINE('',#7683,#7685);
#7687=EDGE_CURVE('',#3532,#367,#7686,.T.);
#7688=ORIENTED_EDGE('',*,*,#7687,.T.);
#7689=ORIENTED_EDGE('',*,*,#591,.F.);
#7690=CARTESIAN_POINT('',(20.210243956,-31.926283336,11.907106829));
#7691=DIRECTION('',(-0.707106781,-0.,0.707106781));
#7692=VECTOR('',#7691,1.121320344);
#7693=LINE('',#7690,#7692);
#7694=EDGE_CURVE('',#3563,#579,#7693,.T.);
#7695=ORIENTED_EDGE('',*,*,#7694,.F.);
#7696=EDGE_LOOP('',(#7682,#7688,#7689,#7695));
#7697=FACE_BOUND('',#7696,.T.);
#7698=ADVANCED_FACE('',(#7697),#7681,.F.);
#7699=CARTESIAN_POINT('',(16.710243956,-31.926283336,13.053553438));
#7700=DIRECTION('',(0.,0.,-1.));
#7701=DIRECTION('',(-1.,0.,0.));
#7702=AXIS2_PLACEMENT_3D('',#7699,#7700,#7701);
#7703=CONICAL_SURFACE('',#7702,2.353553391,45.);
#7704=ORIENTED_EDGE('',*,*,#7694,.T.);
#7705=ORIENTED_EDGE('',*,*,#585,.F.);
#7706=CARTESIAN_POINT('',(16.710243956,-35.426283336,11.907106829));
#7707=DIRECTION('',(0.,0.707106781,0.707106781));
#7708=VECTOR('',#7707,1.121320344);
#7709=LINE('',#7706,#7708);
#7710=EDGE_CURVE('',#3595,#571,#7709,.T.);
#7711=ORIENTED_EDGE('',*,*,#7710,.F.);
#7712=ORIENTED_EDGE('',*,*,#6784,.F.);
#7713=EDGE_LOOP('',(#7704,#7705,#7711,#7712));
#7714=FACE_BOUND('',#7713,.T.);
#7715=ADVANCED_FACE('',(#7714),#7703,.T.);
#7716=CARTESIAN_POINT('',(-25.466290736,-34.279836726,13.053553438));
#7717=DIRECTION('',(0.,0.707106781,-0.707106781));
#7718=DIRECTION('',(1.,-0.,-0.));
#7719=AXIS2_PLACEMENT_3D('',#7716,#7717,#7718);
#7720=PLANE('',#7719);
#7721=ORIENTED_EDGE('',*,*,#576,.F.);
#7722=CARTESIAN_POINT('',(-16.383680244,-34.633390117,12.700000048));
#7723=DIRECTION('',(0.073682391,-0.705184694,-0.705184694));
#7724=VECTOR('',#7723,1.124376671);
#7725=LINE('',#7722,#7724);
#7726=EDGE_CURVE('',#563,#3603,#7725,.T.);
#7727=ORIENTED_EDGE('',*,*,#7726,.T.);
#7728=ORIENTED_EDGE('',*,*,#3608,.F.);
#7729=ORIENTED_EDGE('',*,*,#7710,.T.);
#7730=EDGE_LOOP('',(#7721,#7727,#7728,#7729));
#7731=FACE_BOUND('',#7730,.T.);
#7732=ADVANCED_FACE('',(#7731),#7720,.F.);
#7733=CARTESIAN_POINT('',(-9.695777944,-32.859012009,13.053553438));
#7734=DIRECTION('',(-0.146170635,0.6918339,-0.707106781));
#7735=DIRECTION('',(0.978400885,0.206716495,0.));
#7736=AXIS2_PLACEMENT_3D('',#7733,#7734,#7735);
#7737=PLANE('',#7736);
#7738=ORIENTED_EDGE('',*,*,#7305,.F.);
#7739=ORIENTED_EDGE('',*,*,#3639,.F.);
#7740=ORIENTED_EDGE('',*,*,#7726,.F.);
#7741=ORIENTED_EDGE('',*,*,#568,.F.);
#7742=EDGE_LOOP('',(#7738,#7739,#7740,#7741));
#7743=FACE_BOUND('',#7742,.T.);
#7744=ADVANCED_FACE('',(#7743),#7737,.F.);
#7745=CARTESIAN_POINT('',(-25.466290736,-29.794836116,13.053553438));
#7746=DIRECTION('',(0.,0.707106781,-0.707106781));
#7747=DIRECTION('',(1.,-0.,-0.));
#7748=AXIS2_PLACEMENT_3D('',#7745,#7746,#7747);
#7749=PLANE('',#7748);
#7750=ORIENTED_EDGE('',*,*,#7687,.F.);
#7751=ORIENTED_EDGE('',*,*,#3537,.F.);
#7752=ORIENTED_EDGE('',*,*,#7636,.F.);
#7753=ORIENTED_EDGE('',*,*,#374,.F.);
#7754=EDGE_LOOP('',(#7750,#7751,#7752,#7753));
#7755=FACE_BOUND('',#7754,.T.);
#7756=ADVANCED_FACE('',(#7755),#7749,.F.);
#7757=CLOSED_SHELL('',(#116,#595,#683,#714,#745,#819,#850,#881,#955,#986,#1017,#1105,#1136,#1167,#1257,#1288,#1319,#1409,#1440,#1471,#1579,#1610,#1641,#1672,#1703,#1721,
#1738,#1755,#1773,#1790,#1807,#1825,#1843,#1861,#1879,#1896,#1913,#1931,#1948,#1966,#2436,#2467,#2498,#2985,#3010,#3034,#3052,#3084,#3109,#3149,#3182,
#3213,#3253,#3293,#3333,#3373,#3404,#3444,#3484,#3524,#3555,#3586,#3626,#3657,#3688,#3705,#3730,#3755,#3780,#3812,#3836,#3860,#3884,#3908,#3932,#3956,
#3980,#4004,#4028,#4046,#4064,#4082,#4100,#4118,#4136,#4154,#4172,#4189,#4211,#4233,#4284,#4306,#4362,#4488,#4510,#4532,#4549,#4571,#4627,#4644,#4661,
#4717,#4768,#4780,#4792,#4804,#4816,#4828,#4840,#4852,#4864,#4876,#4888,#4900,#4931,#4962,#4993,#5024,#5042,#5060,#5078,#5096,#5126,#5156,#5201,#5223,
#5235,#5247,#5287,#5309,#5326,#5343,#5355,#5395,#5417,#5434,#5451,#5463,#5503,#5525,#5542,#5559,#5571,#5611,#5633,#5650,#5667,#5679,#5719,#5741,#5758,
#5775,#5787,#5827,#5849,#5866,#5883,#5895,#5907,#5919,#5931,#5943,#5955,#5967,#5979,#5991,#6013,#6030,#6047,#6063,#6085,#6102,#6119,#6135,#6152,#6169,
#6185,#6202,#6219,#6236,#6253,#6270,#6287,#6304,#6320,#6337,#6354,#6371,#6388,#6404,#6421,#6438,#6455,#6472,#6489,#6506,#6517,#6534,#6551,#6568,#6580,
#6604,#6628,#6652,#6676,#6700,#6724,#6748,#6772,#6796,#6820,#6837,#6854,#6871,#6888,#6905,#6922,#6939,#6961,#6978,#6995,#7007,#7030,#7048,#7065,#7082,
#7100,#7117,#7134,#7151,#7168,#7185,#7202,#7219,#7236,#7253,#7270,#7282,#7294,#7316,#7333,#7350,#7367,#7384,#7401,#7419,#7436,#7454,#7471,#7488,#7506,
#7523,#7540,#7557,#7574,#7591,#7608,#7625,#7647,#7664,#7676,#7698,#7715,#7732,#7744,#7756));
#7758=MANIFOLD_SOLID_BREP('\X2\30DC30C830E030D530EC30FC30E0\X0\',#7757);
#26=STYLED_ITEM('',(),#7758);
#16=SHAPE_REPRESENTATION('root',(#15),#10);
#17=ADVANCED_BREP_SHAPE_REPRESENTATION('root',(#7758),#10);
#7766=SHAPE_REPRESENTATION_RELATIONSHIP('','',#16,#17);
#7767=APPLICATION_CONTEXT('configuration controlled 3D design of mechanical parts and assemblies');
#7768=APPLICATION_PROTOCOL_DEFINITION('international standard','configuration_control_3d_design_ed2_mim',2004,#7767);
#7769=PRODUCT_CONTEXT('',#7767,'mechanical');
#7770=PRODUCT_DEFINITION_CONTEXT('part definition',#7767,'design');
#24=PRODUCT('root','root','',(#7769));
#7771=PRODUCT_RELATED_PRODUCT_CATEGORY('part','',(#24));
#7772=PRODUCT_DEFINITION_FORMATION_WITH_SPECIFIED_SOURCE('','',#24,.NOT_KNOWN.);
#25=PRODUCT_DEFINITION('design','',#7772,#7770);
#23=PRODUCT_DEFINITION_SHAPE('','',#25);
#7773=SHAPE_DEFINITION_REPRESENTATION(#23,#16);
#11=DRAUGHTING_MODEL('',(),#10);
#1=MECHANICAL_DESIGN_GEOMETRIC_PRESENTATION_REPRESENTATION('',(#26),#10);
ENDSEC;
END-ISO-10303-21;
